kernel,backend,device,precision,n,threads,gops,mean_rel_error_f64,median_ms,min_ms,stddev_ms,block_size,repetitions,host,commit,timestamp
naive-ijk,cpu,Apple M1 Pro,f16,64,1,3.4455003088732044,0.0007464432646251799,0.152166,0.151458,0.000684569061527028,,5,Pauls-MacBook-Pro,25fcce9-dirty,2026-09-25T22:32:22Z
ikj,cpu,Apple M1 Pro,f16,64,1,25.944576405384005,0.0007464432646251799,0.020208,0.019542,0.00036981252006929076,,5,Pauls-MacBook-Pro,25fcce9-dirty,2026-09-25T22:32:22Z
tiled,cpu,Apple M1 Pro,f16,64,1,26.546227848101267,0.0007464432646251799,0.01975,0.019584,0.00040292890191695105,512,5,Pauls-MacBook-Pro,25fcce9-dirty,2026-09-25T22:32:22Z
tiled,cpu,Apple M1 Pro,f16,64,1,26.324964852379996,0.0007464432646251799,0.019916,0.0195,0.00029520027100258514,1024,5,Pauls-MacBook-Pro,25fcce9-dirty,2026-09-25T22:32:22Z
tiled,cpu,Apple M1 Pro,f16,64,1,26.771241830065357,0.0007464432646251799,0.019584,0.019459,0.01370986988267941,2048,5,Pauls-MacBook-Pro,25fcce9-dirty,2026-09-25T22:32:22Z
rayon-ikj,cpu,Apple M1 Pro,f16,64,1,21.11170169928324,0.0007464432646251799,0.024834,0.023667,0.0011691331404078834,,5,Pauls-MacBook-Pro,25fcce9-dirty,2026-09-25T22:32:22Z
rayon-ikj,cpu,Apple M1 Pro,f16,64,2,30.615357664233578,0.0007464432646251799,0.017124999999999998,0.016625,0.00024220074318630674,,5,Pauls-MacBook-Pro,25fcce9-dirty,2026-09-25T22:32:22Z
rayon-ikj,cpu,Apple M1 Pro,f16,64,4,27.29387266385549,0.0007464432646251799,0.019208999999999997,0.017875000000000002,0.0017068811616512737,,5,Pauls-MacBook-Pro,25fcce9-dirty,2026-09-25T22:32:22Z
rayon-ikj,cpu,Apple M1 Pro,f16,64,8,15.80751952241686,0.0007464432646251799,0.033167,0.022084,0.009428994071479735,,5,Pauls-MacBook-Pro,25fcce9-dirty,2026-09-25T22:32:22Z
rayon-ikj,cpu,Apple M1 Pro,f16,64,10,10.763899154143058,0.0007464432646251799,0.048708,0.030083,0.01716389573203007,,5,Pauls-MacBook-Pro,25fcce9-dirty,2026-09-25T22:32:22Z
rayon-tiled,cpu,Apple M1 Pro,f16,64,1,22.349119740824417,0.0007464432646251799,0.023459,0.023083,0.0006356876591534548,512,5,Pauls-MacBook-Pro,25fcce9-dirty,2026-09-25T22:32:22Z
rayon-tiled,cpu,Apple M1 Pro,f16,64,1,22.35007246994629,0.0007464432646251799,0.023458,0.022917,0.0012047678199553647,1024,5,Pauls-MacBook-Pro,25fcce9-dirty,2026-09-25T22:32:22Z
rayon-tiled,cpu,Apple M1 Pro,f16,64,1,22.468843747321504,0.0007464432646251799,0.023334,0.022917,0.0012455868094998423,2048,5,Pauls-MacBook-Pro,25fcce9-dirty,2026-09-25T22:32:22Z
rayon-tiled,cpu,Apple M1 Pro,f16,64,2,32.85424238626395,0.0007464432646251799,0.015958,0.014834,0.0007822130144660089,512,5,Pauls-MacBook-Pro,25fcce9-dirty,2026-09-25T22:32:22Z
rayon-tiled,cpu,Apple M1 Pro,f16,64,2,32.59889324131071,0.0007464432646251799,0.016082999999999997,0.013375,0.0018774521298824108,1024,5,Pauls-MacBook-Pro,25fcce9-dirty,2026-09-25T22:32:22Z
rayon-tiled,cpu,Apple M1 Pro,f16,64,2,33.0260157480315,0.0007464432646251799,0.015875,0.013583,0.0016644464545307548,2048,5,Pauls-MacBook-Pro,25fcce9-dirty,2026-09-25T22:32:22Z
rayon-tiled,cpu,Apple M1 Pro,f16,64,4,31.7750303030303,0.0007464432646251799,0.0165,0.01575,0.00118332751172277,512,5,Pauls-MacBook-Pro,25fcce9-dirty,2026-09-25T22:32:22Z
rayon-tiled,cpu,Apple M1 Pro,f16,64,4,31.694353766170963,0.0007464432646251799,0.016541999999999998,0.014541,0.001664988378337819,1024,5,Pauls-MacBook-Pro,25fcce9-dirty,2026-09-25T22:32:22Z
rayon-tiled,cpu,Apple M1 Pro,f16,64,4,28.33989189189189,0.0007464432646251799,0.0185,0.013541,0.013117179262326183,2048,5,Pauls-MacBook-Pro,25fcce9-dirty,2026-09-25T22:32:22Z
rayon-tiled,cpu,Apple M1 Pro,f16,64,8,11.305401617250673,0.0007464432646251799,0.046375,0.025041,0.01859298610229137,512,5,Pauls-MacBook-Pro,25fcce9-dirty,2026-09-25T22:32:22Z
rayon-tiled,cpu,Apple M1 Pro,f16,64,8,21.43538165910299,0.0007464432646251799,0.024459,0.018583000000000002,0.01514395915208437,1024,5,Pauls-MacBook-Pro,25fcce9-dirty,2026-09-25T22:32:22Z
rayon-tiled,cpu,Apple M1 Pro,f16,64,8,18.921899812328572,0.0007464432646251799,0.027708,0.021583,0.016916881855117392,2048,5,Pauls-MacBook-Pro,25fcce9-dirty,2026-09-25T22:32:22Z
rayon-tiled,cpu,Apple M1 Pro,f16,64,10,7.449918294849023,0.0007464432646251799,0.07037500000000001,0.028625,0.020581836451104167,512,5,Pauls-MacBook-Pro,25fcce9-dirty,2026-09-25T22:32:22Z
rayon-tiled,cpu,Apple M1 Pro,f16,64,10,8.17080696942306,0.0007464432646251799,0.064166,0.039333,0.023135937056881876,1024,5,Pauls-MacBook-Pro,25fcce9-dirty,2026-09-25T22:32:22Z
rayon-tiled,cpu,Apple M1 Pro,f16,64,10,9.723983159300406,0.0007464432646251799,0.053917,0.027583,0.018308920757379447,2048,5,Pauls-MacBook-Pro,25fcce9-dirty,2026-09-25T22:32:22Z
static-ikj,cpu,Apple M1 Pro,f16,64,1,20.593424722102203,0.0007464432646251799,0.025459000000000002,0.023,0.0017672267822778146,,5,Pauls-MacBook-Pro,25fcce9-dirty,2026-09-25T22:32:22Z
static-ikj,cpu,Apple M1 Pro,f16,64,2,33.64271047227926,0.0007464432646251799,0.015583999999999999,0.015083,0.0012560205810415684,,5,Pauls-MacBook-Pro,25fcce9-dirty,2026-09-25T22:32:22Z
static-ikj,cpu,Apple M1 Pro,f16,64,4,11.184810666666666,0.0007464432646251799,0.046875,0.023416,0.016646410985554815,,5,Pauls-MacBook-Pro,25fcce9-dirty,2026-09-25T22:32:22Z
static-ikj,cpu,Apple M1 Pro,f16,64,8,14.926348754448394,0.0007464432646251799,0.035125,0.017708,0.014825308506064888,,5,Pauls-MacBook-Pro,25fcce9-dirty,2026-09-25T22:32:22Z
static-ikj,cpu,Apple M1 Pro,f16,64,10,21.112551846333506,0.0007464432646251799,0.024833,0.023334,0.016137945975247283,,5,Pauls-MacBook-Pro,25fcce9-dirty,2026-09-25T22:32:22Z
static-tiled,cpu,Apple M1 Pro,f16,64,1,19.094180202491078,0.0007464432646251799,0.027458,0.024334,0.003316665644890964,512,5,Pauls-MacBook-Pro,25fcce9-dirty,2026-09-25T22:32:22Z
static-tiled,cpu,Apple M1 Pro,f16,64,1,20.132401505260734,0.0007464432646251799,0.026042,0.024083,0.013574163779032578,1024,5,Pauls-MacBook-Pro,25fcce9-dirty,2026-09-25T22:32:22Z
static-tiled,cpu,Apple M1 Pro,f16,64,1,20.262338164251208,0.0007464432646251799,0.025875,0.02325,0.001595520667368492,2048,5,Pauls-MacBook-Pro,25fcce9-dirty,2026-09-25T22:32:22Z
static-tiled,cpu,Apple M1 Pro,f16,64,2,34.47448711204629,0.0007464432646251799,0.015208000000000001,0.014875000000000001,0.0022762606836652065,512,5,Pauls-MacBook-Pro,25fcce9-dirty,2026-09-25T22:32:22Z
static-tiled,cpu,Apple M1 Pro,f16,64,2,18.531316273151422,0.0007464432646251799,0.028292,0.026459,0.004894585324621484,1024,5,Pauls-MacBook-Pro,25fcce9-dirty,2026-09-25T22:32:22Z
static-tiled,cpu,Apple M1 Pro,f16,64,2,20.0362288378492,0.0007464432646251799,0.026167,0.015167,0.007247168909305205,2048,5,Pauls-MacBook-Pro,25fcce9-dirty,2026-09-25T22:32:22Z
static-tiled,cpu,Apple M1 Pro,f16,64,4,20.526505363714666,0.0007464432646251799,0.025542,0.019042000000000003,0.007378322898870717,512,5,Pauls-MacBook-Pro,25fcce9-dirty,2026-09-25T22:32:22Z
static-tiled,cpu,Apple M1 Pro,f16,64,4,17.428049064255557,0.0007464432646251799,0.030083,0.023666,0.028297986877161417,1024,5,Pauls-MacBook-Pro,25fcce9-dirty,2026-09-25T22:32:22Z
static-tiled,cpu,Apple M1 Pro,f16,64,4,10.690591737694222,0.0007464432646251799,0.049042,0.033207999999999994,0.01055520429456484,2048,5,Pauls-MacBook-Pro,25fcce9-dirty,2026-09-25T22:32:22Z
static-tiled,cpu,Apple M1 Pro,f16,64,8,12.087331412103746,0.0007464432646251799,0.043375,0.021540999999999998,0.015986618410408125,512,5,Pauls-MacBook-Pro,25fcce9-dirty,2026-09-25T22:32:22Z
static-tiled,cpu,Apple M1 Pro,f16,64,8,36.36595685648887,0.0007464432646251799,0.014417,0.012875,0.015374083988973134,1024,5,Pauls-MacBook-Pro,25fcce9-dirty,2026-09-25T22:32:22Z
static-tiled,cpu,Apple M1 Pro,f16,64,8,16.11111793989306,0.0007464432646251799,0.032542,0.013125000000000001,0.019699563274346972,2048,5,Pauls-MacBook-Pro,25fcce9-dirty,2026-09-25T22:32:22Z
static-tiled,cpu,Apple M1 Pro,f16,64,10,9.986438095238094,0.0007464432646251799,0.052500000000000005,0.017249999999999998,0.01889447347242045,512,5,Pauls-MacBook-Pro,25fcce9-dirty,2026-09-25T22:32:22Z
static-tiled,cpu,Apple M1 Pro,f16,64,10,17.28383991560625,0.0007464432646251799,0.030334,0.017,0.016596144552274785,1024,5,Pauls-MacBook-Pro,25fcce9-dirty,2026-09-25T22:32:22Z
static-tiled,cpu,Apple M1 Pro,f16,64,10,20.97152,0.0007464432646251799,0.025,0.024292,0.0018655257435907983,2048,5,Pauls-MacBook-Pro,25fcce9-dirty,2026-09-25T22:32:22Z
accelerate-bnns,amx,Apple M1 Pro,f16,64,1,292.5714285714286,0.0007628484855553025,0.001792,0.001709,0.0006409022546379439,,5,Pauls-MacBook-Pro,25fcce9-dirty,2026-09-25T22:32:22Z
mps,metal,Apple M1 Pro,f16,64,1,2.4013117517198426,0.0001594864904382036,0.218334,0.21729099999999998,0.019526850432161354,,5,Pauls-MacBook-Pro,25fcce9-dirty,2026-09-25T22:32:22Z
mps-e2e,metal,Apple M1 Pro,f16,64,1,2.207909575968904,0.0001594864904382036,0.237459,0.227125,0.022043038622204504,,5,Pauls-MacBook-Pro,25fcce9-dirty,2026-09-25T22:32:22Z
metal-naive,metal,Apple M1 Pro,f16,64,1,2.454727202071326,0.0007628484855553025,0.213583,0.13958399999999999,0.03665142840736225,,5,Pauls-MacBook-Pro,25fcce9-dirty,2026-09-25T22:32:22Z
metal-naive-e2e,metal,Apple M1 Pro,f16,64,1,2.321142224681793,0.0007628484855553025,0.225875,0.151916,0.034821701591105515,,5,Pauls-MacBook-Pro,25fcce9-dirty,2026-09-25T22:32:22Z
metal-tiled,metal,Apple M1 Pro,f16,64,1,2.8919533128874964,0.0007628484855553025,0.181292,0.173875,0.00600563914167343,,5,Pauls-MacBook-Pro,25fcce9-dirty,2026-09-25T22:32:22Z
metal-tiled-e2e,metal,Apple M1 Pro,f16,64,1,2.817495418711005,0.0007628484855553025,0.186083,0.178916,0.006764430478613853,,5,Pauls-MacBook-Pro,25fcce9-dirty,2026-09-25T22:32:22Z
naive-ijk,cpu,Apple M1 Pro,f16,128,1,3.12337633808061,0.0011165557453931836,1.342875,1.3335409999999999,0.010691854642670756,,5,Pauls-MacBook-Pro,25fcce9-dirty,2026-09-25T22:32:22Z
ikj,cpu,Apple M1 Pro,f16,128,1,42.74449936305733,0.0011165557453931836,0.098125,0.09720799999999999,0.0005709774951782311,,5,Pauls-MacBook-Pro,25fcce9-dirty,2026-09-25T22:32:22Z
tiled,cpu,Apple M1 Pro,f16,128,1,42.34874093818784,0.0011165557453931836,0.099042,0.09879099999999999,0.000679765180043818,512,5,Pauls-MacBook-Pro,25fcce9-dirty,2026-09-25T22:32:22Z
tiled,cpu,Apple M1 Pro,f16,128,1,42.83573675395237,0.0011165557453931836,0.097916,0.09775,0.0006115920208766632,1024,5,Pauls-MacBook-Pro,25fcce9-dirty,2026-09-25T22:32:22Z
tiled,cpu,Apple M1 Pro,f16,128,1,42.90848081841432,0.0011165557453931836,0.09775,0.0975,0.0017495237923503659,2048,5,Pauls-MacBook-Pro,25fcce9-dirty,2026-09-25T22:32:22Z
rayon-ikj,cpu,Apple M1 Pro,f16,128,1,39.46020396643209,0.0011165557453931836,0.10629200000000001,0.10525,0.0007154671201390081,,5,Pauls-MacBook-Pro,25fcce9-dirty,2026-09-25T22:32:22Z
rayon-ikj,cpu,Apple M1 Pro,f16,128,2,70.05100626304802,0.0011165557453931836,0.059875,0.058332999999999996,0.0008812089423059662,,5,Pauls-MacBook-Pro,25fcce9-dirty,2026-09-25T22:32:22Z
rayon-ikj,cpu,Apple M1 Pro,f16,128,4,89.47848533333332,0.0011165557453931836,0.046875,0.040042,0.021876924265078947,,5,Pauls-MacBook-Pro,25fcce9-dirty,2026-09-25T22:32:22Z
rayon-ikj,cpu,Apple M1 Pro,f16,128,8,129.72207960906815,0.0011165557453931836,0.032332999999999994,0.030458,0.0011544642480388909,,5,Pauls-MacBook-Pro,25fcce9-dirty,2026-09-25T22:32:22Z
rayon-ikj,cpu,Apple M1 Pro,f16,128,10,69.27924416107827,0.0011165557453931836,0.060542,0.045375,0.014531948761263925,,5,Pauls-MacBook-Pro,25fcce9-dirty,2026-09-25T22:32:22Z
rayon-tiled,cpu,Apple M1 Pro,f16,128,1,40.281430972388954,0.0011165557453931836,0.104125,0.10337500000000001,0.0006178108933969964,512,5,Pauls-MacBook-Pro,25fcce9-dirty,2026-09-25T22:32:22Z
rayon-tiled,cpu,Apple M1 Pro,f16,128,1,39.615622195985836,0.0011165557453931836,0.105875,0.10500000000000001,0.005095660477308115,1024,5,Pauls-MacBook-Pro,25fcce9-dirty,2026-09-25T22:32:22Z
rayon-tiled,cpu,Apple M1 Pro,f16,128,1,40.073223396327364,0.0011165557453931836,0.10466600000000001,0.103917,0.001353167136757318,2048,5,Pauls-MacBook-Pro,25fcce9-dirty,2026-09-25T22:32:22Z
rayon-tiled,cpu,Apple M1 Pro,f16,128,2,71.90276515865806,0.0011165557453931836,0.058332999999999996,0.057541999999999996,0.003796818497110445,512,5,Pauls-MacBook-Pro,25fcce9-dirty,2026-09-25T22:32:22Z
rayon-tiled,cpu,Apple M1 Pro,f16,128,2,72.0571742715778,0.0011165557453931836,0.058208,0.057292,0.0014113705395820061,1024,5,Pauls-MacBook-Pro,25fcce9-dirty,2026-09-25T22:32:22Z
rayon-tiled,cpu,Apple M1 Pro,f16,128,2,63.87329820607315,0.0011165557453931836,0.065666,0.057707999999999995,0.0043645723501850656,2048,5,Pauls-MacBook-Pro,25fcce9-dirty,2026-09-25T22:32:22Z
rayon-tiled,cpu,Apple M1 Pro,f16,128,4,101.37290634441088,0.0011165557453931836,0.041375,0.039,0.005126867152560127,512,5,Pauls-MacBook-Pro,25fcce9-dirty,2026-09-25T22:32:22Z
rayon-tiled,cpu,Apple M1 Pro,f16,128,4,100.9653844302152,0.0011165557453931836,0.041542,0.039667,0.0012193304310153187,1024,5,Pauls-MacBook-Pro,25fcce9-dirty,2026-09-25T22:32:22Z
rayon-tiled,cpu,Apple M1 Pro,f16,128,4,100.26304592068463,0.0011165557453931836,0.041832999999999995,0.040125,0.0023825561483415236,2048,5,Pauls-MacBook-Pro,25fcce9-dirty,2026-09-25T22:32:22Z
rayon-tiled,cpu,Apple M1 Pro,f16,128,8,100.56112589608956,0.0011165557453931836,0.041709,0.031666,0.020355008811101014,512,5,Pauls-MacBook-Pro,25fcce9-dirty,2026-09-25T22:32:22Z
rayon-tiled,cpu,Apple M1 Pro,f16,128,8,132.45031104935737,0.0011165557453931836,0.031667,0.031375,0.0020289187268099215,1024,5,Pauls-MacBook-Pro,25fcce9-dirty,2026-09-25T22:32:22Z
rayon-tiled,cpu,Apple M1 Pro,f16,128,8,128.88894351914448,0.0011165557453931836,0.032542,0.029915999999999998,0.019251039951129912,2048,5,Pauls-MacBook-Pro,25fcce9-dirty,2026-09-25T22:32:22Z
rayon-tiled,cpu,Apple M1 Pro,f16,128,10,64.19885815743957,0.0011165557453931836,0.065333,0.038,0.022201289316163598,512,5,Pauls-MacBook-Pro,25fcce9-dirty,2026-09-25T22:32:22Z
rayon-tiled,cpu,Apple M1 Pro,f16,128,10,62.40780859421498,0.0011165557453931836,0.067208,0.038,0.01642477951145768,1024,5,Pauls-MacBook-Pro,25fcce9-dirty,2026-09-25T22:32:22Z
rayon-tiled,cpu,Apple M1 Pro,f16,128,10,88.84731401457381,0.0011165557453931836,0.047208,0.036458000000000004,0.010124003521334827,2048,5,Pauls-MacBook-Pro,25fcce9-dirty,2026-09-25T22:32:22Z
static-ikj,cpu,Apple M1 Pro,f16,128,1,39.46057521332944,0.0011165557453931836,0.106291,0.10595800000000001,0.002999350879773823,,5,Pauls-MacBook-Pro,25fcce9-dirty,2026-09-25T22:32:22Z
static-ikj,cpu,Apple M1 Pro,f16,128,2,67.78673131313131,0.0011165557453931836,0.061875,0.060459,0.003242291982533346,,5,Pauls-MacBook-Pro,25fcce9-dirty,2026-09-25T22:32:22Z
static-ikj,cpu,Apple M1 Pro,f16,128,4,76.201882199048,0.0011165557453931836,0.055042,0.048,0.016052163710852194,,5,Pauls-MacBook-Pro,25fcce9-dirty,2026-09-25T22:32:22Z
static-ikj,cpu,Apple M1 Pro,f16,128,8,52.21081982722135,0.0011165557453931836,0.08033399999999999,0.074167,0.00406594359282074,,5,Pauls-MacBook-Pro,25fcce9-dirty,2026-09-25T22:32:22Z
static-ikj,cpu,Apple M1 Pro,f16,128,10,51.569522825913225,0.0011165557453931836,0.081333,0.047208,0.019822477423369664,,5,Pauls-MacBook-Pro,25fcce9-dirty,2026-09-25T22:32:22Z
static-tiled,cpu,Apple M1 Pro,f16,128,1,39.67820789344231,0.0011165557453931836,0.105708,0.103125,0.0018070894554504016,512,5,Pauls-MacBook-Pro,25fcce9-dirty,2026-09-25T22:32:22Z
static-tiled,cpu,Apple M1 Pro,f16,128,1,39.42941480611046,0.0011165557453931836,0.106375,0.10404100000000001,0.018879764927032323,1024,5,Pauls-MacBook-Pro,25fcce9-dirty,2026-09-25T22:32:22Z
static-tiled,cpu,Apple M1 Pro,f16,128,1,40.18494850299401,0.0011165557453931836,0.10437500000000001,0.104,0.002009999328358103,2048,5,Pauls-MacBook-Pro,25fcce9-dirty,2026-09-25T22:32:22Z
static-tiled,cpu,Apple M1 Pro,f16,128,2,70.29638319981228,0.0011165557453931836,0.059666000000000004,0.058791,0.001720198680385493,512,5,Pauls-MacBook-Pro,25fcce9-dirty,2026-09-25T22:32:22Z
static-tiled,cpu,Apple M1 Pro,f16,128,2,50.55875794066949,0.0011165557453931836,0.082959,0.066625,0.010778599106562967,1024,5,Pauls-MacBook-Pro,25fcce9-dirty,2026-09-25T22:32:22Z
static-tiled,cpu,Apple M1 Pro,f16,128,2,61.1940882099765,0.0011165557453931836,0.068541,0.066083,0.0014716039548737278,2048,5,Pauls-MacBook-Pro,25fcce9-dirty,2026-09-25T22:32:22Z
static-tiled,cpu,Apple M1 Pro,f16,128,4,79.26193850747397,0.0011165557453931836,0.052917,0.04725,0.005211751548184162,512,5,Pauls-MacBook-Pro,25fcce9-dirty,2026-09-25T22:32:22Z
static-tiled,cpu,Apple M1 Pro,f16,128,4,77.79186527440325,0.0011165557453931836,0.053917,0.050875000000000004,0.009902709795808417,1024,5,Pauls-MacBook-Pro,25fcce9-dirty,2026-09-25T22:32:22Z
static-tiled,cpu,Apple M1 Pro,f16,128,4,74.01669401944694,0.0011165557453931836,0.056666999999999995,0.052875,0.0019036496526409485,2048,5,Pauls-MacBook-Pro,25fcce9-dirty,2026-09-25T22:32:22Z
static-tiled,cpu,Apple M1 Pro,f16,128,8,50.86532701099941,0.0011165557453931836,0.082459,0.043417000000000004,0.023432166165337765,512,5,Pauls-MacBook-Pro,25fcce9-dirty,2026-09-25T22:32:22Z
static-tiled,cpu,Apple M1 Pro,f16,128,8,66.00837241509554,0.0011165557453931836,0.063542,0.056208,0.008492273046717234,1024,5,Pauls-MacBook-Pro,25fcce9-dirty,2026-09-25T22:32:22Z
static-tiled,cpu,Apple M1 Pro,f16,128,8,47.79833618233618,0.0011165557453931836,0.08775000000000001,0.08583400000000001,0.019334501979621818,2048,5,Pauls-MacBook-Pro,25fcce9-dirty,2026-09-25T22:32:22Z
static-tiled,cpu,Apple M1 Pro,f16,128,10,81.64095377128953,0.0011165557453931836,0.051375000000000004,0.047708,0.03381247695008456,512,5,Pauls-MacBook-Pro,25fcce9-dirty,2026-09-25T22:32:22Z
static-tiled,cpu,Apple M1 Pro,f16,128,10,86.25817994858612,0.0011165557453931836,0.048625,0.047667,0.019315667505939313,1024,5,Pauls-MacBook-Pro,25fcce9-dirty,2026-09-25T22:32:22Z
static-tiled,cpu,Apple M1 Pro,f16,128,10,93.72746368715084,0.0011165557453931836,0.04475,0.041,0.02217659642956962,2048,5,Pauls-MacBook-Pro,25fcce9-dirty,2026-09-25T22:32:22Z
accelerate-bnns,amx,Apple M1 Pro,f16,128,1,1118.4810666666667,0.0010956111110404614,0.0037500000000000003,0.003583,0.0003836304211086499,,5,Pauls-MacBook-Pro,25fcce9-dirty,2026-09-25T22:32:22Z
mps,metal,Apple M1 Pro,f16,128,1,17.756749319458613,0.00014482771364889406,0.236209,0.226375,0.02947983546087055,,5,Pauls-MacBook-Pro,25fcce9-dirty,2026-09-25T22:32:22Z
mps-e2e,metal,Apple M1 Pro,f16,128,1,17.05292773562966,0.00014482771364889406,0.245958,0.236584,0.031472219522938015,,5,Pauls-MacBook-Pro,25fcce9-dirty,2026-09-25T22:32:22Z
metal-naive,metal,Apple M1 Pro,f16,128,1,14.747022857283495,0.0010956111110404614,0.28441700000000003,0.27379200000000004,0.012293957755743264,,5,Pauls-MacBook-Pro,25fcce9-dirty,2026-09-25T22:32:22Z
metal-naive-e2e,metal,Apple M1 Pro,f16,128,1,14.399016790769368,0.0010956111110404614,0.291291,0.280834,0.013704543560440102,,5,Pauls-MacBook-Pro,25fcce9-dirty,2026-09-25T22:32:22Z
metal-tiled,metal,Apple M1 Pro,f16,128,1,18.209739811490323,0.0010956111110404614,0.23033299999999998,0.214667,0.008500882642408374,,5,Pauls-MacBook-Pro,25fcce9-dirty,2026-09-25T22:32:22Z
metal-tiled-e2e,metal,Apple M1 Pro,f16,128,1,17.72238630649816,0.0010956111110404614,0.23666700000000002,0.22095900000000002,0.00883227943398531,,5,Pauls-MacBook-Pro,25fcce9-dirty,2026-09-25T22:32:22Z
naive-ijk,cpu,Apple M1 Pro,f16,256,1,2.4653719405873145,0.0017059664673413303,13.610292,13.374749999999999,0.45424396648915455,,5,Pauls-MacBook-Pro,25fcce9-dirty,2026-09-25T22:32:22Z
ikj,cpu,Apple M1 Pro,f16,256,1,58.768651984909575,0.0017059664673413303,0.570958,0.5563750000000001,0.016878983360972884,,5,Pauls-MacBook-Pro,25fcce9-dirty,2026-09-25T22:32:22Z
tiled,cpu,Apple M1 Pro,f16,256,1,60.29991787355402,0.0017059664673413303,0.556459,0.5563750000000001,0.0003253098522946698,512,5,Pauls-MacBook-Pro,25fcce9-dirty,2026-09-25T22:32:22Z
tiled,cpu,Apple M1 Pro,f16,256,1,58.07354895879485,0.0017059664673413303,0.5777920000000001,0.5748329999999999,0.00477645645850561,1024,5,Pauls-MacBook-Pro,25fcce9-dirty,2026-09-25T22:32:22Z
tiled,cpu,Apple M1 Pro,f16,256,1,60.00349065106365,0.0017059664673413303,0.5592079999999999,0.5568339999999999,0.006657927094824615,2048,5,Pauls-MacBook-Pro,25fcce9-dirty,2026-09-25T22:32:22Z
rayon-ikj,cpu,Apple M1 Pro,f16,256,1,58.992447151155424,0.0017059664673413303,0.5687920000000001,0.564958,0.007542614314678994,,5,Pauls-MacBook-Pro,25fcce9-dirty,2026-09-25T22:32:22Z
rayon-ikj,cpu,Apple M1 Pro,f16,256,2,106.90380565511748,0.0017059664673413303,0.313875,0.306667,0.015131687324948268,,5,Pauls-MacBook-Pro,25fcce9-dirty,2026-09-25T22:32:22Z
rayon-ikj,cpu,Apple M1 Pro,f16,256,4,178.87683384510407,0.0017059664673413303,0.187584,0.183709,0.025089845087206086,,5,Pauls-MacBook-Pro,25fcce9-dirty,2026-09-25T22:32:22Z
rayon-ikj,cpu,Apple M1 Pro,f16,256,8,243.73620402856164,0.0017059664673413303,0.137667,0.112167,0.016973734002864546,,5,Pauls-MacBook-Pro,25fcce9-dirty,2026-09-25T22:32:22Z
rayon-ikj,cpu,Apple M1 Pro,f16,256,10,223.50995503746879,0.0017059664673413303,0.150125,0.12224999999999998,0.01889858324584148,,5,Pauls-MacBook-Pro,25fcce9-dirty,2026-09-25T22:32:22Z
rayon-tiled,cpu,Apple M1 Pro,f16,256,1,58.80294764512596,0.0017059664673413303,0.5706249999999999,0.5681250000000001,0.009113647661611667,512,5,Pauls-MacBook-Pro,25fcce9-dirty,2026-09-25T22:32:22Z
rayon-tiled,cpu,Apple M1 Pro,f16,256,1,58.79439573301934,0.0017059664673413303,0.570708,0.570083,0.009739799510256851,1024,5,Pauls-MacBook-Pro,25fcce9-dirty,2026-09-25T22:32:22Z
rayon-tiled,cpu,Apple M1 Pro,f16,256,1,58.91476309034277,0.0017059664673413303,0.569542,0.568709,0.0047086654903485915,2048,5,Pauls-MacBook-Pro,25fcce9-dirty,2026-09-25T22:32:22Z
rayon-tiled,cpu,Apple M1 Pro,f16,256,2,108.13859248254059,0.0017059664673413303,0.310291,0.307875,0.03685880618251223,512,5,Pauls-MacBook-Pro,25fcce9-dirty,2026-09-25T22:32:22Z
rayon-tiled,cpu,Apple M1 Pro,f16,256,2,106.74770148949843,0.0017059664673413303,0.314334,0.31325,0.000775861585593733,1024,5,Pauls-MacBook-Pro,25fcce9-dirty,2026-09-25T22:32:22Z
rayon-tiled,cpu,Apple M1 Pro,f16,256,2,104.77574395003903,0.0017059664673413303,0.32025,0.317,0.013507054793699475,2048,5,Pauls-MacBook-Pro,25fcce9-dirty,2026-09-25T22:32:22Z
rayon-tiled,cpu,Apple M1 Pro,f16,256,4,179.2753637126203,0.0017059664673413303,0.187167,0.1695,0.01033237361403467,512,5,Pauls-MacBook-Pro,25fcce9-dirty,2026-09-25T22:32:22Z
rayon-tiled,cpu,Apple M1 Pro,f16,256,4,183.77632090610845,0.0017059664673413303,0.182583,0.1775,0.019432043806558285,1024,5,Pauls-MacBook-Pro,25fcce9-dirty,2026-09-25T22:32:22Z
rayon-tiled,cpu,Apple M1 Pro,f16,256,4,177.02994075160518,0.0017059664673413303,0.189541,0.18275,0.013719026995381271,2048,5,Pauls-MacBook-Pro,25fcce9-dirty,2026-09-25T22:32:22Z
rayon-tiled,cpu,Apple M1 Pro,f16,256,8,208.41262111801242,0.0017059664673413303,0.161,0.128542,0.02275973128575995,512,5,Pauls-MacBook-Pro,25fcce9-dirty,2026-09-25T22:32:22Z
rayon-tiled,cpu,Apple M1 Pro,f16,256,8,222.89083445151516,0.0017059664673413303,0.150542,0.133125,0.01886352502847757,1024,5,Pauls-MacBook-Pro,25fcce9-dirty,2026-09-25T22:32:22Z
rayon-tiled,cpu,Apple M1 Pro,f16,256,8,218.1224574701137,0.0017059664673413303,0.153833,0.14416700000000002,0.0289842845124733,2048,5,Pauls-MacBook-Pro,25fcce9-dirty,2026-09-25T22:32:22Z
rayon-tiled,cpu,Apple M1 Pro,f16,256,10,182.5674240445721,0.0017059664673413303,0.183792,0.147125,0.04027187378680064,512,5,Pauls-MacBook-Pro,25fcce9-dirty,2026-09-25T22:32:22Z
rayon-tiled,cpu,Apple M1 Pro,f16,256,10,211.3119257388643,0.0017059664673413303,0.15879100000000002,0.144709,0.027537613071942156,1024,5,Pauls-MacBook-Pro,25fcce9-dirty,2026-09-25T22:32:22Z
rayon-tiled,cpu,Apple M1 Pro,f16,256,10,177.30215059445177,0.0017059664673413303,0.18925,0.15100000000000002,0.025542704412414904,2048,5,Pauls-MacBook-Pro,25fcce9-dirty,2026-09-25T22:32:22Z
static-ikj,cpu,Apple M1 Pro,f16,256,1,59.59056124940728,0.0017059664673413303,0.563083,0.559959,0.005697104422423738,,5,Pauls-MacBook-Pro,25fcce9-dirty,2026-09-25T22:32:22Z
static-ikj,cpu,Apple M1 Pro,f16,256,2,109.06087425690762,0.0017059664673413303,0.307667,0.30583299999999997,0.009330820799908235,,5,Pauls-MacBook-Pro,25fcce9-dirty,2026-09-25T22:32:22Z
static-ikj,cpu,Apple M1 Pro,f16,256,4,175.90790039318478,0.0017059664673413303,0.19075,0.183542,0.011886791926335714,,5,Pauls-MacBook-Pro,25fcce9-dirty,2026-09-25T22:32:22Z
static-ikj,cpu,Apple M1 Pro,f16,256,8,227.23040354310712,0.0017059664673413303,0.14766700000000002,0.125583,0.015415687584405695,,5,Pauls-MacBook-Pro,25fcce9-dirty,2026-09-25T22:32:22Z
static-ikj,cpu,Apple M1 Pro,f16,256,10,147.3301075740944,0.0017059664673413303,0.22775,0.166167,0.04004034978993065,,5,Pauls-MacBook-Pro,25fcce9-dirty,2026-09-25T22:32:22Z
static-tiled,cpu,Apple M1 Pro,f16,256,1,59.126752422907494,0.0017059664673413303,0.5675,0.5671670000000001,0.0020305377366599373,512,5,Pauls-MacBook-Pro,25fcce9-dirty,2026-09-25T22:32:22Z
static-tiled,cpu,Apple M1 Pro,f16,256,1,59.1440527096913,0.0017059664673413303,0.567334,0.566208,0.0018314668984177446,1024,5,Pauls-MacBook-Pro,25fcce9-dirty,2026-09-25T22:32:22Z
static-tiled,cpu,Apple M1 Pro,f16,256,1,58.9406350343936,0.0017059664673413303,0.569292,0.565916,0.002625811550740109,2048,5,Pauls-MacBook-Pro,25fcce9-dirty,2026-09-25T22:32:22Z
static-tiled,cpu,Apple M1 Pro,f16,256,2,108.50260953920777,0.0017059664673413303,0.30925,0.306083,0.011597568417560633,512,5,Pauls-MacBook-Pro,25fcce9-dirty,2026-09-25T22:32:22Z
static-tiled,cpu,Apple M1 Pro,f16,256,2,108.02231629778673,0.0017059664673413303,0.310625,0.30866699999999997,0.0017147663689261186,1024,5,Pauls-MacBook-Pro,25fcce9-dirty,2026-09-25T22:32:22Z
static-tiled,cpu,Apple M1 Pro,f16,256,2,108.91361094250576,0.0017059664673413303,0.308083,0.306125,0.001088297615544572,2048,5,Pauls-MacBook-Pro,25fcce9-dirty,2026-09-25T22:32:22Z
static-tiled,cpu,Apple M1 Pro,f16,256,4,178.243994687915,0.0017059664673413303,0.18825,0.1825,0.00645832592085597,512,5,Pauls-MacBook-Pro,25fcce9-dirty,2026-09-25T22:32:22Z
static-tiled,cpu,Apple M1 Pro,f16,256,4,172.77574559235458,0.0017059664673413303,0.194208,0.181583,0.012737010218257657,1024,5,Pauls-MacBook-Pro,25fcce9-dirty,2026-09-25T22:32:22Z
static-tiled,cpu,Apple M1 Pro,f16,256,4,176.99072174192835,0.0017059664673413303,0.189583,0.185584,0.016657168766029833,2048,5,Pauls-MacBook-Pro,25fcce9-dirty,2026-09-25T22:32:22Z
static-tiled,cpu,Apple M1 Pro,f16,256,8,234.51026327376417,0.0017059664673413303,0.14308300000000002,0.140125,0.03200682297104791,512,5,Pauls-MacBook-Pro,25fcce9-dirty,2026-09-25T22:32:22Z
static-tiled,cpu,Apple M1 Pro,f16,256,8,221.54281715062922,0.0017059664673413303,0.151458,0.135041,0.017249903631614875,1024,5,Pauls-MacBook-Pro,25fcce9-dirty,2026-09-25T22:32:22Z
static-tiled,cpu,Apple M1 Pro,f16,256,8,214.86249975987243,0.0017059664673413303,0.156167,0.140666,0.009030849157194456,2048,5,Pauls-MacBook-Pro,25fcce9-dirty,2026-09-25T22:32:22Z
static-tiled,cpu,Apple M1 Pro,f16,256,10,127.64405896338565,0.0017059664673413303,0.26287499999999997,0.22375,0.022177797268890347,512,5,Pauls-MacBook-Pro,25fcce9-dirty,2026-09-25T22:32:22Z
static-tiled,cpu,Apple M1 Pro,f16,256,10,136.81725586136594,0.0017059664673413303,0.24525000000000002,0.230792,0.015959576325830196,1024,5,Pauls-MacBook-Pro,25fcce9-dirty,2026-09-25T22:32:22Z
static-tiled,cpu,Apple M1 Pro,f16,256,10,140.68944234800838,0.0017059664673413303,0.2385,0.21470899999999998,0.021780546877890838,2048,5,Pauls-MacBook-Pro,25fcce9-dirty,2026-09-25T22:32:22Z
accelerate-bnns,amx,Apple M1 Pro,f16,256,1,2033.6019393939391,0.0017561161890078398,0.0165,0.015291999999999998,0.0007259371873654088,,5,Pauls-MacBook-Pro,25fcce9-dirty,2026-09-25T22:32:22Z
mps,metal,Apple M1 Pro,f16,256,1,94.5861367159972,0.00014358932760390726,0.35474999999999995,0.341125,0.012135065698215241,,5,Pauls-MacBook-Pro,25fcce9-dirty,2026-09-25T22:32:22Z
mps-e2e,metal,Apple M1 Pro,f16,256,1,90.61614077538808,0.00014358932760390726,0.370292,0.3565,0.014565097648145021,,5,Pauls-MacBook-Pro,25fcce9-dirty,2026-09-25T22:32:22Z
metal-naive,metal,Apple M1 Pro,f16,256,1,61.22133103684837,0.0017561161890078398,0.548084,0.382333,0.20167454062498816,,5,Pauls-MacBook-Pro,25fcce9-dirty,2026-09-25T22:32:22Z
metal-naive-e2e,metal,Apple M1 Pro,f16,256,1,58.82872145518299,0.0017561161890078398,0.5703750000000001,0.398667,0.20579589073448476,,5,Pauls-MacBook-Pro,25fcce9-dirty,2026-09-25T22:32:22Z
metal-tiled,metal,Apple M1 Pro,f16,256,1,120.91687207207207,0.0017561161890078398,0.2775,0.26475,0.014141869335416732,,5,Pauls-MacBook-Pro,25fcce9-dirty,2026-09-25T22:32:22Z
metal-tiled-e2e,metal,Apple M1 Pro,f16,256,1,115.8883612338149,0.0017561161890078398,0.289541,0.280875,0.01295410998486581,,5,Pauls-MacBook-Pro,25fcce9-dirty,2026-09-25T22:32:22Z
naive-ijk,cpu,Apple M1 Pro,f16,512,1,2.2691789719763915,0.0018356578962918102,118.296291,117.02,0.7581021923107047,,5,Pauls-MacBook-Pro,25fcce9-dirty,2026-09-25T22:32:22Z
ikj,cpu,Apple M1 Pro,f16,512,1,51.627584259744005,0.0018356578962918102,5.199458,5.0610409999999995,0.10214487473045336,,5,Pauls-MacBook-Pro,25fcce9-dirty,2026-09-25T22:32:22Z
tiled,cpu,Apple M1 Pro,f16,512,1,52.53953322324454,0.0018356578962918102,5.109209,5.065167,0.051469963923632164,512,5,Pauls-MacBook-Pro,25fcce9-dirty,2026-09-25T22:32:22Z
tiled,cpu,Apple M1 Pro,f16,512,1,51.64082356618974,0.0018356578962918102,5.198124999999999,5.096583,0.05431910143494618,1024,5,Pauls-MacBook-Pro,25fcce9-dirty,2026-09-25T22:32:22Z
tiled,cpu,Apple M1 Pro,f16,512,1,52.86894428715626,0.0018356578962918102,5.077375,5.0592500000000005,0.030345367714034937,2048,5,Pauls-MacBook-Pro,25fcce9-dirty,2026-09-25T22:32:22Z
rayon-ikj,cpu,Apple M1 Pro,f16,512,1,52.36701306134695,0.0018356578962918102,5.126041,5.098208,0.04198368612092068,,5,Pauls-MacBook-Pro,25fcce9-dirty,2026-09-25T22:32:22Z
rayon-ikj,cpu,Apple M1 Pro,f16,512,2,99.08720257002092,0.0018356578962918102,2.709083,2.698583,0.018927010096684557,,5,Pauls-MacBook-Pro,25fcce9-dirty,2026-09-25T22:32:22Z
rayon-ikj,cpu,Apple M1 Pro,f16,512,4,194.27799216621747,0.0018356578962918102,1.381708,1.3735,0.0281092897864745,,5,Pauls-MacBook-Pro,25fcce9-dirty,2026-09-25T22:32:22Z
rayon-ikj,cpu,Apple M1 Pro,f16,512,8,344.33166406698956,0.0018356578962918102,0.779584,0.7240420000000001,0.027647606337619875,,5,Pauls-MacBook-Pro,25fcce9-dirty,2026-09-25T22:32:22Z
rayon-ikj,cpu,Apple M1 Pro,f16,512,10,341.9015519821685,0.0018356578962918102,0.785125,0.74275,0.06614383781351066,,5,Pauls-MacBook-Pro,25fcce9-dirty,2026-09-25T22:32:22Z
rayon-tiled,cpu,Apple M1 Pro,f16,512,1,52.6404206598519,0.0018356578962918102,5.099417,5.067375,0.08812531640624026,512,5,Pauls-MacBook-Pro,25fcce9-dirty,2026-09-25T22:32:22Z
rayon-tiled,cpu,Apple M1 Pro,f16,512,1,52.914538931598656,0.0018356578962918102,5.073,5.068958,0.05623727110377979,1024,5,Pauls-MacBook-Pro,25fcce9-dirty,2026-09-25T22:32:22Z
rayon-tiled,cpu,Apple M1 Pro,f16,512,1,51.88328575738722,0.0018356578962918102,5.173833,5.0745000000000005,0.0527926969930498,2048,5,Pauls-MacBook-Pro,25fcce9-dirty,2026-09-25T22:32:22Z
rayon-tiled,cpu,Apple M1 Pro,f16,512,2,99.59575401168722,0.0018356578962918102,2.69525,2.6901669999999998,0.03863945712998564,512,5,Pauls-MacBook-Pro,25fcce9-dirty,2026-09-25T22:32:22Z
rayon-tiled,cpu,Apple M1 Pro,f16,512,2,99.92326430456042,0.0018356578962918102,2.686416,2.571542,0.056808163320072234,1024,5,Pauls-MacBook-Pro,25fcce9-dirty,2026-09-25T22:32:22Z
rayon-tiled,cpu,Apple M1 Pro,f16,512,2,99.58345040757416,0.0018356578962918102,2.695583,2.655208,0.02820498092004306,2048,5,Pauls-MacBook-Pro,25fcce9-dirty,2026-09-25T22:32:22Z
rayon-tiled,cpu,Apple M1 Pro,f16,512,4,189.88605229240855,0.0018356578962918102,1.413666,1.380583,0.018737522523001798,512,5,Pauls-MacBook-Pro,25fcce9-dirty,2026-09-25T22:32:22Z
rayon-tiled,cpu,Apple M1 Pro,f16,512,4,191.75673256540762,0.0018356578962918102,1.399875,1.359458,0.0222007173014747,1024,5,Pauls-MacBook-Pro,25fcce9-dirty,2026-09-25T22:32:22Z
rayon-tiled,cpu,Apple M1 Pro,f16,512,4,193.6355803827765,0.0018356578962918102,1.3862919999999999,1.3668339999999999,0.03970388406692733,2048,5,Pauls-MacBook-Pro,25fcce9-dirty,2026-09-25T22:32:22Z
rayon-tiled,cpu,Apple M1 Pro,f16,512,8,318.4601283400382,0.0018356578962918102,0.842917,0.804833,0.061048974375496244,512,5,Pauls-MacBook-Pro,25fcce9-dirty,2026-09-25T22:32:22Z
rayon-tiled,cpu,Apple M1 Pro,f16,512,8,347.60175590806085,0.0018356578962918102,0.77225,0.750959,0.07030613770290614,1024,5,Pauls-MacBook-Pro,25fcce9-dirty,2026-09-25T22:32:22Z
rayon-tiled,cpu,Apple M1 Pro,f16,512,8,345.2732572048908,0.0018356578962918102,0.777458,0.739667,0.03607712673841973,2048,5,Pauls-MacBook-Pro,25fcce9-dirty,2026-09-25T22:32:22Z
rayon-tiled,cpu,Apple M1 Pro,f16,512,10,349.44934630099965,0.0018356578962918102,0.768167,0.754833,0.057448199869099506,512,5,Pauls-MacBook-Pro,25fcce9-dirty,2026-09-25T22:32:22Z
rayon-tiled,cpu,Apple M1 Pro,f16,512,10,342.8294457215837,0.0018356578962918102,0.7829999999999999,0.741458,0.06635132225735973,1024,5,Pauls-MacBook-Pro,25fcce9-dirty,2026-09-25T22:32:22Z
rayon-tiled,cpu,Apple M1 Pro,f16,512,10,349.4302409891058,0.0018356578962918102,0.7682089999999999,0.746625,0.039723449380686955,2048,5,Pauls-MacBook-Pro,25fcce9-dirty,2026-09-25T22:32:22Z
static-ikj,cpu,Apple M1 Pro,f16,512,1,52.652893594593706,0.0018356578962918102,5.098209000000001,5.067958,0.027409038177214386,,5,Pauls-MacBook-Pro,25fcce9-dirty,2026-09-25T22:32:22Z
static-ikj,cpu,Apple M1 Pro,f16,512,2,99.41439029511879,0.0018356578962918102,2.700167,2.691958,0.012944374272246487,,5,Pauls-MacBook-Pro,25fcce9-dirty,2026-09-25T22:32:22Z
static-ikj,cpu,Apple M1 Pro,f16,512,4,191.39782959001784,0.0018356578962918102,1.4025,1.382375,0.018308773893955917,,5,Pauls-MacBook-Pro,25fcce9-dirty,2026-09-25T22:32:22Z
static-ikj,cpu,Apple M1 Pro,f16,512,8,355.7990716514372,0.0018356578962918102,0.754458,0.738417,0.23826792619444187,,5,Pauls-MacBook-Pro,25fcce9-dirty,2026-09-25T22:32:22Z
static-ikj,cpu,Apple M1 Pro,f16,512,10,266.7570208249693,0.0018356578962918102,1.006292,0.952458,0.03809542310041983,,5,Pauls-MacBook-Pro,25fcce9-dirty,2026-09-25T22:32:22Z
static-tiled,cpu,Apple M1 Pro,f16,512,1,52.832525106403914,0.0018356578962918102,5.080875000000001,5.07325,0.011981514123849032,512,5,Pauls-MacBook-Pro,25fcce9-dirty,2026-09-25T22:32:22Z
static-tiled,cpu,Apple M1 Pro,f16,512,1,52.52883048774522,0.0018356578962918102,5.110250000000001,5.087417,0.09251291466979066,1024,5,Pauls-MacBook-Pro,25fcce9-dirty,2026-09-25T22:32:22Z
static-tiled,cpu,Apple M1 Pro,f16,512,1,52.790102887772136,0.0018356578962918102,5.084957999999999,5.078208,0.022826789454498186,2048,5,Pauls-MacBook-Pro,25fcce9-dirty,2026-09-25T22:32:22Z
static-tiled,cpu,Apple M1 Pro,f16,512,2,99.45737532419415,0.0018356578962918102,2.699,2.643834,0.033754155818210035,512,5,Pauls-MacBook-Pro,25fcce9-dirty,2026-09-25T22:32:22Z
static-tiled,cpu,Apple M1 Pro,f16,512,2,99.74841599702727,0.0018356578962918102,2.691125,2.6527920000000003,0.04557472277151011,1024,5,Pauls-MacBook-Pro,25fcce9-dirty,2026-09-25T22:32:22Z
static-tiled,cpu,Apple M1 Pro,f16,512,2,98.51594396930113,0.0018356578962918102,2.7247920000000003,2.686125,0.022713235529091835,2048,5,Pauls-MacBook-Pro,25fcce9-dirty,2026-09-25T22:32:22Z
static-tiled,cpu,Apple M1 Pro,f16,512,4,190.46972257818234,0.0018356578962918102,1.4093339999999999,1.398083,0.01243494114581971,512,5,Pauls-MacBook-Pro,25fcce9-dirty,2026-09-25T22:32:22Z
static-tiled,cpu,Apple M1 Pro,f16,512,4,190.50932939495726,0.0018356578962918102,1.409041,1.397917,0.012574450294148009,1024,5,Pauls-MacBook-Pro,25fcce9-dirty,2026-09-25T22:32:22Z
static-tiled,cpu,Apple M1 Pro,f16,512,4,189.91950429349586,0.0018356578962918102,1.413417,1.388083,0.014232120513120968,2048,5,Pauls-MacBook-Pro,25fcce9-dirty,2026-09-25T22:32:22Z
static-tiled,cpu,Apple M1 Pro,f16,512,8,359.090801587068,0.0018356578962918102,0.747542,0.738458,0.009819227887161013,512,5,Pauls-MacBook-Pro,25fcce9-dirty,2026-09-25T22:32:22Z
static-tiled,cpu,Apple M1 Pro,f16,512,8,332.1534484828012,0.0018356578962918102,0.8081670000000001,0.7460840000000001,0.18201786957136926,1024,5,Pauls-MacBook-Pro,25fcce9-dirty,2026-09-25T22:32:22Z
static-tiled,cpu,Apple M1 Pro,f16,512,8,357.2989108081955,0.0018356578962918102,0.7512909999999999,0.737916,0.020298889174041018,2048,5,Pauls-MacBook-Pro,25fcce9-dirty,2026-09-25T22:32:22Z
static-tiled,cpu,Apple M1 Pro,f16,512,10,260.17490283498915,0.0018356578962918102,1.03175,0.9514589999999999,0.04039928054186116,512,5,Pauls-MacBook-Pro,25fcce9-dirty,2026-09-25T22:32:22Z
static-tiled,cpu,Apple M1 Pro,f16,512,10,262.83934353675886,0.0018356578962918102,1.021291,0.995459,0.032068492805244216,1024,5,Pauls-MacBook-Pro,25fcce9-dirty,2026-09-25T22:32:22Z
static-tiled,cpu,Apple M1 Pro,f16,512,10,257.8011582232893,0.0018356578962918102,1.04125,0.937917,0.07412594059774213,2048,5,Pauls-MacBook-Pro,25fcce9-dirty,2026-09-25T22:32:22Z
accelerate-bnns,amx,Apple M1 Pro,f16,512,1,2530.428588935079,0.0018977167391994692,0.106083,0.10575,0.00025466782285950875,,5,Pauls-MacBook-Pro,25fcce9-dirty,2026-09-25T22:32:22Z
mps,metal,Apple M1 Pro,f16,512,1,639.1944356472893,0.00013359396176923036,0.419959,0.39554100000000003,0.012561247517663193,,5,Pauls-MacBook-Pro,25fcce9-dirty,2026-09-25T22:32:22Z
mps-e2e,metal,Apple M1 Pro,f16,512,1,583.8193270000348,0.00013359396176923036,0.459792,0.435875,0.014237307459628737,,5,Pauls-MacBook-Pro,25fcce9-dirty,2026-09-25T22:32:22Z
metal-naive,metal,Apple M1 Pro,f16,512,1,89.7514794165587,0.0018977167391994692,2.990875,1.437167,1.4077905685940293,,5,Pauls-MacBook-Pro,25fcce9-dirty,2026-09-25T22:32:22Z
metal-naive-e2e,metal,Apple M1 Pro,f16,512,1,88.27209996711609,0.0018977167391994692,3.041,1.490125,1.4072415219775887,,5,Pauls-MacBook-Pro,25fcce9-dirty,2026-09-25T22:32:22Z
metal-tiled,metal,Apple M1 Pro,f16,512,1,476.5129257472934,0.0018977167391994692,0.563333,0.533791,0.017480580576742892,,5,Pauls-MacBook-Pro,25fcce9-dirty,2026-09-25T22:32:22Z
metal-tiled-e2e,metal,Apple M1 Pro,f16,512,1,446.80264717239913,0.0018977167391994692,0.600792,0.571833,0.01753330129496439,,5,Pauls-MacBook-Pro,25fcce9-dirty,2026-09-25T22:32:22Z
naive-ijk,cpu,Apple M1 Pro,f16,1024,1,2.20543503744069,0.003689507053755073,973.7233749999999,969.7230420000001,7.915969830686785,,5,Pauls-MacBook-Pro,25fcce9-dirty,2026-09-25T22:32:22Z
ikj,cpu,Apple M1 Pro,f16,1024,1,52.737703113227944,0.003689507053755073,40.720082999999995,40.417083,0.28956493289536955,,5,Pauls-MacBook-Pro,25fcce9-dirty,2026-09-25T22:32:22Z
tiled,cpu,Apple M1 Pro,f16,1024,1,44.653772555135355,0.003689507053755073,48.091875,48.081792,0.08265930365542512,512,5,Pauls-MacBook-Pro,25fcce9-dirty,2026-09-25T22:32:22Z
tiled,cpu,Apple M1 Pro,f16,1024,1,53.1611835594019,0.003689507053755073,40.395708,40.368584,0.08824106900247534,1024,5,Pauls-MacBook-Pro,25fcce9-dirty,2026-09-25T22:32:22Z
tiled,cpu,Apple M1 Pro,f16,1024,1,53.23058437761297,0.003689507053755073,40.34304100000001,40.318125,0.037103682341513504,2048,5,Pauls-MacBook-Pro,25fcce9-dirty,2026-09-25T22:32:22Z
rayon-ikj,cpu,Apple M1 Pro,f16,1024,1,52.0655739803495,0.003689507053755073,41.24575,40.471333,0.5226650694902994,,5,Pauls-MacBook-Pro,25fcce9-dirty,2026-09-25T22:32:22Z
rayon-ikj,cpu,Apple M1 Pro,f16,1024,2,102.78914413923906,0.003689507053755073,20.892125,20.741,0.07469131569533446,,5,Pauls-MacBook-Pro,25fcce9-dirty,2026-09-25T22:32:22Z
rayon-ikj,cpu,Apple M1 Pro,f16,1024,4,199.3694999941976,0.003689507053755073,10.771374999999999,10.632249999999999,0.0745469839175273,,5,Pauls-MacBook-Pro,25fcce9-dirty,2026-09-25T22:32:22Z
rayon-ikj,cpu,Apple M1 Pro,f16,1024,8,378.325084051349,0.003689507053755073,5.676292,5.60125,0.16768442521534313,,5,Pauls-MacBook-Pro,25fcce9-dirty,2026-09-25T22:32:22Z
rayon-ikj,cpu,Apple M1 Pro,f16,1024,10,390.69131476133083,0.003689507053755073,5.496625,5.456291,0.09502851670788073,,5,Pauls-MacBook-Pro,25fcce9-dirty,2026-09-25T22:32:22Z
rayon-tiled,cpu,Apple M1 Pro,f16,1024,1,43.935737658418695,0.003689507053755073,48.877833,48.182458,0.5560993017426841,512,5,Pauls-MacBook-Pro,25fcce9-dirty,2026-09-25T22:32:22Z
rayon-tiled,cpu,Apple M1 Pro,f16,1024,1,53.03765702322347,0.003689507053755073,40.489791,40.341083,0.1566127770084575,1024,5,Pauls-MacBook-Pro,25fcce9-dirty,2026-09-25T22:32:22Z
rayon-tiled,cpu,Apple M1 Pro,f16,1024,1,52.84081256132257,0.003689507053755073,40.640625,40.457874999999994,0.4306015473651926,2048,5,Pauls-MacBook-Pro,25fcce9-dirty,2026-09-25T22:32:22Z
rayon-tiled,cpu,Apple M1 Pro,f16,1024,2,86.46975576970064,0.003689507053755073,24.835084000000002,24.79425,0.06833086071973715,512,5,Pauls-MacBook-Pro,25fcce9-dirty,2026-09-25T22:32:22Z
rayon-tiled,cpu,Apple M1 Pro,f16,1024,2,103.12830252594951,0.003689507053755073,20.823417,20.768458,0.053941976286561985,1024,5,Pauls-MacBook-Pro,25fcce9-dirty,2026-09-25T22:32:22Z
rayon-tiled,cpu,Apple M1 Pro,f16,1024,2,102.8381608096516,0.003689507053755073,20.882167,20.766584,0.06846550266886212,2048,5,Pauls-MacBook-Pro,25fcce9-dirty,2026-09-25T22:32:22Z
rayon-tiled,cpu,Apple M1 Pro,f16,1024,4,167.0408083607692,0.003689507053755073,12.856042,12.758624999999999,0.09095548505340499,512,5,Pauls-MacBook-Pro,25fcce9-dirty,2026-09-25T22:32:22Z
rayon-tiled,cpu,Apple M1 Pro,f16,1024,4,198.90938915966603,0.003689507053755073,10.796291,10.782583,0.052829610530458634,1024,5,Pauls-MacBook-Pro,25fcce9-dirty,2026-09-25T22:32:22Z
rayon-tiled,cpu,Apple M1 Pro,f16,1024,4,198.92779630231402,0.003689507053755073,10.795292,10.7405,0.042191897261203405,2048,5,Pauls-MacBook-Pro,25fcce9-dirty,2026-09-25T22:32:22Z
rayon-tiled,cpu,Apple M1 Pro,f16,1024,8,284.24983785392186,0.003689507053755073,7.554916,6.507542,0.6958211256764918,512,5,Pauls-MacBook-Pro,25fcce9-dirty,2026-09-25T22:32:22Z
rayon-tiled,cpu,Apple M1 Pro,f16,1024,8,370.8632498057163,0.003689507053755073,5.7905,5.520417,0.6294758202410956,1024,5,Pauls-MacBook-Pro,25fcce9-dirty,2026-09-25T22:32:22Z
rayon-tiled,cpu,Apple M1 Pro,f16,1024,8,346.8998704466522,0.003689507053755073,6.1905,5.443957999999999,0.5480169685367418,2048,5,Pauls-MacBook-Pro,25fcce9-dirty,2026-09-25T22:32:22Z
rayon-tiled,cpu,Apple M1 Pro,f16,1024,10,321.483582505591,0.003689507053755073,6.679917,6.572291,0.5855479544601795,512,5,Pauls-MacBook-Pro,25fcce9-dirty,2026-09-25T22:32:22Z
rayon-tiled,cpu,Apple M1 Pro,f16,1024,10,321.09504306220094,0.003689507053755073,6.688000000000001,5.634542000000001,0.636366830819143,1024,5,Pauls-MacBook-Pro,25fcce9-dirty,2026-09-25T22:32:22Z
rayon-tiled,cpu,Apple M1 Pro,f16,1024,10,373.99842945587045,0.003689507053755073,5.741959,5.570291,0.1617465684513894,2048,5,Pauls-MacBook-Pro,25fcce9-dirty,2026-09-25T22:32:22Z
static-ikj,cpu,Apple M1 Pro,f16,1024,1,53.19981415224924,0.003689507053755073,40.366375000000005,40.33975,0.06983030058148042,,5,Pauls-MacBook-Pro,25fcce9-dirty,2026-09-25T22:32:22Z
static-ikj,cpu,Apple M1 Pro,f16,1024,2,102.16058548475173,0.003689507053755073,21.020667,20.899417,0.10664684095087068,,5,Pauls-MacBook-Pro,25fcce9-dirty,2026-09-25T22:32:22Z
static-ikj,cpu,Apple M1 Pro,f16,1024,4,195.49608617951856,0.003689507053755073,10.984791000000001,10.920209,0.1270467148622895,,5,Pauls-MacBook-Pro,25fcce9-dirty,2026-09-25T22:32:22Z
static-ikj,cpu,Apple M1 Pro,f16,1024,8,329.5329187094794,0.003689507053755073,6.51675,5.594917,0.8544317714675643,,5,Pauls-MacBook-Pro,25fcce9-dirty,2026-09-25T22:32:22Z
static-ikj,cpu,Apple M1 Pro,f16,1024,10,260.35365545983655,0.003689507053755073,8.248333,6.9342500000000005,0.7990193751075753,,5,Pauls-MacBook-Pro,25fcce9-dirty,2026-09-25T22:32:22Z
static-tiled,cpu,Apple M1 Pro,f16,1024,1,44.59712834256205,0.003689507053755073,48.152958000000005,48.004959,0.08404395803506676,512,5,Pauls-MacBook-Pro,25fcce9-dirty,2026-09-25T22:32:22Z
static-tiled,cpu,Apple M1 Pro,f16,1024,1,52.98629316198229,0.003689507053755073,40.529041,40.473792,0.4806971941953708,1024,5,Pauls-MacBook-Pro,25fcce9-dirty,2026-09-25T22:32:22Z
static-tiled,cpu,Apple M1 Pro,f16,1024,1,53.06605255370739,0.003689507053755073,40.468125,40.394125,0.050273666347303216,2048,5,Pauls-MacBook-Pro,25fcce9-dirty,2026-09-25T22:32:22Z
static-tiled,cpu,Apple M1 Pro,f16,1024,2,86.25341619347421,0.003689507053755073,24.897375,24.849041999999997,0.15553805450339228,512,5,Pauls-MacBook-Pro,25fcce9-dirty,2026-09-25T22:32:22Z
static-tiled,cpu,Apple M1 Pro,f16,1024,2,101.96998237271022,0.003689507053755073,21.059959,20.801625,0.4031568121454718,1024,5,Pauls-MacBook-Pro,25fcce9-dirty,2026-09-25T22:32:22Z
static-tiled,cpu,Apple M1 Pro,f16,1024,2,102.56107817802189,0.003689507053755073,20.938583,20.849290999999997,0.4828917951836618,2048,5,Pauls-MacBook-Pro,25fcce9-dirty,2026-09-25T22:32:22Z
static-tiled,cpu,Apple M1 Pro,f16,1024,4,166.65569702966454,0.003689507053755073,12.88575,12.827916,0.043171252219503124,512,5,Pauls-MacBook-Pro,25fcce9-dirty,2026-09-25T22:32:22Z
static-tiled,cpu,Apple M1 Pro,f16,1024,4,198.89172224408995,0.003689507053755073,10.79725,10.614458,0.09946015692376477,1024,5,Pauls-MacBook-Pro,25fcce9-dirty,2026-09-25T22:32:22Z
static-tiled,cpu,Apple M1 Pro,f16,1024,4,198.20791434768563,0.003689507053755073,10.8345,10.738707999999999,0.08173900934498841,2048,5,Pauls-MacBook-Pro,25fcce9-dirty,2026-09-25T22:32:22Z
static-tiled,cpu,Apple M1 Pro,f16,1024,8,274.50605445449065,0.003689507053755073,7.823083,6.538584,0.8145108136007161,512,5,Pauls-MacBook-Pro,25fcce9-dirty,2026-09-25T22:32:22Z
static-tiled,cpu,Apple M1 Pro,f16,1024,8,348.01015241259165,0.003689507053755073,6.17075,5.4805,0.5443352187671674,1024,5,Pauls-MacBook-Pro,25fcce9-dirty,2026-09-25T22:32:22Z
static-tiled,cpu,Apple M1 Pro,f16,1024,8,344.1020850902435,0.003689507053755073,6.240833,5.486791,0.560683502719939,2048,5,Pauls-MacBook-Pro,25fcce9-dirty,2026-09-25T22:32:22Z
static-tiled,cpu,Apple M1 Pro,f16,1024,10,250.04298187171668,0.003689507053755073,8.588458000000001,8.303125,0.43147049077694755,512,5,Pauls-MacBook-Pro,25fcce9-dirty,2026-09-25T22:32:22Z
static-tiled,cpu,Apple M1 Pro,f16,1024,10,300.75748720282905,0.003689507053755073,7.14025,7.043749999999999,0.324756549373835,1024,5,Pauls-MacBook-Pro,25fcce9-dirty,2026-09-25T22:32:22Z
static-tiled,cpu,Apple M1 Pro,f16,1024,10,303.4633590816359,0.003689507053755073,7.076583,6.673333,0.2146604806565474,2048,5,Pauls-MacBook-Pro,25fcce9-dirty,2026-09-25T22:32:22Z
accelerate-bnns,amx,Apple M1 Pro,f16,1024,1,4618.651640252151,0.001560763510909546,0.46495899999999996,0.431417,0.04574387952502498,,5,Pauls-MacBook-Pro,25fcce9-dirty,2026-09-25T22:32:22Z
mps,metal,Apple M1 Pro,f16,1024,1,1567.410208425177,0.00013331874964759102,1.3700839999999999,1.3526250000000002,2.3060657437973227,,5,Pauls-MacBook-Pro,25fcce9-dirty,2026-09-25T22:32:22Z
mps-e2e,metal,Apple M1 Pro,f16,1024,1,1412.0053574422618,0.00013331874964759102,1.5208750000000002,1.5143330000000002,2.303711230582036,,5,Pauls-MacBook-Pro,25fcce9-dirty,2026-09-25T22:32:22Z
metal-naive,metal,Apple M1 Pro,f16,1024,1,387.19854141784793,0.003815252264607493,5.546208,5.470833,0.6332043926958342,,5,Pauls-MacBook-Pro,25fcce9-dirty,2026-09-25T22:32:22Z
metal-naive-e2e,metal,Apple M1 Pro,f16,1024,1,377.8674858344803,0.003815252264607493,5.683166,5.606792,0.660793685275745,,5,Pauls-MacBook-Pro,25fcce9-dirty,2026-09-25T22:32:22Z
metal-tiled,metal,Apple M1 Pro,f16,1024,1,924.0463201376936,0.003815252264607493,2.3240000000000003,2.308208,0.6434820903663909,,5,Pauls-MacBook-Pro,25fcce9-dirty,2026-09-25T22:32:22Z
metal-tiled-e2e,metal,Apple M1 Pro,f16,1024,1,869.1334655154759,0.003815252264607493,2.470833,2.458542,0.6462637430938702,,5,Pauls-MacBook-Pro,25fcce9-dirty,2026-09-25T22:32:22Z
naive-ijk,cpu,Apple M1 Pro,f16,2048,1,2.0320228502998035,0.01681188043957227,8454.564958,8433.691416,11.656418711309646,,5,Pauls-MacBook-Pro,25fcce9-dirty,2026-09-25T22:32:22Z
ikj,cpu,Apple M1 Pro,f16,2048,1,52.19747841905711,0.01681188043957227,329.132167,325.838,7.173372759885065,,5,Pauls-MacBook-Pro,25fcce9-dirty,2026-09-25T22:32:22Z
tiled,cpu,Apple M1 Pro,f16,2048,1,42.776663599604674,0.01681188043957227,401.61779199999995,400.146542,1.8318572166141545,512,5,Pauls-MacBook-Pro,25fcce9-dirty,2026-09-25T22:32:22Z
tiled,cpu,Apple M1 Pro,f16,2048,1,41.88552317997489,0.01681188043957227,410.16245899999996,408.608917,1.6348033426281443,1024,5,Pauls-MacBook-Pro,25fcce9-dirty,2026-09-25T22:32:22Z
tiled,cpu,Apple M1 Pro,f16,2048,1,52.57674300927049,0.01681188043957227,326.75795800000003,325.87795800000004,1.625517542279057,2048,5,Pauls-MacBook-Pro,25fcce9-dirty,2026-09-25T22:32:22Z
rayon-ikj,cpu,Apple M1 Pro,f16,2048,1,52.58866598175377,0.01681188043957227,326.683875,325.79975,2.199015003033582,,5,Pauls-MacBook-Pro,25fcce9-dirty,2026-09-25T22:32:22Z
rayon-ikj,cpu,Apple M1 Pro,f16,2048,2,101.10798888022586,0.01681188043957227,169.91604099999998,168.457167,0.962374113400392,,5,Pauls-MacBook-Pro,25fcce9-dirty,2026-09-25T22:32:22Z
rayon-ikj,cpu,Apple M1 Pro,f16,2048,4,196.71474467359573,0.01681188043957227,87.333917,86.55012500000001,0.4537335426417093,,5,Pauls-MacBook-Pro,25fcce9-dirty,2026-09-25T22:32:22Z
rayon-ikj,cpu,Apple M1 Pro,f16,2048,8,389.65750350660403,0.01681188043957227,44.089666,43.594167000000006,0.29520434691294617,,5,Pauls-MacBook-Pro,25fcce9-dirty,2026-09-25T22:32:22Z
rayon-ikj,cpu,Apple M1 Pro,f16,2048,10,415.92333162451615,0.01681188043957227,41.305375,41.039667,3.752975736061547,,5,Pauls-MacBook-Pro,25fcce9-dirty,2026-09-25T22:32:22Z
rayon-tiled,cpu,Apple M1 Pro,f16,2048,1,42.642817907513646,0.01681188043957227,402.878375,400.231,2.232078815338012,512,5,Pauls-MacBook-Pro,25fcce9-dirty,2026-09-25T22:32:22Z
rayon-tiled,cpu,Apple M1 Pro,f16,2048,1,42.037421503295825,0.01681188043957227,408.68037499999997,407.611,1.5985712892446569,1024,5,Pauls-MacBook-Pro,25fcce9-dirty,2026-09-25T22:32:22Z
rayon-tiled,cpu,Apple M1 Pro,f16,2048,1,52.51424574848321,0.01681188043957227,327.146833,325.867791,2.1931680580042845,2048,5,Pauls-MacBook-Pro,25fcce9-dirty,2026-09-25T22:32:22Z
rayon-tiled,cpu,Apple M1 Pro,f16,2048,2,76.0903488268577,0.01681188043957227,225.7825,224.52054199999998,1.861934938573504,512,5,Pauls-MacBook-Pro,25fcce9-dirty,2026-09-25T22:32:22Z
rayon-tiled,cpu,Apple M1 Pro,f16,2048,2,81.33428973339079,0.01681188043957227,211.225416,210.968375,0.5307319777257546,1024,5,Pauls-MacBook-Pro,25fcce9-dirty,2026-09-25T22:32:22Z
rayon-tiled,cpu,Apple M1 Pro,f16,2048,2,102.2209934030781,0.01681188043957227,168.065958,167.99587499999998,0.7120715399443394,2048,5,Pauls-MacBook-Pro,25fcce9-dirty,2026-09-25T22:32:22Z
rayon-tiled,cpu,Apple M1 Pro,f16,2048,4,153.41463284910913,0.01681188043957227,111.98325000000001,108.482375,3.4443534085695986,512,5,Pauls-MacBook-Pro,25fcce9-dirty,2026-09-25T22:32:22Z
rayon-tiled,cpu,Apple M1 Pro,f16,2048,4,156.3813187784363,0.01681188043957227,109.858833,108.465292,1.1617283637316815,1024,5,Pauls-MacBook-Pro,25fcce9-dirty,2026-09-25T22:32:22Z
rayon-tiled,cpu,Apple M1 Pro,f16,2048,4,197.5633376323811,0.01681188043957227,86.95879199999999,86.76925,0.33529573597228757,2048,5,Pauls-MacBook-Pro,25fcce9-dirty,2026-09-25T22:32:22Z
rayon-tiled,cpu,Apple M1 Pro,f16,2048,8,314.291533631426,0.01681188043957227,54.662208,53.595499999999994,0.6881375535862755,512,5,Pauls-MacBook-Pro,25fcce9-dirty,2026-09-25T22:32:22Z
rayon-tiled,cpu,Apple M1 Pro,f16,2048,8,316.60423238949727,0.01681188043957227,54.262917,54.205916,0.10350558237215925,1024,5,Pauls-MacBook-Pro,25fcce9-dirty,2026-09-25T22:32:22Z
rayon-tiled,cpu,Apple M1 Pro,f16,2048,8,386.9579576212491,0.01681188043957227,44.39725,43.828917000000004,0.7498599646758717,2048,5,Pauls-MacBook-Pro,25fcce9-dirty,2026-09-25T22:32:22Z
rayon-tiled,cpu,Apple M1 Pro,f16,2048,10,318.2370714556956,0.01681188043957227,53.9845,51.1575,1.281174284525412,512,5,Pauls-MacBook-Pro,25fcce9-dirty,2026-09-25T22:32:22Z
rayon-tiled,cpu,Apple M1 Pro,f16,2048,10,308.66406845480947,0.01681188043957227,55.658792,54.658125,3.615860853240166,1024,5,Pauls-MacBook-Pro,25fcce9-dirty,2026-09-25T22:32:22Z
rayon-tiled,cpu,Apple M1 Pro,f16,2048,10,388.5958065940777,0.01681188043957227,44.210125000000005,42.620582999999996,4.181443627837248,2048,5,Pauls-MacBook-Pro,25fcce9-dirty,2026-09-25T22:32:22Z
static-ikj,cpu,Apple M1 Pro,f16,2048,1,52.37021896841155,0.01681188043957227,328.04654100000005,325.77975,1.5891243321092579,,5,Pauls-MacBook-Pro,25fcce9-dirty,2026-09-25T22:32:22Z
static-ikj,cpu,Apple M1 Pro,f16,2048,2,101.42931514912674,0.01681188043957227,169.37775,168.048959,1.3787297463855261,,5,Pauls-MacBook-Pro,25fcce9-dirty,2026-09-25T22:32:22Z
static-ikj,cpu,Apple M1 Pro,f16,2048,4,195.869502398291,0.01681188043957227,87.710792,87.22345800000001,1.117586126671808,,5,Pauls-MacBook-Pro,25fcce9-dirty,2026-09-25T22:32:22Z
static-ikj,cpu,Apple M1 Pro,f16,2048,8,390.58620920534133,0.01681188043957227,43.984833,43.487209,4.696105188540126,,5,Pauls-MacBook-Pro,25fcce9-dirty,2026-09-25T22:32:22Z
static-ikj,cpu,Apple M1 Pro,f16,2048,10,360.1829060461606,0.01681188043957227,47.697625,44.104875,2.9704181040656907,,5,Pauls-MacBook-Pro,25fcce9-dirty,2026-09-25T22:32:22Z
static-tiled,cpu,Apple M1 Pro,f16,2048,1,42.71470651417884,0.01681188043957227,402.200333,401.427375,1.4882627841692513,512,5,Pauls-MacBook-Pro,25fcce9-dirty,2026-09-25T22:32:22Z
static-tiled,cpu,Apple M1 Pro,f16,2048,1,42.0375243649132,0.01681188043957227,408.679375,407.92275,1.5161326309204193,1024,5,Pauls-MacBook-Pro,25fcce9-dirty,2026-09-25T22:32:22Z
static-tiled,cpu,Apple M1 Pro,f16,2048,1,52.2869980060728,0.01681188043957227,328.568666,326.53745899999996,1.574713205780253,2048,5,Pauls-MacBook-Pro,25fcce9-dirty,2026-09-25T22:32:22Z
static-tiled,cpu,Apple M1 Pro,f16,2048,2,76.84792524320048,0.01681188043957227,223.556708,218.407917,7.325371375240515,512,5,Pauls-MacBook-Pro,25fcce9-dirty,2026-09-25T22:32:22Z
static-tiled,cpu,Apple M1 Pro,f16,2048,2,75.8415410751202,0.01681188043957227,226.523208,213.920042,7.457076556343899,1024,5,Pauls-MacBook-Pro,25fcce9-dirty,2026-09-25T22:32:22Z
static-tiled,cpu,Apple M1 Pro,f16,2048,2,101.63533254887376,0.01681188043957227,169.034417,168.00554100000002,1.2358916543977438,2048,5,Pauls-MacBook-Pro,25fcce9-dirty,2026-09-25T22:32:22Z
static-tiled,cpu,Apple M1 Pro,f16,2048,4,140.29894751713684,0.01681188043957227,122.451875,119.051541,2.2870626381884036,512,5,Pauls-MacBook-Pro,25fcce9-dirty,2026-09-25T22:32:22Z
static-tiled,cpu,Apple M1 Pro,f16,2048,4,158.2429415903078,0.01681188043957227,108.566417,107.724917,0.7536572984021335,1024,5,Pauls-MacBook-Pro,25fcce9-dirty,2026-09-25T22:32:22Z
static-tiled,cpu,Apple M1 Pro,f16,2048,4,197.51989900516816,0.01681188043957227,86.97791600000001,86.746083,0.5139686312376474,2048,5,Pauls-MacBook-Pro,25fcce9-dirty,2026-09-25T22:32:22Z
static-tiled,cpu,Apple M1 Pro,f16,2048,8,320.82670807441815,0.01681188043957227,53.54875,53.304167,0.6936581208178139,512,5,Pauls-MacBook-Pro,25fcce9-dirty,2026-09-25T22:32:22Z
static-tiled,cpu,Apple M1 Pro,f16,2048,8,317.43077160007664,0.01681188043957227,54.121625,54.085083,0.09190582896258499,1024,5,Pauls-MacBook-Pro,25fcce9-dirty,2026-09-25T22:32:22Z
static-tiled,cpu,Apple M1 Pro,f16,2048,8,394.73194691297385,0.01681188043957227,43.522875,43.498042,0.02589626383670204,2048,5,Pauls-MacBook-Pro,25fcce9-dirty,2026-09-25T22:32:22Z
static-tiled,cpu,Apple M1 Pro,f16,2048,10,303.9938277812307,0.01681188043957227,56.513875,54.074333,5.900560908492921,512,5,Pauls-MacBook-Pro,25fcce9-dirty,2026-09-25T22:32:22Z
static-tiled,cpu,Apple M1 Pro,f16,2048,10,303.31065007894347,0.01681188043957227,56.641166999999996,51.996709,8.078169557871545,1024,5,Pauls-MacBook-Pro,25fcce9-dirty,2026-09-25T22:32:22Z
static-tiled,cpu,Apple M1 Pro,f16,2048,10,379.86848808581396,0.01681188043957227,45.225834,43.348708,3.2670441267596457,2048,5,Pauls-MacBook-Pro,25fcce9-dirty,2026-09-25T22:32:22Z
accelerate-bnns,amx,Apple M1 Pro,f16,2048,1,4220.795260880546,0.0038268298476769173,4.070291999999999,3.927333,0.2181221288734822,,5,Pauls-MacBook-Pro,25fcce9-dirty,2026-09-25T22:32:22Z
mps,metal,Apple M1 Pro,f16,2048,1,3711.1560585408006,0.00013113032971928735,4.62925,4.615625,0.009775291274432798,,5,Pauls-MacBook-Pro,25fcce9-dirty,2026-09-25T22:32:22Z
mps-e2e,metal,Apple M1 Pro,f16,2048,1,3305.48963351692,0.00013113032971928735,5.197375,5.176709,0.39160289112530833,,5,Pauls-MacBook-Pro,25fcce9-dirty,2026-09-25T22:32:22Z
metal-naive,metal,Apple M1 Pro,f16,2048,1,384.7276555116071,0.01712409063892777,44.654625,42.683791,1.9071592133535422,,5,Pauls-MacBook-Pro,25fcce9-dirty,2026-09-25T22:32:22Z
metal-naive-e2e,metal,Apple M1 Pro,f16,2048,1,379.37636904459583,0.01712409063892777,45.2845,43.696,1.802599895811799,,5,Pauls-MacBook-Pro,25fcce9-dirty,2026-09-25T22:32:22Z
metal-tiled,metal,Apple M1 Pro,f16,2048,1,1009.0101642984113,0.01712409063892777,17.026458,16.977958,0.02667353049747902,,5,Pauls-MacBook-Pro,25fcce9-dirty,2026-09-25T22:32:22Z
metal-tiled-e2e,metal,Apple M1 Pro,f16,2048,1,977.2718392196965,0.01712409063892777,17.579417,17.528208,0.20297538874528673,,5,Pauls-MacBook-Pro,25fcce9-dirty,2026-09-25T22:32:22Z
naive-ijk,cpu,Apple M1 Pro,f16,4096,1,0.6883323854788822,0.06571254066853494,199669.45674999998,199532.095166,98.38574283520657,,5,Pauls-MacBook-Pro,25fcce9-dirty,2026-09-25T22:32:22Z
ikj,cpu,Apple M1 Pro,f16,4096,1,50.901059336292214,0.06571254066853494,2700.1197079999997,2697.617792,1.7248163951560331,,5,Pauls-MacBook-Pro,25fcce9-dirty,2026-09-25T22:32:22Z
tiled,cpu,Apple M1 Pro,f16,4096,1,38.7229200240492,0.06571254066853494,3549.2920830000003,3544.468542,5.023482126182602,512,5,Pauls-MacBook-Pro,25fcce9-dirty,2026-09-25T22:32:22Z
tiled,cpu,Apple M1 Pro,f16,4096,1,36.88723849506136,0.06571254066853494,3725.921459,3722.668208,3.028928874536189,1024,5,Pauls-MacBook-Pro,25fcce9-dirty,2026-09-25T22:32:22Z
tiled,cpu,Apple M1 Pro,f16,4096,1,24.515582916492622,0.06571254066853494,5606.187458,5537.957375,53.44536677615147,2048,5,Pauls-MacBook-Pro,25fcce9-dirty,2026-09-25T22:32:22Z
rayon-ikj,cpu,Apple M1 Pro,f16,4096,1,50.75895232005232,0.06571254066853494,2707.679083,2697.581708,7.152358746040885,,5,Pauls-MacBook-Pro,25fcce9-dirty,2026-09-25T22:32:22Z
rayon-ikj,cpu,Apple M1 Pro,f16,4096,2,94.88364883151958,0.06571254066853494,1448.499875,1437.017625,10.288768295871417,,5,Pauls-MacBook-Pro,25fcce9-dirty,2026-09-25T22:32:22Z
rayon-ikj,cpu,Apple M1 Pro,f16,4096,4,135.82966063154504,0.06571254066853494,1011.8478749999999,1008.5018750000002,5.47225303311779,,5,Pauls-MacBook-Pro,25fcce9-dirty,2026-09-25T22:32:22Z
rayon-ikj,cpu,Apple M1 Pro,f16,4096,8,315.82498515261983,0.06571254066853494,435.174416,425.45770799999997,28.36816092127852,,5,Pauls-MacBook-Pro,25fcce9-dirty,2026-09-25T22:32:22Z
rayon-ikj,cpu,Apple M1 Pro,f16,4096,10,275.91664094098473,0.06571254066853494,498.117667,491.039292,6.283381193385141,,5,Pauls-MacBook-Pro,25fcce9-dirty,2026-09-25T22:32:22Z
rayon-tiled,cpu,Apple M1 Pro,f16,4096,1,38.513782826360895,0.06571254066853494,3568.565417,3561.705875,17.973595616792004,512,5,Pauls-MacBook-Pro,25fcce9-dirty,2026-09-25T22:32:22Z
rayon-tiled,cpu,Apple M1 Pro,f16,4096,1,36.87223471211316,0.06571254066853494,3727.4375840000002,3720.499667,5.5604715661543045,1024,5,Pauls-MacBook-Pro,25fcce9-dirty,2026-09-25T22:32:22Z
rayon-tiled,cpu,Apple M1 Pro,f16,4096,1,25.47993566409636,0.06571254066853494,5394.007084,5373.702666,29.803884001824418,2048,5,Pauls-MacBook-Pro,25fcce9-dirty,2026-09-25T22:32:22Z
rayon-tiled,cpu,Apple M1 Pro,f16,4096,2,65.51345176059094,0.06571254066853494,2097.8737920000003,2010.974041,43.140760170496286,512,5,Pauls-MacBook-Pro,25fcce9-dirty,2026-09-25T22:32:22Z
rayon-tiled,cpu,Apple M1 Pro,f16,4096,2,73.57504494143734,0.06571254066853494,1868.0104589999999,1864.4569159999999,5.7763082160413965,1024,5,Pauls-MacBook-Pro,25fcce9-dirty,2026-09-25T22:32:22Z
rayon-tiled,cpu,Apple M1 Pro,f16,4096,2,53.18180947783174,0.06571254066853494,2584.322625,2577.0295,7.713817264577172,2048,5,Pauls-MacBook-Pro,25fcce9-dirty,2026-09-25T22:32:22Z
rayon-tiled,cpu,Apple M1 Pro,f16,4096,4,118.09859169261406,0.06571254066853494,1163.7645420000001,1073.713875,45.81667693809126,512,5,Pauls-MacBook-Pro,25fcce9-dirty,2026-09-25T22:32:22Z
rayon-tiled,cpu,Apple M1 Pro,f16,4096,4,112.37913649745481,0.06571254066853494,1222.9935,1181.347875,26.94134601657075,1024,5,Pauls-MacBook-Pro,25fcce9-dirty,2026-09-25T22:32:22Z
rayon-tiled,cpu,Apple M1 Pro,f16,4096,4,101.15351140219836,0.06571254066853494,1358.716584,1349.751625,10.168028676916286,2048,5,Pauls-MacBook-Pro,25fcce9-dirty,2026-09-25T22:32:22Z
rayon-tiled,cpu,Apple M1 Pro,f16,4096,8,288.2608994433143,0.06571254066853494,476.786667,471.965667,3.368074435957246,512,5,Pauls-MacBook-Pro,25fcce9-dirty,2026-09-25T22:32:22Z
rayon-tiled,cpu,Apple M1 Pro,f16,4096,8,268.7116900428815,0.06571254066853494,511.473667,502.40825,166.62536316043438,1024,5,Pauls-MacBook-Pro,25fcce9-dirty,2026-09-25T22:32:22Z
rayon-tiled,cpu,Apple M1 Pro,f16,4096,8,165.45113326071316,0.06571254066853494,830.692125,771.732125,91.21342078220587,2048,5,Pauls-MacBook-Pro,25fcce9-dirty,2026-09-25T22:32:22Z
rayon-tiled,cpu,Apple M1 Pro,f16,4096,10,252.21278439306857,0.06571254066853494,544.932541,493.73145800000003,36.19589394867822,512,5,Pauls-MacBook-Pro,25fcce9-dirty,2026-09-25T22:32:22Z
rayon-tiled,cpu,Apple M1 Pro,f16,4096,10,136.66825276764666,0.06571254066853494,1005.639208,823.731083,173.7236231585509,1024,5,Pauls-MacBook-Pro,25fcce9-dirty,2026-09-25T22:32:22Z
rayon-tiled,cpu,Apple M1 Pro,f16,4096,10,139.40935950403696,0.06571254066853494,985.8660420000001,862.458917,74.0416057158848,2048,5,Pauls-MacBook-Pro,25fcce9-dirty,2026-09-25T22:32:22Z
static-ikj,cpu,Apple M1 Pro,f16,4096,1,50.80480886924755,0.06571254066853494,2705.2351249999997,2696.636959,7.999097341804782,,5,Pauls-MacBook-Pro,25fcce9-dirty,2026-09-25T22:32:22Z
static-ikj,cpu,Apple M1 Pro,f16,4096,2,94.89764703821744,0.06571254066853494,1448.2862089999999,1434.993708,7.685050245734907,,5,Pauls-MacBook-Pro,25fcce9-dirty,2026-09-25T22:32:22Z
static-ikj,cpu,Apple M1 Pro,f16,4096,4,136.2035869384681,0.06571254066853494,1009.0699999999999,1008.045667,3.969130645090254,,5,Pauls-MacBook-Pro,25fcce9-dirty,2026-09-25T22:32:22Z
static-ikj,cpu,Apple M1 Pro,f16,4096,8,306.6595679077114,0.06571254066853494,448.18087499999996,427.223708,17.245381087449832,,5,Pauls-MacBook-Pro,25fcce9-dirty,2026-09-25T22:32:22Z
static-ikj,cpu,Apple M1 Pro,f16,4096,10,269.973257951239,0.06571254066853494,509.08358300000003,500.63225,6.950930233236554,,5,Pauls-MacBook-Pro,25fcce9-dirty,2026-09-25T22:32:22Z
static-tiled,cpu,Apple M1 Pro,f16,4096,1,38.51442589809548,0.06571254066853494,3568.505833,3562.043375,13.562917108431202,512,5,Pauls-MacBook-Pro,25fcce9-dirty,2026-09-25T22:32:22Z
static-tiled,cpu,Apple M1 Pro,f16,4096,1,36.86520111945641,0.06571254066853494,3728.14875,3721.031542,9.298570009323802,1024,5,Pauls-MacBook-Pro,25fcce9-dirty,2026-09-25T22:32:22Z
static-tiled,cpu,Apple M1 Pro,f16,4096,1,24.646201362872326,0.06571254066853494,5576.476125,5516.684083,38.493402220105764,2048,5,Pauls-MacBook-Pro,25fcce9-dirty,2026-09-25T22:32:22Z
static-tiled,cpu,Apple M1 Pro,f16,4096,2,64.85149954585509,0.06571254066853494,2119.287209,2092.04925,26.75217625563486,512,5,Pauls-MacBook-Pro,25fcce9-dirty,2026-09-25T22:32:22Z
static-tiled,cpu,Apple M1 Pro,f16,4096,2,73.55684944927599,0.06571254066853494,1868.4725420000002,1863.132542,5.3256018972456705,1024,5,Pauls-MacBook-Pro,25fcce9-dirty,2026-09-25T22:32:22Z
static-tiled,cpu,Apple M1 Pro,f16,4096,2,53.24129757275741,0.06571254066853494,2581.4350839999997,2566.201333,9.802463827475993,2048,5,Pauls-MacBook-Pro,25fcce9-dirty,2026-09-25T22:32:22Z
static-tiled,cpu,Apple M1 Pro,f16,4096,4,150.43645646001792,0.06571254066853494,913.6013750000001,910.134541,92.74359921288497,512,5,Pauls-MacBook-Pro,25fcce9-dirty,2026-09-25T22:32:22Z
static-tiled,cpu,Apple M1 Pro,f16,4096,4,142.82741522070705,0.06571254066853494,962.272917,958.69975,7.772066611352652,1024,5,Pauls-MacBook-Pro,25fcce9-dirty,2026-09-25T22:32:22Z
static-tiled,cpu,Apple M1 Pro,f16,4096,4,103.05114013477231,0.06571254066853494,1333.6965830000001,1328.036,4.2858556750049885,2048,5,Pauls-MacBook-Pro,25fcce9-dirty,2026-09-25T22:32:22Z
static-tiled,cpu,Apple M1 Pro,f16,4096,8,289.0981633851805,0.06571254066853494,475.405834,468.639542,17.34571205960864,512,5,Pauls-MacBook-Pro,25fcce9-dirty,2026-09-25T22:32:22Z
static-tiled,cpu,Apple M1 Pro,f16,4096,8,274.0242752903922,0.06571254066853494,501.55758399999996,496.713167,10.84103413673279,1024,5,Pauls-MacBook-Pro,25fcce9-dirty,2026-09-25T22:32:22Z
static-tiled,cpu,Apple M1 Pro,f16,4096,8,176.72389466704033,0.06571254066853494,777.704417,770.0247909999999,5.753901954004693,2048,5,Pauls-MacBook-Pro,25fcce9-dirty,2026-09-25T22:32:22Z
static-tiled,cpu,Apple M1 Pro,f16,4096,10,299.67076818934027,0.06571254066853494,458.633167,448.33425,17.808125867081742,512,5,Pauls-MacBook-Pro,25fcce9-dirty,2026-09-25T22:32:22Z
static-tiled,cpu,Apple M1 Pro,f16,4096,10,242.30680435021173,0.06571254066853494,567.210458,557.242958,131.32667213700537,1024,5,Pauls-MacBook-Pro,25fcce9-dirty,2026-09-25T22:32:22Z
static-tiled,cpu,Apple M1 Pro,f16,4096,10,167.80056380954807,0.06571254066853494,819.061333,784.8909590000001,19.28608192448374,2048,5,Pauls-MacBook-Pro,25fcce9-dirty,2026-09-25T22:32:22Z
accelerate-bnns,amx,Apple M1 Pro,f16,4096,1,2833.043237693416,0.01713190415524571,48.512833,43.794,5.769628867814593,,5,Pauls-MacBook-Pro,25fcce9-dirty,2026-09-25T22:32:22Z
mps,metal,Apple M1 Pro,f16,4096,1,3875.9143387079716,0.00013307288804952785,35.45975,35.293749999999996,0.9695751280278905,,5,Pauls-MacBook-Pro,25fcce9-dirty,2026-09-25T22:32:22Z
mps-e2e,metal,Apple M1 Pro,f16,4096,1,3540.8303947360355,0.00013307288804952785,38.815458,37.641915999999995,0.8240763558137691,,5,Pauls-MacBook-Pro,25fcce9-dirty,2026-09-25T22:32:22Z
metal-naive,metal,Apple M1 Pro,f16,4096,1,321.0844788223421,0.06705984423700007,428.046083,424.1865,2.9855209589692193,,5,Pauls-MacBook-Pro,25fcce9-dirty,2026-09-25T22:32:22Z
metal-naive-e2e,metal,Apple M1 Pro,f16,4096,1,319.2271504610171,0.06705984423700007,430.536542,426.785042,2.8202641181964316,,5,Pauls-MacBook-Pro,25fcce9-dirty,2026-09-25T22:32:22Z
metal-tiled,metal,Apple M1 Pro,f16,4096,1,1005.2545978935631,0.06705984423700007,136.720542,136.570875,1.9359273127342103,,5,Pauls-MacBook-Pro,25fcce9-dirty,2026-09-25T22:32:22Z
metal-tiled-e2e,metal,Apple M1 Pro,f16,4096,1,988.0831794653817,0.06705984423700007,139.096542,138.91916600000002,2.4542955920224796,,5,Pauls-MacBook-Pro,25fcce9-dirty,2026-09-25T22:32:22Z
naive-ijk,cpu,Apple M1 Pro,f32,64,1,3.305204097714736,9.631142459149073e-8,0.158625,0.1585,0.00021100639800727104,,5,Pauls-MacBook-Pro,25fcce9-dirty,2026-09-25T22:32:22Z
ikj,cpu,Apple M1 Pro,f32,64,1,21.290883248730964,9.631142459149073e-8,0.024624999999999998,0.024209,0.0002779267889211099,,5,Pauls-MacBook-Pro,25fcce9-dirty,2026-09-25T22:32:22Z
tiled,cpu,Apple M1 Pro,f32,64,1,21.472252938526434,9.631142459149073e-8,0.024417,0.024125,0.00018767978047728008,512,5,Pauls-MacBook-Pro,25fcce9-dirty,2026-09-25T22:32:22Z
tiled,cpu,Apple M1 Pro,f32,64,1,21.327258674693894,9.631142459149073e-8,0.024583,0.0245,0.00013218358445737393,1024,5,Pauls-MacBook-Pro,25fcce9-dirty,2026-09-25T22:32:22Z
tiled,cpu,Apple M1 Pro,f32,64,1,21.327258674693894,9.631142459149073e-8,0.024583,0.024292,0.00027223115178098215,2048,5,Pauls-MacBook-Pro,25fcce9-dirty,2026-09-25T22:32:22Z
rayon-ikj,cpu,Apple M1 Pro,f32,64,1,11.22456057719069,9.631142459149073e-8,0.046709,0.041083,0.004510286099572844,,5,Pauls-MacBook-Pro,25fcce9-dirty,2026-09-25T22:32:22Z
rayon-ikj,cpu,Apple M1 Pro,f32,64,2,25.5750243902439,9.631142459149073e-8,0.0205,0.019375,0.0009589600095937261,,5,Pauls-MacBook-Pro,25fcce9-dirty,2026-09-25T22:32:22Z
rayon-ikj,cpu,Apple M1 Pro,f32,64,4,20.86718407960199,9.631142459149073e-8,0.025125,0.020375,0.013524060606933109,,5,Pauls-MacBook-Pro,25fcce9-dirty,2026-09-25T22:32:22Z
rayon-ikj,cpu,Apple M1 Pro,f32,64,8,12.748644376899696,9.631142459149073e-8,0.041124999999999995,0.032666999999999995,0.023509726597729715,,5,Pauls-MacBook-Pro,25fcce9-dirty,2026-09-25T22:32:22Z
rayon-ikj,cpu,Apple M1 Pro,f32,64,10,14.479494048440996,9.631142459149073e-8,0.036209,0.030042000000000003,0.0077243104870273055,,5,Pauls-MacBook-Pro,25fcce9-dirty,2026-09-25T22:32:22Z
rayon-tiled,cpu,Apple M1 Pro,f32,64,1,16.665755427699548,9.631142459149073e-8,0.031459,0.030417,0.0039993053396808805,512,5,Pauls-MacBook-Pro,25fcce9-dirty,2026-09-25T22:32:22Z
rayon-tiled,cpu,Apple M1 Pro,f32,64,1,15.630791246795063,9.631142459149073e-8,0.033541999999999995,0.030957999999999996,0.0013879476935389178,1024,5,Pauls-MacBook-Pro,25fcce9-dirty,2026-09-25T22:32:22Z
rayon-tiled,cpu,Apple M1 Pro,f32,64,1,16.578276679841895,9.631142459149073e-8,0.031625,0.030125,0.001243414331588631,2048,5,Pauls-MacBook-Pro,25fcce9-dirty,2026-09-25T22:32:22Z
rayon-tiled,cpu,Apple M1 Pro,f32,64,2,23.96745142857143,9.631142459149073e-8,0.021875,0.019583,0.0011863746457169417,512,5,Pauls-MacBook-Pro,25fcce9-dirty,2026-09-25T22:32:22Z
rayon-tiled,cpu,Apple M1 Pro,f32,64,2,26.546227848101267,9.631142459149073e-8,0.01975,0.019208,0.0006594010919008251,1024,5,Pauls-MacBook-Pro,25fcce9-dirty,2026-09-25T22:32:22Z
rayon-tiled,cpu,Apple M1 Pro,f32,64,2,25.47065682083171,9.631142459149073e-8,0.020584,0.019459,0.0022292223531985315,2048,5,Pauls-MacBook-Pro,25fcce9-dirty,2026-09-25T22:32:22Z
rayon-tiled,cpu,Apple M1 Pro,f32,64,4,24.96609523809524,9.631142459149073e-8,0.020999999999999998,0.019625,0.0014982657307700796,512,5,Pauls-MacBook-Pro,25fcce9-dirty,2026-09-25T22:32:22Z
rayon-tiled,cpu,Apple M1 Pro,f32,64,4,25.678992996032715,9.631142459149073e-8,0.020417,0.016708,0.002737396664716314,1024,5,Pauls-MacBook-Pro,25fcce9-dirty,2026-09-25T22:32:22Z
rayon-tiled,cpu,Apple M1 Pro,f32,64,4,14.233805722973338,9.631142459149073e-8,0.036834,0.02125,0.010675598156543733,2048,5,Pauls-MacBook-Pro,25fcce9-dirty,2026-09-25T22:32:22Z
rayon-tiled,cpu,Apple M1 Pro,f32,64,8,8.0197017208413,9.631142459149073e-8,0.065375,0.029166,0.04539616964238283,512,5,Pauls-MacBook-Pro,25fcce9-dirty,2026-09-25T22:32:22Z
rayon-tiled,cpu,Apple M1 Pro,f32,64,8,15.27067253080127,9.631142459149073e-8,0.034332999999999995,0.021208,0.023116272227588944,1024,5,Pauls-MacBook-Pro,25fcce9-dirty,2026-09-25T22:32:22Z
rayon-tiled,cpu,Apple M1 Pro,f32,64,8,8.251176405785243,9.631142459149073e-8,0.063541,0.025332999999999998,0.06422309376151229,2048,5,Pauls-MacBook-Pro,25fcce9-dirty,2026-09-25T22:32:22Z
rayon-tiled,cpu,Apple M1 Pro,f32,64,10,14.074845637583893,9.631142459149073e-8,0.03725,0.025917,0.012902550728441256,512,5,Pauls-MacBook-Pro,25fcce9-dirty,2026-09-25T22:32:22Z
rayon-tiled,cpu,Apple M1 Pro,f32,64,10,13.76698264317412,9.631142459149073e-8,0.038083,0.032125,0.009518674051568317,1024,5,Pauls-MacBook-Pro,25fcce9-dirty,2026-09-25T22:32:22Z
rayon-tiled,cpu,Apple M1 Pro,f32,64,10,13.603030460277102,9.631142459149073e-8,0.038542,0.031708999999999994,0.017230317765496956,2048,5,Pauls-MacBook-Pro,25fcce9-dirty,2026-09-25T22:32:22Z
static-ikj,cpu,Apple M1 Pro,f32,64,1,14.364054794520548,9.631142459149073e-8,0.0365,0.031458,0.006432665450651075,,5,Pauls-MacBook-Pro,25fcce9-dirty,2026-09-25T22:32:22Z
static-ikj,cpu,Apple M1 Pro,f32,64,2,22.31012765957447,9.631142459149073e-8,0.0235,0.022417,0.0013679841738850646,,5,Pauls-MacBook-Pro,25fcce9-dirty,2026-09-25T22:32:22Z
static-ikj,cpu,Apple M1 Pro,f32,64,4,15.689729470912138,9.631142459149073e-8,0.033416,0.0275,0.011169183801872005,,5,Pauls-MacBook-Pro,25fcce9-dirty,2026-09-25T22:32:22Z
static-ikj,cpu,Apple M1 Pro,f32,64,8,9.845784037558685,9.631142459149073e-8,0.05325,0.041375,0.0103281324304058,,5,Pauls-MacBook-Pro,25fcce9-dirty,2026-09-25T22:32:22Z
static-ikj,cpu,Apple M1 Pro,f32,64,10,12.892539221954458,9.631142459149073e-8,0.040666,0.038834,0.002417237927883806,,5,Pauls-MacBook-Pro,25fcce9-dirty,2026-09-25T22:32:22Z
static-tiled,cpu,Apple M1 Pro,f32,64,1,15.907278740253043,9.631142459149073e-8,0.032959,0.032084,0.006604109122357079,512,5,Pauls-MacBook-Pro,25fcce9-dirty,2026-09-25T22:32:22Z
static-tiled,cpu,Apple M1 Pro,f32,64,1,15.55335370375864,9.631142459149073e-8,0.033708999999999996,0.031958999999999994,0.00528847257721925,1024,5,Pauls-MacBook-Pro,25fcce9-dirty,2026-09-25T22:32:22Z
static-tiled,cpu,Apple M1 Pro,f32,64,1,16.51300787401575,9.631142459149073e-8,0.03175,0.030208,0.0008636084182081587,2048,5,Pauls-MacBook-Pro,25fcce9-dirty,2026-09-25T22:32:22Z
static-tiled,cpu,Apple M1 Pro,f32,64,2,26.214399999999998,9.631142459149073e-8,0.02,0.019708,0.00044203619761281894,512,5,Pauls-MacBook-Pro,25fcce9-dirty,2026-09-25T22:32:22Z
static-tiled,cpu,Apple M1 Pro,f32,64,2,26.051577639751553,9.631142459149073e-8,0.020125,0.019042000000000003,0.0014246266879431948,1024,5,Pauls-MacBook-Pro,25fcce9-dirty,2026-09-25T22:32:22Z
static-tiled,cpu,Apple M1 Pro,f32,64,2,25.06516230817039,9.631142459149073e-8,0.020916999999999998,0.019458,0.0023826689446920656,2048,5,Pauls-MacBook-Pro,25fcce9-dirty,2026-09-25T22:32:22Z
static-tiled,cpu,Apple M1 Pro,f32,64,4,17.0500162601626,9.631142459149073e-8,0.030750000000000003,0.023292,0.005084481173138512,512,5,Pauls-MacBook-Pro,25fcce9-dirty,2026-09-25T22:32:22Z
static-tiled,cpu,Apple M1 Pro,f32,64,4,26.49123338891415,9.631142459149073e-8,0.019791,0.016167,0.006980823647679406,1024,5,Pauls-MacBook-Pro,25fcce9-dirty,2026-09-25T22:32:22Z
static-tiled,cpu,Apple M1 Pro,f32,64,4,19.94097063745626,9.631142459149073e-8,0.026292,0.020292,0.017176781488392988,2048,5,Pauls-MacBook-Pro,25fcce9-dirty,2026-09-25T22:32:22Z
static-tiled,cpu,Apple M1 Pro,f32,64,8,7.74806035438249,9.631142459149073e-8,0.067667,0.054334,0.00906303129752954,512,5,Pauls-MacBook-Pro,25fcce9-dirty,2026-09-25T22:32:22Z
static-tiled,cpu,Apple M1 Pro,f32,64,8,8.565677689190956,9.631142459149073e-8,0.061208,0.056792,0.010577104140548112,1024,5,Pauls-MacBook-Pro,25fcce9-dirty,2026-09-25T22:32:22Z
static-tiled,cpu,Apple M1 Pro,f32,64,8,10.884796645005917,9.631142459149073e-8,0.048167,0.02875,0.014635598631419215,2048,5,Pauls-MacBook-Pro,25fcce9-dirty,2026-09-25T22:32:22Z
static-tiled,cpu,Apple M1 Pro,f32,64,10,20.328331588538635,9.631142459149073e-8,0.025791,0.020292,0.003998510160047116,512,5,Pauls-MacBook-Pro,25fcce9-dirty,2026-09-25T22:32:22Z
static-tiled,cpu,Apple M1 Pro,f32,64,10,7.849562821894838,9.631142459149073e-8,0.06679199999999999,0.044208000000000004,0.020524119586476784,1024,5,Pauls-MacBook-Pro,25fcce9-dirty,2026-09-25T22:32:22Z
static-tiled,cpu,Apple M1 Pro,f32,64,10,12.192744186046511,9.631142459149073e-8,0.043000000000000003,0.026125000000000002,0.016029384913339627,2048,5,Pauls-MacBook-Pro,25fcce9-dirty,2026-09-25T22:32:22Z
accelerate-blas,amx,Apple M1 Pro,f32,64,1,628.642685851319,9.35095247668139e-8,0.000834,0.000792,0.00010006997551713503,,5,Pauls-MacBook-Pro,25fcce9-dirty,2026-09-25T22:32:22Z
accelerate-bnns,amx,Apple M1 Pro,f32,64,1,267.6304236855539,9.35095247668139e-8,0.001959,0.0018750000000000001,0.00040319759423885457,,5,Pauls-MacBook-Pro,25fcce9-dirty,2026-09-25T22:32:22Z
mps,metal,Apple M1 Pro,f32,64,1,2.2457486999802962,9.35095247668139e-8,0.233458,0.226792,0.004032573991881615,,5,Pauls-MacBook-Pro,25fcce9-dirty,2026-09-25T22:32:22Z
mps-e2e,metal,Apple M1 Pro,f32,64,1,2.1542393425783257,9.35095247668139e-8,0.24337499999999998,0.236042,0.006176730421509418,,5,Pauls-MacBook-Pro,25fcce9-dirty,2026-09-25T22:32:22Z
metal-naive,metal,Apple M1 Pro,f32,64,1,2.112284405480865,9.35095247668139e-8,0.24820899999999999,0.222208,0.017891413295209525,,5,Pauls-MacBook-Pro,25fcce9-dirty,2026-09-25T22:32:22Z
metal-naive-e2e,metal,Apple M1 Pro,f32,64,1,2.0536877524080364,9.35095247668139e-8,0.255291,0.23025,0.023494069883696178,,5,Pauls-MacBook-Pro,25fcce9-dirty,2026-09-25T22:32:22Z
metal-tiled,metal,Apple M1 Pro,f32,64,1,2.436180643002848,9.35095247668139e-8,0.215209,0.209458,0.0068543898342595,,5,Pauls-MacBook-Pro,25fcce9-dirty,2026-09-25T22:32:22Z
metal-tiled-e2e,metal,Apple M1 Pro,f32,64,1,2.3710028264556247,9.35095247668139e-8,0.221125,0.21525,0.007784163956392489,,5,Pauls-MacBook-Pro,25fcce9-dirty,2026-09-25T22:32:22Z
naive-ijk,cpu,Apple M1 Pro,f32,128,1,3.1376876753319616,1.477530979147487e-7,1.33675,1.333542,0.017488443607136687,,5,Pauls-MacBook-Pro,25fcce9-dirty,2026-09-25T22:32:22Z
ikj,cpu,Apple M1 Pro,f32,128,1,30.76491557498496,1.477530979147487e-7,0.136334,0.13425,0.001439054099052572,,5,Pauls-MacBook-Pro,25fcce9-dirty,2026-09-25T22:32:22Z
tiled,cpu,Apple M1 Pro,f32,128,1,29.52861829599696,1.477530979147487e-7,0.142042,0.134625,0.015033868341182189,512,5,Pauls-MacBook-Pro,25fcce9-dirty,2026-09-25T22:32:22Z
tiled,cpu,Apple M1 Pro,f32,128,1,32.09942907871979,1.477530979147487e-7,0.130666,0.130583,0.002721746810414217,1024,5,Pauls-MacBook-Pro,25fcce9-dirty,2026-09-25T22:32:22Z
tiled,cpu,Apple M1 Pro,f32,128,1,32.09918342045046,1.477530979147487e-7,0.130667,0.130583,0.0031547986148088734,2048,5,Pauls-MacBook-Pro,25fcce9-dirty,2026-09-25T22:32:22Z
rayon-ikj,cpu,Apple M1 Pro,f32,128,1,30.41179840048725,1.477530979147487e-7,0.13791699999999998,0.13725,0.016576706135417847,,5,Pauls-MacBook-Pro,25fcce9-dirty,2026-09-25T22:32:22Z
rayon-ikj,cpu,Apple M1 Pro,f32,128,2,55.248547756102056,1.477530979147487e-7,0.075917,0.074792,0.0008416255105449221,,5,Pauls-MacBook-Pro,25fcce9-dirty,2026-09-25T22:32:22Z
rayon-ikj,cpu,Apple M1 Pro,f32,128,4,64.28052107279693,1.477530979147487e-7,0.06525,0.047125,0.018498044229052973,,5,Pauls-MacBook-Pro,25fcce9-dirty,2026-09-25T22:32:22Z
rayon-ikj,cpu,Apple M1 Pro,f32,128,8,52.15758058097891,1.477530979147487e-7,0.080416,0.077042,0.01619378773789505,,5,Pauls-MacBook-Pro,25fcce9-dirty,2026-09-25T22:32:22Z
rayon-ikj,cpu,Apple M1 Pro,f32,128,10,58.69525182272353,1.477530979147487e-7,0.071459,0.053,0.037266961820089387,,5,Pauls-MacBook-Pro,25fcce9-dirty,2026-09-25T22:32:22Z
rayon-tiled,cpu,Apple M1 Pro,f32,128,1,28.951192407247625,1.477530979147487e-7,0.144875,0.14300000000000002,0.01078033530090785,512,5,Pauls-MacBook-Pro,25fcce9-dirty,2026-09-25T22:32:22Z
rayon-tiled,cpu,Apple M1 Pro,f32,128,1,29.356458442694663,1.477530979147487e-7,0.142875,0.1415,0.03350374989460136,1024,5,Pauls-MacBook-Pro,25fcce9-dirty,2026-09-25T22:32:22Z
rayon-tiled,cpu,Apple M1 Pro,f32,128,1,30.20200900090009,1.477530979147487e-7,0.138875,0.13799999999999998,0.0048996675193323175,2048,5,Pauls-MacBook-Pro,25fcce9-dirty,2026-09-25T22:32:22Z
rayon-tiled,cpu,Apple M1 Pro,f32,128,2,55.3396664555626,1.477530979147487e-7,0.075792,0.075291,0.004660101822921902,512,5,Pauls-MacBook-Pro,25fcce9-dirty,2026-09-25T22:32:22Z
rayon-tiled,cpu,Apple M1 Pro,f32,128,2,52.1841866251944,1.477530979147487e-7,0.080375,0.076584,0.0021903180590955294,1024,5,Pauls-MacBook-Pro,25fcce9-dirty,2026-09-25T22:32:22Z
rayon-tiled,cpu,Apple M1 Pro,f32,128,2,51.49038768445088,1.477530979147487e-7,0.081458,0.07575,0.004425136065704651,2048,5,Pauls-MacBook-Pro,25fcce9-dirty,2026-09-25T22:32:22Z
rayon-tiled,cpu,Apple M1 Pro,f32,128,4,57.39018116140332,1.477530979147487e-7,0.073084,0.052,0.015980952077395142,512,5,Pauls-MacBook-Pro,25fcce9-dirty,2026-09-25T22:32:22Z
rayon-tiled,cpu,Apple M1 Pro,f32,128,4,64.11642233670148,1.477530979147487e-7,0.065417,0.058459,0.003541825136846823,1024,5,Pauls-MacBook-Pro,25fcce9-dirty,2026-09-25T22:32:22Z
rayon-tiled,cpu,Apple M1 Pro,f32,128,4,64.11740247034365,1.477530979147487e-7,0.065416,0.057541999999999996,0.00929632111644171,2048,5,Pauls-MacBook-Pro,25fcce9-dirty,2026-09-25T22:32:22Z
rayon-tiled,cpu,Apple M1 Pro,f32,128,8,52.647947079719344,1.477530979147487e-7,0.07966699999999999,0.049625,0.018091439735410775,512,5,Pauls-MacBook-Pro,25fcce9-dirty,2026-09-25T22:32:22Z
rayon-tiled,cpu,Apple M1 Pro,f32,128,8,72.10796499733524,1.477530979147487e-7,0.058167,0.047916,0.016025603305336117,1024,5,Pauls-MacBook-Pro,25fcce9-dirty,2026-09-25T22:32:22Z
rayon-tiled,cpu,Apple M1 Pro,f32,128,8,51.35924374892856,1.477530979147487e-7,0.081666,0.058291,0.012542615209755898,2048,5,Pauls-MacBook-Pro,25fcce9-dirty,2026-09-25T22:32:22Z
rayon-tiled,cpu,Apple M1 Pro,f32,128,10,59.98975928601055,1.477530979147487e-7,0.069917,0.057959,0.010782226569684023,512,5,Pauls-MacBook-Pro,25fcce9-dirty,2026-09-25T22:32:22Z
rayon-tiled,cpu,Apple M1 Pro,f32,128,10,61.491943878373824,1.477530979147487e-7,0.06820899999999999,0.056542,0.011692080426510928,1024,5,Pauls-MacBook-Pro,25fcce9-dirty,2026-09-25T22:32:22Z
rayon-tiled,cpu,Apple M1 Pro,f32,128,10,52.59315360501567,1.477530979147487e-7,0.07975,0.056208,0.013312851508974327,2048,5,Pauls-MacBook-Pro,25fcce9-dirty,2026-09-25T22:32:22Z
static-ikj,cpu,Apple M1 Pro,f32,128,1,28.687240096301164,1.477530979147487e-7,0.146208,0.13716699999999998,0.005551839541989675,,5,Pauls-MacBook-Pro,25fcce9-dirty,2026-09-25T22:32:22Z
static-ikj,cpu,Apple M1 Pro,f32,128,2,50.58436750003014,1.477530979147487e-7,0.082917,0.080333,0.011979857586799602,,5,Pauls-MacBook-Pro,25fcce9-dirty,2026-09-25T22:32:22Z
static-ikj,cpu,Apple M1 Pro,f32,128,4,52.37380750212277,1.477530979147487e-7,0.080084,0.067791,0.013353870083238038,,5,Pauls-MacBook-Pro,25fcce9-dirty,2026-09-25T22:32:22Z
static-ikj,cpu,Apple M1 Pro,f32,128,8,52.483251373299794,1.477530979147487e-7,0.079917,0.064791,0.01402950265333736,,5,Pauls-MacBook-Pro,25fcce9-dirty,2026-09-25T22:32:22Z
static-ikj,cpu,Apple M1 Pro,f32,128,10,37.296294649605635,1.477530979147487e-7,0.112459,0.064417,0.025967064855312395,,5,Pauls-MacBook-Pro,25fcce9-dirty,2026-09-25T22:32:22Z
static-tiled,cpu,Apple M1 Pro,f32,128,1,29.667932802829352,1.477530979147487e-7,0.141375,0.138416,0.002115645126196734,512,5,Pauls-MacBook-Pro,25fcce9-dirty,2026-09-25T22:32:22Z
static-tiled,cpu,Apple M1 Pro,f32,128,1,30.329551453095288,1.477530979147487e-7,0.138291,0.138125,0.0023045224451065747,1024,5,Pauls-MacBook-Pro,25fcce9-dirty,2026-09-25T22:32:22Z
static-tiled,cpu,Apple M1 Pro,f32,128,1,29.67674923761613,1.477530979147487e-7,0.141333,0.138125,0.0033728878279598914,2048,5,Pauls-MacBook-Pro,25fcce9-dirty,2026-09-25T22:32:22Z
static-tiled,cpu,Apple M1 Pro,f32,128,2,50.58436750003014,1.477530979147487e-7,0.082917,0.078417,0.002439260789665593,512,5,Pauls-MacBook-Pro,25fcce9-dirty,2026-09-25T22:32:22Z
static-tiled,cpu,Apple M1 Pro,f32,128,2,53.6870912,1.477530979147487e-7,0.078125,0.07662500000000001,0.0040442296299789855,1024,5,Pauls-MacBook-Pro,25fcce9-dirty,2026-09-25T22:32:22Z
static-tiled,cpu,Apple M1 Pro,f32,128,2,52.4563395782786,1.477530979147487e-7,0.079958,0.076583,0.004536212484000285,2048,5,Pauls-MacBook-Pro,25fcce9-dirty,2026-09-25T22:32:22Z
static-tiled,cpu,Apple M1 Pro,f32,128,4,59.24827664142841,1.477530979147487e-7,0.070792,0.057540999999999995,0.013078863891791212,512,5,Pauls-MacBook-Pro,25fcce9-dirty,2026-09-25T22:32:22Z
static-tiled,cpu,Apple M1 Pro,f32,128,4,72.62864069264069,1.477530979147487e-7,0.05775,0.046333,0.009904468552123333,1024,5,Pauls-MacBook-Pro,25fcce9-dirty,2026-09-25T22:32:22Z
static-tiled,cpu,Apple M1 Pro,f32,128,4,68.01647585379301,1.477530979147487e-7,0.061666000000000006,0.060375,0.012144234010426514,2048,5,Pauls-MacBook-Pro,25fcce9-dirty,2026-09-25T22:32:22Z
static-tiled,cpu,Apple M1 Pro,f32,128,8,49.344752941176466,1.477530979147487e-7,0.085,0.07070900000000001,0.0099758147887779,512,5,Pauls-MacBook-Pro,25fcce9-dirty,2026-09-25T22:32:22Z
static-tiled,cpu,Apple M1 Pro,f32,128,8,47.82122497377663,1.477530979147487e-7,0.087708,0.06808399999999999,0.011957276675731812,1024,5,Pauls-MacBook-Pro,25fcce9-dirty,2026-09-25T22:32:22Z
static-tiled,cpu,Apple M1 Pro,f32,128,8,47.23794078228649,1.477530979147487e-7,0.088791,0.078208,0.004896935848058457,2048,5,Pauls-MacBook-Pro,25fcce9-dirty,2026-09-25T22:32:22Z
static-tiled,cpu,Apple M1 Pro,f32,128,10,39.866399262420515,1.477530979147487e-7,0.105209,0.0945,0.025248577247045035,512,5,Pauls-MacBook-Pro,25fcce9-dirty,2026-09-25T22:32:22Z
static-tiled,cpu,Apple M1 Pro,f32,128,10,50.53378313253012,1.477530979147487e-7,0.083,0.076042,0.005452856801714124,1024,5,Pauls-MacBook-Pro,25fcce9-dirty,2026-09-25T22:32:22Z
static-tiled,cpu,Apple M1 Pro,f32,128,10,38.56831264367816,1.477530979147487e-7,0.10875,0.079542,0.029908298970352694,2048,5,Pauls-MacBook-Pro,25fcce9-dirty,2026-09-25T22:32:22Z
accelerate-blas,amx,Apple M1 Pro,f32,128,1,932.0675555555555,1.4165008669846908e-7,0.0045000000000000005,0.004417,0.00016006967233052,,5,Pauls-MacBook-Pro,25fcce9-dirty,2026-09-25T22:32:22Z
accelerate-bnns,amx,Apple M1 Pro,f32,128,1,719.0646322647008,1.4165008669846908e-7,0.005833,0.005292000000000001,0.0003427078931101527,,5,Pauls-MacBook-Pro,25fcce9-dirty,2026-09-25T22:32:22Z
mps,metal,Apple M1 Pro,f32,128,1,17.750587199681746,1.4165008669846908e-7,0.236291,0.23291699999999999,0.004098014116617963,,5,Pauls-MacBook-Pro,25fcce9-dirty,2026-09-25T22:32:22Z
mps-e2e,metal,Apple M1 Pro,f32,128,1,16.833372129423758,1.4165008669846908e-7,0.249166,0.24675,0.0073010040405412915,,5,Pauls-MacBook-Pro,25fcce9-dirty,2026-09-25T22:32:22Z
metal-naive,metal,Apple M1 Pro,f32,128,1,16.346772779178668,1.4165008669846908e-7,0.256583,0.238791,0.015495469321708186,,5,Pauls-MacBook-Pro,25fcce9-dirty,2026-09-25T22:32:22Z
metal-naive-e2e,metal,Apple M1 Pro,f32,128,1,15.797755178907721,1.4165008669846908e-7,0.2655,0.24937499999999999,0.015008070745435604,,5,Pauls-MacBook-Pro,25fcce9-dirty,2026-09-25T22:32:22Z
metal-tiled,metal,Apple M1 Pro,f32,128,1,16.448250980392157,1.4165008669846908e-7,0.255,0.21620799999999998,0.018189690533376324,,5,Pauls-MacBook-Pro,25fcce9-dirty,2026-09-25T22:32:22Z
metal-tiled-e2e,metal,Apple M1 Pro,f32,128,1,15.925216896060752,1.4165008669846908e-7,0.26337499999999997,0.22491699999999998,0.018127722976148994,,5,Pauls-MacBook-Pro,25fcce9-dirty,2026-09-25T22:32:22Z
naive-ijk,cpu,Apple M1 Pro,f32,256,1,2.464783375259723,2.1227173452103736e-7,13.613541999999999,13.592792,0.03083057246954748,,5,Pauls-MacBook-Pro,25fcce9-dirty,2026-09-25T22:32:22Z
ikj,cpu,Apple M1 Pro,f32,256,1,26.240886895209854,2.1227173452103736e-7,1.278708,1.2760420000000001,0.008355096420748276,,5,Pauls-MacBook-Pro,25fcce9-dirty,2026-09-25T22:32:22Z
tiled,cpu,Apple M1 Pro,f32,256,1,26.27427661318802,2.1227173452103736e-7,1.277083,1.276959,0.0038781906477118756,512,5,Pauls-MacBook-Pro,25fcce9-dirty,2026-09-25T22:32:22Z
tiled,cpu,Apple M1 Pro,f32,256,1,26.240025024437927,2.1227173452103736e-7,1.2787499999999998,1.2770839999999999,0.0076662899566869915,1024,5,Pauls-MacBook-Pro,25fcce9-dirty,2026-09-25T22:32:22Z
tiled,cpu,Apple M1 Pro,f32,256,1,26.114938807276975,2.1227173452103736e-7,1.284875,1.2769579999999998,0.014024470481982658,2048,5,Pauls-MacBook-Pro,25fcce9-dirty,2026-09-25T22:32:22Z
rayon-ikj,cpu,Apple M1 Pro,f32,256,1,25.02894694638695,2.1227173452103736e-7,1.340625,1.30925,0.02767878833511328,,5,Pauls-MacBook-Pro,25fcce9-dirty,2026-09-25T22:32:22Z
rayon-ikj,cpu,Apple M1 Pro,f32,256,2,47.09942631913612,2.1227173452103736e-7,0.712417,0.6995,0.0065302348120109596,,5,Pauls-MacBook-Pro,25fcce9-dirty,2026-09-25T22:32:22Z
rayon-ikj,cpu,Apple M1 Pro,f32,256,4,87.18267489444624,2.1227173452103736e-7,0.384875,0.366875,0.040476005513143225,,5,Pauls-MacBook-Pro,25fcce9-dirty,2026-09-25T22:32:22Z
rayon-ikj,cpu,Apple M1 Pro,f32,256,8,129.5332862365417,2.1227173452103736e-7,0.259041,0.232292,0.05489597650374753,,5,Pauls-MacBook-Pro,25fcce9-dirty,2026-09-25T22:32:22Z
rayon-ikj,cpu,Apple M1 Pro,f32,256,10,124.87321553507898,2.1227173452103736e-7,0.268708,0.23399999999999999,0.023889683647968223,,5,Pauls-MacBook-Pro,25fcce9-dirty,2026-09-25T22:32:22Z
rayon-tiled,cpu,Apple M1 Pro,f32,256,1,25.957521929468303,2.1227173452103736e-7,1.292667,1.28225,0.01708587696607932,512,5,Pauls-MacBook-Pro,25fcce9-dirty,2026-09-25T22:32:22Z
rayon-tiled,cpu,Apple M1 Pro,f32,256,1,26.015382325212126,2.1227173452103736e-7,1.2897919999999998,1.282666,0.013463605267535164,1024,5,Pauls-MacBook-Pro,25fcce9-dirty,2026-09-25T22:32:22Z
rayon-tiled,cpu,Apple M1 Pro,f32,256,1,26.05578540633891,2.1227173452103736e-7,1.287792,1.284791,0.0022811139164890487,2048,5,Pauls-MacBook-Pro,25fcce9-dirty,2026-09-25T22:32:22Z
rayon-tiled,cpu,Apple M1 Pro,f32,256,2,45.71186934807545,2.1227173452103736e-7,0.734042,0.704166,0.044806507853212586,512,5,Pauls-MacBook-Pro,25fcce9-dirty,2026-09-25T22:32:22Z
rayon-tiled,cpu,Apple M1 Pro,f32,256,2,47.77846251986353,2.1227173452103736e-7,0.702292,0.700875,0.002921366461093156,1024,5,Pauls-MacBook-Pro,25fcce9-dirty,2026-09-25T22:32:22Z
rayon-tiled,cpu,Apple M1 Pro,f32,256,2,47.5921712354317,2.1227173452103736e-7,0.705041,0.704084,0.015182199521149761,2048,5,Pauls-MacBook-Pro,25fcce9-dirty,2026-09-25T22:32:22Z
rayon-tiled,cpu,Apple M1 Pro,f32,256,4,87.50484277287214,2.1227173452103736e-7,0.38345799999999997,0.374625,0.00912298836456564,512,5,Pauls-MacBook-Pro,25fcce9-dirty,2026-09-25T22:32:22Z
rayon-tiled,cpu,Apple M1 Pro,f32,256,4,84.95696251246969,2.1227173452103736e-7,0.394958,0.377666,0.017246315873252472,1024,5,Pauls-MacBook-Pro,25fcce9-dirty,2026-09-25T22:32:22Z
rayon-tiled,cpu,Apple M1 Pro,f32,256,4,87.41912389209918,2.1227173452103736e-7,0.383834,0.374042,0.008619129816866657,2048,5,Pauls-MacBook-Pro,25fcce9-dirty,2026-09-25T22:32:22Z
rayon-tiled,cpu,Apple M1 Pro,f32,256,8,114.79803346664795,2.1227173452103736e-7,0.292291,0.270083,0.022004794745691215,512,5,Pauls-MacBook-Pro,25fcce9-dirty,2026-09-25T22:32:22Z
rayon-tiled,cpu,Apple M1 Pro,f32,256,8,118.09742894852619,2.1227173452103736e-7,0.28412499999999996,0.273167,0.01675641150425712,1024,5,Pauls-MacBook-Pro,25fcce9-dirty,2026-09-25T22:32:22Z
rayon-tiled,cpu,Apple M1 Pro,f32,256,8,119.26944937138552,2.1227173452103736e-7,0.281333,0.265917,0.008041910021879118,2048,5,Pauls-MacBook-Pro,25fcce9-dirty,2026-09-25T22:32:22Z
rayon-tiled,cpu,Apple M1 Pro,f32,256,10,118.68936146129575,2.1227173452103736e-7,0.282708,0.235208,0.03483433822681291,512,5,Pauls-MacBook-Pro,25fcce9-dirty,2026-09-25T22:32:22Z
rayon-tiled,cpu,Apple M1 Pro,f32,256,10,114.43900575700526,2.1227173452103736e-7,0.29320799999999997,0.241375,0.03350584882822698,1024,5,Pauls-MacBook-Pro,25fcce9-dirty,2026-09-25T22:32:22Z
rayon-tiled,cpu,Apple M1 Pro,f32,256,10,121.96067969104953,2.1227173452103736e-7,0.27512499999999995,0.22966699999999998,0.0399509850917346,2048,5,Pauls-MacBook-Pro,25fcce9-dirty,2026-09-25T22:32:22Z
static-ikj,cpu,Apple M1 Pro,f32,256,1,26.04399495488503,2.1227173452103736e-7,1.288375,1.286667,0.002724086507436891,,5,Pauls-MacBook-Pro,25fcce9-dirty,2026-09-25T22:32:22Z
static-ikj,cpu,Apple M1 Pro,f32,256,2,47.564039248261416,2.1227173452103736e-7,0.7054579999999999,0.6998329999999999,0.004158225138205023,,5,Pauls-MacBook-Pro,25fcce9-dirty,2026-09-25T22:32:22Z
static-ikj,cpu,Apple M1 Pro,f32,256,4,85.39826986360987,2.1227173452103736e-7,0.392917,0.384708,0.005466993140657853,,5,Pauls-MacBook-Pro,25fcce9-dirty,2026-09-25T22:32:22Z
static-ikj,cpu,Apple M1 Pro,f32,256,8,141.23246191857163,2.1227173452103736e-7,0.23758300000000002,0.234041,0.014711927229292572,,5,Pauls-MacBook-Pro,25fcce9-dirty,2026-09-25T22:32:22Z
static-ikj,cpu,Apple M1 Pro,f32,256,10,98.79847478836953,2.1227173452103736e-7,0.33962499999999995,0.32920900000000003,0.042946768815593124,,5,Pauls-MacBook-Pro,25fcce9-dirty,2026-09-25T22:32:22Z
static-tiled,cpu,Apple M1 Pro,f32,256,1,26.037265229982278,2.1227173452103736e-7,1.288708,1.2832919999999999,0.015426840969556896,512,5,Pauls-MacBook-Pro,25fcce9-dirty,2026-09-25T22:32:22Z
static-tiled,cpu,Apple M1 Pro,f32,256,1,25.399973657158515,2.1227173452103736e-7,1.3210419999999998,1.28875,0.046070897118462975,1024,5,Pauls-MacBook-Pro,25fcce9-dirty,2026-09-25T22:32:22Z
static-tiled,cpu,Apple M1 Pro,f32,256,1,25.98349201432582,2.1227173452103736e-7,1.291375,1.286917,0.005306179859371518,2048,5,Pauls-MacBook-Pro,25fcce9-dirty,2026-09-25T22:32:22Z
static-tiled,cpu,Apple M1 Pro,f32,256,2,47.26528875910846,2.1227173452103736e-7,0.709917,0.700541,0.03729920439902171,512,5,Pauls-MacBook-Pro,25fcce9-dirty,2026-09-25T22:32:22Z
static-tiled,cpu,Apple M1 Pro,f32,256,2,47.60621594051357,2.1227173452103736e-7,0.7048329999999999,0.700708,0.004207455026497587,1024,5,Pauls-MacBook-Pro,25fcce9-dirty,2026-09-25T22:32:22Z
static-tiled,cpu,Apple M1 Pro,f32,256,2,47.617430644545585,2.1227173452103736e-7,0.7046669999999999,0.699958,0.004043120552246768,2048,5,Pauls-MacBook-Pro,25fcce9-dirty,2026-09-25T22:32:22Z
static-tiled,cpu,Apple M1 Pro,f32,256,4,86.4711345679076,2.1227173452103736e-7,0.388042,0.37954200000000005,0.026317785759824082,512,5,Pauls-MacBook-Pro,25fcce9-dirty,2026-09-25T22:32:22Z
static-tiled,cpu,Apple M1 Pro,f32,256,4,85.00172767574414,2.1227173452103736e-7,0.39475000000000005,0.387666,0.007968149364814887,1024,5,Pauls-MacBook-Pro,25fcce9-dirty,2026-09-25T22:32:22Z
static-tiled,cpu,Apple M1 Pro,f32,256,4,85.19056045699777,2.1227173452103736e-7,0.39387500000000003,0.377584,0.0079695087489757,2048,5,Pauls-MacBook-Pro,25fcce9-dirty,2026-09-25T22:32:22Z
static-tiled,cpu,Apple M1 Pro,f32,256,8,133.41722465208747,2.1227173452103736e-7,0.2515,0.234375,0.029673887675867486,512,5,Pauls-MacBook-Pro,25fcce9-dirty,2026-09-25T22:32:22Z
static-tiled,cpu,Apple M1 Pro,f32,256,8,140.175172845953,2.1227173452103736e-7,0.239375,0.234333,0.011995961995605021,1024,5,Pauls-MacBook-Pro,25fcce9-dirty,2026-09-25T22:32:22Z
static-tiled,cpu,Apple M1 Pro,f32,256,8,138.15514976839938,2.1227173452103736e-7,0.242875,0.232625,0.09087824982744772,2048,5,Pauls-MacBook-Pro,25fcce9-dirty,2026-09-25T22:32:22Z
static-tiled,cpu,Apple M1 Pro,f32,256,10,91.96144433025007,2.1227173452103736e-7,0.364875,0.307417,0.06376207206090467,512,5,Pauls-MacBook-Pro,25fcce9-dirty,2026-09-25T22:32:22Z
static-tiled,cpu,Apple M1 Pro,f32,256,10,95.71037956774857,2.1227173452103736e-7,0.35058300000000003,0.319459,0.03039098082490923,1024,5,Pauls-MacBook-Pro,25fcce9-dirty,2026-09-25T22:32:22Z
static-tiled,cpu,Apple M1 Pro,f32,256,10,90.78973115719295,2.1227173452103736e-7,0.369584,0.321875,0.030675029771786686,2048,5,Pauls-MacBook-Pro,25fcce9-dirty,2026-09-25T22:32:22Z
accelerate-blas,amx,Apple M1 Pro,f32,256,1,1143.9140899328402,2.0261864064850236e-7,0.029332999999999998,0.027333,0.0048952979173897074,,5,Pauls-MacBook-Pro,25fcce9-dirty,2026-09-25T22:32:22Z
accelerate-bnns,amx,Apple M1 Pro,f32,256,1,1072.3006519238145,2.0261864064850236e-7,0.031292,0.028958,0.0014499368262100244,,5,Pauls-MacBook-Pro,25fcce9-dirty,2026-09-25T22:32:22Z
mps,metal,Apple M1 Pro,f32,256,1,94.16567602305702,2.0261864064850236e-7,0.356334,0.234708,0.055296397814866734,,5,Pauls-MacBook-Pro,25fcce9-dirty,2026-09-25T22:32:22Z
mps-e2e,metal,Apple M1 Pro,f32,256,1,86.62002452404,2.0261864064850236e-7,0.387375,0.268333,0.05417019561714727,,5,Pauls-MacBook-Pro,25fcce9-dirty,2026-09-25T22:32:22Z
metal-naive,metal,Apple M1 Pro,f32,256,1,67.12000592098288,2.0261864064850236e-7,0.499917,0.466792,0.02761537125044672,,5,Pauls-MacBook-Pro,25fcce9-dirty,2026-09-25T22:32:22Z
metal-naive-e2e,metal,Apple M1 Pro,f32,256,1,62.86544637002341,2.0261864064850236e-7,0.5337500000000001,0.48833299999999996,0.02916430926320734,,5,Pauls-MacBook-Pro,25fcce9-dirty,2026-09-25T22:32:22Z
metal-tiled,metal,Apple M1 Pro,f32,256,1,94.77528654792367,2.0261864064850236e-7,0.354042,0.330292,0.049224200081870305,,5,Pauls-MacBook-Pro,25fcce9-dirty,2026-09-25T22:32:22Z
metal-tiled-e2e,metal,Apple M1 Pro,f32,256,1,86.25817994858612,2.0261864064850236e-7,0.389,0.353667,0.047859722933798914,,5,Pauls-MacBook-Pro,25fcce9-dirty,2026-09-25T22:32:22Z
naive-ijk,cpu,Apple M1 Pro,f32,512,1,2.2968673036979044,1.243084139673532e-7,116.87025,116.857084,0.011046791647348475,,5,Pauls-MacBook-Pro,25fcce9-dirty,2026-09-25T22:32:22Z
ikj,cpu,Apple M1 Pro,f32,512,1,26.585664652867187,1.243084139673532e-7,10.097,10.080625,0.02721056200816191,,5,Pauls-MacBook-Pro,25fcce9-dirty,2026-09-25T22:32:22Z
tiled,cpu,Apple M1 Pro,f32,512,1,26.498623615842032,1.243084139673532e-7,10.130166,10.091208,0.024614128964885466,512,5,Pauls-MacBook-Pro,25fcce9-dirty,2026-09-25T22:32:22Z
tiled,cpu,Apple M1 Pro,f32,512,1,26.550055971282255,1.243084139673532e-7,10.110542,10.087625,0.024175684929284326,1024,5,Pauls-MacBook-Pro,25fcce9-dirty,2026-09-25T22:32:22Z
tiled,cpu,Apple M1 Pro,f32,512,1,26.523387099005326,1.243084139673532e-7,10.120708,10.091790999999999,0.029983619603043594,2048,5,Pauls-MacBook-Pro,25fcce9-dirty,2026-09-25T22:32:22Z
rayon-ikj,cpu,Apple M1 Pro,f32,512,1,25.805000144677333,1.243084139673532e-7,10.402458999999999,10.245458000000001,0.1760135361791814,,5,Pauls-MacBook-Pro,25fcce9-dirty,2026-09-25T22:32:22Z
rayon-ikj,cpu,Apple M1 Pro,f32,512,2,50.6828644119799,1.243084139673532e-7,5.296375,5.145959,0.11896536442259142,,5,Pauls-MacBook-Pro,25fcce9-dirty,2026-09-25T22:32:22Z
rayon-ikj,cpu,Apple M1 Pro,f32,512,4,97.44900158823796,1.243084139673532e-7,2.7546250000000003,2.7101249999999997,0.03922578823554739,,5,Pauls-MacBook-Pro,25fcce9-dirty,2026-09-25T22:32:22Z
rayon-ikj,cpu,Apple M1 Pro,f32,512,8,173.4405214416922,1.243084139673532e-7,1.547709,1.501625,0.09606409166384701,,5,Pauls-MacBook-Pro,25fcce9-dirty,2026-09-25T22:32:22Z
rayon-ikj,cpu,Apple M1 Pro,f32,512,10,159.47838681946212,1.243084139673532e-7,1.683209,1.510417,0.1419440947563512,,5,Pauls-MacBook-Pro,25fcce9-dirty,2026-09-25T22:32:22Z
rayon-tiled,cpu,Apple M1 Pro,f32,512,1,26.54765079378266,1.243084139673532e-7,10.111458,10.089166,0.0637476042475325,512,5,Pauls-MacBook-Pro,25fcce9-dirty,2026-09-25T22:32:22Z
rayon-tiled,cpu,Apple M1 Pro,f32,512,1,26.498186782211402,1.243084139673532e-7,10.130333,10.106833,0.07205436379359687,1024,5,Pauls-MacBook-Pro,25fcce9-dirty,2026-09-25T22:32:22Z
rayon-tiled,cpu,Apple M1 Pro,f32,512,1,26.38704964120712,1.243084139673532e-7,10.173,10.122792,0.1411405998669412,2048,5,Pauls-MacBook-Pro,25fcce9-dirty,2026-09-25T22:32:22Z
rayon-tiled,cpu,Apple M1 Pro,f32,512,2,50.58735125203175,1.243084139673532e-7,5.306375,5.265333,0.06194824157956382,512,5,Pauls-MacBook-Pro,25fcce9-dirty,2026-09-25T22:32:22Z
rayon-tiled,cpu,Apple M1 Pro,f32,512,2,50.61477439426794,1.243084139673532e-7,5.3035,5.256209,0.07748115955701725,1024,5,Pauls-MacBook-Pro,25fcce9-dirty,2026-09-25T22:32:22Z
rayon-tiled,cpu,Apple M1 Pro,f32,512,2,51.000225898878995,1.243084139673532e-7,5.2634170000000005,5.230125,0.02126056087453948,2048,5,Pauls-MacBook-Pro,25fcce9-dirty,2026-09-25T22:32:22Z
rayon-tiled,cpu,Apple M1 Pro,f32,512,4,97.13312609029654,1.243084139673532e-7,2.763583,2.724625,0.033184756813935005,512,5,Pauls-MacBook-Pro,25fcce9-dirty,2026-09-25T22:32:22Z
rayon-tiled,cpu,Apple M1 Pro,f32,512,4,94.94299256578549,1.243084139673532e-7,2.827333,2.739334,0.039510002286762845,1024,5,Pauls-MacBook-Pro,25fcce9-dirty,2026-09-25T22:32:22Z
rayon-tiled,cpu,Apple M1 Pro,f32,512,4,97.81146815516739,1.243084139673532e-7,2.744417,2.7322919999999997,0.03988464684938315,2048,5,Pauls-MacBook-Pro,25fcce9-dirty,2026-09-25T22:32:22Z
rayon-tiled,cpu,Apple M1 Pro,f32,512,8,167.8027840080815,1.243084139673532e-7,1.5997080000000001,1.4148749999999999,0.16026945632028583,512,5,Pauls-MacBook-Pro,25fcce9-dirty,2026-09-25T22:32:22Z
rayon-tiled,cpu,Apple M1 Pro,f32,512,8,185.51697456527793,1.243084139673532e-7,1.446959,1.438167,0.12442296079783666,1024,5,Pauls-MacBook-Pro,25fcce9-dirty,2026-09-25T22:32:22Z
rayon-tiled,cpu,Apple M1 Pro,f32,512,8,177.8012624606723,1.243084139673532e-7,1.50975,1.4905000000000002,0.09332136313192177,2048,5,Pauls-MacBook-Pro,25fcce9-dirty,2026-09-25T22:32:22Z
rayon-tiled,cpu,Apple M1 Pro,f32,512,10,180.40017204301077,1.243084139673532e-7,1.488,1.4599170000000001,0.06942827519101996,512,5,Pauls-MacBook-Pro,25fcce9-dirty,2026-09-25T22:32:22Z
rayon-tiled,cpu,Apple M1 Pro,f32,512,10,181.31919716736306,1.243084139673532e-7,1.480458,1.466666,0.03653454716155657,1024,5,Pauls-MacBook-Pro,25fcce9-dirty,2026-09-25T22:32:22Z
rayon-tiled,cpu,Apple M1 Pro,f32,512,10,180.16298166593847,1.243084139673532e-7,1.4899589999999998,1.44675,0.04727998886949957,2048,5,Pauls-MacBook-Pro,25fcce9-dirty,2026-09-25T22:32:22Z
static-ikj,cpu,Apple M1 Pro,f32,512,1,25.53903226322051,1.243084139673532e-7,10.510792,10.425875,0.09877823263097968,,5,Pauls-MacBook-Pro,25fcce9-dirty,2026-09-25T22:32:22Z
static-ikj,cpu,Apple M1 Pro,f32,512,2,50.77033542957113,1.243084139673532e-7,5.28725,5.218583,0.06551160563060572,,5,Pauls-MacBook-Pro,25fcce9-dirty,2026-09-25T22:32:22Z
static-ikj,cpu,Apple M1 Pro,f32,512,4,96.90957624628244,1.243084139673532e-7,2.769958,2.687875,0.04429238444134612,,5,Pauls-MacBook-Pro,25fcce9-dirty,2026-09-25T22:32:22Z
static-ikj,cpu,Apple M1 Pro,f32,512,8,139.958985546086,1.243084139673532e-7,1.917958,1.427333,0.3109546858847764,,5,Pauls-MacBook-Pro,25fcce9-dirty,2026-09-25T22:32:22Z
static-ikj,cpu,Apple M1 Pro,f32,512,10,147.54267591892818,1.243084139673532e-7,1.819375,1.728958,0.10133262409362537,,5,Pauls-MacBook-Pro,25fcce9-dirty,2026-09-25T22:32:22Z
static-tiled,cpu,Apple M1 Pro,f32,512,1,26.563194983821255,1.243084139673532e-7,10.105540999999999,10.101666999999999,0.01574629516108514,512,5,Pauls-MacBook-Pro,25fcce9-dirty,2026-09-25T22:32:22Z
static-tiled,cpu,Apple M1 Pro,f32,512,1,26.501781278806636,1.243084139673532e-7,10.128959,10.116999999999999,0.084265128917602,1024,5,Pauls-MacBook-Pro,25fcce9-dirty,2026-09-25T22:32:22Z
static-tiled,cpu,Apple M1 Pro,f32,512,1,26.22058641960838,1.243084139673532e-7,10.237584,10.1085,0.1034113645906485,2048,5,Pauls-MacBook-Pro,25fcce9-dirty,2026-09-25T22:32:22Z
static-tiled,cpu,Apple M1 Pro,f32,512,2,50.49219740894877,1.243084139673532e-7,5.316375,5.262542,0.09342458359286394,512,5,Pauls-MacBook-Pro,25fcce9-dirty,2026-09-25T22:32:22Z
static-tiled,cpu,Apple M1 Pro,f32,512,2,50.94417529161878,1.243084139673532e-7,5.269208,5.191333,0.38700401849787036,1024,5,Pauls-MacBook-Pro,25fcce9-dirty,2026-09-25T22:32:22Z
static-tiled,cpu,Apple M1 Pro,f32,512,2,51.222851991807715,1.243084139673532e-7,5.2405409999999994,5.231375,0.01191983350135407,2048,5,Pauls-MacBook-Pro,25fcce9-dirty,2026-09-25T22:32:22Z
static-tiled,cpu,Apple M1 Pro,f32,512,4,97.20787207337574,1.243084139673532e-7,2.761458,2.742916,0.00988484798567987,512,5,Pauls-MacBook-Pro,25fcce9-dirty,2026-09-25T22:32:22Z
static-tiled,cpu,Apple M1 Pro,f32,512,4,97.1917172022186,1.243084139673532e-7,2.761917,2.723792,0.053267695548052454,1024,5,Pauls-MacBook-Pro,25fcce9-dirty,2026-09-25T22:32:22Z
static-tiled,cpu,Apple M1 Pro,f32,512,4,96.95332841166349,1.243084139673532e-7,2.7687079999999997,2.7313340000000004,0.03942524202208522,2048,5,Pauls-MacBook-Pro,25fcce9-dirty,2026-09-25T22:32:22Z
static-tiled,cpu,Apple M1 Pro,f32,512,8,178.2538187695603,1.243084139673532e-7,1.5059170000000002,1.429375,0.3101209007948352,512,5,Pauls-MacBook-Pro,25fcce9-dirty,2026-09-25T22:32:22Z
static-tiled,cpu,Apple M1 Pro,f32,512,8,182.86827933731948,1.243084139673532e-7,1.467917,1.399917,0.3738160612931177,1024,5,Pauls-MacBook-Pro,25fcce9-dirty,2026-09-25T22:32:22Z
static-tiled,cpu,Apple M1 Pro,f32,512,8,104.56318927021105,1.243084139673532e-7,2.567208,1.4009999999999998,0.6775291480661184,2048,5,Pauls-MacBook-Pro,25fcce9-dirty,2026-09-25T22:32:22Z
static-tiled,cpu,Apple M1 Pro,f32,512,10,131.583363275542,1.243084139673532e-7,2.040041,1.8471250000000001,0.18661950659885473,512,5,Pauls-MacBook-Pro,25fcce9-dirty,2026-09-25T22:32:22Z
static-tiled,cpu,Apple M1 Pro,f32,512,10,137.41552467470507,1.243084139673532e-7,1.953458,1.814417,0.14857418409905537,1024,5,Pauls-MacBook-Pro,25fcce9-dirty,2026-09-25T22:32:22Z
static-tiled,cpu,Apple M1 Pro,f32,512,10,144.95662189841093,1.243084139673532e-7,1.851833,1.824583,0.16040743628865844,2048,5,Pauls-MacBook-Pro,25fcce9-dirty,2026-09-25T22:32:22Z
accelerate-blas,amx,Apple M1 Pro,f32,512,1,1850.2199154966468,1.8863139510344342e-7,0.14508300000000002,0.14333400000000002,0.003667339730649448,,5,Pauls-MacBook-Pro,25fcce9-dirty,2026-09-25T22:32:22Z
accelerate-bnns,amx,Apple M1 Pro,f32,512,1,1762.1622104205917,1.8863139510344342e-7,0.152333,0.146083,0.003284024253869026,,5,Pauls-MacBook-Pro,25fcce9-dirty,2026-09-25T22:32:22Z
mps,metal,Apple M1 Pro,f32,512,1,605.6073457416808,1.8863139510344342e-7,0.44325000000000003,0.429666,0.01082099952407356,,5,Pauls-MacBook-Pro,25fcce9-dirty,2026-09-25T22:32:22Z
mps-e2e,metal,Apple M1 Pro,f32,512,1,509.44542688886486,1.8863139510344342e-7,0.526917,0.50825,0.016846048417952512,,5,Pauls-MacBook-Pro,25fcce9-dirty,2026-09-25T22:32:22Z
metal-naive,metal,Apple M1 Pro,f32,512,1,116.59700553806059,1.8863139510344342e-7,2.30225,2.146666,0.4807981212454973,,5,Pauls-MacBook-Pro,25fcce9-dirty,2026-09-25T22:32:22Z
metal-naive-e2e,metal,Apple M1 Pro,f32,512,1,112.4062505365182,1.8863139510344342e-7,2.388083,2.22725,0.4913301952030833,,5,Pauls-MacBook-Pro,25fcce9-dirty,2026-09-25T22:32:22Z
metal-tiled,metal,Apple M1 Pro,f32,512,1,387.81947683070246,1.8863139510344342e-7,0.6921660000000001,0.685375,0.030894326318921445,,5,Pauls-MacBook-Pro,25fcce9-dirty,2026-09-25T22:32:22Z
metal-tiled-e2e,metal,Apple M1 Pro,f32,512,1,351.3746253066268,1.8863139510344342e-7,0.763958,0.756542,0.0311630592176057,,5,Pauls-MacBook-Pro,25fcce9-dirty,2026-09-25T22:32:22Z
naive-ijk,cpu,Apple M1 Pro,f32,1024,1,2.0898267226368725,1.531109965128801e-7,1027.5893330000001,1018.5667910000001,6.867637628621324,,5,Pauls-MacBook-Pro,25fcce9-dirty,2026-09-25T22:32:22Z
ikj,cpu,Apple M1 Pro,f32,1024,1,26.40957585676852,1.531109965128801e-7,81.314583,81.306459,0.04185338390978471,,5,Pauls-MacBook-Pro,25fcce9-dirty,2026-09-25T22:32:22Z
tiled,cpu,Apple M1 Pro,f32,1024,1,21.133347993116235,1.531109965128801e-7,101.61587499999999,101.507208,1.1483483690815697,512,5,Pauls-MacBook-Pro,25fcce9-dirty,2026-09-25T22:32:22Z
tiled,cpu,Apple M1 Pro,f32,1024,1,26.39214393724946,1.531109965128801e-7,81.368291,81.304417,0.16736378086670908,1024,5,Pauls-MacBook-Pro,25fcce9-dirty,2026-09-25T22:32:22Z
tiled,cpu,Apple M1 Pro,f32,1024,1,26.410955930890655,1.531109965128801e-7,81.310334,81.2895,0.02299609933880439,2048,5,Pauls-MacBook-Pro,25fcce9-dirty,2026-09-25T22:32:22Z
rayon-ikj,cpu,Apple M1 Pro,f32,1024,1,26.10643339020142,1.531109965128801e-7,82.258791,81.325125,1.5953296041018608,,5,Pauls-MacBook-Pro,25fcce9-dirty,2026-09-25T22:32:22Z
rayon-ikj,cpu,Apple M1 Pro,f32,1024,2,51.20961362117894,1.531109965128801e-7,41.935166,41.881542,0.05731030688541171,,5,Pauls-MacBook-Pro,25fcce9-dirty,2026-09-25T22:32:22Z
rayon-ikj,cpu,Apple M1 Pro,f32,1024,4,99.04815488140699,1.531109965128801e-7,21.681208,21.598167,0.15009759801775682,,5,Pauls-MacBook-Pro,25fcce9-dirty,2026-09-25T22:32:22Z
rayon-ikj,cpu,Apple M1 Pro,f32,1024,8,186.66398436374087,1.531109965128801e-7,11.504541999999999,11.485999999999999,0.05278269446324274,,5,Pauls-MacBook-Pro,25fcce9-dirty,2026-09-25T22:32:22Z
rayon-ikj,cpu,Apple M1 Pro,f32,1024,10,186.94835868102513,1.531109965128801e-7,11.487041999999999,10.810417,0.3353871969995276,,5,Pauls-MacBook-Pro,25fcce9-dirty,2026-09-25T22:32:22Z
rayon-tiled,cpu,Apple M1 Pro,f32,1024,1,21.129414502073264,1.531109965128801e-7,101.634792,101.531959,0.799494438629063,512,5,Pauls-MacBook-Pro,25fcce9-dirty,2026-09-25T22:32:22Z
rayon-tiled,cpu,Apple M1 Pro,f32,1024,1,26.39802416629365,1.531109965128801e-7,81.350166,81.32175,0.14004540193915854,1024,5,Pauls-MacBook-Pro,25fcce9-dirty,2026-09-25T22:32:22Z
rayon-tiled,cpu,Apple M1 Pro,f32,1024,1,26.368446511680904,1.531109965128801e-7,81.441417,81.329084,0.5976274249122079,2048,5,Pauls-MacBook-Pro,25fcce9-dirty,2026-09-25T22:32:22Z
rayon-tiled,cpu,Apple M1 Pro,f32,1024,2,40.84564593415921,1.531109965128801e-7,52.575583,52.145125,0.6315921479758911,512,5,Pauls-MacBook-Pro,25fcce9-dirty,2026-09-25T22:32:22Z
rayon-tiled,cpu,Apple M1 Pro,f32,1024,2,51.05206077996779,1.531109965128801e-7,42.064583000000006,41.957375,0.19011888307451186,1024,5,Pauls-MacBook-Pro,25fcce9-dirty,2026-09-25T22:32:22Z
rayon-tiled,cpu,Apple M1 Pro,f32,1024,2,51.118747314311264,1.531109965128801e-7,42.009707999999996,41.927625000000006,0.2618775766886096,2048,5,Pauls-MacBook-Pro,25fcce9-dirty,2026-09-25T22:32:22Z
rayon-tiled,cpu,Apple M1 Pro,f32,1024,4,79.63068759796086,1.531109965128801e-7,26.968041000000003,26.94975,0.04178560707348798,512,5,Pauls-MacBook-Pro,25fcce9-dirty,2026-09-25T22:32:22Z
rayon-tiled,cpu,Apple M1 Pro,f32,1024,4,99.17947802794136,1.531109965128801e-7,21.6525,21.409542000000002,0.1319985342145883,1024,5,Pauls-MacBook-Pro,25fcce9-dirty,2026-09-25T22:32:22Z
rayon-tiled,cpu,Apple M1 Pro,f32,1024,4,99.11100549446061,1.531109965128801e-7,21.667459,21.523625000000003,0.07713926135114221,2048,5,Pauls-MacBook-Pro,25fcce9-dirty,2026-09-25T22:32:22Z
rayon-tiled,cpu,Apple M1 Pro,f32,1024,8,156.94776680081085,1.531109965128801e-7,13.682792,13.600208,0.9517828472137436,512,5,Pauls-MacBook-Pro,25fcce9-dirty,2026-09-25T22:32:22Z
rayon-tiled,cpu,Apple M1 Pro,f32,1024,8,177.31862049604177,1.531109965128801e-7,12.110875,10.973709,1.0914829910576707,1024,5,Pauls-MacBook-Pro,25fcce9-dirty,2026-09-25T22:32:22Z
rayon-tiled,cpu,Apple M1 Pro,f32,1024,8,194.5610418512821,1.531109965128801e-7,11.037583,11.0135,1.1122848533025613,2048,5,Pauls-MacBook-Pro,25fcce9-dirty,2026-09-25T22:32:22Z
rayon-tiled,cpu,Apple M1 Pro,f32,1024,10,155.3221212208882,1.531109965128801e-7,13.826,13.764999999999999,0.25658160541278163,512,5,Pauls-MacBook-Pro,25fcce9-dirty,2026-09-25T22:32:22Z
rayon-tiled,cpu,Apple M1 Pro,f32,1024,10,191.95099746452922,1.531109965128801e-7,11.187666,11.147708,0.10916857122496428,1024,5,Pauls-MacBook-Pro,25fcce9-dirty,2026-09-25T22:32:22Z
rayon-tiled,cpu,Apple M1 Pro,f32,1024,10,191.9409780796818,1.531109965128801e-7,11.18825,11.078667000000001,0.1733111121258533,2048,5,Pauls-MacBook-Pro,25fcce9-dirty,2026-09-25T22:32:22Z
static-ikj,cpu,Apple M1 Pro,f32,1024,1,26.361069489560375,1.531109965128801e-7,81.464208,81.33829200000001,0.17461054603373696,,5,Pauls-MacBook-Pro,25fcce9-dirty,2026-09-25T22:32:22Z
static-ikj,cpu,Apple M1 Pro,f32,1024,2,50.73355246457442,1.531109965128801e-7,42.328667,42.109833,0.4724466584809313,,5,Pauls-MacBook-Pro,25fcce9-dirty,2026-09-25T22:32:22Z
static-ikj,cpu,Apple M1 Pro,f32,1024,4,99.16554607591904,1.531109965128801e-7,21.655542,21.562875,0.056363950556185254,,5,Pauls-MacBook-Pro,25fcce9-dirty,2026-09-25T22:32:22Z
static-ikj,cpu,Apple M1 Pro,f32,1024,8,175.99680703710663,1.531109965128801e-7,12.201833,11.040583,1.1596418891222409,,5,Pauls-MacBook-Pro,25fcce9-dirty,2026-09-25T22:32:22Z
static-ikj,cpu,Apple M1 Pro,f32,1024,10,149.07171851602158,1.531109965128801e-7,14.405707999999999,13.560792000000001,0.6179296896886405,,5,Pauls-MacBook-Pro,25fcce9-dirty,2026-09-25T22:32:22Z
static-tiled,cpu,Apple M1 Pro,f32,1024,1,21.226014524733806,1.531109965128801e-7,101.17225,101.151291,0.3046986431755177,512,5,Pauls-MacBook-Pro,25fcce9-dirty,2026-09-25T22:32:22Z
static-tiled,cpu,Apple M1 Pro,f32,1024,1,26.36249854406699,1.531109965128801e-7,81.45979200000001,81.387458,0.5074068950994827,1024,5,Pauls-MacBook-Pro,25fcce9-dirty,2026-09-25T22:32:22Z
static-tiled,cpu,Apple M1 Pro,f32,1024,1,26.197557388245038,1.531109965128801e-7,81.972667,81.43537500000001,0.7950719435433488,2048,5,Pauls-MacBook-Pro,25fcce9-dirty,2026-09-25T22:32:22Z
static-tiled,cpu,Apple M1 Pro,f32,1024,2,41.14833544662063,1.531109965128801e-7,52.188834,52.139916,0.10080231904723125,512,5,Pauls-MacBook-Pro,25fcce9-dirty,2026-09-25T22:32:22Z
static-tiled,cpu,Apple M1 Pro,f32,1024,2,51.1368029551225,1.531109965128801e-7,41.994875,41.827792,0.1846309698127583,1024,5,Pauls-MacBook-Pro,25fcce9-dirty,2026-09-25T22:32:22Z
static-tiled,cpu,Apple M1 Pro,f32,1024,2,51.15761446332419,1.531109965128801e-7,41.977791,41.968167,0.00889128805067043,2048,5,Pauls-MacBook-Pro,25fcce9-dirty,2026-09-25T22:32:22Z
static-tiled,cpu,Apple M1 Pro,f32,1024,4,79.62970138171099,1.531109965128801e-7,26.968374999999998,26.873250000000002,0.0729540877319413,512,5,Pauls-MacBook-Pro,25fcce9-dirty,2026-09-25T22:32:22Z
static-tiled,cpu,Apple M1 Pro,f32,1024,4,99.10262629266458,1.531109965128801e-7,21.669291,21.410999999999998,0.12858934137594838,1024,5,Pauls-MacBook-Pro,25fcce9-dirty,2026-09-25T22:32:22Z
static-tiled,cpu,Apple M1 Pro,f32,1024,4,99.0990042816172,1.531109965128801e-7,21.670082999999998,21.453833,0.09866535429318611,2048,5,Pauls-MacBook-Pro,25fcce9-dirty,2026-09-25T22:32:22Z
static-tiled,cpu,Apple M1 Pro,f32,1024,8,156.5516050142676,1.531109965128801e-7,13.717417000000001,13.567584,0.494435202585435,512,5,Pauls-MacBook-Pro,25fcce9-dirty,2026-09-25T22:32:22Z
static-tiled,cpu,Apple M1 Pro,f32,1024,8,166.4173150339796,1.531109965128801e-7,12.904208,10.965333000000001,2.4317883143398396,1024,5,Pauls-MacBook-Pro,25fcce9-dirty,2026-09-25T22:32:22Z
static-tiled,cpu,Apple M1 Pro,f32,1024,8,188.3193288747863,1.531109965128801e-7,11.403416,10.924667000000001,0.7586686934764738,2048,5,Pauls-MacBook-Pro,25fcce9-dirty,2026-09-25T22:32:22Z
static-tiled,cpu,Apple M1 Pro,f32,1024,10,124.27806901602908,1.531109965128801e-7,17.279667,16.342209,0.5010615521392555,512,5,Pauls-MacBook-Pro,25fcce9-dirty,2026-09-25T22:32:22Z
static-tiled,cpu,Apple M1 Pro,f32,1024,10,159.29066625247071,1.531109965128801e-7,13.481541,12.710625,0.5582808216577029,1024,5,Pauls-MacBook-Pro,25fcce9-dirty,2026-09-25T22:32:22Z
static-tiled,cpu,Apple M1 Pro,f32,1024,10,148.49917178667127,1.531109965128801e-7,14.46125,14.191167,0.4148552831780018,2048,5,Pauls-MacBook-Pro,25fcce9-dirty,2026-09-25T22:32:22Z
accelerate-blas,amx,Apple M1 Pro,f32,1024,1,1875.7363450158314,1.1589929630042104e-7,1.144875,1.129208,0.051713905018863145,,5,Pauls-MacBook-Pro,25fcce9-dirty,2026-09-25T22:32:22Z
accelerate-bnns,amx,Apple M1 Pro,f32,1024,1,1452.6386463672259,1.3060833500163596e-7,1.4783330000000001,1.290125,0.2552501751063062,,5,Pauls-MacBook-Pro,25fcce9-dirty,2026-09-25T22:32:22Z
mps,metal,Apple M1 Pro,f32,1024,1,1908.0958506707038,1.1589929630042104e-7,1.125459,0.9428340000000001,0.48610216810203594,,5,Pauls-MacBook-Pro,25fcce9-dirty,2026-09-25T22:32:22Z
mps-e2e,metal,Apple M1 Pro,f32,1024,1,1468.155079376691,1.1589929630042104e-7,1.462709,1.215458,0.5635184973009315,,5,Pauls-MacBook-Pro,25fcce9-dirty,2026-09-25T22:32:22Z
metal-naive,metal,Apple M1 Pro,f32,1024,1,341.7133675309203,1.1589929630042104e-7,6.284459,6.227166,0.3884928222223677,,5,Pauls-MacBook-Pro,25fcce9-dirty,2026-09-25T22:32:22Z
metal-naive-e2e,metal,Apple M1 Pro,f32,1024,1,327.58087999190917,1.1589929630042104e-7,6.555583,6.51575,0.4548248208865692,,5,Pauls-MacBook-Pro,25fcce9-dirty,2026-09-25T22:32:22Z
metal-tiled,metal,Apple M1 Pro,f32,1024,1,389.9198634589196,1.1589929630042104e-7,5.5075,3.9508750000000004,0.9666288039008563,,5,Pauls-MacBook-Pro,25fcce9-dirty,2026-09-25T22:32:22Z
metal-tiled-e2e,metal,Apple M1 Pro,f32,1024,1,368.43743558729545,1.1589929630042104e-7,5.828625,4.244709,0.9761055052124231,,5,Pauls-MacBook-Pro,25fcce9-dirty,2026-09-25T22:32:22Z
naive-ijk,cpu,Apple M1 Pro,f32,2048,1,0.7547170571829098,3.668671531436935e-7,22763.324375,22728.42425,17.130597689160307,,5,Pauls-MacBook-Pro,25fcce9-dirty,2026-09-25T22:32:22Z
ikj,cpu,Apple M1 Pro,f32,2048,1,24.448792731551393,3.668671531436935e-7,702.6878330000001,701.7391250000001,2.1026536507692115,,5,Pauls-MacBook-Pro,25fcce9-dirty,2026-09-25T22:32:22Z
tiled,cpu,Apple M1 Pro,f32,2048,1,20.71919348234431,3.668671531436935e-7,829.176541,825.470375,1.8398947215579475,512,5,Pauls-MacBook-Pro,25fcce9-dirty,2026-09-25T22:32:22Z
tiled,cpu,Apple M1 Pro,f32,2048,1,20.96876088784958,3.668671531436935e-7,819.3077920000001,814.572042,4.608174626171004,1024,5,Pauls-MacBook-Pro,25fcce9-dirty,2026-09-25T22:32:22Z
tiled,cpu,Apple M1 Pro,f32,2048,1,24.473985769935663,3.668671531436935e-7,701.9645,701.411791,1.6369492754028123,2048,5,Pauls-MacBook-Pro,25fcce9-dirty,2026-09-25T22:32:22Z
rayon-ikj,cpu,Apple M1 Pro,f32,2048,1,24.531413568158,3.668671531436935e-7,700.321208,699.4700419999999,2.425139840993188,,5,Pauls-MacBook-Pro,25fcce9-dirty,2026-09-25T22:32:22Z
rayon-ikj,cpu,Apple M1 Pro,f32,2048,2,43.97637475936222,3.668671531436935e-7,390.661333,380.445709,5.505233869672987,,5,Pauls-MacBook-Pro,25fcce9-dirty,2026-09-25T22:32:22Z
rayon-ikj,cpu,Apple M1 Pro,f32,2048,4,77.7859328140396,3.668671531436935e-7,220.86087500000002,217.985083,2.5314783320986156,,5,Pauls-MacBook-Pro,25fcce9-dirty,2026-09-25T22:32:22Z
rayon-ikj,cpu,Apple M1 Pro,f32,2048,8,161.01925763746024,3.668671531436935e-7,106.69449999999999,106.265292,5.51368700443032,,5,Pauls-MacBook-Pro,25fcce9-dirty,2026-09-25T22:32:22Z
rayon-ikj,cpu,Apple M1 Pro,f32,2048,10,152.15800966171747,3.668671531436935e-7,112.908083,111.163,8.106553326521897,,5,Pauls-MacBook-Pro,25fcce9-dirty,2026-09-25T22:32:22Z
rayon-tiled,cpu,Apple M1 Pro,f32,2048,1,20.651205111873317,3.668671531436935e-7,831.906375,830.7570410000001,2.021223772785668,512,5,Pauls-MacBook-Pro,25fcce9-dirty,2026-09-25T22:32:22Z
rayon-tiled,cpu,Apple M1 Pro,f32,2048,1,21.06693345831605,3.668671531436935e-7,815.4897920000001,811.565416,4.740646542234083,1024,5,Pauls-MacBook-Pro,25fcce9-dirty,2026-09-25T22:32:22Z
rayon-tiled,cpu,Apple M1 Pro,f32,2048,1,24.498147784040032,3.668671531436935e-7,701.272167,700.617834,2.0931537284877733,2048,5,Pauls-MacBook-Pro,25fcce9-dirty,2026-09-25T22:32:22Z
rayon-tiled,cpu,Apple M1 Pro,f32,2048,2,35.84355397176933,3.668671531436935e-7,479.3015,457.388209,10.278200699032814,512,5,Pauls-MacBook-Pro,25fcce9-dirty,2026-09-25T22:32:22Z
rayon-tiled,cpu,Apple M1 Pro,f32,2048,2,41.96331649831884,3.668671531436935e-7,409.402083,403.717083,5.370002927727708,1024,5,Pauls-MacBook-Pro,25fcce9-dirty,2026-09-25T22:32:22Z
rayon-tiled,cpu,Apple M1 Pro,f32,2048,2,44.30586153603634,3.668671531436935e-7,387.756125,384.030166,7.4739658256505175,2048,5,Pauls-MacBook-Pro,25fcce9-dirty,2026-09-25T22:32:22Z
rayon-tiled,cpu,Apple M1 Pro,f32,2048,4,66.69497297410216,3.668671531436935e-7,257.588667,253.315959,6.970183732708804,512,5,Pauls-MacBook-Pro,25fcce9-dirty,2026-09-25T22:32:22Z
rayon-tiled,cpu,Apple M1 Pro,f32,2048,4,80.46910597238524,3.668671531436935e-7,213.496459,211.11075000000002,3.959044834422602,1024,5,Pauls-MacBook-Pro,25fcce9-dirty,2026-09-25T22:32:22Z
rayon-tiled,cpu,Apple M1 Pro,f32,2048,4,78.17869513221653,3.668671531436935e-7,219.75129099999998,215.793625,3.703821426835773,2048,5,Pauls-MacBook-Pro,25fcce9-dirty,2026-09-25T22:32:22Z
rayon-tiled,cpu,Apple M1 Pro,f32,2048,8,153.93946899869354,3.668671531436935e-7,111.601458,111.384208,0.2863015695180482,512,5,Pauls-MacBook-Pro,25fcce9-dirty,2026-09-25T22:32:22Z
rayon-tiled,cpu,Apple M1 Pro,f32,2048,8,152.4952688515168,3.668671531436935e-7,112.658375,112.427042,18.045388005696385,1024,5,Pauls-MacBook-Pro,25fcce9-dirty,2026-09-25T22:32:22Z
rayon-tiled,cpu,Apple M1 Pro,f32,2048,8,153.58126601809823,3.668671531436935e-7,111.86175,105.80208400000001,5.365109560138852,2048,5,Pauls-MacBook-Pro,25fcce9-dirty,2026-09-25T22:32:22Z
rayon-tiled,cpu,Apple M1 Pro,f32,2048,10,133.22461447872405,3.668671531436935e-7,128.954167,117.895209,7.4608023643699175,512,5,Pauls-MacBook-Pro,25fcce9-dirty,2026-09-25T22:32:22Z
rayon-tiled,cpu,Apple M1 Pro,f32,2048,10,85.68191007997095,3.668671531436935e-7,200.507542,168.125375,19.320039249223782,1024,5,Pauls-MacBook-Pro,25fcce9-dirty,2026-09-25T22:32:22Z
rayon-tiled,cpu,Apple M1 Pro,f32,2048,10,147.58059389065122,3.668671531436935e-7,116.410083,113.93220799999999,3.5424124284443956,2048,5,Pauls-MacBook-Pro,25fcce9-dirty,2026-09-25T22:32:22Z
static-ikj,cpu,Apple M1 Pro,f32,2048,1,24.422844252761156,3.668671531436935e-7,703.434416,701.94025,2.196650374462306,,5,Pauls-MacBook-Pro,25fcce9-dirty,2026-09-25T22:32:22Z
static-ikj,cpu,Apple M1 Pro,f32,2048,2,43.8094470487846,3.668671531436935e-7,392.149875,388.204625,3.0718074932164443,,5,Pauls-MacBook-Pro,25fcce9-dirty,2026-09-25T22:32:22Z
static-ikj,cpu,Apple M1 Pro,f32,2048,4,78.93819754639284,3.668671531436935e-7,217.636958,215.092542,2.9678194092516366,,5,Pauls-MacBook-Pro,25fcce9-dirty,2026-09-25T22:32:22Z
static-ikj,cpu,Apple M1 Pro,f32,2048,8,161.35271694498186,3.668671531436935e-7,106.474,106.11099999999999,6.872005323786518,,5,Pauls-MacBook-Pro,25fcce9-dirty,2026-09-25T22:32:22Z
static-ikj,cpu,Apple M1 Pro,f32,2048,10,140.53182509743763,3.668671531436935e-7,122.248958,116.752292,8.650283435030723,,5,Pauls-MacBook-Pro,25fcce9-dirty,2026-09-25T22:32:22Z
static-tiled,cpu,Apple M1 Pro,f32,2048,1,20.636762515216382,3.668671531436935e-7,832.488583,830.337542,10.164082885304323,512,5,Pauls-MacBook-Pro,25fcce9-dirty,2026-09-25T22:32:22Z
static-tiled,cpu,Apple M1 Pro,f32,2048,1,21.044587568437752,3.668671531436935e-7,816.355708,812.3786670000001,2.8403929494611933,1024,5,Pauls-MacBook-Pro,25fcce9-dirty,2026-09-25T22:32:22Z
static-tiled,cpu,Apple M1 Pro,f32,2048,1,24.416717775287164,3.668671531436935e-7,703.610917,701.3975829999999,2.8701908743778004,2048,5,Pauls-MacBook-Pro,25fcce9-dirty,2026-09-25T22:32:22Z
static-tiled,cpu,Apple M1 Pro,f32,2048,2,35.58646310960868,3.668671531436935e-7,482.764166,458.45320899999996,16.070783074918776,512,5,Pauls-MacBook-Pro,25fcce9-dirty,2026-09-25T22:32:22Z
static-tiled,cpu,Apple M1 Pro,f32,2048,2,42.15661047297385,3.668671531436935e-7,407.52491699999996,403.207916,30.607491124867803,1024,5,Pauls-MacBook-Pro,25fcce9-dirty,2026-09-25T22:32:22Z
static-tiled,cpu,Apple M1 Pro,f32,2048,2,44.108990551107034,3.668671531436935e-7,389.486791,378.140625,7.961559705940877,2048,5,Pauls-MacBook-Pro,25fcce9-dirty,2026-09-25T22:32:22Z
static-tiled,cpu,Apple M1 Pro,f32,2048,4,63.36383838778743,3.668671531436935e-7,271.1305,249.436833,10.251620064001195,512,5,Pauls-MacBook-Pro,25fcce9-dirty,2026-09-25T22:32:22Z
static-tiled,cpu,Apple M1 Pro,f32,2048,4,79.05213024290097,3.668671531436935e-7,217.323292,211.66791600000002,2.684444138352977,1024,5,Pauls-MacBook-Pro,25fcce9-dirty,2026-09-25T22:32:22Z
static-tiled,cpu,Apple M1 Pro,f32,2048,4,77.56745412439362,3.668671531436935e-7,221.482958,218.295333,2.2651777063753245,2048,5,Pauls-MacBook-Pro,25fcce9-dirty,2026-09-25T22:32:22Z
static-tiled,cpu,Apple M1 Pro,f32,2048,8,156.88739525106823,3.668671531436935e-7,109.504458,109.471875,5.6630974340493365,512,5,Pauls-MacBook-Pro,25fcce9-dirty,2026-09-25T22:32:22Z
static-tiled,cpu,Apple M1 Pro,f32,2048,8,152.97618261128574,3.668671531436935e-7,112.304209,111.80662500000001,5.892504976908058,1024,5,Pauls-MacBook-Pro,25fcce9-dirty,2026-09-25T22:32:22Z
static-tiled,cpu,Apple M1 Pro,f32,2048,8,162.0683771312307,3.668671531436935e-7,106.003833,105.53783299999999,6.539802799145495,2048,5,Pauls-MacBook-Pro,25fcce9-dirty,2026-09-25T22:32:22Z
static-tiled,cpu,Apple M1 Pro,f32,2048,10,146.41881968316872,3.668671531436935e-7,117.33375,111.314125,8.077335272649748,512,5,Pauls-MacBook-Pro,25fcce9-dirty,2026-09-25T22:32:22Z
static-tiled,cpu,Apple M1 Pro,f32,2048,10,118.26754748894676,3.668671531436935e-7,145.26274999999998,128.98808300000002,29.151906092035365,1024,5,Pauls-MacBook-Pro,25fcce9-dirty,2026-09-25T22:32:22Z
static-tiled,cpu,Apple M1 Pro,f32,2048,10,146.79612985376917,3.668671531436935e-7,117.032167,113.87641599999999,6.180931669945481,2048,5,Pauls-MacBook-Pro,25fcce9-dirty,2026-09-25T22:32:22Z
accelerate-blas,amx,Apple M1 Pro,f32,2048,1,1795.5000938516507,3.136412475384265e-7,9.568292000000001,9.272,0.25064562141856767,,5,Pauls-MacBook-Pro,25fcce9-dirty,2026-09-25T22:32:22Z
accelerate-bnns,amx,Apple M1 Pro,f32,2048,1,2018.8652743832718,7.05958979417584e-8,8.509666000000001,8.457125,0.8473259941534905,,5,Pauls-MacBook-Pro,25fcce9-dirty,2026-09-25T22:32:22Z
mps,metal,Apple M1 Pro,f32,2048,1,3837.8616612348674,3.136412475384265e-7,4.476417,4.441458,0.020103572376570275,,5,Pauls-MacBook-Pro,25fcce9-dirty,2026-09-25T22:32:22Z
mps-e2e,metal,Apple M1 Pro,f32,2048,1,3067.286053204785,3.136412475384265e-7,5.601,5.580041,0.5775356272802568,,5,Pauls-MacBook-Pro,25fcce9-dirty,2026-09-25T22:32:22Z
metal-naive,metal,Apple M1 Pro,f32,2048,1,314.19070467586266,3.136412475384265e-7,54.67975,52.884167000000005,0.8087831103835541,,5,Pauls-MacBook-Pro,25fcce9-dirty,2026-09-25T22:32:22Z
metal-naive-e2e,metal,Apple M1 Pro,f32,2048,1,307.26965995738794,3.136412475384265e-7,55.911375,54.807208,0.5077363414516428,,5,Pauls-MacBook-Pro,25fcce9-dirty,2026-09-25T22:32:22Z
metal-tiled,metal,Apple M1 Pro,f32,2048,1,575.913819573006,3.136412475384265e-7,29.830624999999998,29.780916,0.9701607244221438,,5,Pauls-MacBook-Pro,25fcce9-dirty,2026-09-25T22:32:22Z
metal-tiled-e2e,metal,Apple M1 Pro,f32,2048,1,555.1384361650564,3.136412475384265e-7,30.947,30.929499999999997,1.3922506969173336,,5,Pauls-MacBook-Pro,25fcce9-dirty,2026-09-25T22:32:22Z
naive-ijk,cpu,Apple M1 Pro,f32,4096,1,0.5252472354747366,3.0532236166205797e-7,261665.258167,261375.12075,222.0142362531597,,5,Pauls-MacBook-Pro,25fcce9-dirty,2026-09-25T22:32:22Z
ikj,cpu,Apple M1 Pro,f32,4096,1,25.694296669030813,3.0532236166205797e-7,5349.00625,5342.084707999999,4.796583802873039,,5,Pauls-MacBook-Pro,25fcce9-dirty,2026-09-25T22:32:22Z
tiled,cpu,Apple M1 Pro,f32,4096,1,19.25983450859224,3.0532236166205797e-7,7136.040209,7129.0717079999995,5.864860756546977,512,5,Pauls-MacBook-Pro,25fcce9-dirty,2026-09-25T22:32:22Z
tiled,cpu,Apple M1 Pro,f32,4096,1,9.537647148104945,3.0532236166205797e-7,14410.152875,14389.303042,14.851674227476433,1024,5,Pauls-MacBook-Pro,25fcce9-dirty,2026-09-25T22:32:22Z
tiled,cpu,Apple M1 Pro,f32,4096,1,13.21351318634582,3.0532236166205797e-7,10401.393750000001,10395.725583000001,8.322584849834028,2048,5,Pauls-MacBook-Pro,25fcce9-dirty,2026-09-25T22:32:22Z
rayon-ikj,cpu,Apple M1 Pro,f32,4096,1,25.7058824827104,3.0532236166205797e-7,5346.5954169999995,5342.198791999999,4.900548509163645,,5,Pauls-MacBook-Pro,25fcce9-dirty,2026-09-25T22:32:22Z
rayon-ikj,cpu,Apple M1 Pro,f32,4096,2,48.2002991138209,3.0532236166205797e-7,2851.412875,2840.023125,5.545443432805052,,5,Pauls-MacBook-Pro,25fcce9-dirty,2026-09-25T22:32:22Z
rayon-ikj,cpu,Apple M1 Pro,f32,4096,4,65.79329525696095,3.0532236166205797e-7,2088.95075,2075.267584,57.06095838835068,,5,Pauls-MacBook-Pro,25fcce9-dirty,2026-09-25T22:32:22Z
rayon-ikj,cpu,Apple M1 Pro,f32,4096,8,142.95746917586118,3.0532236166205797e-7,961.3975,912.905917,32.97742995111514,,5,Pauls-MacBook-Pro,25fcce9-dirty,2026-09-25T22:32:22Z
rayon-ikj,cpu,Apple M1 Pro,f32,4096,10,128.0277358775783,3.0532236166205797e-7,1073.509209,1050.616334,56.801723873060084,,5,Pauls-MacBook-Pro,25fcce9-dirty,2026-09-25T22:32:22Z
rayon-tiled,cpu,Apple M1 Pro,f32,4096,1,19.148417896026167,3.0532236166205797e-7,7177.561833999999,7173.206958,20.637704951758547,512,5,Pauls-MacBook-Pro,25fcce9-dirty,2026-09-25T22:32:22Z
rayon-tiled,cpu,Apple M1 Pro,f32,4096,1,9.536967566624975,3.0532236166205797e-7,14411.179708000001,14400.599166999998,6.7216811715363285,1024,5,Pauls-MacBook-Pro,25fcce9-dirty,2026-09-25T22:32:22Z
rayon-tiled,cpu,Apple M1 Pro,f32,4096,1,13.26957969471407,3.0532236166205797e-7,10357.445875,10340.715124999999,11.726825097585655,2048,5,Pauls-MacBook-Pro,25fcce9-dirty,2026-09-25T22:32:22Z
rayon-tiled,cpu,Apple M1 Pro,f32,4096,2,29.081850790855352,3.0532236166205797e-7,4725.935583,4586.702292,64.91216253640744,512,5,Pauls-MacBook-Pro,25fcce9-dirty,2026-09-25T22:32:22Z
rayon-tiled,cpu,Apple M1 Pro,f32,4096,2,20.51668843122378,3.0532236166205797e-7,6698.885833,6693.760958000001,4.340726442619663,1024,5,Pauls-MacBook-Pro,25fcce9-dirty,2026-09-25T22:32:22Z
rayon-tiled,cpu,Apple M1 Pro,f32,4096,2,23.91977753997529,3.0532236166205797e-7,5745.829084,5731.455292,9.57947562691075,2048,5,Pauls-MacBook-Pro,25fcce9-dirty,2026-09-25T22:32:22Z
rayon-tiled,cpu,Apple M1 Pro,f32,4096,4,74.04431006013372,3.0532236166205797e-7,1856.171708,1855.961458,8.666127065837754,512,5,Pauls-MacBook-Pro,25fcce9-dirty,2026-09-25T22:32:22Z
rayon-tiled,cpu,Apple M1 Pro,f32,4096,4,37.48091596512985,3.0532236166205797e-7,3666.904875,3604.0701249999997,81.80166180286368,1024,5,Pauls-MacBook-Pro,25fcce9-dirty,2026-09-25T22:32:22Z
rayon-tiled,cpu,Apple M1 Pro,f32,4096,4,44.149381222838464,3.0532236166205797e-7,3113.043709,2969.245292,129.31722854905635,2048,5,Pauls-MacBook-Pro,25fcce9-dirty,2026-09-25T22:32:22Z
rayon-tiled,cpu,Apple M1 Pro,f32,4096,8,137.56680462104467,3.0532236166205797e-7,999.070625,989.959291,7.890692400133747,512,5,Pauls-MacBook-Pro,25fcce9-dirty,2026-09-25T22:32:22Z
rayon-tiled,cpu,Apple M1 Pro,f32,4096,8,47.54317368650021,3.0532236166205797e-7,2890.824125,2556.839292,312.12253863774407,1024,5,Pauls-MacBook-Pro,25fcce9-dirty,2026-09-25T22:32:22Z
rayon-tiled,cpu,Apple M1 Pro,f32,4096,8,71.84437318038913,3.0532236166205797e-7,1913.009292,1699.58675,212.93171789627144,2048,5,Pauls-MacBook-Pro,25fcce9-dirty,2026-09-25T22:32:22Z
rayon-tiled,cpu,Apple M1 Pro,f32,4096,10,46.6472003512083,3.0532236166205797e-7,2946.349458,2395.4375419999997,266.2838817113476,512,5,Pauls-MacBook-Pro,25fcce9-dirty,2026-09-25T22:32:22Z
rayon-tiled,cpu,Apple M1 Pro,f32,4096,10,44.43360014548003,3.0532236166205797e-7,3093.131167,2601.601333,305.2642653650083,1024,5,Pauls-MacBook-Pro,25fcce9-dirty,2026-09-25T22:32:22Z
rayon-tiled,cpu,Apple M1 Pro,f32,4096,10,73.84508565731683,3.0532236166205797e-7,1861.179417,1708.167333,120.40345034568645,2048,5,Pauls-MacBook-Pro,25fcce9-dirty,2026-09-25T22:32:22Z
static-ikj,cpu,Apple M1 Pro,f32,4096,1,25.698281641995504,3.0532236166205797e-7,5348.176792,5340.543792,3.5884640942150496,,5,Pauls-MacBook-Pro,25fcce9-dirty,2026-09-25T22:32:22Z
static-ikj,cpu,Apple M1 Pro,f32,4096,2,48.33422169723267,3.0532236166205797e-7,2843.512291,2836.740917,7.041282691960041,,5,Pauls-MacBook-Pro,25fcce9-dirty,2026-09-25T22:32:22Z
static-ikj,cpu,Apple M1 Pro,f32,4096,4,66.14468596082192,3.0532236166205797e-7,2077.853292,2053.61825,25.171956394559036,,5,Pauls-MacBook-Pro,25fcce9-dirty,2026-09-25T22:32:22Z
static-ikj,cpu,Apple M1 Pro,f32,4096,8,158.63105824273794,3.0532236166205797e-7,866.406333,835.7760840000001,49.71444475893561,,5,Pauls-MacBook-Pro,25fcce9-dirty,2026-09-25T22:32:22Z
static-ikj,cpu,Apple M1 Pro,f32,4096,10,127.51986833362,3.0532236166205797e-7,1077.784625,1061.498041,32.28566183488927,,5,Pauls-MacBook-Pro,25fcce9-dirty,2026-09-25T22:32:22Z
static-tiled,cpu,Apple M1 Pro,f32,4096,1,19.15958455025822,3.0532236166205797e-7,7173.378583,7165.056042,21.721305103094178,512,5,Pauls-MacBook-Pro,25fcce9-dirty,2026-09-25T22:32:22Z
static-tiled,cpu,Apple M1 Pro,f32,4096,1,9.5396380825518,3.0532236166205797e-7,14407.145458,14376.791000000001,22.773161489431132,1024,5,Pauls-MacBook-Pro,25fcce9-dirty,2026-09-25T22:32:22Z
static-tiled,cpu,Apple M1 Pro,f32,4096,1,13.196787971140948,3.0532236166205797e-7,10414.576165999999,10398.066917,10.576376430509765,2048,5,Pauls-MacBook-Pro,25fcce9-dirty,2026-09-25T22:32:22Z
static-tiled,cpu,Apple M1 Pro,f32,4096,2,28.934880490759856,3.0532236166205797e-7,4749.94025,4643.0225,50.99143070962555,512,5,Pauls-MacBook-Pro,25fcce9-dirty,2026-09-25T22:32:22Z
static-tiled,cpu,Apple M1 Pro,f32,4096,2,20.37842305568453,3.0532236166205797e-7,6744.337042,6728.964291,8.569832298072013,1024,5,Pauls-MacBook-Pro,25fcce9-dirty,2026-09-25T22:32:22Z
static-tiled,cpu,Apple M1 Pro,f32,4096,2,23.951467320120557,3.0532236166205797e-7,5738.226874999999,5706.798292,20.63048498156951,2048,5,Pauls-MacBook-Pro,25fcce9-dirty,2026-09-25T22:32:22Z
static-tiled,cpu,Apple M1 Pro,f32,4096,4,74.2562668873714,3.0532236166205797e-7,1850.873458,1846.6440830000001,266.01520288645,512,5,Pauls-MacBook-Pro,25fcce9-dirty,2026-09-25T22:32:22Z
static-tiled,cpu,Apple M1 Pro,f32,4096,4,38.62012601780694,3.0532236166205797e-7,3558.7391249999996,3551.957541,5.386853007626329,1024,5,Pauls-MacBook-Pro,25fcce9-dirty,2026-09-25T22:32:22Z
static-tiled,cpu,Apple M1 Pro,f32,4096,4,44.61869389257768,3.0532236166205797e-7,3080.299791,2965.737667,83.41738906427587,2048,5,Pauls-MacBook-Pro,25fcce9-dirty,2026-09-25T22:32:22Z
static-tiled,cpu,Apple M1 Pro,f32,4096,8,139.24249184765677,3.0532236166205797e-7,987.0475,981.877125,16.214163363131917,512,5,Pauls-MacBook-Pro,25fcce9-dirty,2026-09-25T22:32:22Z
static-tiled,cpu,Apple M1 Pro,f32,4096,8,66.17079683276636,3.0532236166205797e-7,2077.033375,2032.5378340000002,33.844408320941824,1024,5,Pauls-MacBook-Pro,25fcce9-dirty,2026-09-25T22:32:22Z
static-tiled,cpu,Apple M1 Pro,f32,4096,8,85.698260735816,3.0532236166205797e-7,1603.754292,1581.020209,66.76828446592988,2048,5,Pauls-MacBook-Pro,25fcce9-dirty,2026-09-25T22:32:22Z
static-tiled,cpu,Apple M1 Pro,f32,4096,10,130.87281876788026,3.0532236166205797e-7,1050.171875,1012.5538750000001,516.8595403422427,512,5,Pauls-MacBook-Pro,25fcce9-dirty,2026-09-25T22:32:22Z
static-tiled,cpu,Apple M1 Pro,f32,4096,10,64.63788515871063,3.0532236166205797e-7,2126.291,2077.2621249999997,24.34063372594637,1024,5,Pauls-MacBook-Pro,25fcce9-dirty,2026-09-25T22:32:22Z
static-tiled,cpu,Apple M1 Pro,f32,4096,10,85.59076228159834,3.0532236166205797e-7,1605.768541,1577.497542,66.5817198883174,2048,5,Pauls-MacBook-Pro,25fcce9-dirty,2026-09-25T22:32:22Z
accelerate-blas,amx,Apple M1 Pro,f32,4096,1,1675.8225322127334,3.290470972061699e-7,82.01283299999999,80.845,1.0162564870758748,,5,Pauls-MacBook-Pro,25fcce9-dirty,2026-09-25T22:32:22Z
accelerate-bnns,amx,Apple M1 Pro,f32,4096,1,2315.0050063711974,2.970816980170806e-7,59.36875,58.854707999999995,0.995910144211414,,5,Pauls-MacBook-Pro,25fcce9-dirty,2026-09-25T22:32:22Z
mps,metal,Apple M1 Pro,f32,4096,1,4008.7002487314776,3.290470972061699e-7,34.285166,34.183667,1.1762263901811172,,5,Pauls-MacBook-Pro,25fcce9-dirty,2026-09-25T22:32:22Z
mps-e2e,metal,Apple M1 Pro,f32,4096,1,3533.8731668761147,3.290470972061699e-7,38.891875,38.663292,1.9490269744015352,,5,Pauls-MacBook-Pro,25fcce9-dirty,2026-09-25T22:32:22Z
metal-naive,metal,Apple M1 Pro,f32,4096,1,265.8363043587279,3.290470972061699e-7,517.005959,514.0535000000001,2.753029521854281,,5,Pauls-MacBook-Pro,25fcce9-dirty,2026-09-25T22:32:22Z
metal-naive-e2e,metal,Apple M1 Pro,f32,4096,1,262.0073003216846,3.290470972061699e-7,524.561542,520.2925,3.2783807599569377,,5,Pauls-MacBook-Pro,25fcce9-dirty,2026-09-25T22:32:22Z
metal-tiled,metal,Apple M1 Pro,f32,4096,1,577.404944342239,3.290470972061699e-7,238.028709,237.89416699999998,2.006976013159802,,5,Pauls-MacBook-Pro,25fcce9-dirty,2026-09-25T22:32:22Z
metal-tiled-e2e,metal,Apple M1 Pro,f32,4096,1,557.1857002147107,3.290470972061699e-7,246.66633299999998,243.366834,2.0995728859897826,,5,Pauls-MacBook-Pro,25fcce9-dirty,2026-09-25T22:32:22Z
naive-ijk,cpu,Apple M1 Pro,f64,64,1,3.440774405250205,0.0,0.152375,0.152083,0.0019902805581123477,,5,Pauls-MacBook-Pro,25fcce9-dirty,2026-09-25T22:32:22Z
ikj,cpu,Apple M1 Pro,f64,64,1,15.051474176786384,0.0,0.034832999999999996,0.034582999999999996,0.00015975293424535272,,5,Pauls-MacBook-Pro,25fcce9-dirty,2026-09-25T22:32:22Z
tiled,cpu,Apple M1 Pro,f64,64,1,15.215276568576236,0.0,0.034458,0.033833,0.0005159983527105499,512,5,Pauls-MacBook-Pro,25fcce9-dirty,2026-09-25T22:32:22Z
tiled,cpu,Apple M1 Pro,f64,64,1,15.457970929032639,0.0,0.033917,0.033833,0.00019619327205589604,1024,5,Pauls-MacBook-Pro,25fcce9-dirty,2026-09-25T22:32:22Z
tiled,cpu,Apple M1 Pro,f64,64,1,15.477136531365314,0.0,0.033874999999999995,0.033833,0.00014319811451272773,2048,5,Pauls-MacBook-Pro,25fcce9-dirty,2026-09-25T22:32:22Z
rayon-ikj,cpu,Apple M1 Pro,f64,64,1,11.74875070028011,0.0,0.044625,0.039417,0.00409320543095506,,5,Pauls-MacBook-Pro,25fcce9-dirty,2026-09-25T22:32:22Z
rayon-ikj,cpu,Apple M1 Pro,f64,64,2,20.93718301984745,0.0,0.025041,0.024958,0.0016478488098123564,,5,Pauls-MacBook-Pro,25fcce9-dirty,2026-09-25T22:32:22Z
rayon-ikj,cpu,Apple M1 Pro,f64,64,4,18.586500283607485,0.0,0.028208,0.021875,0.02397737194314673,,5,Pauls-MacBook-Pro,25fcce9-dirty,2026-09-25T22:32:22Z
rayon-ikj,cpu,Apple M1 Pro,f64,64,8,11.26483606205148,0.0,0.046542,0.020665999999999997,0.022327436693449606,,5,Pauls-MacBook-Pro,25fcce9-dirty,2026-09-25T22:32:22Z
rayon-ikj,cpu,Apple M1 Pro,f64,64,10,12.446005934718102,0.0,0.042125,0.032209,0.0068074204953124514,,5,Pauls-MacBook-Pro,25fcce9-dirty,2026-09-25T22:32:22Z
rayon-tiled,cpu,Apple M1 Pro,f64,64,1,13.161821559471809,0.0,0.039834,0.039708,0.0034504086279743738,512,5,Pauls-MacBook-Pro,25fcce9-dirty,2026-09-25T22:32:22Z
rayon-tiled,cpu,Apple M1 Pro,f64,64,1,12.43360922048047,0.0,0.042166999999999996,0.039916999999999994,0.004697824422006428,1024,5,Pauls-MacBook-Pro,25fcce9-dirty,2026-09-25T22:32:22Z
rayon-tiled,cpu,Apple M1 Pro,f64,64,1,13.203586179107484,0.0,0.039708,0.039458,0.0017469438170702547,2048,5,Pauls-MacBook-Pro,25fcce9-dirty,2026-09-25T22:32:22Z
rayon-tiled,cpu,Apple M1 Pro,f64,64,2,20.327543424317618,0.0,0.025792,0.024916,0.0011944089751839606,512,5,Pauls-MacBook-Pro,25fcce9-dirty,2026-09-25T22:32:22Z
rayon-tiled,cpu,Apple M1 Pro,f64,64,2,20.526505363714666,0.0,0.025542,0.021458,0.001974833030916791,1024,5,Pauls-MacBook-Pro,25fcce9-dirty,2026-09-25T22:32:22Z
rayon-tiled,cpu,Apple M1 Pro,f64,64,2,20.46001951219512,0.0,0.025625,0.021625000000000002,0.002573914295387474,2048,5,Pauls-MacBook-Pro,25fcce9-dirty,2026-09-25T22:32:22Z
rayon-tiled,cpu,Apple M1 Pro,f64,64,4,17.308375425043742,0.0,0.030291,0.025415999999999998,0.019468392622402082,512,5,Pauls-MacBook-Pro,25fcce9-dirty,2026-09-25T22:32:22Z
rayon-tiled,cpu,Apple M1 Pro,f64,64,4,21.436258075067464,0.0,0.024457999999999997,0.022,0.002815356957829683,1024,5,Pauls-MacBook-Pro,25fcce9-dirty,2026-09-25T22:32:22Z
rayon-tiled,cpu,Apple M1 Pro,f64,64,4,18.13078811771622,0.0,0.028917,0.021916,0.008531219391153881,2048,5,Pauls-MacBook-Pro,25fcce9-dirty,2026-09-25T22:32:22Z
rayon-tiled,cpu,Apple M1 Pro,f64,64,8,5.847056330645612,0.0,0.089667,0.032083,0.03068081616743596,512,5,Pauls-MacBook-Pro,25fcce9-dirty,2026-09-25T22:32:22Z
rayon-tiled,cpu,Apple M1 Pro,f64,64,8,23.08825083670953,0.0,0.022708,0.019625,0.004341084737712453,1024,5,Pauls-MacBook-Pro,25fcce9-dirty,2026-09-25T22:32:22Z
rayon-tiled,cpu,Apple M1 Pro,f64,64,8,9.052402576100281,0.0,0.057917,0.017499999999999998,0.022797040165337252,2048,5,Pauls-MacBook-Pro,25fcce9-dirty,2026-09-25T22:32:22Z
rayon-tiled,cpu,Apple M1 Pro,f64,64,10,13.588223097657059,0.0,0.038584,0.03375,0.016095454072501344,512,5,Pauls-MacBook-Pro,25fcce9-dirty,2026-09-25T22:32:22Z
rayon-tiled,cpu,Apple M1 Pro,f64,64,10,10.026160789413295,0.0,0.052292,0.042291,0.03931089008531861,1024,5,Pauls-MacBook-Pro,25fcce9-dirty,2026-09-25T22:32:22Z
rayon-tiled,cpu,Apple M1 Pro,f64,64,10,13.588575279268072,0.0,0.038583,0.02875,0.010373262707557347,2048,5,Pauls-MacBook-Pro,25fcce9-dirty,2026-09-25T22:32:22Z
static-ikj,cpu,Apple M1 Pro,f64,64,1,13.080058877828504,0.0,0.040083,0.03925,0.0017176340413487372,,5,Pauls-MacBook-Pro,25fcce9-dirty,2026-09-25T22:32:22Z
static-ikj,cpu,Apple M1 Pro,f64,64,2,20.00412072188943,0.0,0.026209,0.024875,0.001129467706488326,,5,Pauls-MacBook-Pro,25fcce9-dirty,2026-09-25T22:32:22Z
static-ikj,cpu,Apple M1 Pro,f64,64,4,12.228291545189505,0.0,0.042874999999999996,0.033334,0.0132184726160022,,5,Pauls-MacBook-Pro,25fcce9-dirty,2026-09-25T22:32:22Z
static-ikj,cpu,Apple M1 Pro,f64,64,8,9.679282206550234,0.0,0.054166000000000006,0.021917,0.02554958102396202,,5,Pauls-MacBook-Pro,25fcce9-dirty,2026-09-25T22:32:22Z
static-ikj,cpu,Apple M1 Pro,f64,64,10,11.533459457081262,0.0,0.045458,0.033125,0.014414799738463246,,5,Pauls-MacBook-Pro,25fcce9-dirty,2026-09-25T22:32:22Z
static-tiled,cpu,Apple M1 Pro,f64,64,1,12.958821493894904,0.0,0.040458,0.039791,0.002445066808903185,512,5,Pauls-MacBook-Pro,25fcce9-dirty,2026-09-25T22:32:22Z
static-tiled,cpu,Apple M1 Pro,f64,64,1,12.49554316220983,0.0,0.041958,0.039792,0.003154393998853028,1024,5,Pauls-MacBook-Pro,25fcce9-dirty,2026-09-25T22:32:22Z
static-tiled,cpu,Apple M1 Pro,f64,64,1,13.176044834259002,0.0,0.039791,0.039667,0.0015989584735070497,2048,5,Pauls-MacBook-Pro,25fcce9-dirty,2026-09-25T22:32:22Z
static-tiled,cpu,Apple M1 Pro,f64,64,2,20.197549888281067,0.0,0.025958000000000002,0.025875,0.0009502982163510566,512,5,Pauls-MacBook-Pro,25fcce9-dirty,2026-09-25T22:32:22Z
static-tiled,cpu,Apple M1 Pro,f64,64,2,18.921216933126423,0.0,0.027708999999999998,0.024624999999999998,0.0014669607356708632,1024,5,Pauls-MacBook-Pro,25fcce9-dirty,2026-09-25T22:32:22Z
static-tiled,cpu,Apple M1 Pro,f64,64,2,20.763881188118813,0.0,0.02525,0.024125,0.0006868911849776493,2048,5,Pauls-MacBook-Pro,25fcce9-dirty,2026-09-25T22:32:22Z
static-tiled,cpu,Apple M1 Pro,f64,64,4,14.234192164634976,0.0,0.036833,0.031875,0.011812957343527487,512,5,Pauls-MacBook-Pro,25fcce9-dirty,2026-09-25T22:32:22Z
static-tiled,cpu,Apple M1 Pro,f64,64,4,15.88751515151515,0.0,0.033,0.031375,0.013274052647929344,1024,5,Pauls-MacBook-Pro,25fcce9-dirty,2026-09-25T22:32:22Z
static-tiled,cpu,Apple M1 Pro,f64,64,4,13.588575279268072,0.0,0.038583,0.028583,0.004673118626784473,2048,5,Pauls-MacBook-Pro,25fcce9-dirty,2026-09-25T22:32:22Z
static-tiled,cpu,Apple M1 Pro,f64,64,8,8.855019591947034,0.0,0.059208,0.040083999999999995,0.015940106828374774,512,5,Pauls-MacBook-Pro,25fcce9-dirty,2026-09-25T22:32:22Z
static-tiled,cpu,Apple M1 Pro,f64,64,8,9.286336745899607,0.0,0.056458,0.034749999999999996,0.017140992132895924,1024,5,Pauls-MacBook-Pro,25fcce9-dirty,2026-09-25T22:32:22Z
static-tiled,cpu,Apple M1 Pro,f64,64,8,10.416386863489162,0.0,0.050333,0.02875,0.019460753955075842,2048,5,Pauls-MacBook-Pro,25fcce9-dirty,2026-09-25T22:32:22Z
static-tiled,cpu,Apple M1 Pro,f64,64,10,10.819431260060258,0.0,0.048458,0.031416,0.027375454310385426,512,5,Pauls-MacBook-Pro,25fcce9-dirty,2026-09-25T22:32:22Z
static-tiled,cpu,Apple M1 Pro,f64,64,10,17.004118963448253,0.0,0.030833000000000003,0.03025,0.013110244459963363,1024,5,Pauls-MacBook-Pro,25fcce9-dirty,2026-09-25T22:32:22Z
static-tiled,cpu,Apple M1 Pro,f64,64,10,16.64406349206349,0.0,0.0315,0.027875,0.0021367814113755304,2048,5,Pauls-MacBook-Pro,25fcce9-dirty,2026-09-25T22:32:22Z
accelerate-blas,amx,Apple M1 Pro,f64,64,1,199.7287619047619,5.356541370317511e-17,0.0026249999999999997,0.002542,0.00024176745024920128,,5,Pauls-MacBook-Pro,25fcce9-dirty,2026-09-25T22:32:22Z
naive-ijk,cpu,Apple M1 Pro,f64,128,1,2.9133018639890866,0.0,1.439708,1.408042,0.022196297116861635,,5,Pauls-MacBook-Pro,25fcce9-dirty,2026-09-25T22:32:22Z
ikj,cpu,Apple M1 Pro,f64,128,1,14.88001419068736,0.0,0.281875,0.281416,0.0043343330859545075,,5,Pauls-MacBook-Pro,25fcce9-dirty,2026-09-25T22:32:22Z
tiled,cpu,Apple M1 Pro,f64,128,1,14.814318763796908,0.0,0.283125,0.282791,0.0010392553584177313,512,5,Pauls-MacBook-Pro,25fcce9-dirty,2026-09-25T22:32:22Z
tiled,cpu,Apple M1 Pro,f64,128,1,14.820862190812722,0.0,0.283,0.282667,0.0012387119116243081,1024,5,Pauls-MacBook-Pro,25fcce9-dirty,2026-09-25T22:32:22Z
tiled,cpu,Apple M1 Pro,f64,128,1,14.8165167106467,0.0,0.283083,0.28279200000000004,0.00031258806759055683,2048,5,Pauls-MacBook-Pro,25fcce9-dirty,2026-09-25T22:32:22Z
rayon-ikj,cpu,Apple M1 Pro,f64,128,1,13.686346297547145,0.0,0.306459,0.30624999999999997,0.011153990886673707,,5,Pauls-MacBook-Pro,25fcce9-dirty,2026-09-25T22:32:22Z
rayon-ikj,cpu,Apple M1 Pro,f64,128,2,23.865172119487912,0.0,0.17575,0.16262500000000002,0.008121816133107165,,5,Pauls-MacBook-Pro,25fcce9-dirty,2026-09-25T22:32:22Z
rayon-ikj,cpu,Apple M1 Pro,f64,128,4,37.77257049198044,0.0,0.111041,0.103,0.00942509276877421,,5,Pauls-MacBook-Pro,25fcce9-dirty,2026-09-25T22:32:22Z
rayon-ikj,cpu,Apple M1 Pro,f64,128,8,43.333168030415735,0.0,0.096792,0.076125,0.014145985200755726,,5,Pauls-MacBook-Pro,25fcce9-dirty,2026-09-25T22:32:22Z
rayon-ikj,cpu,Apple M1 Pro,f64,128,10,46.13383782832505,0.0,0.090916,0.081167,0.00692165043179732,,5,Pauls-MacBook-Pro,25fcce9-dirty,2026-09-25T22:32:22Z
rayon-tiled,cpu,Apple M1 Pro,f64,128,1,13.959655061089867,0.0,0.300459,0.292416,0.005609495815133484,512,5,Pauls-MacBook-Pro,25fcce9-dirty,2026-09-25T22:32:22Z
rayon-tiled,cpu,Apple M1 Pro,f64,128,1,13.734929185427754,0.0,0.305375,0.298083,0.02169444268009669,1024,5,Pauls-MacBook-Pro,25fcce9-dirty,2026-09-25T22:32:22Z
rayon-tiled,cpu,Apple M1 Pro,f64,128,1,14.315030716723548,0.0,0.29300000000000004,0.291416,0.006640190562024556,2048,5,Pauls-MacBook-Pro,25fcce9-dirty,2026-09-25T22:32:22Z
rayon-tiled,cpu,Apple M1 Pro,f64,128,2,25.81110153846154,0.0,0.1625,0.161167,0.012213881336413905,512,5,Pauls-MacBook-Pro,25fcce9-dirty,2026-09-25T22:32:22Z
rayon-tiled,cpu,Apple M1 Pro,f64,128,2,25.731926380368098,0.0,0.163,0.160584,0.004587595012640071,1024,5,Pauls-MacBook-Pro,25fcce9-dirty,2026-09-25T22:32:22Z
rayon-tiled,cpu,Apple M1 Pro,f64,128,2,25.751674597083657,0.0,0.162875,0.161333,0.010534602973059781,2048,5,Pauls-MacBook-Pro,25fcce9-dirty,2026-09-25T22:32:22Z
rayon-tiled,cpu,Apple M1 Pro,f64,128,4,37.843458175814064,0.0,0.110833,0.09849999999999999,0.015902453609427703,512,5,Pauls-MacBook-Pro,25fcce9-dirty,2026-09-25T22:32:22Z
rayon-tiled,cpu,Apple M1 Pro,f64,128,4,33.973529459411296,0.0,0.12345800000000001,0.10533400000000001,0.0328859762011104,1024,5,Pauls-MacBook-Pro,25fcce9-dirty,2026-09-25T22:32:22Z
rayon-tiled,cpu,Apple M1 Pro,f64,128,4,31.427894918251436,0.0,0.13345800000000002,0.103917,0.02959006374274987,2048,5,Pauls-MacBook-Pro,25fcce9-dirty,2026-09-25T22:32:22Z
rayon-tiled,cpu,Apple M1 Pro,f64,128,8,43.976975098296194,0.0,0.095375,0.08854100000000001,0.004704267424371196,512,5,Pauls-MacBook-Pro,25fcce9-dirty,2026-09-25T22:32:22Z
rayon-tiled,cpu,Apple M1 Pro,f64,128,8,39.83535154951515,0.0,0.10529100000000001,0.088125,0.039281203008563775,1024,5,Pauls-MacBook-Pro,25fcce9-dirty,2026-09-25T22:32:22Z
rayon-tiled,cpu,Apple M1 Pro,f64,128,8,33.04787418449998,0.0,0.126916,0.080125,0.026204341911217694,2048,5,Pauls-MacBook-Pro,25fcce9-dirty,2026-09-25T22:32:22Z
rayon-tiled,cpu,Apple M1 Pro,f64,128,10,46.68949395551796,0.0,0.089834,0.081625,0.03360145687764148,512,5,Pauls-MacBook-Pro,25fcce9-dirty,2026-09-25T22:32:22Z
rayon-tiled,cpu,Apple M1 Pro,f64,128,10,40.524676328502416,0.0,0.1035,0.093416,0.01766643786109696,1024,5,Pauls-MacBook-Pro,25fcce9-dirty,2026-09-25T22:32:22Z
rayon-tiled,cpu,Apple M1 Pro,f64,128,10,50.3312453500372,0.0,0.083334,0.07662500000000001,0.009908966278073607,2048,5,Pauls-MacBook-Pro,25fcce9-dirty,2026-09-25T22:32:22Z
static-ikj,cpu,Apple M1 Pro,f64,128,1,14.50478097431588,0.0,0.289167,0.287333,0.00805649721032658,,5,Pauls-MacBook-Pro,25fcce9-dirty,2026-09-25T22:32:22Z
static-ikj,cpu,Apple M1 Pro,f64,128,2,26.03815424346455,0.0,0.16108299999999998,0.15825,0.0020386004267634187,,5,Pauls-MacBook-Pro,25fcce9-dirty,2026-09-25T22:32:22Z
static-ikj,cpu,Apple M1 Pro,f64,128,4,35.54494915254237,0.0,0.118,0.110334,0.007214396107783382,,5,Pauls-MacBook-Pro,25fcce9-dirty,2026-09-25T22:32:22Z
static-ikj,cpu,Apple M1 Pro,f64,128,8,38.07258137719441,0.0,0.110166,0.089292,0.018264686446802198,,5,Pauls-MacBook-Pro,25fcce9-dirty,2026-09-25T22:32:22Z
static-ikj,cpu,Apple M1 Pro,f64,128,10,29.51137379067722,0.0,0.142125,0.129875,0.01106939236363044,,5,Pauls-MacBook-Pro,25fcce9-dirty,2026-09-25T22:32:22Z
static-tiled,cpu,Apple M1 Pro,f64,128,1,14.325200142080385,0.0,0.292792,0.29100000000000004,0.003868937929199688,512,5,Pauls-MacBook-Pro,25fcce9-dirty,2026-09-25T22:32:22Z
static-tiled,cpu,Apple M1 Pro,f64,128,1,14.315030716723548,0.0,0.29300000000000004,0.291167,0.001206986039687284,1024,5,Pauls-MacBook-Pro,25fcce9-dirty,2026-09-25T22:32:22Z
static-tiled,cpu,Apple M1 Pro,f64,128,1,14.262313700553925,0.0,0.294083,0.292875,0.011188777180728934,2048,5,Pauls-MacBook-Pro,25fcce9-dirty,2026-09-25T22:32:22Z
static-tiled,cpu,Apple M1 Pro,f64,128,2,25.804590841695326,0.0,0.162541,0.161583,0.0015643000990858426,512,5,Pauls-MacBook-Pro,25fcce9-dirty,2026-09-25T22:32:22Z
static-tiled,cpu,Apple M1 Pro,f64,128,2,25.751674597083657,0.0,0.162875,0.159833,0.0024783448509035286,1024,5,Pauls-MacBook-Pro,25fcce9-dirty,2026-09-25T22:32:22Z
static-tiled,cpu,Apple M1 Pro,f64,128,2,25.69913239547081,0.0,0.163208,0.160125,0.0036572743539417456,2048,5,Pauls-MacBook-Pro,25fcce9-dirty,2026-09-25T22:32:22Z
static-tiled,cpu,Apple M1 Pro,f64,128,4,35.633126040710906,0.0,0.11770800000000001,0.105375,0.015730470565116603,512,5,Pauls-MacBook-Pro,25fcce9-dirty,2026-09-25T22:32:22Z
static-tiled,cpu,Apple M1 Pro,f64,128,4,37.92901259687294,0.0,0.110583,0.102791,0.004786372029000671,1024,5,Pauls-MacBook-Pro,25fcce9-dirty,2026-09-25T22:32:22Z
static-tiled,cpu,Apple M1 Pro,f64,128,4,36.846116679697445,0.0,0.113833,0.104125,0.010066659634655379,2048,5,Pauls-MacBook-Pro,25fcce9-dirty,2026-09-25T22:32:22Z
static-tiled,cpu,Apple M1 Pro,f64,128,8,41.374145499383474,0.0,0.10137499999999999,0.089292,0.011790869590492466,512,5,Pauls-MacBook-Pro,25fcce9-dirty,2026-09-25T22:32:22Z
static-tiled,cpu,Apple M1 Pro,f64,128,8,39.93016060395464,0.0,0.105041,0.09125,0.011735818279949633,1024,5,Pauls-MacBook-Pro,25fcce9-dirty,2026-09-25T22:32:22Z
static-tiled,cpu,Apple M1 Pro,f64,128,8,30.093660986547082,0.0,0.13937500000000003,0.121625,0.014965232858195026,2048,5,Pauls-MacBook-Pro,25fcce9-dirty,2026-09-25T22:32:22Z
static-tiled,cpu,Apple M1 Pro,f64,128,10,26.729442953918316,0.0,0.156917,0.113583,0.027326555311637794,512,5,Pauls-MacBook-Pro,25fcce9-dirty,2026-09-25T22:32:22Z
static-tiled,cpu,Apple M1 Pro,f64,128,10,23.97306797592579,0.0,0.174959,0.1575,0.01745914119308278,1024,5,Pauls-MacBook-Pro,25fcce9-dirty,2026-09-25T22:32:22Z
static-tiled,cpu,Apple M1 Pro,f64,128,10,24.74515634218289,0.0,0.1695,0.16025,0.01293591238761301,2048,5,Pauls-MacBook-Pro,25fcce9-dirty,2026-09-25T22:32:22Z
accelerate-blas,amx,Apple M1 Pro,f64,128,1,281.1949584338965,5.4262586891532086e-17,0.014916,0.013791999999999999,0.002339083431603072,,5,Pauls-MacBook-Pro,25fcce9-dirty,2026-09-25T22:32:22Z
naive-ijk,cpu,Apple M1 Pro,f64,256,1,2.4624471010735145,0.0,13.626458,13.62075,0.025663153713057843,,5,Pauls-MacBook-Pro,25fcce9-dirty,2026-09-25T22:32:22Z
ikj,cpu,Apple M1 Pro,f64,256,1,12.980437911025145,0.0,2.585,2.534792,0.02708938845193816,,5,Pauls-MacBook-Pro,25fcce9-dirty,2026-09-25T22:32:22Z
tiled,cpu,Apple M1 Pro,f64,256,1,12.974791241722654,0.0,2.586125,2.5829999999999997,0.018405409305418917,512,5,Pauls-MacBook-Pro,25fcce9-dirty,2026-09-25T22:32:22Z
tiled,cpu,Apple M1 Pro,f64,256,1,12.800727580417435,0.0,2.621291,2.598417,0.013083507759771351,1024,5,Pauls-MacBook-Pro,25fcce9-dirty,2026-09-25T22:32:22Z
tiled,cpu,Apple M1 Pro,f64,256,1,12.964554451084492,0.0,2.5881670000000003,2.5855829999999997,0.007560593660553541,2048,5,Pauls-MacBook-Pro,25fcce9-dirty,2026-09-25T22:32:22Z
rayon-ikj,cpu,Apple M1 Pro,f64,256,1,12.987552175582445,0.0,2.583584,2.5464580000000003,0.06756838532035521,,5,Pauls-MacBook-Pro,25fcce9-dirty,2026-09-25T22:32:22Z
rayon-ikj,cpu,Apple M1 Pro,f64,256,2,24.677674912554753,0.0,1.3597080000000001,1.357667,0.014420184835847371,,5,Pauls-MacBook-Pro,25fcce9-dirty,2026-09-25T22:32:22Z
rayon-ikj,cpu,Apple M1 Pro,f64,256,4,45.165849167335196,0.0,0.742916,0.706209,0.028597579325880026,,5,Pauls-MacBook-Pro,25fcce9-dirty,2026-09-25T22:32:22Z
rayon-ikj,cpu,Apple M1 Pro,f64,256,8,73.03046633206954,0.0,0.459458,0.438542,0.02237094317859667,,5,Pauls-MacBook-Pro,25fcce9-dirty,2026-09-25T22:32:22Z
rayon-ikj,cpu,Apple M1 Pro,f64,256,10,85.58908889631442,0.0,0.392041,0.382,0.08092774774884078,,5,Pauls-MacBook-Pro,25fcce9-dirty,2026-09-25T22:32:22Z
rayon-tiled,cpu,Apple M1 Pro,f64,256,1,13.109120281291206,0.0,2.559625,2.5555830000000004,0.0023395456182771033,512,5,Pauls-MacBook-Pro,25fcce9-dirty,2026-09-25T22:32:22Z
rayon-tiled,cpu,Apple M1 Pro,f64,256,1,13.108055095781639,0.0,2.5598330000000002,2.5545,0.010649128424429825,1024,5,Pauls-MacBook-Pro,25fcce9-dirty,2026-09-25T22:32:22Z
rayon-tiled,cpu,Apple M1 Pro,f64,256,1,12.882842282238654,0.0,2.6045830000000003,2.555417,0.04361215925404296,2048,5,Pauls-MacBook-Pro,25fcce9-dirty,2026-09-25T22:32:22Z
rayon-tiled,cpu,Apple M1 Pro,f64,256,2,23.280816989768205,0.0,1.4412909999999999,1.406167,0.05756856624669404,512,5,Pauls-MacBook-Pro,25fcce9-dirty,2026-09-25T22:32:22Z
rayon-tiled,cpu,Apple M1 Pro,f64,256,2,24.019642680739146,0.0,1.396958,1.389291,0.012012539169551134,1024,5,Pauls-MacBook-Pro,25fcce9-dirty,2026-09-25T22:32:22Z
rayon-tiled,cpu,Apple M1 Pro,f64,256,2,24.10232113124441,0.0,1.392166,1.3610829999999998,0.01576273823610614,2048,5,Pauls-MacBook-Pro,25fcce9-dirty,2026-09-25T22:32:22Z
rayon-tiled,cpu,Apple M1 Pro,f64,256,4,46.45819591554171,0.0,0.7222500000000001,0.703291,0.04441798347291332,512,5,Pauls-MacBook-Pro,25fcce9-dirty,2026-09-25T22:32:22Z
rayon-tiled,cpu,Apple M1 Pro,f64,256,4,46.519964896276264,0.0,0.721291,0.703375,0.019123746081769644,1024,5,Pauls-MacBook-Pro,25fcce9-dirty,2026-09-25T22:32:22Z
rayon-tiled,cpu,Apple M1 Pro,f64,256,4,47.318077912920856,0.0,0.709125,0.696916,0.030264146670606826,2048,5,Pauls-MacBook-Pro,25fcce9-dirty,2026-09-25T22:32:22Z
rayon-tiled,cpu,Apple M1 Pro,f64,256,8,73.92879537317543,0.0,0.45387500000000003,0.38387499999999997,0.0374618206017807,512,5,Pauls-MacBook-Pro,25fcce9-dirty,2026-09-25T22:32:22Z
rayon-tiled,cpu,Apple M1 Pro,f64,256,8,65.11731600723473,0.0,0.515292,0.502917,0.04959848298083322,1024,5,Pauls-MacBook-Pro,25fcce9-dirty,2026-09-25T22:32:22Z
rayon-tiled,cpu,Apple M1 Pro,f64,256,8,71.94732136156526,0.0,0.466375,0.463958,0.014371609071360104,2048,5,Pauls-MacBook-Pro,25fcce9-dirty,2026-09-25T22:32:22Z
rayon-tiled,cpu,Apple M1 Pro,f64,256,10,72.21178177060132,0.0,0.464667,0.427917,0.02451439288458924,512,5,Pauls-MacBook-Pro,25fcce9-dirty,2026-09-25T22:32:22Z
rayon-tiled,cpu,Apple M1 Pro,f64,256,10,67.82674223986675,0.0,0.4947079999999999,0.443833,0.041835783992892984,1024,5,Pauls-MacBook-Pro,25fcce9-dirty,2026-09-25T22:32:22Z
rayon-tiled,cpu,Apple M1 Pro,f64,256,10,74.73147438752783,0.0,0.449,0.43150000000000005,0.016927214079700152,2048,5,Pauls-MacBook-Pro,25fcce9-dirty,2026-09-25T22:32:22Z
static-ikj,cpu,Apple M1 Pro,f64,256,1,13.044352716249135,0.0,2.572334,2.555417,0.023596302797260438,,5,Pauls-MacBook-Pro,25fcce9-dirty,2026-09-25T22:32:22Z
static-ikj,cpu,Apple M1 Pro,f64,256,2,24.722366550009212,0.0,1.3572499999999998,1.319042,0.054613531608933695,,5,Pauls-MacBook-Pro,25fcce9-dirty,2026-09-25T22:32:22Z
static-ikj,cpu,Apple M1 Pro,f64,256,4,47.10769178932236,0.0,0.712292,0.7070839999999999,0.015897695200877415,,5,Pauls-MacBook-Pro,25fcce9-dirty,2026-09-25T22:32:22Z
static-ikj,cpu,Apple M1 Pro,f64,256,8,50.470391105148046,0.0,0.664834,0.44258299999999995,0.11108250591204721,,5,Pauls-MacBook-Pro,25fcce9-dirty,2026-09-25T22:32:22Z
static-ikj,cpu,Apple M1 Pro,f64,256,10,58.96652971133942,0.0,0.5690419999999999,0.539833,0.017458218299700543,,5,Pauls-MacBook-Pro,25fcce9-dirty,2026-09-25T22:32:22Z
static-tiled,cpu,Apple M1 Pro,f64,256,1,13.115740601399427,0.0,2.5583329999999997,2.551834,0.012755560838316674,512,5,Pauls-MacBook-Pro,25fcce9-dirty,2026-09-25T22:32:22Z
static-tiled,cpu,Apple M1 Pro,f64,256,1,13.106775053777552,0.0,2.560083,2.5523339999999997,0.003719286853685952,1024,5,Pauls-MacBook-Pro,25fcce9-dirty,2026-09-25T22:32:22Z
static-tiled,cpu,Apple M1 Pro,f64,256,1,12.965596441056446,0.0,2.587959,2.556791,0.06762281578136183,2048,5,Pauls-MacBook-Pro,25fcce9-dirty,2026-09-25T22:32:22Z
static-tiled,cpu,Apple M1 Pro,f64,256,2,24.648217592609598,0.0,1.361333,1.327917,0.02390673792469397,512,5,Pauls-MacBook-Pro,25fcce9-dirty,2026-09-25T22:32:22Z
static-tiled,cpu,Apple M1 Pro,f64,256,2,24.621088570646588,0.0,1.362833,1.3584580000000002,0.05032536610597084,1024,5,Pauls-MacBook-Pro,25fcce9-dirty,2026-09-25T22:32:22Z
static-tiled,cpu,Apple M1 Pro,f64,256,2,24.729199078765546,0.0,1.356875,1.34575,0.007768162060616414,2048,5,Pauls-MacBook-Pro,25fcce9-dirty,2026-09-25T22:32:22Z
static-tiled,cpu,Apple M1 Pro,f64,256,4,45.97020209147068,0.0,0.7299169999999999,0.720958,0.022132247621965594,512,5,Pauls-MacBook-Pro,25fcce9-dirty,2026-09-25T22:32:22Z
static-tiled,cpu,Apple M1 Pro,f64,256,4,46.46359978176763,0.0,0.722166,0.7175,0.0108670536807361,1024,5,Pauls-MacBook-Pro,25fcce9-dirty,2026-09-25T22:32:22Z
static-tiled,cpu,Apple M1 Pro,f64,256,4,47.02246550156044,0.0,0.713583,0.7060000000000001,0.021831475976213783,2048,5,Pauls-MacBook-Pro,25fcce9-dirty,2026-09-25T22:32:22Z
static-tiled,cpu,Apple M1 Pro,f64,256,8,79.08334826016046,0.0,0.424292,0.42174999999999996,0.005525805126857083,512,5,Pauls-MacBook-Pro,25fcce9-dirty,2026-09-25T22:32:22Z
static-tiled,cpu,Apple M1 Pro,f64,256,8,75.80781022310082,0.0,0.442625,0.419042,0.06677824943422819,1024,5,Pauls-MacBook-Pro,25fcce9-dirty,2026-09-25T22:32:22Z
static-tiled,cpu,Apple M1 Pro,f64,256,8,53.884697161430395,0.0,0.622708,0.45716700000000005,0.0861690164096121,2048,5,Pauls-MacBook-Pro,25fcce9-dirty,2026-09-25T22:32:22Z
static-tiled,cpu,Apple M1 Pro,f64,256,10,62.674633667989724,0.0,0.535375,0.520333,0.02600341033018555,512,5,Pauls-MacBook-Pro,25fcce9-dirty,2026-09-25T22:32:22Z
static-tiled,cpu,Apple M1 Pro,f64,256,10,60.59042490759149,0.0,0.553791,0.551875,0.018339285365029948,1024,5,Pauls-MacBook-Pro,25fcce9-dirty,2026-09-25T22:32:22Z
static-tiled,cpu,Apple M1 Pro,f64,256,10,57.65366323024055,0.0,0.5820000000000001,0.5090830000000001,0.040441118549070794,2048,5,Pauls-MacBook-Pro,25fcce9-dirty,2026-09-25T22:32:22Z
accelerate-blas,amx,Apple M1 Pro,f64,256,1,329.23292483098993,4.306914586639693e-17,0.101917,0.10183400000000001,0.004114584511223461,,5,Pauls-MacBook-Pro,25fcce9-dirty,2026-09-25T22:32:22Z
naive-ijk,cpu,Apple M1 Pro,f64,512,1,2.17030804852281,0.0,123.685417,123.383958,2.0810921999691128,,5,Pauls-MacBook-Pro,25fcce9-dirty,2026-09-25T22:32:22Z
ikj,cpu,Apple M1 Pro,f64,512,1,13.257517461657052,0.0,20.247792,20.188375,0.048525916558062446,,5,Pauls-MacBook-Pro,25fcce9-dirty,2026-09-25T22:32:22Z
tiled,cpu,Apple M1 Pro,f64,512,1,13.27798352471335,0.0,20.216583,20.186625,0.02700952674150366,512,5,Pauls-MacBook-Pro,25fcce9-dirty,2026-09-25T22:32:22Z
tiled,cpu,Apple M1 Pro,f64,512,1,13.26871288933635,0.0,20.230708,20.196375,0.02780012565079588,1024,5,Pauls-MacBook-Pro,25fcce9-dirty,2026-09-25T22:32:22Z
tiled,cpu,Apple M1 Pro,f64,512,1,13.222960302665307,0.0,20.300708,20.228625,0.17673266776603652,2048,5,Pauls-MacBook-Pro,25fcce9-dirty,2026-09-25T22:32:22Z
rayon-ikj,cpu,Apple M1 Pro,f64,512,1,13.232982470635312,0.0,20.285332999999998,20.269792,0.15941679190662475,,5,Pauls-MacBook-Pro,25fcce9-dirty,2026-09-25T22:32:22Z
rayon-ikj,cpu,Apple M1 Pro,f64,512,2,25.58386027948868,0.0,10.492375,10.441707999999998,0.09164060579623004,,5,Pauls-MacBook-Pro,25fcce9-dirty,2026-09-25T22:32:22Z
rayon-ikj,cpu,Apple M1 Pro,f64,512,4,49.16175193443522,0.0,5.46025,5.353833,0.0697766675529864,,5,Pauls-MacBook-Pro,25fcce9-dirty,2026-09-25T22:32:22Z
rayon-ikj,cpu,Apple M1 Pro,f64,512,8,82.43066359588516,0.0,3.2565,3.032458,0.11289770014176549,,5,Pauls-MacBook-Pro,25fcce9-dirty,2026-09-25T22:32:22Z
rayon-ikj,cpu,Apple M1 Pro,f64,512,10,91.03879931478951,0.0,2.9485829999999997,2.738916,0.15843214221773305,,5,Pauls-MacBook-Pro,25fcce9-dirty,2026-09-25T22:32:22Z
rayon-tiled,cpu,Apple M1 Pro,f64,512,1,13.242366542321287,0.0,20.270958,20.221458000000002,0.10314558391273958,512,5,Pauls-MacBook-Pro,25fcce9-dirty,2026-09-25T22:32:22Z
rayon-tiled,cpu,Apple M1 Pro,f64,512,1,13.210298380436459,0.0,20.320166,20.255167,0.20314273833366536,1024,5,Pauls-MacBook-Pro,25fcce9-dirty,2026-09-25T22:32:22Z
rayon-tiled,cpu,Apple M1 Pro,f64,512,1,13.258309118136133,0.0,20.246582999999998,20.222875000000002,0.18922006561329513,2048,5,Pauls-MacBook-Pro,25fcce9-dirty,2026-09-25T22:32:22Z
rayon-tiled,cpu,Apple M1 Pro,f64,512,2,25.572994826153757,0.0,10.496833,10.2775,0.13711930323444638,512,5,Pauls-MacBook-Pro,25fcce9-dirty,2026-09-25T22:32:22Z
rayon-tiled,cpu,Apple M1 Pro,f64,512,2,25.643227165544335,0.0,10.468084000000001,10.328292,0.11533144557231613,1024,5,Pauls-MacBook-Pro,25fcce9-dirty,2026-09-25T22:32:22Z
rayon-tiled,cpu,Apple M1 Pro,f64,512,2,25.55807901373318,0.0,10.502958999999999,10.305417,0.12783898060763788,2048,5,Pauls-MacBook-Pro,25fcce9-dirty,2026-09-25T22:32:22Z
rayon-tiled,cpu,Apple M1 Pro,f64,512,4,49.011403322987036,0.0,5.477,5.370208,0.05884272148957765,512,5,Pauls-MacBook-Pro,25fcce9-dirty,2026-09-25T22:32:22Z
rayon-tiled,cpu,Apple M1 Pro,f64,512,4,49.60769194661557,0.0,5.411166000000001,5.398333,0.04543621534965226,1024,5,Pauls-MacBook-Pro,25fcce9-dirty,2026-09-25T22:32:22Z
rayon-tiled,cpu,Apple M1 Pro,f64,512,4,48.98680706236598,0.0,5.47975,5.377167,0.051320963742899614,2048,5,Pauls-MacBook-Pro,25fcce9-dirty,2026-09-25T22:32:22Z
rayon-tiled,cpu,Apple M1 Pro,f64,512,8,93.41489561985856,0.0,2.873583,2.8004160000000002,0.09743296295915464,512,5,Pauls-MacBook-Pro,25fcce9-dirty,2026-09-25T22:32:22Z
rayon-tiled,cpu,Apple M1 Pro,f64,512,8,79.45208272225368,0.0,3.378583,3.004375,0.24104073012812574,1024,5,Pauls-MacBook-Pro,25fcce9-dirty,2026-09-25T22:32:22Z
rayon-tiled,cpu,Apple M1 Pro,f64,512,8,81.02794581745464,0.0,3.312875,2.857333,0.31296821097005995,2048,5,Pauls-MacBook-Pro,25fcce9-dirty,2026-09-25T22:32:22Z
rayon-tiled,cpu,Apple M1 Pro,f64,512,10,92.28153702032573,0.0,2.908875,2.817666,0.1688143217997216,512,5,Pauls-MacBook-Pro,25fcce9-dirty,2026-09-25T22:32:22Z
rayon-tiled,cpu,Apple M1 Pro,f64,512,10,89.7639946790759,0.0,2.9904580000000003,2.8301670000000003,0.11798818564373287,1024,5,Pauls-MacBook-Pro,25fcce9-dirty,2026-09-25T22:32:22Z
rayon-tiled,cpu,Apple M1 Pro,f64,512,10,93.92696009016356,0.0,2.857917,2.8197500000000004,0.17353742508260278,2048,5,Pauls-MacBook-Pro,25fcce9-dirty,2026-09-25T22:32:22Z
static-ikj,cpu,Apple M1 Pro,f64,512,1,12.863702300789063,0.0,20.867667,20.731167000000003,0.2601402745529788,,5,Pauls-MacBook-Pro,25fcce9-dirty,2026-09-25T22:32:22Z
static-ikj,cpu,Apple M1 Pro,f64,512,2,25.535186482597894,0.0,10.512374999999999,10.312541999999999,0.17037651369745807,,5,Pauls-MacBook-Pro,25fcce9-dirty,2026-09-25T22:32:22Z
static-ikj,cpu,Apple M1 Pro,f64,512,4,49.20530474572338,0.0,5.455417,5.342792,0.058279613264845875,,5,Pauls-MacBook-Pro,25fcce9-dirty,2026-09-25T22:32:22Z
static-ikj,cpu,Apple M1 Pro,f64,512,8,95.93264159453012,0.0,2.798166,2.776708,0.023210942854610544,,5,Pauls-MacBook-Pro,25fcce9-dirty,2026-09-25T22:32:22Z
static-ikj,cpu,Apple M1 Pro,f64,512,10,74.63537510860877,0.0,3.596625,3.265209,0.2200939920970129,,5,Pauls-MacBook-Pro,25fcce9-dirty,2026-09-25T22:32:22Z
static-tiled,cpu,Apple M1 Pro,f64,512,1,13.126641915489381,0.0,20.449667,20.260125,0.13869648432458634,512,5,Pauls-MacBook-Pro,25fcce9-dirty,2026-09-25T22:32:22Z
static-tiled,cpu,Apple M1 Pro,f64,512,1,13.066685618322097,0.0,20.543499999999998,20.282333,0.30382694671029387,1024,5,Pauls-MacBook-Pro,25fcce9-dirty,2026-09-25T22:32:22Z
static-tiled,cpu,Apple M1 Pro,f64,512,1,13.219839747851566,0.0,20.305500000000002,20.274166,0.13272965852325513,2048,5,Pauls-MacBook-Pro,25fcce9-dirty,2026-09-25T22:32:22Z
static-tiled,cpu,Apple M1 Pro,f64,512,2,25.60297642023623,0.0,10.484541,10.401499999999999,0.0633031078210231,512,5,Pauls-MacBook-Pro,25fcce9-dirty,2026-09-25T22:32:22Z
static-tiled,cpu,Apple M1 Pro,f64,512,2,25.475612221288156,0.0,10.536958,10.446792,0.09947924167282332,1024,5,Pauls-MacBook-Pro,25fcce9-dirty,2026-09-25T22:32:22Z
static-tiled,cpu,Apple M1 Pro,f64,512,2,25.45648535425977,0.0,10.544875000000001,10.391167,0.09352314595435704,2048,5,Pauls-MacBook-Pro,25fcce9-dirty,2026-09-25T22:32:22Z
static-tiled,cpu,Apple M1 Pro,f64,512,4,49.42500497591034,0.0,5.431166999999999,5.419791,0.02189518979821809,512,5,Pauls-MacBook-Pro,25fcce9-dirty,2026-09-25T22:32:22Z
static-tiled,cpu,Apple M1 Pro,f64,512,4,49.410985460657926,0.0,5.432708,5.404,0.022208634958051535,1024,5,Pauls-MacBook-Pro,25fcce9-dirty,2026-09-25T22:32:22Z
static-tiled,cpu,Apple M1 Pro,f64,512,4,49.380308578805725,0.0,5.436083,5.333082999999999,0.04682437473688279,2048,5,Pauls-MacBook-Pro,25fcce9-dirty,2026-09-25T22:32:22Z
static-tiled,cpu,Apple M1 Pro,f64,512,8,96.79890232138833,0.0,2.773125,2.768459,0.015441876058303463,512,5,Pauls-MacBook-Pro,25fcce9-dirty,2026-09-25T22:32:22Z
static-tiled,cpu,Apple M1 Pro,f64,512,8,95.40555546670221,0.0,2.813625,2.781792,0.546709195902904,1024,5,Pauls-MacBook-Pro,25fcce9-dirty,2026-09-25T22:32:22Z
static-tiled,cpu,Apple M1 Pro,f64,512,8,96.6841277805171,0.0,2.7764170000000004,2.7655420000000004,0.044376886768902314,2048,5,Pauls-MacBook-Pro,25fcce9-dirty,2026-09-25T22:32:22Z
static-tiled,cpu,Apple M1 Pro,f64,512,10,74.1577223657388,0.0,3.6197909999999998,3.568459,0.16191200598534997,512,5,Pauls-MacBook-Pro,25fcce9-dirty,2026-09-25T22:32:22Z
static-tiled,cpu,Apple M1 Pro,f64,512,10,73.41993115192253,0.0,3.6561660000000002,3.599375,0.14737045886913705,1024,5,Pauls-MacBook-Pro,25fcce9-dirty,2026-09-25T22:32:22Z
static-tiled,cpu,Apple M1 Pro,f64,512,10,74.71500047873631,0.0,3.592792,3.2708749999999998,0.14813064235903398,2048,5,Pauls-MacBook-Pro,25fcce9-dirty,2026-09-25T22:32:22Z
accelerate-blas,amx,Apple M1 Pro,f64,512,1,466.81017386556107,2.3083202559600953e-17,0.575042,0.571042,0.012910026847377187,,5,Pauls-MacBook-Pro,25fcce9-dirty,2026-09-25T22:32:22Z
naive-ijk,cpu,Apple M1 Pro,f64,1024,1,1.5863336027720236,0.0,1353.74025,1341.788833,6.97369913889761,,5,Pauls-MacBook-Pro,25fcce9-dirty,2026-09-25T22:32:22Z
ikj,cpu,Apple M1 Pro,f64,1024,1,12.821180620317024,0.0,167.495,166.69504099999997,1.147336832353611,,5,Pauls-MacBook-Pro,25fcce9-dirty,2026-09-25T22:32:22Z
tiled,cpu,Apple M1 Pro,f64,1024,1,11.199483273028457,0.0,191.748458,191.40462499999998,0.20618053517125112,512,5,Pauls-MacBook-Pro,25fcce9-dirty,2026-09-25T22:32:22Z
tiled,cpu,Apple M1 Pro,f64,1024,1,12.845056497056019,0.0,167.183667,166.449792,0.9830481209327948,1024,5,Pauls-MacBook-Pro,25fcce9-dirty,2026-09-25T22:32:22Z
tiled,cpu,Apple M1 Pro,f64,1024,1,12.90171607527854,0.0,166.449458,166.33575000000002,0.34802607436268357,2048,5,Pauls-MacBook-Pro,25fcce9-dirty,2026-09-25T22:32:22Z
rayon-ikj,cpu,Apple M1 Pro,f64,1024,1,12.71013127869286,0.0,168.958416,166.831292,1.3399180207728403,,5,Pauls-MacBook-Pro,25fcce9-dirty,2026-09-25T22:32:22Z
rayon-ikj,cpu,Apple M1 Pro,f64,1024,2,24.93441384134191,0.0,86.125291,86.089959,0.43603113814531663,,5,Pauls-MacBook-Pro,25fcce9-dirty,2026-09-25T22:32:22Z
rayon-ikj,cpu,Apple M1 Pro,f64,1024,4,47.934591496291844,0.0,44.800291,44.451625,0.38885781347274107,,5,Pauls-MacBook-Pro,25fcce9-dirty,2026-09-25T22:32:22Z
rayon-ikj,cpu,Apple M1 Pro,f64,1024,8,93.34010956538906,0.0,23.007083,22.852792,0.2311944661550094,,5,Pauls-MacBook-Pro,25fcce9-dirty,2026-09-25T22:32:22Z
rayon-ikj,cpu,Apple M1 Pro,f64,1024,10,99.40174956743131,0.0,21.604083,21.310208,0.2986461347762601,,5,Pauls-MacBook-Pro,25fcce9-dirty,2026-09-25T22:32:22Z
rayon-tiled,cpu,Apple M1 Pro,f64,1024,1,11.057374881876987,0.0,194.212792,191.98725,2.430233246152375,512,5,Pauls-MacBook-Pro,25fcce9-dirty,2026-09-25T22:32:22Z
rayon-tiled,cpu,Apple M1 Pro,f64,1024,1,12.865288755292557,0.0,166.92075,166.342416,0.6302768999462108,1024,5,Pauls-MacBook-Pro,25fcce9-dirty,2026-09-25T22:32:22Z
rayon-tiled,cpu,Apple M1 Pro,f64,1024,1,12.90029188461718,0.0,166.467834,166.386875,0.7498807792567335,2048,5,Pauls-MacBook-Pro,25fcce9-dirty,2026-09-25T22:32:22Z
rayon-tiled,cpu,Apple M1 Pro,f64,1024,2,20.822552732922436,0.0,103.132583,100.82249999999999,3.8065299065100913,512,5,Pauls-MacBook-Pro,25fcce9-dirty,2026-09-25T22:32:22Z
rayon-tiled,cpu,Apple M1 Pro,f64,1024,2,24.908757835154386,0.0,86.214,85.98708400000001,0.7072264974150728,1024,5,Pauls-MacBook-Pro,25fcce9-dirty,2026-09-25T22:32:22Z
rayon-tiled,cpu,Apple M1 Pro,f64,1024,2,24.886386816778014,0.0,86.2915,86.0895,0.8098891557826301,2048,5,Pauls-MacBook-Pro,25fcce9-dirty,2026-09-25T22:32:22Z
rayon-tiled,cpu,Apple M1 Pro,f64,1024,4,40.61585198748353,0.0,52.873042000000005,52.256791,0.4363731098930139,512,5,Pauls-MacBook-Pro,25fcce9-dirty,2026-09-25T22:32:22Z
rayon-tiled,cpu,Apple M1 Pro,f64,1024,4,48.22482555673374,0.0,44.530667,44.311375,0.14920036783701202,1024,5,Pauls-MacBook-Pro,25fcce9-dirty,2026-09-25T22:32:22Z
rayon-tiled,cpu,Apple M1 Pro,f64,1024,4,48.04222898221489,0.0,44.699917,44.036832999999994,0.5681177831227461,2048,5,Pauls-MacBook-Pro,25fcce9-dirty,2026-09-25T22:32:22Z
rayon-tiled,cpu,Apple M1 Pro,f64,1024,8,81.57363319535415,0.0,26.325708,26.248667,0.85467202140248,512,5,Pauls-MacBook-Pro,25fcce9-dirty,2026-09-25T22:32:22Z
rayon-tiled,cpu,Apple M1 Pro,f64,1024,8,94.80117638229775,0.0,22.6525,22.446875000000002,0.4336556757030851,1024,5,Pauls-MacBook-Pro,25fcce9-dirty,2026-09-25T22:32:22Z
rayon-tiled,cpu,Apple M1 Pro,f64,1024,8,95.21344080851215,0.0,22.554417,22.482083,0.39766335949669823,2048,5,Pauls-MacBook-Pro,25fcce9-dirty,2026-09-25T22:32:22Z
rayon-tiled,cpu,Apple M1 Pro,f64,1024,10,80.27601132657351,0.0,26.751250000000002,26.701708,0.18597203304932672,512,5,Pauls-MacBook-Pro,25fcce9-dirty,2026-09-25T22:32:22Z
rayon-tiled,cpu,Apple M1 Pro,f64,1024,10,93.85649998907365,0.0,22.8805,22.69875,0.15634735429325303,1024,5,Pauls-MacBook-Pro,25fcce9-dirty,2026-09-25T22:32:22Z
rayon-tiled,cpu,Apple M1 Pro,f64,1024,10,89.04762469094848,0.0,24.116125,22.675459,3.3496391569296393,2048,5,Pauls-MacBook-Pro,25fcce9-dirty,2026-09-25T22:32:22Z
static-ikj,cpu,Apple M1 Pro,f64,1024,1,12.880245653435791,0.0,166.72691700000001,166.66575,0.035915283192534314,,5,Pauls-MacBook-Pro,25fcce9-dirty,2026-09-25T22:32:22Z
static-ikj,cpu,Apple M1 Pro,f64,1024,2,24.7879886292273,0.0,86.634042,86.180917,2.177981254824132,,5,Pauls-MacBook-Pro,25fcce9-dirty,2026-09-25T22:32:22Z
static-ikj,cpu,Apple M1 Pro,f64,1024,4,48.094591931916796,0.0,44.651250000000005,44.418666,0.18888732559650417,,5,Pauls-MacBook-Pro,25fcce9-dirty,2026-09-25T22:32:22Z
static-ikj,cpu,Apple M1 Pro,f64,1024,8,95.22786785508403,0.0,22.551000000000002,22.385915999999998,0.6755871590791971,,5,Pauls-MacBook-Pro,25fcce9-dirty,2026-09-25T22:32:22Z
static-ikj,cpu,Apple M1 Pro,f64,1024,10,73.81275272037726,0.0,29.093667,24.562542,2.2321852725341147,,5,Pauls-MacBook-Pro,25fcce9-dirty,2026-09-25T22:32:22Z
static-tiled,cpu,Apple M1 Pro,f64,1024,1,11.182126723292102,0.0,192.046084,191.47,1.4625590019893882,512,5,Pauls-MacBook-Pro,25fcce9-dirty,2026-09-25T22:32:22Z
static-tiled,cpu,Apple M1 Pro,f64,1024,1,12.729556691991062,0.0,168.700584,166.398583,1.213493436225062,1024,5,Pauls-MacBook-Pro,25fcce9-dirty,2026-09-25T22:32:22Z
static-tiled,cpu,Apple M1 Pro,f64,1024,1,12.882740808229418,0.0,166.694625,166.495167,0.7485513115855899,2048,5,Pauls-MacBook-Pro,25fcce9-dirty,2026-09-25T22:32:22Z
static-tiled,cpu,Apple M1 Pro,f64,1024,2,20.682174759322177,0.0,103.83258400000001,102.618792,1.5108403916525415,512,5,Pauls-MacBook-Pro,25fcce9-dirty,2026-09-25T22:32:22Z
static-tiled,cpu,Apple M1 Pro,f64,1024,2,24.92873314858496,0.0,86.144917,86.122541,1.1982406841126716,1024,5,Pauls-MacBook-Pro,25fcce9-dirty,2026-09-25T22:32:22Z
static-tiled,cpu,Apple M1 Pro,f64,1024,2,24.925646989121994,0.0,86.155583,86.047,1.2199321572064221,2048,5,Pauls-MacBook-Pro,25fcce9-dirty,2026-09-25T22:32:22Z
static-tiled,cpu,Apple M1 Pro,f64,1024,4,40.46689386213266,0.0,53.067667,51.9485,2.581618342946724,512,5,Pauls-MacBook-Pro,25fcce9-dirty,2026-09-25T22:32:22Z
static-tiled,cpu,Apple M1 Pro,f64,1024,4,48.132364809390246,0.0,44.616209,44.281166,0.20743951215161685,1024,5,Pauls-MacBook-Pro,25fcce9-dirty,2026-09-25T22:32:22Z
static-tiled,cpu,Apple M1 Pro,f64,1024,4,48.11663767920587,0.0,44.630792,44.087792,0.33538227509634416,2048,5,Pauls-MacBook-Pro,25fcce9-dirty,2026-09-25T22:32:22Z
static-tiled,cpu,Apple M1 Pro,f64,1024,8,81.65596004071004,0.0,26.299166,26.234791,0.310807674998061,512,5,Pauls-MacBook-Pro,25fcce9-dirty,2026-09-25T22:32:22Z
static-tiled,cpu,Apple M1 Pro,f64,1024,8,86.22715396669209,0.0,24.904958,22.461875,3.018259467483819,1024,5,Pauls-MacBook-Pro,25fcce9-dirty,2026-09-25T22:32:22Z
static-tiled,cpu,Apple M1 Pro,f64,1024,8,95.64031166286254,0.0,22.453750000000003,22.422708,1.1347377796262883,2048,5,Pauls-MacBook-Pro,25fcce9-dirty,2026-09-25T22:32:22Z
static-tiled,cpu,Apple M1 Pro,f64,1024,10,75.47090329395837,0.0,28.454458,27.835708,3.384624855497103,512,5,Pauls-MacBook-Pro,25fcce9-dirty,2026-09-25T22:32:22Z
static-tiled,cpu,Apple M1 Pro,f64,1024,10,85.45965598993179,0.0,25.128625000000003,24.596583000000003,1.5343384273691054,1024,5,Pauls-MacBook-Pro,25fcce9-dirty,2026-09-25T22:32:22Z
static-tiled,cpu,Apple M1 Pro,f64,1024,10,75.82308832915078,0.0,28.322291999999997,24.632,2.3153892898408674,2048,5,Pauls-MacBook-Pro,25fcce9-dirty,2026-09-25T22:32:22Z
accelerate-blas,amx,Apple M1 Pro,f64,1024,1,493.1170095779093,1.1180661282986313e-17,4.3549169999999995,4.264709,0.18170729790737644,,5,Pauls-MacBook-Pro,25fcce9-dirty,2026-09-25T22:32:22Z
naive-ijk,cpu,Apple M1 Pro,f64,2048,1,0.6782685029024575,0.0,25329.00925,25325.697792,36.75732845931953,,5,Pauls-MacBook-Pro,25fcce9-dirty,2026-09-25T22:32:22Z
ikj,cpu,Apple M1 Pro,f64,2048,1,12.848735104606181,0.0,1337.086417,1335.006333,3.2050437410778447,,5,Pauls-MacBook-Pro,25fcce9-dirty,2026-09-25T22:32:22Z
tiled,cpu,Apple M1 Pro,f64,2048,1,10.267390986534135,0.0,1673.245833,1669.221709,3.6209453107752774,512,5,Pauls-MacBook-Pro,25fcce9-dirty,2026-09-25T22:32:22Z
tiled,cpu,Apple M1 Pro,f64,2048,1,7.058706579340872,0.0,2433.855125,2429.8196669999998,4.967995028208649,1024,5,Pauls-MacBook-Pro,25fcce9-dirty,2026-09-25T22:32:22Z
tiled,cpu,Apple M1 Pro,f64,2048,1,12.847402721919027,0.0,1337.225084,1335.0148749999998,1.2708197517358035,2048,5,Pauls-MacBook-Pro,25fcce9-dirty,2026-09-25T22:32:22Z
rayon-ikj,cpu,Apple M1 Pro,f64,2048,1,12.83382646392175,0.0,1338.6396670000001,1334.4638340000001,4.356070594325429,,5,Pauls-MacBook-Pro,25fcce9-dirty,2026-09-25T22:32:22Z
rayon-ikj,cpu,Apple M1 Pro,f64,2048,2,23.642992487830575,0.0,726.636833,712.5965829999999,10.527813035329272,,5,Pauls-MacBook-Pro,25fcce9-dirty,2026-09-25T22:32:22Z
rayon-ikj,cpu,Apple M1 Pro,f64,2048,4,34.24411878544467,0.0,501.68816699999996,492.20000000000005,14.162081790126159,,5,Pauls-MacBook-Pro,25fcce9-dirty,2026-09-25T22:32:22Z
rayon-ikj,cpu,Apple M1 Pro,f64,2048,8,81.31964394902597,0.0,211.26345799999999,209.700167,9.824483008512743,,5,Pauls-MacBook-Pro,25fcce9-dirty,2026-09-25T22:32:22Z
rayon-ikj,cpu,Apple M1 Pro,f64,2048,10,65.78502617708746,0.0,261.151666,248.499625,13.547412537273445,,5,Pauls-MacBook-Pro,25fcce9-dirty,2026-09-25T22:32:22Z
rayon-tiled,cpu,Apple M1 Pro,f64,2048,1,10.293417054370005,0.0,1669.015167,1666.499458,7.0145067201795674,512,5,Pauls-MacBook-Pro,25fcce9-dirty,2026-09-25T22:32:22Z
rayon-tiled,cpu,Apple M1 Pro,f64,2048,1,7.193130039231571,0.0,2388.371834,2383.811209,9.880693527652785,1024,5,Pauls-MacBook-Pro,25fcce9-dirty,2026-09-25T22:32:22Z
rayon-tiled,cpu,Apple M1 Pro,f64,2048,1,12.851443960078047,0.0,1336.8045829999999,1334.292875,4.388105252021522,2048,5,Pauls-MacBook-Pro,25fcce9-dirty,2026-09-25T22:32:22Z
rayon-tiled,cpu,Apple M1 Pro,f64,2048,2,20.35274813386062,0.0,844.1056249999999,833.293375,9.809138057438533,512,5,Pauls-MacBook-Pro,25fcce9-dirty,2026-09-25T22:32:22Z
rayon-tiled,cpu,Apple M1 Pro,f64,2048,2,14.106598080422907,0.0,1217.860542,1208.254709,5.134696526491629,1024,5,Pauls-MacBook-Pro,25fcce9-dirty,2026-09-25T22:32:22Z
rayon-tiled,cpu,Apple M1 Pro,f64,2048,2,23.71093991114742,0.0,724.5545410000001,708.641125,7.454742314076394,2048,5,Pauls-MacBook-Pro,25fcce9-dirty,2026-09-25T22:32:22Z
rayon-tiled,cpu,Apple M1 Pro,f64,2048,4,38.83505807175004,0.0,442.380417,434.179875,7.63503450474141,512,5,Pauls-MacBook-Pro,25fcce9-dirty,2026-09-25T22:32:22Z
rayon-tiled,cpu,Apple M1 Pro,f64,2048,4,25.769763523629376,0.0,666.667708,661.295833,3.35662877838684,1024,5,Pauls-MacBook-Pro,25fcce9-dirty,2026-09-25T22:32:22Z
rayon-tiled,cpu,Apple M1 Pro,f64,2048,4,33.295177797486986,0.0,515.986708,507.06137500000006,9.379839293180407,2048,5,Pauls-MacBook-Pro,25fcce9-dirty,2026-09-25T22:32:22Z
rayon-tiled,cpu,Apple M1 Pro,f64,2048,8,41.36728804490503,0.0,415.30083299999995,233.236583,193.6608394190245,512,5,Pauls-MacBook-Pro,25fcce9-dirty,2026-09-25T22:32:22Z
rayon-tiled,cpu,Apple M1 Pro,f64,2048,8,44.05007601542069,0.0,390.00770800000004,346.484042,59.2027522587153,1024,5,Pauls-MacBook-Pro,25fcce9-dirty,2026-09-25T22:32:22Z
rayon-tiled,cpu,Apple M1 Pro,f64,2048,8,77.08723158833735,0.0,222.862708,215.51904199999998,24.37788609339297,2048,5,Pauls-MacBook-Pro,25fcce9-dirty,2026-09-25T22:32:22Z
rayon-tiled,cpu,Apple M1 Pro,f64,2048,10,26.580132335410404,0.0,646.3425000000001,621.7415,28.3746759014993,512,5,Pauls-MacBook-Pro,25fcce9-dirty,2026-09-25T22:32:22Z
rayon-tiled,cpu,Apple M1 Pro,f64,2048,10,36.6450227612011,0.0,468.818625,421.51829200000003,31.643243992335325,1024,5,Pauls-MacBook-Pro,25fcce9-dirty,2026-09-25T22:32:22Z
rayon-tiled,cpu,Apple M1 Pro,f64,2048,10,64.2065083598426,0.0,267.572083,255.037167,6.87928508956811,2048,5,Pauls-MacBook-Pro,25fcce9-dirty,2026-09-25T22:32:22Z
static-ikj,cpu,Apple M1 Pro,f64,2048,1,12.832458034889175,0.0,1338.782417,1334.8642499999999,6.376163775560647,,5,Pauls-MacBook-Pro,25fcce9-dirty,2026-09-25T22:32:22Z
static-ikj,cpu,Apple M1 Pro,f64,2048,2,23.853707049809916,0.0,720.2180000000001,708.8078340000001,7.137892569512644,,5,Pauls-MacBook-Pro,25fcce9-dirty,2026-09-25T22:32:22Z
static-ikj,cpu,Apple M1 Pro,f64,2048,4,34.023144541110646,0.0,504.946542,503.117916,35.86072613274767,,5,Pauls-MacBook-Pro,25fcce9-dirty,2026-09-25T22:32:22Z
static-ikj,cpu,Apple M1 Pro,f64,2048,8,78.68339052883839,0.0,218.34175,210.177375,14.172724976397111,,5,Pauls-MacBook-Pro,25fcce9-dirty,2026-09-25T22:32:22Z
static-ikj,cpu,Apple M1 Pro,f64,2048,10,66.5484233334401,0.0,258.155916,248.182958,6.422554868250339,,5,Pauls-MacBook-Pro,25fcce9-dirty,2026-09-25T22:32:22Z
static-tiled,cpu,Apple M1 Pro,f64,2048,1,10.243746487405701,0.0,1677.108,1671.673375,5.3487732140656945,512,5,Pauls-MacBook-Pro,25fcce9-dirty,2026-09-25T22:32:22Z
static-tiled,cpu,Apple M1 Pro,f64,2048,1,7.059117105646692,0.0,2433.7135829999997,2427.733792,4.430914356295466,1024,5,Pauls-MacBook-Pro,25fcce9-dirty,2026-09-25T22:32:22Z
static-tiled,cpu,Apple M1 Pro,f64,2048,1,12.824037403478414,0.0,1339.6615000000002,1333.2244170000001,4.355209987305046,2048,5,Pauls-MacBook-Pro,25fcce9-dirty,2026-09-25T22:32:22Z
static-tiled,cpu,Apple M1 Pro,f64,2048,2,20.333858175355797,0.0,844.889791,841.069167,28.469025039231873,512,5,Pauls-MacBook-Pro,25fcce9-dirty,2026-09-25T22:32:22Z
static-tiled,cpu,Apple M1 Pro,f64,2048,2,14.067661645887366,0.0,1221.231333,1219.100958,9.588297253349038,1024,5,Pauls-MacBook-Pro,25fcce9-dirty,2026-09-25T22:32:22Z
static-tiled,cpu,Apple M1 Pro,f64,2048,2,23.829793480254793,0.0,720.94075,720.012125,1.2092860419479114,2048,5,Pauls-MacBook-Pro,25fcce9-dirty,2026-09-25T22:32:22Z
static-tiled,cpu,Apple M1 Pro,f64,2048,4,38.5135714777706,0.0,446.073125,434.138541,6.683612144859048,512,5,Pauls-MacBook-Pro,25fcce9-dirty,2026-09-25T22:32:22Z
static-tiled,cpu,Apple M1 Pro,f64,2048,4,26.401507713990714,0.0,650.715458,649.128875,3.8817222834986476,1024,5,Pauls-MacBook-Pro,25fcce9-dirty,2026-09-25T22:32:22Z
static-tiled,cpu,Apple M1 Pro,f64,2048,4,34.017011332006156,0.0,505.03758300000004,504.41166699999997,0.9495916928797458,2048,5,Pauls-MacBook-Pro,25fcce9-dirty,2026-09-25T22:32:22Z
static-tiled,cpu,Apple M1 Pro,f64,2048,8,73.75823358418694,0.0,232.921375,231.501166,10.394471428522449,512,5,Pauls-MacBook-Pro,25fcce9-dirty,2026-09-25T22:32:22Z
static-tiled,cpu,Apple M1 Pro,f64,2048,8,48.4966317379014,0.0,354.248709,342.75704099999996,13.007326731872364,1024,5,Pauls-MacBook-Pro,25fcce9-dirty,2026-09-25T22:32:22Z
static-tiled,cpu,Apple M1 Pro,f64,2048,8,77.06137004317354,0.0,222.9375,214.318084,10.492882040972205,2048,5,Pauls-MacBook-Pro,25fcce9-dirty,2026-09-25T22:32:22Z
static-tiled,cpu,Apple M1 Pro,f64,2048,10,64.54786662585417,0.0,266.157041,250.35666600000002,27.05711223286004,512,5,Pauls-MacBook-Pro,25fcce9-dirty,2026-09-25T22:32:22Z
static-tiled,cpu,Apple M1 Pro,f64,2048,10,49.896605876618956,0.0,344.309375,335.390291,28.073130454886154,1024,5,Pauls-MacBook-Pro,25fcce9-dirty,2026-09-25T22:32:22Z
static-tiled,cpu,Apple M1 Pro,f64,2048,10,64.98694086936212,0.0,264.358792,253.55870800000002,5.438438711611607,2048,5,Pauls-MacBook-Pro,25fcce9-dirty,2026-09-25T22:32:22Z
accelerate-blas,amx,Apple M1 Pro,f64,2048,1,439.01745979088196,6.673911013225907e-18,39.132542,37.179667,0.9903247756194417,,5,Pauls-MacBook-Pro,25fcce9-dirty,2026-09-25T22:32:22Z
naive-ijk,cpu,Apple M1 Pro,f64,4096,1,0.5246575489643348,0.0,261959.35566600002,261718.76704200002,141.25799267355612,,5,Pauls-MacBook-Pro,25fcce9-dirty,2026-09-25T22:32:22Z
ikj,cpu,Apple M1 Pro,f64,4096,1,12.855398196758049,0.0,10691.147125000001,10683.717250000002,7.413486626423343,,5,Pauls-MacBook-Pro,25fcce9-dirty,2026-09-25T22:32:22Z
tiled,cpu,Apple M1 Pro,f64,4096,1,7.066382152410505,0.0,19449.691583,19424.525417,17.898129525346842,512,5,Pauls-MacBook-Pro,25fcce9-dirty,2026-09-25T22:32:22Z
tiled,cpu,Apple M1 Pro,f64,4096,1,6.260073555585373,0.0,21954.846417,21943.889708,20.765727938118445,1024,5,Pauls-MacBook-Pro,25fcce9-dirty,2026-09-25T22:32:22Z
tiled,cpu,Apple M1 Pro,f64,4096,1,6.367966321986398,0.0,21582.864375,21554.765,54.74574800885206,2048,5,Pauls-MacBook-Pro,25fcce9-dirty,2026-09-25T22:32:22Z
rayon-ikj,cpu,Apple M1 Pro,f64,4096,1,12.84893370726159,0.0,10696.526,10690.784333,5.196909126833662,,5,Pauls-MacBook-Pro,25fcce9-dirty,2026-09-25T22:32:22Z
rayon-ikj,cpu,Apple M1 Pro,f64,4096,2,24.671022358059876,0.0,5570.86575,5561.2882500000005,5.028784591137373,,5,Pauls-MacBook-Pro,25fcce9-dirty,2026-09-25T22:32:22Z
rayon-ikj,cpu,Apple M1 Pro,f64,4096,4,30.97532150187167,0.0,4437.046875,4216.629834,116.39445155809143,,5,Pauls-MacBook-Pro,25fcce9-dirty,2026-09-25T22:32:22Z
rayon-ikj,cpu,Apple M1 Pro,f64,4096,8,57.013653216678,0.0,2410.632291,2123.641042,195.09919853380364,,5,Pauls-MacBook-Pro,25fcce9-dirty,2026-09-25T22:32:22Z
rayon-ikj,cpu,Apple M1 Pro,f64,4096,10,55.03099209474019,0.0,2497.48275,2420.792958,116.23849516901153,,5,Pauls-MacBook-Pro,25fcce9-dirty,2026-09-25T22:32:22Z
rayon-tiled,cpu,Apple M1 Pro,f64,4096,1,7.063180973251612,0.0,19458.506584,19448.705958000002,7.7072225476049345,512,5,Pauls-MacBook-Pro,25fcce9-dirty,2026-09-25T22:32:22Z
rayon-tiled,cpu,Apple M1 Pro,f64,4096,1,6.258734745701076,0.0,21959.542792,21933.091042,16.037553959745047,1024,5,Pauls-MacBook-Pro,25fcce9-dirty,2026-09-25T22:32:22Z
rayon-tiled,cpu,Apple M1 Pro,f64,4096,1,6.363596905246841,0.0,21597.68375,21591.765833,4.117591515104324,2048,5,Pauls-MacBook-Pro,25fcce9-dirty,2026-09-25T22:32:22Z
rayon-tiled,cpu,Apple M1 Pro,f64,4096,2,13.902978146193306,0.0,9885.576459,9871.957625000001,14.795525484151906,512,5,Pauls-MacBook-Pro,25fcce9-dirty,2026-09-25T22:32:22Z
rayon-tiled,cpu,Apple M1 Pro,f64,4096,2,12.789773947858126,0.0,10746.003333,10727.160292,22.666622412012455,1024,5,Pauls-MacBook-Pro,25fcce9-dirty,2026-09-25T22:32:22Z
rayon-tiled,cpu,Apple M1 Pro,f64,4096,2,11.027831663730256,0.0,12462.91725,12457.756,3.1389405712429714,2048,5,Pauls-MacBook-Pro,25fcce9-dirty,2026-09-25T22:32:22Z
rayon-tiled,cpu,Apple M1 Pro,f64,4096,4,26.32326397398604,0.0,5221.19725,5217.39775,17.75707415383208,512,5,Pauls-MacBook-Pro,25fcce9-dirty,2026-09-25T22:32:22Z
rayon-tiled,cpu,Apple M1 Pro,f64,4096,4,22.142892447722573,0.0,6206.910583,5919.820041,174.9105152399379,1024,5,Pauls-MacBook-Pro,25fcce9-dirty,2026-09-25T22:32:22Z
rayon-tiled,cpu,Apple M1 Pro,f64,4096,4,20.970759627570114,0.0,6553.837625,6513.690708,98.44536273652821,2048,5,Pauls-MacBook-Pro,25fcce9-dirty,2026-09-25T22:32:22Z
rayon-tiled,cpu,Apple M1 Pro,f64,4096,8,47.80687513847194,0.0,2874.878416,2835.629458,136.21240939419584,512,5,Pauls-MacBook-Pro,25fcce9-dirty,2026-09-25T22:32:22Z
rayon-tiled,cpu,Apple M1 Pro,f64,4096,8,28.146410606069487,0.0,4883.001083,4657.828917,609.594056388813,1024,5,Pauls-MacBook-Pro,25fcce9-dirty,2026-09-25T22:32:22Z
rayon-tiled,cpu,Apple M1 Pro,f64,4096,8,39.48827145290341,0.0,3480.500625,3410.837458,62.17660698319016,2048,5,Pauls-MacBook-Pro,25fcce9-dirty,2026-09-25T22:32:22Z
rayon-tiled,cpu,Apple M1 Pro,f64,4096,10,27.153391921048698,0.0,5061.5758749999995,4371.624374999999,594.6996887088799,512,5,Pauls-MacBook-Pro,25fcce9-dirty,2026-09-25T22:32:22Z
rayon-tiled,cpu,Apple M1 Pro,f64,4096,10,25.58335865555693,0.0,5372.201333,5133.029374999999,252.94922658959783,1024,5,Pauls-MacBook-Pro,25fcce9-dirty,2026-09-25T22:32:22Z
rayon-tiled,cpu,Apple M1 Pro,f64,4096,10,39.58758968545066,0.0,3471.7686670000003,3438.959708,207.59086796413732,2048,5,Pauls-MacBook-Pro,25fcce9-dirty,2026-09-25T22:32:22Z
static-ikj,cpu,Apple M1 Pro,f64,4096,1,12.84878350665081,0.0,10696.651041,10691.105209,4.576323083312198,,5,Pauls-MacBook-Pro,25fcce9-dirty,2026-09-25T22:32:22Z
static-ikj,cpu,Apple M1 Pro,f64,4096,2,24.693953247552905,0.0,5565.692625,5544.0255,11.732548200945974,,5,Pauls-MacBook-Pro,25fcce9-dirty,2026-09-25T22:32:22Z
static-ikj,cpu,Apple M1 Pro,f64,4096,4,31.228696553155224,0.0,4401.0467499999995,4286.347166,66.2747193726512,,5,Pauls-MacBook-Pro,25fcce9-dirty,2026-09-25T22:32:22Z
static-ikj,cpu,Apple M1 Pro,f64,4096,8,57.76250278787943,0.0,2379.380166,2221.599292,128.23740189262995,,5,Pauls-MacBook-Pro,25fcce9-dirty,2026-09-25T22:32:22Z
static-ikj,cpu,Apple M1 Pro,f64,4096,10,55.68514471229234,0.0,2468.143958,2390.607875,36.630075385790434,,5,Pauls-MacBook-Pro,25fcce9-dirty,2026-09-25T22:32:22Z
static-tiled,cpu,Apple M1 Pro,f64,4096,1,7.06306938706542,0.0,19458.814,19441.716083,11.143224862758618,512,5,Pauls-MacBook-Pro,25fcce9-dirty,2026-09-25T22:32:22Z
static-tiled,cpu,Apple M1 Pro,f64,4096,1,6.257158325555929,0.0,21965.07525,21952.600084,13.219787834879556,1024,5,Pauls-MacBook-Pro,25fcce9-dirty,2026-09-25T22:32:22Z
static-tiled,cpu,Apple M1 Pro,f64,4096,1,6.361352385915917,0.0,21605.304208,21593.205459,17.73776189903449,2048,5,Pauls-MacBook-Pro,25fcce9-dirty,2026-09-25T22:32:22Z
static-tiled,cpu,Apple M1 Pro,f64,4096,2,13.923060187255345,0.0,9871.317916,9866.298458,34.24033727962342,512,5,Pauls-MacBook-Pro,25fcce9-dirty,2026-09-25T22:32:22Z
static-tiled,cpu,Apple M1 Pro,f64,4096,2,12.819316212761297,0.0,10721.239042000001,10714.258083,40.12539368106903,1024,5,Pauls-MacBook-Pro,25fcce9-dirty,2026-09-25T22:32:22Z
static-tiled,cpu,Apple M1 Pro,f64,4096,2,11.031558811663153,0.0,12458.7065,12444.425582999998,14.612843772174312,2048,5,Pauls-MacBook-Pro,25fcce9-dirty,2026-09-25T22:32:22Z
static-tiled,cpu,Apple M1 Pro,f64,4096,4,26.38057994712759,0.0,5209.853375,5207.376292,3.917723911254815,512,5,Pauls-MacBook-Pro,25fcce9-dirty,2026-09-25T22:32:22Z
static-tiled,cpu,Apple M1 Pro,f64,4096,4,24.251376050344224,0.0,5667.264125,5648.75375,38.248318203387186,1024,5,Pauls-MacBook-Pro,25fcce9-dirty,2026-09-25T22:32:22Z
static-tiled,cpu,Apple M1 Pro,f64,4096,4,21.57639302207794,0.0,6369.87625,6202.28275,142.92996862811586,2048,5,Pauls-MacBook-Pro,25fcce9-dirty,2026-09-25T22:32:22Z
static-tiled,cpu,Apple M1 Pro,f64,4096,8,48.24014095255964,0.0,2849.0578749999995,2844.843875,18.81501876832216,512,5,Pauls-MacBook-Pro,25fcce9-dirty,2026-09-25T22:32:22Z
static-tiled,cpu,Apple M1 Pro,f64,4096,8,42.30266851706342,0.0,3248.942875,3171.713416,68.82479917234473,1024,5,Pauls-MacBook-Pro,25fcce9-dirty,2026-09-25T22:32:22Z
static-tiled,cpu,Apple M1 Pro,f64,4096,8,41.86799212242734,0.0,3282.6736250000004,3236.161541,61.965144084431806,2048,5,Pauls-MacBook-Pro,25fcce9-dirty,2026-09-25T22:32:22Z
static-tiled,cpu,Apple M1 Pro,f64,4096,10,45.209149108457915,0.0,3040.0694590000003,3027.517542,48.740151615516375,512,5,Pauls-MacBook-Pro,25fcce9-dirty,2026-09-25T22:32:22Z
static-tiled,cpu,Apple M1 Pro,f64,4096,10,37.45886859659848,0.0,3669.063125,3543.480541,141.1783581601265,1024,5,Pauls-MacBook-Pro,25fcce9-dirty,2026-09-25T22:32:22Z
static-tiled,cpu,Apple M1 Pro,f64,4096,10,41.863490361428305,0.0,3283.026625,3267.708125,46.060298205239405,2048,5,Pauls-MacBook-Pro,25fcce9-dirty,2026-09-25T22:32:22Z
accelerate-blas,amx,Apple M1 Pro,f64,4096,1,408.4542114602277,3.4226759867695466e-18,336.48558299999996,326.256583,5.5396012469478615,,5,Pauls-MacBook-Pro,25fcce9-dirty,2026-09-25T22:32:22Z
naive-ijk,cpu,Apple M1 Pro,i32,64,1,3.5605297113752123,0.0,0.14725,0.146583,0.0018676686804677087,,5,Pauls-MacBook-Pro,25fcce9-dirty,2026-09-25T22:32:22Z
ikj,cpu,Apple M1 Pro,i32,64,1,21.39951020408163,0.0,0.0245,0.024167,0.00018962726597195872,,5,Pauls-MacBook-Pro,25fcce9-dirty,2026-09-25T22:32:22Z
tiled,cpu,Apple M1 Pro,i32,64,1,21.50925128205128,0.0,0.024375,0.023459,0.0005946089471240744,512,5,Pauls-MacBook-Pro,25fcce9-dirty,2026-09-25T22:32:22Z
tiled,cpu,Apple M1 Pro,i32,64,1,21.148319954822316,0.0,0.024791,0.023541,0.0006108353296920541,1024,5,Pauls-MacBook-Pro,25fcce9-dirty,2026-09-25T22:32:22Z
tiled,cpu,Apple M1 Pro,i32,64,1,21.95970680628272,0.0,0.023875,0.023541,0.0005673748320114308,2048,5,Pauls-MacBook-Pro,25fcce9-dirty,2026-09-25T22:32:22Z
rayon-ikj,cpu,Apple M1 Pro,i32,64,1,17.143118726089657,0.0,0.030583000000000003,0.028583,0.0009338719398290118,,5,Pauls-MacBook-Pro,25fcce9-dirty,2026-09-25T22:32:22Z
rayon-ikj,cpu,Apple M1 Pro,i32,64,2,16.578276679841895,0.0,0.031625,0.017,0.022679318713312357,,5,Pauls-MacBook-Pro,25fcce9-dirty,2026-09-25T22:32:22Z
rayon-ikj,cpu,Apple M1 Pro,i32,64,4,22.39016057396652,0.0,0.023416,0.015042,0.004498776089115795,,5,Pauls-MacBook-Pro,25fcce9-dirty,2026-09-25T22:32:22Z
rayon-ikj,cpu,Apple M1 Pro,i32,64,8,11.155063829787235,0.0,0.047,0.029291,0.024207025957353787,,5,Pauls-MacBook-Pro,25fcce9-dirty,2026-09-25T22:32:22Z
rayon-ikj,cpu,Apple M1 Pro,i32,64,10,18.83624344327082,0.0,0.027834,0.021583,0.005039472264037176,,5,Pauls-MacBook-Pro,25fcce9-dirty,2026-09-25T22:32:22Z
rayon-tiled,cpu,Apple M1 Pro,i32,64,1,15.748167727982699,0.0,0.033292,0.028042,0.0027431027687638697,512,5,Pauls-MacBook-Pro,25fcce9-dirty,2026-09-25T22:32:22Z
rayon-tiled,cpu,Apple M1 Pro,i32,64,1,17.97599945141603,0.0,0.029166,0.027416999999999997,0.0013052858690723662,1024,5,Pauls-MacBook-Pro,25fcce9-dirty,2026-09-25T22:32:22Z
rayon-tiled,cpu,Apple M1 Pro,i32,64,1,17.500183584231785,0.0,0.029959,0.029375,0.0011632014872755255,2048,5,Pauls-MacBook-Pro,25fcce9-dirty,2026-09-25T22:32:22Z
rayon-tiled,cpu,Apple M1 Pro,i32,64,2,26.828779040016375,0.0,0.019542,0.018584,0.0007585642359088638,512,5,Pauls-MacBook-Pro,25fcce9-dirty,2026-09-25T22:32:22Z
rayon-tiled,cpu,Apple M1 Pro,i32,64,2,27.837315493256877,0.0,0.018834,0.018042000000000002,0.0018943205378182428,1024,5,Pauls-MacBook-Pro,25fcce9-dirty,2026-09-25T22:32:22Z
rayon-tiled,cpu,Apple M1 Pro,i32,64,2,27.962026666666667,0.0,0.01875,0.0185,0.0019338120901473343,2048,5,Pauls-MacBook-Pro,25fcce9-dirty,2026-09-25T22:32:22Z
rayon-tiled,cpu,Apple M1 Pro,i32,64,4,26.71531210191083,0.0,0.019625,0.018375,0.00128532318892954,512,5,Pauls-MacBook-Pro,25fcce9-dirty,2026-09-25T22:32:22Z
rayon-tiled,cpu,Apple M1 Pro,i32,64,4,24.151833425465266,0.0,0.021707999999999998,0.019417,0.0016511112015851614,1024,5,Pauls-MacBook-Pro,25fcce9-dirty,2026-09-25T22:32:22Z
rayon-tiled,cpu,Apple M1 Pro,i32,64,4,25.837177212694655,0.0,0.020292,0.017875000000000002,0.002020222438247829,2048,5,Pauls-MacBook-Pro,25fcce9-dirty,2026-09-25T22:32:22Z
rayon-tiled,cpu,Apple M1 Pro,i32,64,8,20.164923076923078,0.0,0.026,0.015625,0.012378200769901902,512,5,Pauls-MacBook-Pro,25fcce9-dirty,2026-09-25T22:32:22Z
rayon-tiled,cpu,Apple M1 Pro,i32,64,8,22.31012765957447,0.0,0.0235,0.016082999999999997,0.019064577684805923,1024,5,Pauls-MacBook-Pro,25fcce9-dirty,2026-09-25T22:32:22Z
rayon-tiled,cpu,Apple M1 Pro,i32,64,8,19.569556940763686,0.0,0.026791000000000002,0.018708000000000002,0.016794318652449108,2048,5,Pauls-MacBook-Pro,25fcce9-dirty,2026-09-25T22:32:22Z
rayon-tiled,cpu,Apple M1 Pro,i32,64,10,17.027313175928033,0.0,0.030790999999999995,0.021500000000000002,0.0074510703056675015,512,5,Pauls-MacBook-Pro,25fcce9-dirty,2026-09-25T22:32:22Z
rayon-tiled,cpu,Apple M1 Pro,i32,64,10,10.339354736925138,0.0,0.050708,0.029417,0.0469452854256953,1024,5,Pauls-MacBook-Pro,25fcce9-dirty,2026-09-25T22:32:22Z
rayon-tiled,cpu,Apple M1 Pro,i32,64,10,18.396070175438595,0.0,0.0285,0.027250000000000003,0.06245086440794876,2048,5,Pauls-MacBook-Pro,25fcce9-dirty,2026-09-25T22:32:22Z
static-ikj,cpu,Apple M1 Pro,i32,64,1,15.363750915750913,0.0,0.034125,0.030957999999999996,0.010985519573511307,,5,Pauls-MacBook-Pro,25fcce9-dirty,2026-09-25T22:32:22Z
static-ikj,cpu,Apple M1 Pro,i32,64,2,27.413751633986926,0.0,0.019125,0.019041,0.0009474272003695063,,5,Pauls-MacBook-Pro,25fcce9-dirty,2026-09-25T22:32:22Z
static-ikj,cpu,Apple M1 Pro,i32,64,4,30.69062810981678,0.0,0.017082999999999997,0.016125,0.00522622062297412,,5,Pauls-MacBook-Pro,25fcce9-dirty,2026-09-25T22:32:22Z
static-ikj,cpu,Apple M1 Pro,i32,64,8,10.932232369990407,0.0,0.047958,0.026834,0.01309783061426586,,5,Pauls-MacBook-Pro,25fcce9-dirty,2026-09-25T22:32:22Z
static-ikj,cpu,Apple M1 Pro,i32,64,10,9.390288897247148,0.0,0.055833,0.048124999999999994,0.012534378397032702,,5,Pauls-MacBook-Pro,25fcce9-dirty,2026-09-25T22:32:22Z
static-tiled,cpu,Apple M1 Pro,i32,64,1,17.355357674865104,0.0,0.030209000000000003,0.027542,0.007465739360572401,512,5,Pauls-MacBook-Pro,25fcce9-dirty,2026-09-25T22:32:22Z
static-tiled,cpu,Apple M1 Pro,i32,64,1,17.35593220338983,0.0,0.030208,0.028791,0.0013675618084752126,1024,5,Pauls-MacBook-Pro,25fcce9-dirty,2026-09-25T22:32:22Z
static-tiled,cpu,Apple M1 Pro,i32,64,1,17.500767741504774,0.0,0.029958,0.028208,0.0008466059886393428,2048,5,Pauls-MacBook-Pro,25fcce9-dirty,2026-09-25T22:32:22Z
static-tiled,cpu,Apple M1 Pro,i32,64,2,26.433800544519514,0.0,0.019834,0.019,0.0016990713051546712,512,5,Pauls-MacBook-Pro,25fcce9-dirty,2026-09-25T22:32:22Z
static-tiled,cpu,Apple M1 Pro,i32,64,2,24.769121746114234,0.0,0.021167,0.019375,0.0025389608701198996,1024,5,Pauls-MacBook-Pro,25fcce9-dirty,2026-09-25T22:32:22Z
static-tiled,cpu,Apple M1 Pro,i32,64,2,26.106059851615797,0.0,0.020083,0.018791,0.0017383362160410753,2048,5,Pauls-MacBook-Pro,25fcce9-dirty,2026-09-25T22:32:22Z
static-tiled,cpu,Apple M1 Pro,i32,64,4,12.645939361779108,0.0,0.041458999999999996,0.028292,0.012906024008190903,512,5,Pauls-MacBook-Pro,25fcce9-dirty,2026-09-25T22:32:22Z
static-tiled,cpu,Apple M1 Pro,i32,64,4,19.59955140186916,0.0,0.02675,0.024624999999999998,0.005066215875779476,1024,5,Pauls-MacBook-Pro,25fcce9-dirty,2026-09-25T22:32:22Z
static-tiled,cpu,Apple M1 Pro,i32,64,4,20.560313725490197,0.0,0.0255,0.020458,0.003487317923562461,2048,5,Pauls-MacBook-Pro,25fcce9-dirty,2026-09-25T22:32:22Z
static-tiled,cpu,Apple M1 Pro,i32,64,8,8.213431923926496,0.0,0.063833,0.030000000000000002,0.019359805512969386,512,5,Pauls-MacBook-Pro,25fcce9-dirty,2026-09-25T22:32:22Z
static-tiled,cpu,Apple M1 Pro,i32,64,8,9.383230425055928,0.0,0.055875,0.028333,0.014454855540613334,1024,5,Pauls-MacBook-Pro,25fcce9-dirty,2026-09-25T22:32:22Z
static-tiled,cpu,Apple M1 Pro,i32,64,8,10.459610972568578,0.0,0.050124999999999996,0.037625,0.017525078658881966,2048,5,Pauls-MacBook-Pro,25fcce9-dirty,2026-09-25T22:32:22Z
static-tiled,cpu,Apple M1 Pro,i32,64,10,17.451834098928167,0.0,0.030042000000000003,0.026250000000000002,0.01745352989512437,512,5,Pauls-MacBook-Pro,25fcce9-dirty,2026-09-25T22:32:22Z
static-tiled,cpu,Apple M1 Pro,i32,64,10,19.508390697674418,0.0,0.026875,0.025041,0.0029636384732284735,1024,5,Pauls-MacBook-Pro,25fcce9-dirty,2026-09-25T22:32:22Z
static-tiled,cpu,Apple M1 Pro,i32,64,10,18.422572824062687,0.0,0.028458999999999998,0.021832999999999998,0.0035478665702080745,2048,5,Pauls-MacBook-Pro,25fcce9-dirty,2026-09-25T22:32:22Z
metal-naive,metal,Apple M1 Pro,i32,64,1,1.3900722758679203,0.0,0.377166,0.27149999999999996,0.05577957124521487,,5,Pauls-MacBook-Pro,25fcce9-dirty,2026-09-25T22:32:22Z
metal-naive-e2e,metal,Apple M1 Pro,i32,64,1,1.36696728641788,0.0,0.38354099999999997,0.278167,0.055131931248596756,,5,Pauls-MacBook-Pro,25fcce9-dirty,2026-09-25T22:32:22Z
metal-tiled,metal,Apple M1 Pro,i32,64,1,1.7063889340927583,0.0,0.30725,0.275959,0.045186458825626066,,5,Pauls-MacBook-Pro,25fcce9-dirty,2026-09-25T22:32:22Z
metal-tiled-e2e,metal,Apple M1 Pro,i32,64,1,1.673929146126536,0.0,0.313208,0.286333,0.0440543181617875,,5,Pauls-MacBook-Pro,25fcce9-dirty,2026-09-25T22:32:22Z
naive-ijk,cpu,Apple M1 Pro,i32,128,1,3.3640794648020402,0.0,1.246791,1.2345,0.02426197330597828,,5,Pauls-MacBook-Pro,25fcce9-dirty,2026-09-25T22:32:22Z
ikj,cpu,Apple M1 Pro,i32,128,1,31.486877665005103,0.0,0.133208,0.13208299999999998,0.0031943831172857175,,5,Pauls-MacBook-Pro,25fcce9-dirty,2026-09-25T22:32:22Z
tiled,cpu,Apple M1 Pro,i32,128,1,31.39848633433895,0.0,0.133583,0.133375,0.020837574402986545,512,5,Pauls-MacBook-Pro,25fcce9-dirty,2026-09-25T22:32:22Z
tiled,cpu,Apple M1 Pro,i32,128,1,31.300776119402986,0.0,0.134,0.133416,0.0011846700806553729,1024,5,Pauls-MacBook-Pro,25fcce9-dirty,2026-09-25T22:32:22Z
tiled,cpu,Apple M1 Pro,i32,128,1,31.388617399438726,0.0,0.13362500000000002,0.13333299999999998,0.00018022430468725068,2048,5,Pauls-MacBook-Pro,25fcce9-dirty,2026-09-25T22:32:22Z
rayon-ikj,cpu,Apple M1 Pro,i32,128,1,29.65912160489899,0.0,0.141417,0.140875,0.007491159142616047,,5,Pauls-MacBook-Pro,25fcce9-dirty,2026-09-25T22:32:22Z
rayon-ikj,cpu,Apple M1 Pro,i32,128,2,54.79741841080714,0.0,0.076542,0.07575,0.0044478033005068895,,5,Pauls-MacBook-Pro,25fcce9-dirty,2026-09-25T22:32:22Z
rayon-ikj,cpu,Apple M1 Pro,i32,128,4,75.85733921724662,0.0,0.055292,0.053583,0.0033316120722557147,,5,Pauls-MacBook-Pro,25fcce9-dirty,2026-09-25T22:32:22Z
rayon-ikj,cpu,Apple M1 Pro,i32,128,8,92.18250549450549,0.0,0.0455,0.042457999999999996,0.025799429096396688,,5,Pauls-MacBook-Pro,25fcce9-dirty,2026-09-25T22:32:22Z
rayon-ikj,cpu,Apple M1 Pro,i32,128,10,61.60484107866753,0.0,0.06808399999999999,0.054541,0.006589847744826885,,5,Pauls-MacBook-Pro,25fcce9-dirty,2026-09-25T22:32:22Z
rayon-tiled,cpu,Apple M1 Pro,i32,128,1,29.203161009573538,0.0,0.143625,0.13875,0.00479045493664223,512,5,Pauls-MacBook-Pro,25fcce9-dirty,2026-09-25T22:32:22Z
rayon-tiled,cpu,Apple M1 Pro,i32,128,1,30.38425986294026,0.0,0.138042,0.137792,0.001793773592179355,1024,5,Pauls-MacBook-Pro,25fcce9-dirty,2026-09-25T22:32:22Z
rayon-tiled,cpu,Apple M1 Pro,i32,128,1,30.06669534050179,0.0,0.1395,0.13808399999999998,0.004685169281893661,2048,5,Pauls-MacBook-Pro,25fcce9-dirty,2026-09-25T22:32:22Z
rayon-tiled,cpu,Apple M1 Pro,i32,128,2,55.583879987807954,0.0,0.075459,0.07483300000000001,0.0011484943186624813,512,5,Pauls-MacBook-Pro,25fcce9-dirty,2026-09-25T22:32:22Z
rayon-tiled,cpu,Apple M1 Pro,i32,128,2,55.06720758333661,0.0,0.076167,0.075375,0.0027594423893243384,1024,5,Pauls-MacBook-Pro,25fcce9-dirty,2026-09-25T22:32:22Z
rayon-tiled,cpu,Apple M1 Pro,i32,128,2,54.88705392779094,0.0,0.076417,0.075792,0.00459948609085841,2048,5,Pauls-MacBook-Pro,25fcce9-dirty,2026-09-25T22:32:22Z
rayon-tiled,cpu,Apple M1 Pro,i32,128,4,71.54463113006396,0.0,0.058625000000000003,0.048124999999999994,0.006010748015014441,512,5,Pauls-MacBook-Pro,25fcce9-dirty,2026-09-25T22:32:22Z
rayon-tiled,cpu,Apple M1 Pro,i32,128,4,74.45421947669259,0.0,0.056334,0.053292,0.0037177948840677057,1024,5,Pauls-MacBook-Pro,25fcce9-dirty,2026-09-25T22:32:22Z
rayon-tiled,cpu,Apple M1 Pro,i32,128,4,66.09574836899996,0.0,0.063458,0.054708,0.005642109800420408,2048,5,Pauls-MacBook-Pro,25fcce9-dirty,2026-09-25T22:32:22Z
rayon-tiled,cpu,Apple M1 Pro,i32,128,8,73.36932146168245,0.0,0.057166999999999996,0.04125,0.03492361044766133,512,5,Pauls-MacBook-Pro,25fcce9-dirty,2026-09-25T22:32:22Z
rayon-tiled,cpu,Apple M1 Pro,i32,128,8,49.27229368575624,0.0,0.08512499999999999,0.06875,0.03178167892512917,1024,5,Pauls-MacBook-Pro,25fcce9-dirty,2026-09-25T22:32:22Z
rayon-tiled,cpu,Apple M1 Pro,i32,128,8,50.994577507598784,0.0,0.08224999999999999,0.057166999999999996,0.059737616638931956,2048,5,Pauls-MacBook-Pro,25fcce9-dirty,2026-09-25T22:32:22Z
rayon-tiled,cpu,Apple M1 Pro,i32,128,10,74.89828571428572,0.0,0.056,0.05075,0.005541523689383633,512,5,Pauls-MacBook-Pro,25fcce9-dirty,2026-09-25T22:32:22Z
rayon-tiled,cpu,Apple M1 Pro,i32,128,10,71.4434830006132,0.0,0.058708,0.048959,0.004452658722606077,1024,5,Pauls-MacBook-Pro,25fcce9-dirty,2026-09-25T22:32:22Z
rayon-tiled,cpu,Apple M1 Pro,i32,128,10,61.90854612546126,0.0,0.06774999999999999,0.055708,0.027986242927552817,2048,5,Pauls-MacBook-Pro,25fcce9-dirty,2026-09-25T22:32:22Z
static-ikj,cpu,Apple M1 Pro,i32,128,1,28.984603477347484,0.0,0.144708,0.141375,0.0026476887468129544,,5,Pauls-MacBook-Pro,25fcce9-dirty,2026-09-25T22:32:22Z
static-ikj,cpu,Apple M1 Pro,i32,128,2,49.128011713030745,0.0,0.085375,0.078125,0.021514332982920947,,5,Pauls-MacBook-Pro,25fcce9-dirty,2026-09-25T22:32:22Z
static-ikj,cpu,Apple M1 Pro,i32,128,4,63.27109260683954,0.0,0.066291,0.060542,0.009153262178043414,,5,Pauls-MacBook-Pro,25fcce9-dirty,2026-09-25T22:32:22Z
static-ikj,cpu,Apple M1 Pro,i32,128,8,58.05265051903114,0.0,0.07225,0.066666,0.007812241118910758,,5,Pauls-MacBook-Pro,25fcce9-dirty,2026-09-25T22:32:22Z
static-ikj,cpu,Apple M1 Pro,i32,128,10,53.51584051036683,0.0,0.078375,0.062166,0.038001707931354885,,5,Pauls-MacBook-Pro,25fcce9-dirty,2026-09-25T22:32:22Z
static-tiled,cpu,Apple M1 Pro,i32,128,1,29.70280931102125,0.0,0.141209,0.138459,0.0034905706839999757,512,5,Pauls-MacBook-Pro,25fcce9-dirty,2026-09-25T22:32:22Z
static-tiled,cpu,Apple M1 Pro,i32,128,1,29.720488928255094,0.0,0.141125,0.137958,0.008434892411880541,1024,5,Pauls-MacBook-Pro,25fcce9-dirty,2026-09-25T22:32:22Z
static-tiled,cpu,Apple M1 Pro,i32,128,1,29.537352112676057,0.0,0.14200000000000002,0.13908299999999998,0.00914424607608522,2048,5,Pauls-MacBook-Pro,25fcce9-dirty,2026-09-25T22:32:22Z
static-tiled,cpu,Apple M1 Pro,i32,128,2,54.560052032520325,0.0,0.076875,0.076667,0.0006673694628914335,512,5,Pauls-MacBook-Pro,25fcce9-dirty,2026-09-25T22:32:22Z
static-tiled,cpu,Apple M1 Pro,i32,128,2,54.44249166028478,0.0,0.077041,0.076875,0.0012274002199771689,1024,5,Pauls-MacBook-Pro,25fcce9-dirty,2026-09-25T22:32:22Z
static-tiled,cpu,Apple M1 Pro,i32,128,2,54.857621177640006,0.0,0.07645800000000001,0.076375,0.0003405062407651262,2048,5,Pauls-MacBook-Pro,25fcce9-dirty,2026-09-25T22:32:22Z
static-tiled,cpu,Apple M1 Pro,i32,128,4,68.90027104722792,0.0,0.060875000000000005,0.058415999999999996,0.014546845070323668,512,5,Pauls-MacBook-Pro,25fcce9-dirty,2026-09-25T22:32:22Z
static-tiled,cpu,Apple M1 Pro,i32,128,4,74.07159381898454,0.0,0.056625,0.045125,0.005251920286904591,1024,5,Pauls-MacBook-Pro,25fcce9-dirty,2026-09-25T22:32:22Z
static-tiled,cpu,Apple M1 Pro,i32,128,4,65.15423689320389,0.0,0.064375,0.059208,0.01665761004165964,2048,5,Pauls-MacBook-Pro,25fcce9-dirty,2026-09-25T22:32:22Z
static-tiled,cpu,Apple M1 Pro,i32,128,8,46.53874063800278,0.0,0.090125,0.08325,0.009437079357513102,512,5,Pauls-MacBook-Pro,25fcce9-dirty,2026-09-25T22:32:22Z
static-tiled,cpu,Apple M1 Pro,i32,128,8,49.661417509294566,0.0,0.08445799999999999,0.060667,0.012818873675171311,1024,5,Pauls-MacBook-Pro,25fcce9-dirty,2026-09-25T22:32:22Z
static-tiled,cpu,Apple M1 Pro,i32,128,8,48.58285939327951,0.0,0.08633300000000001,0.068292,0.013439967094453763,2048,5,Pauls-MacBook-Pro,25fcce9-dirty,2026-09-25T22:32:22Z
static-tiled,cpu,Apple M1 Pro,i32,128,10,44.64020094084591,0.0,0.093958,0.063917,0.047149193039754136,512,5,Pauls-MacBook-Pro,25fcce9-dirty,2026-09-25T22:32:22Z
static-tiled,cpu,Apple M1 Pro,i32,128,10,46.754550825446714,0.0,0.08970900000000001,0.064334,0.03480995298043363,1024,5,Pauls-MacBook-Pro,25fcce9-dirty,2026-09-25T22:32:22Z
static-tiled,cpu,Apple M1 Pro,i32,128,10,53.917599722332916,0.0,0.077791,0.06245900000000001,0.009896420524613937,2048,5,Pauls-MacBook-Pro,25fcce9-dirty,2026-09-25T22:32:22Z
metal-naive,metal,Apple M1 Pro,i32,128,1,13.120853888577802,0.0,0.319667,0.317333,0.005852083927969595,,5,Pauls-MacBook-Pro,25fcce9-dirty,2026-09-25T22:32:22Z
metal-naive-e2e,metal,Apple M1 Pro,i32,128,1,12.614448120300752,0.0,0.3325,0.326084,0.00623911686859608,,5,Pauls-MacBook-Pro,25fcce9-dirty,2026-09-25T22:32:22Z
metal-tiled,metal,Apple M1 Pro,i32,128,1,15.116842488439735,0.0,0.27745899999999996,0.250083,0.01493783019718727,,5,Pauls-MacBook-Pro,25fcce9-dirty,2026-09-25T22:32:22Z
metal-tiled-e2e,metal,Apple M1 Pro,i32,128,1,14.644046966485927,0.0,0.28641700000000003,0.25866700000000004,0.015202913053096085,,5,Pauls-MacBook-Pro,25fcce9-dirty,2026-09-25T22:32:22Z
naive-ijk,cpu,Apple M1 Pro,i32,256,1,2.91644527498316,0.0,11.50525,11.092042,0.3788172577598601,,5,Pauls-MacBook-Pro,25fcce9-dirty,2026-09-25T22:32:22Z
ikj,cpu,Apple M1 Pro,i32,256,1,26.241748822601057,0.0,1.2786659999999999,1.275875,0.019392668542518893,,5,Pauls-MacBook-Pro,25fcce9-dirty,2026-09-25T22:32:22Z
tiled,cpu,Apple M1 Pro,i32,256,1,26.108172373654693,0.0,1.285208,1.278208,0.023975932957864182,512,5,Pauls-MacBook-Pro,25fcce9-dirty,2026-09-25T22:32:22Z
tiled,cpu,Apple M1 Pro,i32,256,1,26.066756263352108,0.0,1.28725,1.279417,0.030501382096554234,1024,5,Pauls-MacBook-Pro,25fcce9-dirty,2026-09-25T22:32:22Z
tiled,cpu,Apple M1 Pro,i32,256,1,25.508589291456627,0.0,1.3154169999999998,1.2809169999999999,0.02055115382892159,2048,5,Pauls-MacBook-Pro,25fcce9-dirty,2026-09-25T22:32:22Z
rayon-ikj,cpu,Apple M1 Pro,i32,256,1,26.002782046423754,0.0,1.2904170000000001,1.284875,0.03384092967103587,,5,Pauls-MacBook-Pro,25fcce9-dirty,2026-09-25T22:32:22Z
rayon-ikj,cpu,Apple M1 Pro,i32,256,2,45.94659670378424,0.0,0.730292,0.680667,0.040896578911933455,,5,Pauls-MacBook-Pro,25fcce9-dirty,2026-09-25T22:32:22Z
rayon-ikj,cpu,Apple M1 Pro,i32,256,4,84.50231311841604,0.0,0.397083,0.37316699999999997,0.033916280301648644,,5,Pauls-MacBook-Pro,25fcce9-dirty,2026-09-25T22:32:22Z
rayon-ikj,cpu,Apple M1 Pro,i32,256,8,138.27356830553802,0.0,0.24266700000000002,0.229583,0.008814683148020684,,5,Pauls-MacBook-Pro,25fcce9-dirty,2026-09-25T22:32:22Z
rayon-ikj,cpu,Apple M1 Pro,i32,256,10,137.82431466618473,0.0,0.243458,0.21654199999999998,0.025716358150018062,,5,Pauls-MacBook-Pro,25fcce9-dirty,2026-09-25T22:32:22Z
rayon-tiled,cpu,Apple M1 Pro,i32,256,1,25.627118540508793,0.0,1.309333,1.291958,0.04035269120765057,512,5,Pauls-MacBook-Pro,25fcce9-dirty,2026-09-25T22:32:22Z
rayon-tiled,cpu,Apple M1 Pro,i32,256,1,26.037265229982278,0.0,1.288708,1.282875,0.023661465218789753,1024,5,Pauls-MacBook-Pro,25fcce9-dirty,2026-09-25T22:32:22Z
rayon-tiled,cpu,Apple M1 Pro,i32,256,1,26.028842819742078,0.0,1.2891249999999999,1.287917,0.00998800010012019,2048,5,Pauls-MacBook-Pro,25fcce9-dirty,2026-09-25T22:32:22Z
rayon-tiled,cpu,Apple M1 Pro,i32,256,2,47.60621594051357,0.0,0.7048329999999999,0.700708,0.005072679548325499,512,5,Pauls-MacBook-Pro,25fcce9-dirty,2026-09-25T22:32:22Z
rayon-tiled,cpu,Apple M1 Pro,i32,256,2,47.64562584309549,0.0,0.70425,0.701042,0.0030305126629004467,1024,5,Pauls-MacBook-Pro,25fcce9-dirty,2026-09-25T22:32:22Z
rayon-tiled,cpu,Apple M1 Pro,i32,256,2,47.815364446027786,0.0,0.70175,0.701417,0.004496984345091722,2048,5,Pauls-MacBook-Pro,25fcce9-dirty,2026-09-25T22:32:22Z
rayon-tiled,cpu,Apple M1 Pro,i32,256,4,85.4981475724791,0.0,0.392458,0.370792,0.03332762928412401,512,5,Pauls-MacBook-Pro,25fcce9-dirty,2026-09-25T22:32:22Z
rayon-tiled,cpu,Apple M1 Pro,i32,256,4,87.96363426641989,0.0,0.381458,0.37483299999999997,0.01942271197078308,1024,5,Pauls-MacBook-Pro,25fcce9-dirty,2026-09-25T22:32:22Z
rayon-tiled,cpu,Apple M1 Pro,i32,256,4,89.06285865958857,0.0,0.37675000000000003,0.372167,0.005036134162231976,2048,5,Pauls-MacBook-Pro,25fcce9-dirty,2026-09-25T22:32:22Z
rayon-tiled,cpu,Apple M1 Pro,i32,256,8,118.47981695432331,0.0,0.283208,0.268625,0.017493793107842562,512,5,Pauls-MacBook-Pro,25fcce9-dirty,2026-09-25T22:32:22Z
rayon-tiled,cpu,Apple M1 Pro,i32,256,8,123.60818984889008,0.0,0.271458,0.245542,0.023389824475613333,1024,5,Pauls-MacBook-Pro,25fcce9-dirty,2026-09-25T22:32:22Z
rayon-tiled,cpu,Apple M1 Pro,i32,256,8,115.27444749435729,0.0,0.291083,0.265916,0.01515894703797068,2048,5,Pauls-MacBook-Pro,25fcce9-dirty,2026-09-25T22:32:22Z
rayon-tiled,cpu,Apple M1 Pro,i32,256,10,141.03419259657778,0.0,0.23791700000000002,0.229292,0.01992513878747148,512,5,Pauls-MacBook-Pro,25fcce9-dirty,2026-09-25T22:32:22Z
rayon-tiled,cpu,Apple M1 Pro,i32,256,10,141.03419259657778,0.0,0.23791700000000002,0.23325,0.03656150704361076,1024,5,Pauls-MacBook-Pro,25fcce9-dirty,2026-09-25T22:32:22Z
rayon-tiled,cpu,Apple M1 Pro,i32,256,10,128.51967949012578,0.0,0.26108400000000004,0.23325,0.021144877436391044,2048,5,Pauls-MacBook-Pro,25fcce9-dirty,2026-09-25T22:32:22Z
static-ikj,cpu,Apple M1 Pro,i32,256,1,25.168189809842126,0.0,1.333208,1.2854999999999999,0.03704025451046472,,5,Pauls-MacBook-Pro,25fcce9-dirty,2026-09-25T22:32:22Z
static-ikj,cpu,Apple M1 Pro,i32,256,2,47.713376466405975,0.0,0.70325,0.7003750000000001,0.00671126323429504,,5,Pauls-MacBook-Pro,25fcce9-dirty,2026-09-25T22:32:22Z
static-ikj,cpu,Apple M1 Pro,i32,256,4,87.33380009317845,0.0,0.38420899999999997,0.381792,0.003803882003953335,,5,Pauls-MacBook-Pro,25fcce9-dirty,2026-09-25T22:32:22Z
static-ikj,cpu,Apple M1 Pro,i32,256,8,137.58864992311632,0.0,0.243875,0.232208,0.007104356255143747,,5,Pauls-MacBook-Pro,25fcce9-dirty,2026-09-25T22:32:22Z
static-ikj,cpu,Apple M1 Pro,i32,256,10,104.3278103381267,0.0,0.32162500000000005,0.29854200000000003,0.04342335353240234,,5,Pauls-MacBook-Pro,25fcce9-dirty,2026-09-25T22:32:22Z
static-tiled,cpu,Apple M1 Pro,i32,256,1,25.960032246534347,0.0,1.292542,1.2875,0.0036178442890759865,512,5,Pauls-MacBook-Pro,25fcce9-dirty,2026-09-25T22:32:22Z
static-tiled,cpu,Apple M1 Pro,i32,256,1,25.965898239504742,0.0,1.29225,1.290333,0.002107684701277704,1024,5,Pauls-MacBook-Pro,25fcce9-dirty,2026-09-25T22:32:22Z
static-tiled,cpu,Apple M1 Pro,i32,256,1,25.89160451187461,0.0,1.295958,1.290042,0.03287358998040834,2048,5,Pauls-MacBook-Pro,25fcce9-dirty,2026-09-25T22:32:22Z
static-tiled,cpu,Apple M1 Pro,i32,256,2,47.21540749746365,0.0,0.710667,0.705875,0.010229236564866415,512,5,Pauls-MacBook-Pro,25fcce9-dirty,2026-09-25T22:32:22Z
static-tiled,cpu,Apple M1 Pro,i32,256,2,45.85504885548343,0.0,0.73175,0.708958,0.016670775287910312,1024,5,Pauls-MacBook-Pro,25fcce9-dirty,2026-09-25T22:32:22Z
static-tiled,cpu,Apple M1 Pro,i32,256,2,47.318077912920856,0.0,0.709125,0.701084,0.018472419007807276,2048,5,Pauls-MacBook-Pro,25fcce9-dirty,2026-09-25T22:32:22Z
static-tiled,cpu,Apple M1 Pro,i32,256,4,85.11859728874097,0.0,0.394208,0.388,0.007736703742550813,512,5,Pauls-MacBook-Pro,25fcce9-dirty,2026-09-25T22:32:22Z
static-tiled,cpu,Apple M1 Pro,i32,256,4,84.84954660166187,0.0,0.39545800000000003,0.387666,0.00639904487404175,1024,5,Pauls-MacBook-Pro,25fcce9-dirty,2026-09-25T22:32:22Z
static-tiled,cpu,Apple M1 Pro,i32,256,4,85.28063152704603,0.0,0.39345899999999995,0.389,0.006541472945751581,2048,5,Pauls-MacBook-Pro,25fcce9-dirty,2026-09-25T22:32:22Z
static-tiled,cpu,Apple M1 Pro,i32,256,8,133.32869227987777,0.0,0.25166700000000003,0.236209,0.02413073193460986,512,5,Pauls-MacBook-Pro,25fcce9-dirty,2026-09-25T22:32:22Z
static-tiled,cpu,Apple M1 Pro,i32,256,8,135.9166865822785,0.0,0.246875,0.236083,0.014872779995683389,1024,5,Pauls-MacBook-Pro,25fcce9-dirty,2026-09-25T22:32:22Z
static-tiled,cpu,Apple M1 Pro,i32,256,8,138.2262904222451,0.0,0.24275,0.238667,0.012125105620158519,2048,5,Pauls-MacBook-Pro,25fcce9-dirty,2026-09-25T22:32:22Z
static-tiled,cpu,Apple M1 Pro,i32,256,10,102.06671330798478,0.0,0.32875,0.32537499999999997,0.005442525470771823,512,5,Pauls-MacBook-Pro,25fcce9-dirty,2026-09-25T22:32:22Z
static-tiled,cpu,Apple M1 Pro,i32,256,10,102.66537344760168,0.0,0.326833,0.323083,0.017517791989859928,1024,5,Pauls-MacBook-Pro,25fcce9-dirty,2026-09-25T22:32:22Z
static-tiled,cpu,Apple M1 Pro,i32,256,10,105.37922717451384,0.0,0.31841600000000003,0.306792,0.009608758390135542,2048,5,Pauls-MacBook-Pro,25fcce9-dirty,2026-09-25T22:32:22Z
metal-naive,metal,Apple M1 Pro,i32,256,1,57.25191610758868,0.0,0.5860839999999999,0.571167,0.013049406450103409,,5,Pauls-MacBook-Pro,25fcce9-dirty,2026-09-25T22:32:22Z
metal-naive-e2e,metal,Apple M1 Pro,i32,256,1,55.30190688092295,0.0,0.60675,0.591541,0.01782075471746356,,5,Pauls-MacBook-Pro,25fcce9-dirty,2026-09-25T22:32:22Z
metal-tiled,metal,Apple M1 Pro,i32,256,1,28.917933041635465,0.0,1.1603329999999998,0.48633299999999996,0.37686183546228186,,5,Pauls-MacBook-Pro,25fcce9-dirty,2026-09-25T22:32:22Z
metal-tiled-e2e,metal,Apple M1 Pro,i32,256,1,28.414888959458025,0.0,1.1808750000000001,0.517709,0.37378486052781756,,5,Pauls-MacBook-Pro,25fcce9-dirty,2026-09-25T22:32:22Z
naive-ijk,cpu,Apple M1 Pro,i32,512,1,2.9475957274379603,0.0,91.06929199999999,90.638334,0.8665943085292575,,5,Pauls-MacBook-Pro,25fcce9-dirty,2026-09-25T22:32:22Z
ikj,cpu,Apple M1 Pro,i32,512,1,25.81492661556871,0.0,10.398459,10.330209,0.04442287363172267,,5,Pauls-MacBook-Pro,25fcce9-dirty,2026-09-25T22:32:22Z
tiled,cpu,Apple M1 Pro,i32,512,1,26.125105206812652,0.0,10.274999999999999,10.200083000000001,0.05214714413752623,512,5,Pauls-MacBook-Pro,25fcce9-dirty,2026-09-25T22:32:22Z
tiled,cpu,Apple M1 Pro,i32,512,1,25.992088952468357,0.0,10.327582999999999,10.117417,0.12462763718975037,1024,5,Pauls-MacBook-Pro,25fcce9-dirty,2026-09-25T22:32:22Z
tiled,cpu,Apple M1 Pro,i32,512,1,26.322362816238474,0.0,10.198,10.074959,0.1437583089296061,2048,5,Pauls-MacBook-Pro,25fcce9-dirty,2026-09-25T22:32:22Z
rayon-ikj,cpu,Apple M1 Pro,i32,512,1,26.36264611830374,0.0,10.182417,10.091667000000001,0.17080629069738582,,5,Pauls-MacBook-Pro,25fcce9-dirty,2026-09-25T22:32:22Z
rayon-ikj,cpu,Apple M1 Pro,i32,512,2,50.50486073299139,0.0,5.315042,5.271834,0.09398556841079375,,5,Pauls-MacBook-Pro,25fcce9-dirty,2026-09-25T22:32:22Z
rayon-ikj,cpu,Apple M1 Pro,i32,512,4,96.98250679673035,0.0,2.767875,2.7560420000000003,0.01473881134284552,,5,Pauls-MacBook-Pro,25fcce9-dirty,2026-09-25T22:32:22Z
rayon-ikj,cpu,Apple M1 Pro,i32,512,8,173.50128072793694,0.0,1.547167,1.496375,0.04852867481396948,,5,Pauls-MacBook-Pro,25fcce9-dirty,2026-09-25T22:32:22Z
rayon-ikj,cpu,Apple M1 Pro,i32,512,10,182.5418491957387,0.0,1.470542,1.432,0.22635128029613616,,5,Pauls-MacBook-Pro,25fcce9-dirty,2026-09-25T22:32:22Z
rayon-tiled,cpu,Apple M1 Pro,i32,512,1,26.484024961152354,0.0,10.13575,10.087583,0.07886996187586302,512,5,Pauls-MacBook-Pro,25fcce9-dirty,2026-09-25T22:32:22Z
rayon-tiled,cpu,Apple M1 Pro,i32,512,1,26.371389603401738,0.0,10.179041,10.098457999999999,0.14269113840985365,1024,5,Pauls-MacBook-Pro,25fcce9-dirty,2026-09-25T22:32:22Z
rayon-tiled,cpu,Apple M1 Pro,i32,512,1,26.585116994717747,0.0,10.097208,10.092417,0.2539064430281362,2048,5,Pauls-MacBook-Pro,25fcce9-dirty,2026-09-25T22:32:22Z
rayon-tiled,cpu,Apple M1 Pro,i32,512,2,50.620338956842055,0.0,5.302917,5.248041,0.033270809071917574,512,5,Pauls-MacBook-Pro,25fcce9-dirty,2026-09-25T22:32:22Z
rayon-tiled,cpu,Apple M1 Pro,i32,512,2,50.803562290112865,0.0,5.283792,5.139875,0.07310040054473041,1024,5,Pauls-MacBook-Pro,25fcce9-dirty,2026-09-25T22:32:22Z
rayon-tiled,cpu,Apple M1 Pro,i32,512,2,51.239953027339126,0.0,5.238792,5.214708,0.06443677246727982,2048,5,Pauls-MacBook-Pro,25fcce9-dirty,2026-09-25T22:32:22Z
rayon-tiled,cpu,Apple M1 Pro,i32,512,4,98.18712711468562,0.0,2.7339170000000004,2.7318339999999997,0.016683585624798884,512,5,Pauls-MacBook-Pro,25fcce9-dirty,2026-09-25T22:32:22Z
rayon-tiled,cpu,Apple M1 Pro,i32,512,4,98.37005635742459,0.0,2.728833,2.720708,0.027223832928153193,1024,5,Pauls-MacBook-Pro,25fcce9-dirty,2026-09-25T22:32:22Z
rayon-tiled,cpu,Apple M1 Pro,i32,512,4,97.67949274505344,0.0,2.748125,2.705917,0.0374617527926819,2048,5,Pauls-MacBook-Pro,25fcce9-dirty,2026-09-25T22:32:22Z
rayon-tiled,cpu,Apple M1 Pro,i32,512,8,183.8860988414788,0.0,1.459792,1.4087500000000002,0.050183381905766364,512,5,Pauls-MacBook-Pro,25fcce9-dirty,2026-09-25T22:32:22Z
rayon-tiled,cpu,Apple M1 Pro,i32,512,8,156.39300495917075,0.0,1.716416,1.428375,0.1815797143289965,1024,5,Pauls-MacBook-Pro,25fcce9-dirty,2026-09-25T22:32:22Z
rayon-tiled,cpu,Apple M1 Pro,i32,512,8,185.20773160845192,0.0,1.4493749999999999,1.440333,0.1430044081442946,2048,5,Pauls-MacBook-Pro,25fcce9-dirty,2026-09-25T22:32:22Z
rayon-tiled,cpu,Apple M1 Pro,i32,512,10,182.97734897842054,0.0,1.467042,1.44225,0.01688745076084601,512,5,Pauls-MacBook-Pro,25fcce9-dirty,2026-09-25T22:32:22Z
rayon-tiled,cpu,Apple M1 Pro,i32,512,10,184.64514913078978,0.0,1.453791,1.4357499999999999,0.024386900801454926,1024,5,Pauls-MacBook-Pro,25fcce9-dirty,2026-09-25T22:32:22Z
rayon-tiled,cpu,Apple M1 Pro,i32,512,10,179.30063020789848,0.0,1.497125,1.432792,0.04037136282316959,2048,5,Pauls-MacBook-Pro,25fcce9-dirty,2026-09-25T22:32:22Z
static-ikj,cpu,Apple M1 Pro,i32,512,1,26.12277640260975,0.0,10.275915999999999,10.0895,0.09563079648470983,,5,Pauls-MacBook-Pro,25fcce9-dirty,2026-09-25T22:32:22Z
static-ikj,cpu,Apple M1 Pro,i32,512,2,50.46609282541772,0.0,5.319125,5.22475,0.057136005200748775,,5,Pauls-MacBook-Pro,25fcce9-dirty,2026-09-25T22:32:22Z
static-ikj,cpu,Apple M1 Pro,i32,512,4,97.82187619004236,0.0,2.744125,2.723125,0.05240274037395364,,5,Pauls-MacBook-Pro,25fcce9-dirty,2026-09-25T22:32:22Z
static-ikj,cpu,Apple M1 Pro,i32,512,8,181.0948558043894,0.0,1.4822920000000002,1.435834,0.3421113205263748,,5,Pauls-MacBook-Pro,25fcce9-dirty,2026-09-25T22:32:22Z
static-ikj,cpu,Apple M1 Pro,i32,512,10,144.27817285402472,0.0,1.860541,1.817375,0.04301890461529677,,5,Pauls-MacBook-Pro,25fcce9-dirty,2026-09-25T22:32:22Z
static-tiled,cpu,Apple M1 Pro,i32,512,1,26.57349248264512,0.0,10.101625,10.095458,0.013598912592556994,512,5,Pauls-MacBook-Pro,25fcce9-dirty,2026-09-25T22:32:22Z
static-tiled,cpu,Apple M1 Pro,i32,512,1,26.046941567271507,0.0,10.305833999999999,10.126875,0.10219706724901637,1024,5,Pauls-MacBook-Pro,25fcce9-dirty,2026-09-25T22:32:22Z
static-tiled,cpu,Apple M1 Pro,i32,512,1,26.465747060708384,0.0,10.142750000000001,10.099208,0.08348982853198324,2048,5,Pauls-MacBook-Pro,25fcce9-dirty,2026-09-25T22:32:22Z
static-tiled,cpu,Apple M1 Pro,i32,512,2,50.42541405743981,0.0,5.323416,5.229374999999999,0.07010572796284203,512,5,Pauls-MacBook-Pro,25fcce9-dirty,2026-09-25T22:32:22Z
static-tiled,cpu,Apple M1 Pro,i32,512,2,50.963112819782616,0.0,5.267250000000001,5.243708,0.0865683943411221,1024,5,Pauls-MacBook-Pro,25fcce9-dirty,2026-09-25T22:32:22Z
static-tiled,cpu,Apple M1 Pro,i32,512,2,50.819191441694294,0.0,5.282167,5.225916,0.028481709142886835,2048,5,Pauls-MacBook-Pro,25fcce9-dirty,2026-09-25T22:32:22Z
static-tiled,cpu,Apple M1 Pro,i32,512,4,97.73728600036411,0.0,2.7464999999999997,2.730542,0.026823639605765674,512,5,Pauls-MacBook-Pro,25fcce9-dirty,2026-09-25T22:32:22Z
static-tiled,cpu,Apple M1 Pro,i32,512,4,97.59514851845118,0.0,2.7504999999999997,2.678125,0.03728795145486003,1024,5,Pauls-MacBook-Pro,25fcce9-dirty,2026-09-25T22:32:22Z
static-tiled,cpu,Apple M1 Pro,i32,512,4,97.26362824403279,0.0,2.759875,2.7077910000000003,0.02496107525728803,2048,5,Pauls-MacBook-Pro,25fcce9-dirty,2026-09-25T22:32:22Z
static-tiled,cpu,Apple M1 Pro,i32,512,8,187.99646747789544,0.0,1.427875,1.406,0.02101454790615302,512,5,Pauls-MacBook-Pro,25fcce9-dirty,2026-09-25T22:32:22Z
static-tiled,cpu,Apple M1 Pro,i32,512,8,187.925265468883,0.0,1.4284160000000001,1.410583,0.04069834724162637,1024,5,Pauls-MacBook-Pro,25fcce9-dirty,2026-09-25T22:32:22Z
static-tiled,cpu,Apple M1 Pro,i32,512,8,188.7178345028216,0.0,1.422417,1.4038329999999999,0.013470305724073291,2048,5,Pauls-MacBook-Pro,25fcce9-dirty,2026-09-25T22:32:22Z
static-tiled,cpu,Apple M1 Pro,i32,512,10,144.9826929516608,0.0,1.8515000000000001,1.816084,0.021519726805886687,512,5,Pauls-MacBook-Pro,25fcce9-dirty,2026-09-25T22:32:22Z
static-tiled,cpu,Apple M1 Pro,i32,512,10,145.6875642454826,0.0,1.842542,1.8086669999999998,0.16052532431769148,1024,5,Pauls-MacBook-Pro,25fcce9-dirty,2026-09-25T22:32:22Z
static-tiled,cpu,Apple M1 Pro,i32,512,10,144.5111098430076,0.0,1.857542,1.805208,0.024900847381163584,2048,5,Pauls-MacBook-Pro,25fcce9-dirty,2026-09-25T22:32:22Z
metal-naive,metal,Apple M1 Pro,i32,512,1,132.02823771977413,0.0,2.0331669999999997,1.9203340000000002,0.40349890025339596,,5,Pauls-MacBook-Pro,25fcce9-dirty,2026-09-25T22:32:22Z
metal-naive-e2e,metal,Apple M1 Pro,i32,512,1,127.36903149215128,0.0,2.107541,1.9962920000000002,0.4079001162425673,,5,Pauls-MacBook-Pro,25fcce9-dirty,2026-09-25T22:32:22Z
metal-tiled,metal,Apple M1 Pro,i32,512,1,339.4694353461903,0.0,0.79075,0.772833,0.44604269000982405,,5,Pauls-MacBook-Pro,25fcce9-dirty,2026-09-25T22:32:22Z
metal-tiled-e2e,metal,Apple M1 Pro,i32,512,1,311.5152052491038,0.0,0.861709,0.8440840000000001,0.444784606100301,,5,Pauls-MacBook-Pro,25fcce9-dirty,2026-09-25T22:32:22Z
naive-ijk,cpu,Apple M1 Pro,i32,1024,1,2.171608500700458,0.0,988.890791,967.973916,15.479700907406539,,5,Pauls-MacBook-Pro,25fcce9-dirty,2026-09-25T22:32:22Z
ikj,cpu,Apple M1 Pro,i32,1024,1,26.278181367625354,0.0,81.721167,81.573583,0.664933677971196,,5,Pauls-MacBook-Pro,25fcce9-dirty,2026-09-25T22:32:22Z
tiled,cpu,Apple M1 Pro,i32,1024,1,21.28360330431077,0.0,100.8985,100.638208,0.46593045908461395,512,5,Pauls-MacBook-Pro,25fcce9-dirty,2026-09-25T22:32:22Z
tiled,cpu,Apple M1 Pro,i32,1024,1,26.300172851318305,0.0,81.652834,81.564875,0.1778763804514251,1024,5,Pauls-MacBook-Pro,25fcce9-dirty,2026-09-25T22:32:22Z
tiled,cpu,Apple M1 Pro,i32,1024,1,25.672249228930067,0.0,83.65,83.406833,0.39336732073343206,2048,5,Pauls-MacBook-Pro,25fcce9-dirty,2026-09-25T22:32:22Z
rayon-ikj,cpu,Apple M1 Pro,i32,1024,1,25.721331925985478,0.0,83.490375,82.635416,0.5826881227052753,,5,Pauls-MacBook-Pro,25fcce9-dirty,2026-09-25T22:32:22Z
rayon-ikj,cpu,Apple M1 Pro,i32,1024,2,51.02466621238725,0.0,42.087167,41.997125000000004,0.06556174949846928,,5,Pauls-MacBook-Pro,25fcce9-dirty,2026-09-25T22:32:22Z
rayon-ikj,cpu,Apple M1 Pro,i32,1024,4,98.7473656669234,0.0,21.747249999999998,21.57825,0.07774814545891051,,5,Pauls-MacBook-Pro,25fcce9-dirty,2026-09-25T22:32:22Z
rayon-ikj,cpu,Apple M1 Pro,i32,1024,8,190.60716660000912,0.0,11.266542,11.132041000000001,0.36765429200853855,,5,Pauls-MacBook-Pro,25fcce9-dirty,2026-09-25T22:32:22Z
rayon-ikj,cpu,Apple M1 Pro,i32,1024,10,192.68367541862472,0.0,11.145125,10.677666,0.4174409532481213,,5,Pauls-MacBook-Pro,25fcce9-dirty,2026-09-25T22:32:22Z
rayon-tiled,cpu,Apple M1 Pro,i32,1024,1,21.376114528987344,0.0,100.461833,100.391166,0.2854580619325717,512,5,Pauls-MacBook-Pro,25fcce9-dirty,2026-09-25T22:32:22Z
rayon-tiled,cpu,Apple M1 Pro,i32,1024,1,25.608597551975922,0.0,83.857917,83.78804199999999,0.30493814431996324,1024,5,Pauls-MacBook-Pro,25fcce9-dirty,2026-09-25T22:32:22Z
rayon-tiled,cpu,Apple M1 Pro,i32,1024,1,25.436471534772576,0.0,84.425375,83.83512499999999,0.4356776090025734,2048,5,Pauls-MacBook-Pro,25fcce9-dirty,2026-09-25T22:32:22Z
rayon-tiled,cpu,Apple M1 Pro,i32,1024,2,41.42472526131774,0.0,51.840625,51.803875,1.075416059868784,512,5,Pauls-MacBook-Pro,25fcce9-dirty,2026-09-25T22:32:22Z
rayon-tiled,cpu,Apple M1 Pro,i32,1024,2,49.714824520265076,0.0,43.196042,43.189459,0.04068756814433539,1024,5,Pauls-MacBook-Pro,25fcce9-dirty,2026-09-25T22:32:22Z
rayon-tiled,cpu,Apple M1 Pro,i32,1024,2,49.618956965769016,0.0,43.2795,43.1225,0.08012825460597299,2048,5,Pauls-MacBook-Pro,25fcce9-dirty,2026-09-25T22:32:22Z
rayon-tiled,cpu,Apple M1 Pro,i32,1024,4,80.54523360996097,0.0,26.661834,26.545292,0.05889613479083263,512,5,Pauls-MacBook-Pro,25fcce9-dirty,2026-09-25T22:32:22Z
rayon-tiled,cpu,Apple M1 Pro,i32,1024,4,96.26751949953241,0.0,22.307458,21.907583000000002,0.20451407316808168,1024,5,Pauls-MacBook-Pro,25fcce9-dirty,2026-09-25T22:32:22Z
rayon-tiled,cpu,Apple M1 Pro,i32,1024,4,96.12424315290275,0.0,22.340708,22.149958,0.27094214451114723,2048,5,Pauls-MacBook-Pro,25fcce9-dirty,2026-09-25T22:32:22Z
rayon-tiled,cpu,Apple M1 Pro,i32,1024,8,158.461027182084,0.0,13.552125,13.432667,0.7107097439776661,512,5,Pauls-MacBook-Pro,25fcce9-dirty,2026-09-25T22:32:22Z
rayon-tiled,cpu,Apple M1 Pro,i32,1024,8,187.33091221733096,0.0,11.463584,11.248167,0.5885235942902373,1024,5,Pauls-MacBook-Pro,25fcce9-dirty,2026-09-25T22:32:22Z
rayon-tiled,cpu,Apple M1 Pro,i32,1024,8,188.80844461540153,0.0,11.373875,11.307625,1.1898743661722027,2048,5,Pauls-MacBook-Pro,25fcce9-dirty,2026-09-25T22:32:22Z
rayon-tiled,cpu,Apple M1 Pro,i32,1024,10,157.3017615001465,0.0,13.652,13.638916,0.26701192079624514,512,5,Pauls-MacBook-Pro,25fcce9-dirty,2026-09-25T22:32:22Z
rayon-tiled,cpu,Apple M1 Pro,i32,1024,10,187.05488855015028,0.0,11.4805,11.445416999999999,0.23819893471067494,1024,5,Pauls-MacBook-Pro,25fcce9-dirty,2026-09-25T22:32:22Z
rayon-tiled,cpu,Apple M1 Pro,i32,1024,10,187.63168375795354,0.0,11.445208000000001,11.394417,0.05932008311946287,2048,5,Pauls-MacBook-Pro,25fcce9-dirty,2026-09-25T22:32:22Z
static-ikj,cpu,Apple M1 Pro,i32,1024,1,26.279534879406548,0.0,81.716958,81.61675,0.6141382893423096,,5,Pauls-MacBook-Pro,25fcce9-dirty,2026-09-25T22:32:22Z
static-ikj,cpu,Apple M1 Pro,i32,1024,2,51.03972449034159,0.0,42.07475,42.031791999999996,0.07757370555284905,,5,Pauls-MacBook-Pro,25fcce9-dirty,2026-09-25T22:32:22Z
static-ikj,cpu,Apple M1 Pro,i32,1024,4,98.96275861331637,0.0,21.699917,21.497875,0.12054988297878969,,5,Pauls-MacBook-Pro,25fcce9-dirty,2026-09-25T22:32:22Z
static-ikj,cpu,Apple M1 Pro,i32,1024,8,185.85221161921393,0.0,11.554791999999999,11.000625,0.5106653009530803,,5,Pauls-MacBook-Pro,25fcce9-dirty,2026-09-25T22:32:22Z
static-ikj,cpu,Apple M1 Pro,i32,1024,10,146.9524530776731,0.0,14.613459,14.340917,0.30376555067683425,,5,Pauls-MacBook-Pro,25fcce9-dirty,2026-09-25T22:32:22Z
static-tiled,cpu,Apple M1 Pro,i32,1024,1,21.370760874540984,0.0,100.48700000000001,100.436667,0.5201262592124117,512,5,Pauls-MacBook-Pro,25fcce9-dirty,2026-09-25T22:32:22Z
static-tiled,cpu,Apple M1 Pro,i32,1024,1,25.416288517347066,0.0,84.492417,83.479417,1.0566026984061654,1024,5,Pauls-MacBook-Pro,25fcce9-dirty,2026-09-25T22:32:22Z
static-tiled,cpu,Apple M1 Pro,i32,1024,1,25.74695325200104,0.0,83.407292,83.324833,0.380056906223524,2048,5,Pauls-MacBook-Pro,25fcce9-dirty,2026-09-25T22:32:22Z
static-tiled,cpu,Apple M1 Pro,i32,1024,2,41.40761846592928,0.0,51.862041999999995,51.722457999999996,0.13551064258684628,512,5,Pauls-MacBook-Pro,25fcce9-dirty,2026-09-25T22:32:22Z
static-tiled,cpu,Apple M1 Pro,i32,1024,2,49.73055900700227,0.0,43.182375,43.062166,0.06908314152743886,1024,5,Pauls-MacBook-Pro,25fcce9-dirty,2026-09-25T22:32:22Z
static-tiled,cpu,Apple M1 Pro,i32,1024,2,49.430222247797495,0.0,43.44475,43.151125,0.6782586826328144,2048,5,Pauls-MacBook-Pro,25fcce9-dirty,2026-09-25T22:32:22Z
static-tiled,cpu,Apple M1 Pro,i32,1024,4,80.51591647756999,0.0,26.671542,26.509167,0.0818979458612968,512,5,Pauls-MacBook-Pro,25fcce9-dirty,2026-09-25T22:32:22Z
static-tiled,cpu,Apple M1 Pro,i32,1024,4,96.8431004909836,0.0,22.174875,22.13525,0.0472919725408023,1024,5,Pauls-MacBook-Pro,25fcce9-dirty,2026-09-25T22:32:22Z
static-tiled,cpu,Apple M1 Pro,i32,1024,4,96.79908121534054,0.0,22.184959,21.981667,0.10606837515725324,2048,5,Pauls-MacBook-Pro,25fcce9-dirty,2026-09-25T22:32:22Z
static-tiled,cpu,Apple M1 Pro,i32,1024,8,148.15127177538454,0.0,14.495209000000001,13.992583,0.5579653597225367,512,5,Pauls-MacBook-Pro,25fcce9-dirty,2026-09-25T22:32:22Z
static-tiled,cpu,Apple M1 Pro,i32,1024,8,169.88689346851712,0.0,12.640666999999999,12.126916999999999,0.8219498965866477,1024,5,Pauls-MacBook-Pro,25fcce9-dirty,2026-09-25T22:32:22Z
static-tiled,cpu,Apple M1 Pro,i32,1024,8,190.06523849806692,0.0,11.298666,11.229584000000001,1.2039868134891671,2048,5,Pauls-MacBook-Pro,25fcce9-dirty,2026-09-25T22:32:22Z
static-tiled,cpu,Apple M1 Pro,i32,1024,10,124.72558843192868,0.0,17.217667,15.760541,0.6768305827338184,512,5,Pauls-MacBook-Pro,25fcce9-dirty,2026-09-25T22:32:22Z
static-tiled,cpu,Apple M1 Pro,i32,1024,10,147.7800072600277,0.0,14.531625,14.140125,0.23038362976847973,1024,5,Pauls-MacBook-Pro,25fcce9-dirty,2026-09-25T22:32:22Z
static-tiled,cpu,Apple M1 Pro,i32,1024,10,148.49702564589094,0.0,14.461459,13.519125,0.5309118061596484,2048,5,Pauls-MacBook-Pro,25fcce9-dirty,2026-09-25T22:32:22Z
metal-naive,metal,Apple M1 Pro,i32,1024,1,324.51992189701815,0.0,6.617417,6.263625,1.1209915142036984,,5,Pauls-MacBook-Pro,25fcce9-dirty,2026-09-25T22:32:22Z
metal-naive-e2e,metal,Apple M1 Pro,i32,1024,1,308.89787247937056,0.0,6.952083,6.565584,1.182739324023049,,5,Pauls-MacBook-Pro,25fcce9-dirty,2026-09-25T22:32:22Z
metal-tiled,metal,Apple M1 Pro,i32,1024,1,408.5128152254409,0.0,5.256832999999999,4.62175,1.062075253781247,,5,Pauls-MacBook-Pro,25fcce9-dirty,2026-09-25T22:32:22Z
metal-tiled-e2e,metal,Apple M1 Pro,i32,1024,1,381.5064258784663,0.0,5.628958,4.891625,1.1152518510994278,,5,Pauls-MacBook-Pro,25fcce9-dirty,2026-09-25T22:32:22Z
naive-ijk,cpu,Apple M1 Pro,i32,2048,1,0.7295131116940904,0.0,23549.774374999997,23511.932459,24.488636295245357,,5,Pauls-MacBook-Pro,25fcce9-dirty,2026-09-25T22:32:22Z
ikj,cpu,Apple M1 Pro,i32,2048,1,24.198384838757537,0.0,709.959334,706.825875,1.9252480315612863,,5,Pauls-MacBook-Pro,25fcce9-dirty,2026-09-25T22:32:22Z
tiled,cpu,Apple M1 Pro,i32,2048,1,20.81806975876386,0.0,825.238333,824.431625,2.5096820760902294,512,5,Pauls-MacBook-Pro,25fcce9-dirty,2026-09-25T22:32:22Z
tiled,cpu,Apple M1 Pro,i32,2048,1,21.055013770194158,0.0,815.951458,812.4283340000001,3.487013683992033,1024,5,Pauls-MacBook-Pro,25fcce9-dirty,2026-09-25T22:32:22Z
tiled,cpu,Apple M1 Pro,i32,2048,1,24.216216908657636,0.0,709.4365419999999,707.3748330000001,2.2955506211059094,2048,5,Pauls-MacBook-Pro,25fcce9-dirty,2026-09-25T22:32:22Z
rayon-ikj,cpu,Apple M1 Pro,i32,2048,1,24.2168910825556,0.0,709.416792,706.513959,2.3209020820682245,,5,Pauls-MacBook-Pro,25fcce9-dirty,2026-09-25T22:32:22Z
rayon-ikj,cpu,Apple M1 Pro,i32,2048,2,42.7463384596055,0.0,401.902708,395.8,4.301459845013544,,5,Pauls-MacBook-Pro,25fcce9-dirty,2026-09-25T22:32:22Z
rayon-ikj,cpu,Apple M1 Pro,i32,2048,4,82.94802051201393,0.0,207.116084,204.80895900000002,4.48568487934969,,5,Pauls-MacBook-Pro,25fcce9-dirty,2026-09-25T22:32:22Z
rayon-ikj,cpu,Apple M1 Pro,i32,2048,8,158.53237164785108,0.0,108.368209,106.093458,5.235366093428785,,5,Pauls-MacBook-Pro,25fcce9-dirty,2026-09-25T22:32:22Z
rayon-ikj,cpu,Apple M1 Pro,i32,2048,10,157.0185369563032,0.0,109.413,108.748834,8.955781261992799,,5,Pauls-MacBook-Pro,25fcce9-dirty,2026-09-25T22:32:22Z
rayon-tiled,cpu,Apple M1 Pro,i32,2048,1,20.758744139582475,0.0,827.59675,826.199458,2.9862643086106533,512,5,Pauls-MacBook-Pro,25fcce9-dirty,2026-09-25T22:32:22Z
rayon-tiled,cpu,Apple M1 Pro,i32,2048,1,20.712146207521634,0.0,829.458667,821.444292,5.446338263402805,1024,5,Pauls-MacBook-Pro,25fcce9-dirty,2026-09-25T22:32:22Z
rayon-tiled,cpu,Apple M1 Pro,i32,2048,1,24.294527692331076,0.0,707.14975,706.711917,12.89166601707688,2048,5,Pauls-MacBook-Pro,25fcce9-dirty,2026-09-25T22:32:22Z
rayon-tiled,cpu,Apple M1 Pro,i32,2048,2,36.15838288714679,0.0,475.12825,462.211833,13.734116077684675,512,5,Pauls-MacBook-Pro,25fcce9-dirty,2026-09-25T22:32:22Z
rayon-tiled,cpu,Apple M1 Pro,i32,2048,2,41.489004932710756,0.0,414.08245900000003,407.165375,36.447629111663,1024,5,Pauls-MacBook-Pro,25fcce9-dirty,2026-09-25T22:32:22Z
rayon-tiled,cpu,Apple M1 Pro,i32,2048,2,42.99359801431529,0.0,399.591334,396.53262500000005,3.9920984588154402,2048,5,Pauls-MacBook-Pro,25fcce9-dirty,2026-09-25T22:32:22Z
rayon-tiled,cpu,Apple M1 Pro,i32,2048,4,67.06124213542857,0.0,256.18179200000003,251.24391699999998,4.732077329560926,512,5,Pauls-MacBook-Pro,25fcce9-dirty,2026-09-25T22:32:22Z
rayon-tiled,cpu,Apple M1 Pro,i32,2048,4,79.98882189140318,0.0,214.77837499999998,212.951083,8.587924508711046,1024,5,Pauls-MacBook-Pro,25fcce9-dirty,2026-09-25T22:32:22Z
rayon-tiled,cpu,Apple M1 Pro,i32,2048,4,83.3677625112514,0.0,206.07329099999998,204.393416,3.8784497440859407,2048,5,Pauls-MacBook-Pro,25fcce9-dirty,2026-09-25T22:32:22Z
rayon-tiled,cpu,Apple M1 Pro,i32,2048,8,153.3120107007244,0.0,112.05820800000001,111.02754200000001,10.914707869937537,512,5,Pauls-MacBook-Pro,25fcce9-dirty,2026-09-25T22:32:22Z
rayon-tiled,cpu,Apple M1 Pro,i32,2048,8,151.39905721027063,0.0,113.47408300000001,113.115833,19.105508254642473,1024,5,Pauls-MacBook-Pro,25fcce9-dirty,2026-09-25T22:32:22Z
rayon-tiled,cpu,Apple M1 Pro,i32,2048,8,162.1461325682142,0.0,105.953,105.483958,4.760284490779181,2048,5,Pauls-MacBook-Pro,25fcce9-dirty,2026-09-25T22:32:22Z
rayon-tiled,cpu,Apple M1 Pro,i32,2048,10,125.97994376690599,0.0,136.369875,128.956917,8.246069930716063,512,5,Pauls-MacBook-Pro,25fcce9-dirty,2026-09-25T22:32:22Z
rayon-tiled,cpu,Apple M1 Pro,i32,2048,10,84.99832836502446,0.0,202.120083,183.605334,14.193256050467935,1024,5,Pauls-MacBook-Pro,25fcce9-dirty,2026-09-25T22:32:22Z
rayon-tiled,cpu,Apple M1 Pro,i32,2048,10,142.1552377963702,0.0,120.852875,113.3185,5.962743002432091,2048,5,Pauls-MacBook-Pro,25fcce9-dirty,2026-09-25T22:32:22Z
static-ikj,cpu,Apple M1 Pro,i32,2048,1,24.217886778050296,0.0,709.387625,708.967833,1.7808862617193773,,5,Pauls-MacBook-Pro,25fcce9-dirty,2026-09-25T22:32:22Z
static-ikj,cpu,Apple M1 Pro,i32,2048,2,42.679882751159234,0.0,402.5285,399.019709,2.8330635103997426,,5,Pauls-MacBook-Pro,25fcce9-dirty,2026-09-25T22:32:22Z
static-ikj,cpu,Apple M1 Pro,i32,2048,4,82.43972850096948,0.0,208.39308300000002,207.58712500000001,3.5845714675753997,,5,Pauls-MacBook-Pro,25fcce9-dirty,2026-09-25T22:32:22Z
static-ikj,cpu,Apple M1 Pro,i32,2048,8,161.2972338111808,0.0,106.510625,106.39425,0.10374337604059601,,5,Pauls-MacBook-Pro,25fcce9-dirty,2026-09-25T22:32:22Z
static-ikj,cpu,Apple M1 Pro,i32,2048,10,147.97438394039526,0.0,116.100292,110.76625,9.39368896788254,,5,Pauls-MacBook-Pro,25fcce9-dirty,2026-09-25T22:32:22Z
static-tiled,cpu,Apple M1 Pro,i32,2048,1,20.772627543075497,0.0,827.0436249999999,826.62825,3.2704258457949384,512,5,Pauls-MacBook-Pro,25fcce9-dirty,2026-09-25T22:32:22Z
static-tiled,cpu,Apple M1 Pro,i32,2048,1,20.689889013544214,0.0,830.350959,823.66625,4.515842417163356,1024,5,Pauls-MacBook-Pro,25fcce9-dirty,2026-09-25T22:32:22Z
static-tiled,cpu,Apple M1 Pro,i32,2048,1,24.246329613341288,0.0,708.5554579999999,706.725083,1.7303885039778473,2048,5,Pauls-MacBook-Pro,25fcce9-dirty,2026-09-25T22:32:22Z
static-tiled,cpu,Apple M1 Pro,i32,2048,2,36.882870930604895,0.0,465.795334,462.776542,21.24411354908871,512,5,Pauls-MacBook-Pro,25fcce9-dirty,2026-09-25T22:32:22Z
static-tiled,cpu,Apple M1 Pro,i32,2048,2,41.635630801380415,0.0,412.624208,406.136167,4.505224986403153,1024,5,Pauls-MacBook-Pro,25fcce9-dirty,2026-09-25T22:32:22Z
static-tiled,cpu,Apple M1 Pro,i32,2048,2,42.566441962208984,0.0,403.60125000000005,396.26670800000005,4.146621542754394,2048,5,Pauls-MacBook-Pro,25fcce9-dirty,2026-09-25T22:32:22Z
static-tiled,cpu,Apple M1 Pro,i32,2048,4,80.41463215942117,0.0,213.641084,212.101875,2.7321773795300093,512,5,Pauls-MacBook-Pro,25fcce9-dirty,2026-09-25T22:32:22Z
static-tiled,cpu,Apple M1 Pro,i32,2048,4,67.15020990561082,0.0,255.842375,218.637375,20.949851542813,1024,5,Pauls-MacBook-Pro,25fcce9-dirty,2026-09-25T22:32:22Z
static-tiled,cpu,Apple M1 Pro,i32,2048,4,83.19676796594374,0.0,206.49683399999998,204.951708,3.7966863039393965,2048,5,Pauls-MacBook-Pro,25fcce9-dirty,2026-09-25T22:32:22Z
static-tiled,cpu,Apple M1 Pro,i32,2048,8,157.1248061899231,0.0,109.339,109.18837500000001,6.263971355524882,512,5,Pauls-MacBook-Pro,25fcce9-dirty,2026-09-25T22:32:22Z
static-tiled,cpu,Apple M1 Pro,i32,2048,8,149.8409378711655,0.0,114.654042,113.04375,7.673585741468473,1024,5,Pauls-MacBook-Pro,25fcce9-dirty,2026-09-25T22:32:22Z
static-tiled,cpu,Apple M1 Pro,i32,2048,8,161.77301165871566,0.0,106.197375,105.567042,4.60967978048353,2048,5,Pauls-MacBook-Pro,25fcce9-dirty,2026-09-25T22:32:22Z
static-tiled,cpu,Apple M1 Pro,i32,2048,10,150.7410464686329,0.0,113.969417,105.193459,13.761790602852212,512,5,Pauls-MacBook-Pro,25fcce9-dirty,2026-09-25T22:32:22Z
static-tiled,cpu,Apple M1 Pro,i32,2048,10,130.06447169313353,0.0,132.087333,125.25737500000001,17.31718688418255,1024,5,Pauls-MacBook-Pro,25fcce9-dirty,2026-09-25T22:32:22Z
static-tiled,cpu,Apple M1 Pro,i32,2048,10,146.7736608439654,0.0,117.050083,112.616584,9.145340847987939,2048,5,Pauls-MacBook-Pro,25fcce9-dirty,2026-09-25T22:32:22Z
metal-naive,metal,Apple M1 Pro,i32,2048,1,311.6503664060261,0.0,55.125458,53.546291000000004,0.712766601484523,,5,Pauls-MacBook-Pro,25fcce9-dirty,2026-09-25T22:32:22Z
metal-naive-e2e,metal,Apple M1 Pro,i32,2048,1,304.83213148180647,0.0,56.358458999999996,54.709,0.746957074321742,,5,Pauls-MacBook-Pro,25fcce9-dirty,2026-09-25T22:32:22Z
metal-tiled,metal,Apple M1 Pro,i32,2048,1,489.5770080575643,0.0,35.091249999999995,35.028917,0.16676756764041303,,5,Pauls-MacBook-Pro,25fcce9-dirty,2026-09-25T22:32:22Z
metal-tiled-e2e,metal,Apple M1 Pro,i32,2048,1,474.4788028571133,0.0,36.207875,36.139125,0.1709324499458763,,5,Pauls-MacBook-Pro,25fcce9-dirty,2026-09-25T22:32:22Z
naive-ijk,cpu,Apple M1 Pro,i32,4096,1,0.4150470096069976,0.0,331140.690791,330816.548666,203.4884609549146,,5,Pauls-MacBook-Pro,25fcce9-dirty,2026-09-25T22:32:22Z
ikj,cpu,Apple M1 Pro,i32,4096,1,25.814223804899292,0.0,5324.155958,5318.361625,4.251008037852121,,5,Pauls-MacBook-Pro,25fcce9-dirty,2026-09-25T22:32:22Z
tiled,cpu,Apple M1 Pro,i32,4096,1,19.137068401773636,0.0,7181.818583,7177.387959,2.453307319445599,512,5,Pauls-MacBook-Pro,25fcce9-dirty,2026-09-25T22:32:22Z
tiled,cpu,Apple M1 Pro,i32,4096,1,9.530674347254843,0.0,14420.695584000001,14401.657667,14.749651564196085,1024,5,Pauls-MacBook-Pro,25fcce9-dirty,2026-09-25T22:32:22Z
tiled,cpu,Apple M1 Pro,i32,4096,1,13.208626597305757,0.0,10405.241791,10398.447917,9.24440185548315,2048,5,Pauls-MacBook-Pro,25fcce9-dirty,2026-09-25T22:32:22Z
rayon-ikj,cpu,Apple M1 Pro,i32,4096,1,25.799194702339804,0.0,5327.2575,5322.885958,8.541460081174579,,5,Pauls-MacBook-Pro,25fcce9-dirty,2026-09-25T22:32:22Z
rayon-ikj,cpu,Apple M1 Pro,i32,4096,2,48.49285597181541,0.0,2834.210333,2816.634916,9.411601893751781,,5,Pauls-MacBook-Pro,25fcce9-dirty,2026-09-25T22:32:22Z
rayon-ikj,cpu,Apple M1 Pro,i32,4096,4,64.68026683731017,0.0,2124.89775,2021.170583,64.52644830535378,,5,Pauls-MacBook-Pro,25fcce9-dirty,2026-09-25T22:32:22Z
rayon-ikj,cpu,Apple M1 Pro,i32,4096,8,141.04902093115368,0.0,974.405583,819.551917,85.45470797776053,,5,Pauls-MacBook-Pro,25fcce9-dirty,2026-09-25T22:32:22Z
rayon-ikj,cpu,Apple M1 Pro,i32,4096,10,128.12053851027278,0.0,1072.7316250000001,1047.9885,73.61707604673833,,5,Pauls-MacBook-Pro,25fcce9-dirty,2026-09-25T22:32:22Z
rayon-tiled,cpu,Apple M1 Pro,i32,4096,1,19.000503788977735,0.0,7233.437333999999,7219.320875,26.52378840890001,512,5,Pauls-MacBook-Pro,25fcce9-dirty,2026-09-25T22:32:22Z
rayon-tiled,cpu,Apple M1 Pro,i32,4096,1,9.521585232813244,0.0,14434.461291,14428.027833,11.270351479898489,1024,5,Pauls-MacBook-Pro,25fcce9-dirty,2026-09-25T22:32:22Z
rayon-tiled,cpu,Apple M1 Pro,i32,4096,1,13.264469127707432,0.0,10361.436417,10350.284042,8.256021966362177,2048,5,Pauls-MacBook-Pro,25fcce9-dirty,2026-09-25T22:32:22Z
rayon-tiled,cpu,Apple M1 Pro,i32,4096,2,27.94089254663437,0.0,4918.917792,4664.710791,118.50799159481248,512,5,Pauls-MacBook-Pro,25fcce9-dirty,2026-09-25T22:32:22Z
rayon-tiled,cpu,Apple M1 Pro,i32,4096,2,20.443471461466064,0.0,6722.877459,6712.180792,7.72748218160734,1024,5,Pauls-MacBook-Pro,25fcce9-dirty,2026-09-25T22:32:22Z
rayon-tiled,cpu,Apple M1 Pro,i32,4096,2,24.00600372507231,0.0,5725.190875,5717.1894999999995,8.914394399217215,2048,5,Pauls-MacBook-Pro,25fcce9-dirty,2026-09-25T22:32:22Z
rayon-tiled,cpu,Apple M1 Pro,i32,4096,4,73.36464969670111,0.0,1873.367542,1871.0434579999999,2.4089297412011694,512,5,Pauls-MacBook-Pro,25fcce9-dirty,2026-09-25T22:32:22Z
rayon-tiled,cpu,Apple M1 Pro,i32,4096,4,36.682216350601855,0.0,3746.746166,3699.134333,411.7171500215232,1024,5,Pauls-MacBook-Pro,25fcce9-dirty,2026-09-25T22:32:22Z
rayon-tiled,cpu,Apple M1 Pro,i32,4096,4,44.120173100422626,0.0,3115.104584,2968.1094999999996,125.78753523706202,2048,5,Pauls-MacBook-Pro,25fcce9-dirty,2026-09-25T22:32:22Z
rayon-tiled,cpu,Apple M1 Pro,i32,4096,8,133.2702866265414,0.0,1031.279792,1011.6332500000001,761.6678122422131,512,5,Pauls-MacBook-Pro,25fcce9-dirty,2026-09-25T22:32:22Z
rayon-tiled,cpu,Apple M1 Pro,i32,4096,8,47.47007106040528,0.0,2895.275916,2450.376041,264.6252793520839,1024,5,Pauls-MacBook-Pro,25fcce9-dirty,2026-09-25T22:32:22Z
rayon-tiled,cpu,Apple M1 Pro,i32,4096,8,73.6106991163666,0.0,1867.105667,1770.617125,98.9438816823844,2048,5,Pauls-MacBook-Pro,25fcce9-dirty,2026-09-25T22:32:22Z
rayon-tiled,cpu,Apple M1 Pro,i32,4096,10,48.64391652765656,0.0,2825.408875,2647.4319579999997,170.4085852189871,512,5,Pauls-MacBook-Pro,25fcce9-dirty,2026-09-25T22:32:22Z
rayon-tiled,cpu,Apple M1 Pro,i32,4096,10,46.3986096931545,0.0,2962.135167,2795.061292,119.32810574973004,1024,5,Pauls-MacBook-Pro,25fcce9-dirty,2026-09-25T22:32:22Z
rayon-tiled,cpu,Apple M1 Pro,i32,4096,10,72.1113245391945,0.0,1905.927458,1663.788209,148.99915302071122,2048,5,Pauls-MacBook-Pro,25fcce9-dirty,2026-09-25T22:32:22Z
static-ikj,cpu,Apple M1 Pro,i32,4096,1,25.80729108572906,0.0,5325.586208,5323.1045,5.174799068096049,,5,Pauls-MacBook-Pro,25fcce9-dirty,2026-09-25T22:32:22Z
static-ikj,cpu,Apple M1 Pro,i32,4096,2,48.413424150399145,0.0,2838.8604170000003,2831.263708,4.280720446774227,,5,Pauls-MacBook-Pro,25fcce9-dirty,2026-09-25T22:32:22Z
static-ikj,cpu,Apple M1 Pro,i32,4096,4,66.65014929417362,0.0,2062.095208,2038.9432080000001,22.836158883600994,,5,Pauls-MacBook-Pro,25fcce9-dirty,2026-09-25T22:32:22Z
static-ikj,cpu,Apple M1 Pro,i32,4096,8,142.27920907362667,0.0,965.980584,790.70925,154.4932422057885,,5,Pauls-MacBook-Pro,25fcce9-dirty,2026-09-25T22:32:22Z
static-ikj,cpu,Apple M1 Pro,i32,4096,10,127.24455455564468,0.0,1080.116583,1074.585791,15.966442757581444,,5,Pauls-MacBook-Pro,25fcce9-dirty,2026-09-25T22:32:22Z
static-tiled,cpu,Apple M1 Pro,i32,4096,1,19.029745269639648,0.0,7222.322292000001,7211.822749999999,27.170033668848923,512,5,Pauls-MacBook-Pro,25fcce9-dirty,2026-09-25T22:32:22Z
static-tiled,cpu,Apple M1 Pro,i32,4096,1,9.539504744704026,0.0,14407.346833,14402.037916,6.811130975316273,1024,5,Pauls-MacBook-Pro,25fcce9-dirty,2026-09-25T22:32:22Z
static-tiled,cpu,Apple M1 Pro,i32,4096,1,13.20804628439953,0.0,10405.698959000001,10403.1165,4.974069967201572,2048,5,Pauls-MacBook-Pro,25fcce9-dirty,2026-09-25T22:32:22Z
static-tiled,cpu,Apple M1 Pro,i32,4096,2,28.26734881596849,0.0,4862.109792,4752.609792,63.119598661739595,512,5,Pauls-MacBook-Pro,25fcce9-dirty,2026-09-25T22:32:22Z
static-tiled,cpu,Apple M1 Pro,i32,4096,2,20.36103761520716,0.0,6750.0957499999995,6743.928583,5.420742872595491,1024,5,Pauls-MacBook-Pro,25fcce9-dirty,2026-09-25T22:32:22Z
static-tiled,cpu,Apple M1 Pro,i32,4096,2,24.082715659117024,0.0,5706.954125,5675.415167,22.58643132591451,2048,5,Pauls-MacBook-Pro,25fcce9-dirty,2026-09-25T22:32:22Z
static-tiled,cpu,Apple M1 Pro,i32,4096,4,73.36911771605014,0.0,1873.253458,1863.7774590000001,13.075865917835596,512,5,Pauls-MacBook-Pro,25fcce9-dirty,2026-09-25T22:32:22Z
static-tiled,cpu,Apple M1 Pro,i32,4096,4,38.69880657848128,0.0,3551.503667,3544.667209,6.307133681656941,1024,5,Pauls-MacBook-Pro,25fcce9-dirty,2026-09-25T22:32:22Z
static-tiled,cpu,Apple M1 Pro,i32,4096,4,45.547547292231975,0.0,3017.4830840000004,2965.974209,74.52623265039082,2048,5,Pauls-MacBook-Pro,25fcce9-dirty,2026-09-25T22:32:22Z
static-tiled,cpu,Apple M1 Pro,i32,4096,8,137.06715880374486,0.0,1002.7124999999999,996.159833,28.096199135298846,512,5,Pauls-MacBook-Pro,25fcce9-dirty,2026-09-25T22:32:22Z
static-tiled,cpu,Apple M1 Pro,i32,4096,8,67.02170113228706,0.0,2050.663459,2028.2055410000003,35.624749653679,1024,5,Pauls-MacBook-Pro,25fcce9-dirty,2026-09-25T22:32:22Z
static-tiled,cpu,Apple M1 Pro,i32,4096,8,87.01860918397115,0.0,1579.4202500000001,1563.4358750000001,22.000080476649448,2048,5,Pauls-MacBook-Pro,25fcce9-dirty,2026-09-25T22:32:22Z
static-tiled,cpu,Apple M1 Pro,i32,4096,10,130.429163178537,0.0,1053.7440410000002,1029.124875,50.80613817401418,512,5,Pauls-MacBook-Pro,25fcce9-dirty,2026-09-25T22:32:22Z
static-tiled,cpu,Apple M1 Pro,i32,4096,10,63.37125688157252,0.0,2168.7900830000003,2077.9001670000002,104.11974979197663,1024,5,Pauls-MacBook-Pro,25fcce9-dirty,2026-09-25T22:32:22Z
static-tiled,cpu,Apple M1 Pro,i32,4096,10,86.52598554819066,0.0,1588.4124590000001,1555.654583,259.6445038099838,2048,5,Pauls-MacBook-Pro,25fcce9-dirty,2026-09-25T22:32:22Z
metal-naive,metal,Apple M1 Pro,i32,4096,1,264.6493635962339,0.0,519.324708,515.524584,1.9007317105647101,,5,Pauls-MacBook-Pro,25fcce9-dirty,2026-09-25T22:32:22Z
metal-naive-e2e,metal,Apple M1 Pro,i32,4096,1,261.58990268381825,0.0,525.398542,522.773834,1.718600757637752,,5,Pauls-MacBook-Pro,25fcce9-dirty,2026-09-25T22:32:22Z
metal-tiled,metal,Apple M1 Pro,i32,4096,1,492.12179117382516,0.0,279.278333,279.194417,2.7285425769788585,,5,Pauls-MacBook-Pro,25fcce9-dirty,2026-09-25T22:32:22Z
metal-tiled-e2e,metal,Apple M1 Pro,i32,4096,1,481.17638955488485,0.0,285.631125,283.700708,3.3857256064846517,,5,Pauls-MacBook-Pro,25fcce9-dirty,2026-09-25T22:32:22Z
naive-ijk,cpu,Apple M1 Pro,i64,64,1,3.0697636292310486,0.0,0.170791,0.159,0.011306391143950396,,5,Pauls-MacBook-Pro,25fcce9-dirty,2026-09-25T22:32:22Z
ikj,cpu,Apple M1 Pro,i64,64,1,6.377578824445311,0.0,0.08220799999999999,0.081958,0.00046864912247864487,,5,Pauls-MacBook-Pro,25fcce9-dirty,2026-09-25T22:32:22Z
tiled,cpu,Apple M1 Pro,i64,64,1,6.058191398396154,0.0,0.086542,0.084208,0.0030617454172416083,512,5,Pauls-MacBook-Pro,25fcce9-dirty,2026-09-25T22:32:22Z
tiled,cpu,Apple M1 Pro,i64,64,1,6.055252702577843,0.0,0.086584,0.08645800000000001,0.000490755030539682,1024,5,Pauls-MacBook-Pro,25fcce9-dirty,2026-09-25T22:32:22Z
tiled,cpu,Apple M1 Pro,i64,64,1,6.061132947976878,0.0,0.08650000000000001,0.08645800000000001,0.0014186124558877979,2048,5,Pauls-MacBook-Pro,25fcce9-dirty,2026-09-25T22:32:22Z
rayon-ikj,cpu,Apple M1 Pro,i64,64,1,5.701385415080797,0.0,0.091958,0.090083,0.01272454703712474,,5,Pauls-MacBook-Pro,25fcce9-dirty,2026-09-25T22:32:22Z
rayon-ikj,cpu,Apple M1 Pro,i64,64,2,10.180349514563106,0.0,0.0515,0.050915999999999996,0.0005852933452551843,,5,Pauls-MacBook-Pro,25fcce9-dirty,2026-09-25T22:32:22Z
rayon-ikj,cpu,Apple M1 Pro,i64,64,4,9.258949227373067,0.0,0.056625,0.033624999999999995,0.02366082941699213,,5,Pauls-MacBook-Pro,25fcce9-dirty,2026-09-25T22:32:22Z
rayon-ikj,cpu,Apple M1 Pro,i64,64,8,8.081510597302504,0.0,0.064875,0.036084000000000005,0.021804028336525342,,5,Pauls-MacBook-Pro,25fcce9-dirty,2026-09-25T22:32:22Z
rayon-ikj,cpu,Apple M1 Pro,i64,64,10,8.272788954635109,0.0,0.063375,0.038542,0.03199515551923447,,5,Pauls-MacBook-Pro,25fcce9-dirty,2026-09-25T22:32:22Z
rayon-tiled,cpu,Apple M1 Pro,i64,64,1,5.356710089399745,0.0,0.09787499999999999,0.09370899999999999,0.002719719967202505,512,5,Pauls-MacBook-Pro,25fcce9-dirty,2026-09-25T22:32:22Z
rayon-tiled,cpu,Apple M1 Pro,i64,64,1,5.607358288770054,0.0,0.0935,0.091,0.02556709229654401,1024,5,Pauls-MacBook-Pro,25fcce9-dirty,2026-09-25T22:32:22Z
rayon-tiled,cpu,Apple M1 Pro,i64,64,1,5.614864792503346,0.0,0.093375,0.09075,0.0021421744093327215,2048,5,Pauls-MacBook-Pro,25fcce9-dirty,2026-09-25T22:32:22Z
rayon-tiled,cpu,Apple M1 Pro,i64,64,2,10.188460716298412,0.0,0.051459000000000005,0.051165999999999996,0.001120911816335255,512,5,Pauls-MacBook-Pro,25fcce9-dirty,2026-09-25T22:32:22Z
rayon-tiled,cpu,Apple M1 Pro,i64,64,2,10.03422009569378,0.0,0.052250000000000005,0.051125000000000004,0.001625170514130747,1024,5,Pauls-MacBook-Pro,25fcce9-dirty,2026-09-25T22:32:22Z
rayon-tiled,cpu,Apple M1 Pro,i64,64,2,10.188658711959267,0.0,0.051458000000000004,0.051375000000000004,0.00037200846764556394,2048,5,Pauls-MacBook-Pro,25fcce9-dirty,2026-09-25T22:32:22Z
rayon-tiled,cpu,Apple M1 Pro,i64,64,4,13.385962672658106,0.0,0.039167,0.035750000000000004,0.014306511828534586,512,5,Pauls-MacBook-Pro,25fcce9-dirty,2026-09-25T22:32:22Z
rayon-tiled,cpu,Apple M1 Pro,i64,64,4,13.573799352750811,0.0,0.038625,0.031917,0.003214846232714716,1024,5,Pauls-MacBook-Pro,25fcce9-dirty,2026-09-25T22:32:22Z
rayon-tiled,cpu,Apple M1 Pro,i64,64,4,12.064245938607389,0.0,0.043458000000000004,0.034625,0.011667203143855859,2048,5,Pauls-MacBook-Pro,25fcce9-dirty,2026-09-25T22:32:22Z
rayon-tiled,cpu,Apple M1 Pro,i64,64,8,10.772967308443093,0.0,0.048667,0.029042000000000002,0.045417485589803415,512,5,Pauls-MacBook-Pro,25fcce9-dirty,2026-09-25T22:32:22Z
rayon-tiled,cpu,Apple M1 Pro,i64,64,8,8.536528974062556,0.0,0.061417,0.026459,0.019759718955491244,1024,5,Pauls-MacBook-Pro,25fcce9-dirty,2026-09-25T22:32:22Z
rayon-tiled,cpu,Apple M1 Pro,i64,64,8,11.234903355762226,0.0,0.046666,0.031708,0.026046380138130515,2048,5,Pauls-MacBook-Pro,25fcce9-dirty,2026-09-25T22:32:22Z
rayon-tiled,cpu,Apple M1 Pro,i64,64,10,10.172251217477346,0.0,0.051541000000000003,0.044292000000000005,0.027067335179141665,512,5,Pauls-MacBook-Pro,25fcce9-dirty,2026-09-25T22:32:22Z
rayon-tiled,cpu,Apple M1 Pro,i64,64,10,9.634636235000091,0.0,0.054417,0.038458,0.009374497250519625,1024,5,Pauls-MacBook-Pro,25fcce9-dirty,2026-09-25T22:32:22Z
rayon-tiled,cpu,Apple M1 Pro,i64,64,10,10.297116819860163,0.0,0.050915999999999996,0.043000000000000003,0.007360077567526037,2048,5,Pauls-MacBook-Pro,25fcce9-dirty,2026-09-25T22:32:22Z
static-ikj,cpu,Apple M1 Pro,i64,64,1,5.83898163513047,0.0,0.089791,0.088375,0.0014138064577586351,,5,Pauls-MacBook-Pro,25fcce9-dirty,2026-09-25T22:32:22Z
static-ikj,cpu,Apple M1 Pro,i64,64,2,10.090611647869432,0.0,0.051958,0.051333,0.0009907433068156452,,5,Pauls-MacBook-Pro,25fcce9-dirty,2026-09-25T22:32:22Z
static-ikj,cpu,Apple M1 Pro,i64,64,4,10.573733462407228,0.0,0.049583999999999996,0.04675,0.006388435309213047,,5,Pauls-MacBook-Pro,25fcce9-dirty,2026-09-25T22:32:22Z
static-ikj,cpu,Apple M1 Pro,i64,64,8,6.675256550635329,0.0,0.078542,0.063459,0.029999179943791796,,5,Pauls-MacBook-Pro,25fcce9-dirty,2026-09-25T22:32:22Z
static-ikj,cpu,Apple M1 Pro,i64,64,10,13.093451875530693,0.0,0.040042,0.035875,0.0022537965081169146,,5,Pauls-MacBook-Pro,25fcce9-dirty,2026-09-25T22:32:22Z
static-tiled,cpu,Apple M1 Pro,i64,64,1,5.72992349726776,0.0,0.0915,0.090625,0.0006212109142634254,512,5,Pauls-MacBook-Pro,25fcce9-dirty,2026-09-25T22:32:22Z
static-tiled,cpu,Apple M1 Pro,i64,64,1,5.785246896551724,0.0,0.090625,0.090583,0.008770847866654628,1024,5,Pauls-MacBook-Pro,25fcce9-dirty,2026-09-25T22:32:22Z
static-tiled,cpu,Apple M1 Pro,i64,64,1,5.698782608695652,0.0,0.092,0.091417,0.0011908301726106887,2048,5,Pauls-MacBook-Pro,25fcce9-dirty,2026-09-25T22:32:22Z
static-tiled,cpu,Apple M1 Pro,i64,64,2,9.986438095238094,0.0,0.052500000000000005,0.052125,0.0005082514141642893,512,5,Pauls-MacBook-Pro,25fcce9-dirty,2026-09-25T22:32:22Z
static-tiled,cpu,Apple M1 Pro,i64,64,2,9.986438095238094,0.0,0.052500000000000005,0.052375,0.0030746214888990784,1024,5,Pauls-MacBook-Pro,25fcce9-dirty,2026-09-25T22:32:22Z
static-tiled,cpu,Apple M1 Pro,i64,64,2,9.900071754975642,0.0,0.052958,0.050124999999999996,0.0027721106218908365,2048,5,Pauls-MacBook-Pro,25fcce9-dirty,2026-09-25T22:32:22Z
static-tiled,cpu,Apple M1 Pro,i64,64,4,11.428621253405995,0.0,0.045875,0.041875,0.01007528494386139,512,5,Pauls-MacBook-Pro,25fcce9-dirty,2026-09-25T22:32:22Z
static-tiled,cpu,Apple M1 Pro,i64,64,4,10.538452261306531,0.0,0.04975,0.0455,0.008715444153914356,1024,5,Pauls-MacBook-Pro,25fcce9-dirty,2026-09-25T22:32:22Z
static-tiled,cpu,Apple M1 Pro,i64,64,4,9.078580086580086,0.0,0.05775,0.055291,0.012026767894991566,2048,5,Pauls-MacBook-Pro,25fcce9-dirty,2026-09-25T22:32:22Z
static-tiled,cpu,Apple M1 Pro,i64,64,8,7.724316758747698,0.0,0.06787499999999999,0.042917000000000004,0.02140919568316381,512,5,Pauls-MacBook-Pro,25fcce9-dirty,2026-09-25T22:32:22Z
static-tiled,cpu,Apple M1 Pro,i64,64,8,5.685865804856359,0.0,0.092209,0.060209,0.01464092865224061,1024,5,Pauls-MacBook-Pro,25fcce9-dirty,2026-09-25T22:32:22Z
static-tiled,cpu,Apple M1 Pro,i64,64,8,5.758811963840468,0.0,0.091041,0.059666000000000004,0.019421250145137414,2048,5,Pauls-MacBook-Pro,25fcce9-dirty,2026-09-25T22:32:22Z
static-tiled,cpu,Apple M1 Pro,i64,64,10,12.006778729446252,0.0,0.043665999999999996,0.037750000000000006,0.0070419456686344846,512,5,Pauls-MacBook-Pro,25fcce9-dirty,2026-09-25T22:32:22Z
static-tiled,cpu,Apple M1 Pro,i64,64,10,10.547356562323973,0.0,0.049708,0.042042,0.01995163266502268,1024,5,Pauls-MacBook-Pro,25fcce9-dirty,2026-09-25T22:32:22Z
static-tiled,cpu,Apple M1 Pro,i64,64,10,7.449918294849023,0.0,0.07037500000000001,0.043332999999999997,0.030029173894731104,2048,5,Pauls-MacBook-Pro,25fcce9-dirty,2026-09-25T22:32:22Z
metal-naive,metal,Apple M1 Pro,i64,64,1,2.181878714231019,0.0,0.240292,0.21541600000000002,0.012302079551848123,,5,Pauls-MacBook-Pro,25fcce9-dirty,2026-09-25T22:32:22Z
metal-naive-e2e,metal,Apple M1 Pro,i64,64,1,2.09540024539485,0.0,0.250209,0.223375,0.013967411385077774,,5,Pauls-MacBook-Pro,25fcce9-dirty,2026-09-25T22:32:22Z
metal-tiled,metal,Apple M1 Pro,i64,64,1,2.3475512013396975,0.0,0.223334,0.215,0.008659302165879186,,5,Pauls-MacBook-Pro,25fcce9-dirty,2026-09-25T22:32:22Z
metal-tiled-e2e,metal,Apple M1 Pro,i64,64,1,2.260670843448303,0.0,0.23191699999999998,0.222125,0.008654025641283954,,5,Pauls-MacBook-Pro,25fcce9-dirty,2026-09-25T22:32:22Z
naive-ijk,cpu,Apple M1 Pro,i64,128,1,3.216591932721811,0.0,1.3039589999999999,1.2685000000000002,0.05176973440341373,,5,Pauls-MacBook-Pro,25fcce9-dirty,2026-09-25T22:32:22Z
ikj,cpu,Apple M1 Pro,i64,128,1,6.426820915533423,0.0,0.652625,0.6525409999999999,0.0038724287340117765,,5,Pauls-MacBook-Pro,25fcce9-dirty,2026-09-25T22:32:22Z
tiled,cpu,Apple M1 Pro,i64,128,1,6.200766686821886,0.0,0.676417,0.676125,0.005603870207276367,512,5,Pauls-MacBook-Pro,25fcce9-dirty,2026-09-25T22:32:22Z
tiled,cpu,Apple M1 Pro,i64,128,1,6.179071055640019,0.0,0.678792,0.676333,0.002230449663184528,1024,5,Pauls-MacBook-Pro,25fcce9-dirty,2026-09-25T22:32:22Z
tiled,cpu,Apple M1 Pro,i64,128,1,6.199236162841568,0.0,0.6765840000000001,0.676125,0.0015541513118097906,2048,5,Pauls-MacBook-Pro,25fcce9-dirty,2026-09-25T22:32:22Z
rayon-ikj,cpu,Apple M1 Pro,i64,128,1,6.293425842288636,0.0,0.666458,0.6653330000000001,0.0056080541188543945,,5,Pauls-MacBook-Pro,25fcce9-dirty,2026-09-25T22:32:22Z
rayon-ikj,cpu,Apple M1 Pro,i64,128,2,12.065599424667385,0.0,0.347625,0.34620799999999996,0.003757287758476872,,5,Pauls-MacBook-Pro,25fcce9-dirty,2026-09-25T22:32:22Z
rayon-ikj,cpu,Apple M1 Pro,i64,128,4,20.653151667052388,0.0,0.203083,0.192208,0.012922571775772817,,5,Pauls-MacBook-Pro,25fcce9-dirty,2026-09-25T22:32:22Z
rayon-ikj,cpu,Apple M1 Pro,i64,128,8,27.451070736687782,0.0,0.152792,0.149542,0.007841650381137892,,5,Pauls-MacBook-Pro,25fcce9-dirty,2026-09-25T22:32:22Z
rayon-ikj,cpu,Apple M1 Pro,i64,128,10,33.29922672636911,0.0,0.125958,0.125125,0.0052809839708145385,,5,Pauls-MacBook-Pro,25fcce9-dirty,2026-09-25T22:32:22Z
rayon-tiled,cpu,Apple M1 Pro,i64,128,1,6.100442010003767,0.0,0.687541,0.684459,0.0022798672768386983,512,5,Pauls-MacBook-Pro,25fcce9-dirty,2026-09-25T22:32:22Z
rayon-tiled,cpu,Apple M1 Pro,i64,128,1,5.893293316922109,0.0,0.711708,0.69075,0.026493289640963806,1024,5,Pauls-MacBook-Pro,25fcce9-dirty,2026-09-25T22:32:22Z
rayon-tiled,cpu,Apple M1 Pro,i64,128,1,6.0856867592947275,0.0,0.6892079999999999,0.684625,0.009577167728509289,2048,5,Pauls-MacBook-Pro,25fcce9-dirty,2026-09-25T22:32:22Z
rayon-tiled,cpu,Apple M1 Pro,i64,128,2,11.6575799350736,0.0,0.359792,0.359125,0.0027496085721425783,512,5,Pauls-MacBook-Pro,25fcce9-dirty,2026-09-25T22:32:22Z
rayon-tiled,cpu,Apple M1 Pro,i64,128,2,11.585131006899754,0.0,0.362042,0.35970799999999997,0.0016079779849239343,1024,5,Pauls-MacBook-Pro,25fcce9-dirty,2026-09-25T22:32:22Z
rayon-tiled,cpu,Apple M1 Pro,i64,128,2,11.27752697510466,0.0,0.371917,0.36900000000000005,0.007897820996958573,2048,5,Pauls-MacBook-Pro,25fcce9-dirty,2026-09-25T22:32:22Z
rayon-tiled,cpu,Apple M1 Pro,i64,128,4,17.093444727457975,0.0,0.24537499999999998,0.219583,0.024852143857220864,512,5,Pauls-MacBook-Pro,25fcce9-dirty,2026-09-25T22:32:22Z
rayon-tiled,cpu,Apple M1 Pro,i64,128,4,19.50458050055338,0.0,0.215042,0.214416,0.021780774370990588,1024,5,Pauls-MacBook-Pro,25fcce9-dirty,2026-09-25T22:32:22Z
rayon-tiled,cpu,Apple M1 Pro,i64,128,4,19.057828183003686,0.0,0.22008299999999997,0.20433300000000001,0.007280608573464166,2048,5,Pauls-MacBook-Pro,25fcce9-dirty,2026-09-25T22:32:22Z
rayon-tiled,cpu,Apple M1 Pro,i64,128,8,24.6483081226567,0.0,0.17016599999999998,0.15795800000000002,0.032091318229390334,512,5,Pauls-MacBook-Pro,25fcce9-dirty,2026-09-25T22:32:22Z
rayon-tiled,cpu,Apple M1 Pro,i64,128,8,22.74876745762712,0.0,0.18437499999999998,0.149,0.017836216280366194,1024,5,Pauls-MacBook-Pro,25fcce9-dirty,2026-09-25T22:32:22Z
rayon-tiled,cpu,Apple M1 Pro,i64,128,8,27.384040844573864,0.0,0.153166,0.115458,0.02382707251846102,2048,5,Pauls-MacBook-Pro,25fcce9-dirty,2026-09-25T22:32:22Z
rayon-tiled,cpu,Apple M1 Pro,i64,128,10,29.520097407853157,0.0,0.142083,0.135666,0.020465600240403396,512,5,Pauls-MacBook-Pro,25fcce9-dirty,2026-09-25T22:32:22Z
rayon-tiled,cpu,Apple M1 Pro,i64,128,10,31.906038430525342,0.0,0.131458,0.119292,0.009716136716823202,1024,5,Pauls-MacBook-Pro,25fcce9-dirty,2026-09-25T22:32:22Z
rayon-tiled,cpu,Apple M1 Pro,i64,128,10,29.22859930313589,0.0,0.1435,0.130833,0.03818932897158577,2048,5,Pauls-MacBook-Pro,25fcce9-dirty,2026-09-25T22:32:22Z
static-ikj,cpu,Apple M1 Pro,i64,128,1,6.349791534830488,0.0,0.660542,0.6589579999999999,0.014860591768163203,,5,Pauls-MacBook-Pro,25fcce9-dirty,2026-09-25T22:32:22Z
static-ikj,cpu,Apple M1 Pro,i64,128,2,12.080090320499528,0.0,0.347208,0.346667,0.0014082150048909286,,5,Pauls-MacBook-Pro,25fcce9-dirty,2026-09-25T22:32:22Z
static-ikj,cpu,Apple M1 Pro,i64,128,4,20.84126211180124,0.0,0.20125,0.193125,0.01662173109215764,,5,Pauls-MacBook-Pro,25fcce9-dirty,2026-09-25T22:32:22Z
static-ikj,cpu,Apple M1 Pro,i64,128,8,26.269072507155517,0.0,0.159667,0.157583,0.00359719588012663,,5,Pauls-MacBook-Pro,25fcce9-dirty,2026-09-25T22:32:22Z
static-ikj,cpu,Apple M1 Pro,i64,128,10,20.721207809659315,0.0,0.20241599999999998,0.182333,0.02844543675706177,,5,Pauls-MacBook-Pro,25fcce9-dirty,2026-09-25T22:32:22Z
static-tiled,cpu,Apple M1 Pro,i64,128,1,6.101542440760121,0.0,0.687417,0.6823750000000001,0.003385018271737971,512,5,Pauls-MacBook-Pro,25fcce9-dirty,2026-09-25T22:32:22Z
static-tiled,cpu,Apple M1 Pro,i64,128,1,6.101542440760121,0.0,0.687417,0.682792,0.002866650693753967,1024,5,Pauls-MacBook-Pro,25fcce9-dirty,2026-09-25T22:32:22Z
static-tiled,cpu,Apple M1 Pro,i64,128,1,6.104508480052629,0.0,0.687083,0.6818329999999999,0.005194233995499263,2048,5,Pauls-MacBook-Pro,25fcce9-dirty,2026-09-25T22:32:22Z
static-tiled,cpu,Apple M1 Pro,i64,128,2,10.369107540173053,0.0,0.4045,0.379958,0.015983075251652913,512,5,Pauls-MacBook-Pro,25fcce9-dirty,2026-09-25T22:32:22Z
static-tiled,cpu,Apple M1 Pro,i64,128,2,11.654891281695033,0.0,0.359875,0.35820799999999997,0.0012782497017406367,1024,5,Pauls-MacBook-Pro,25fcce9-dirty,2026-09-25T22:32:22Z
static-tiled,cpu,Apple M1 Pro,i64,128,2,11.478161875779932,0.0,0.365416,0.359833,0.010002774000246139,2048,5,Pauls-MacBook-Pro,25fcce9-dirty,2026-09-25T22:32:22Z
static-tiled,cpu,Apple M1 Pro,i64,128,4,19.85469349112426,0.0,0.21125000000000002,0.206833,0.010743815407014395,512,5,Pauls-MacBook-Pro,25fcce9-dirty,2026-09-25T22:32:22Z
static-tiled,cpu,Apple M1 Pro,i64,128,4,18.808538116591926,0.0,0.223,0.207791,0.014694290517068182,1024,5,Pauls-MacBook-Pro,25fcce9-dirty,2026-09-25T22:32:22Z
static-tiled,cpu,Apple M1 Pro,i64,128,4,19.626331255732122,0.0,0.213708,0.208417,0.016983324182856543,2048,5,Pauls-MacBook-Pro,25fcce9-dirty,2026-09-25T22:32:22Z
static-tiled,cpu,Apple M1 Pro,i64,128,8,25.804432085245658,0.0,0.162542,0.160875,0.009209549326650027,512,5,Pauls-MacBook-Pro,25fcce9-dirty,2026-09-25T22:32:22Z
static-tiled,cpu,Apple M1 Pro,i64,128,8,25.568476365808753,0.0,0.16404200000000002,0.148792,0.007225000484429043,1024,5,Pauls-MacBook-Pro,25fcce9-dirty,2026-09-25T22:32:22Z
static-tiled,cpu,Apple M1 Pro,i64,128,8,17.21333300501506,0.0,0.243666,0.218084,0.02223642080011979,2048,5,Pauls-MacBook-Pro,25fcce9-dirty,2026-09-25T22:32:22Z
static-tiled,cpu,Apple M1 Pro,i64,128,10,16.78843067168869,0.0,0.24983299999999997,0.200708,0.02849749241073678,512,5,Pauls-MacBook-Pro,25fcce9-dirty,2026-09-25T22:32:22Z
static-tiled,cpu,Apple M1 Pro,i64,128,10,19.406843262001157,0.0,0.216125,0.200375,0.025195178249022163,1024,5,Pauls-MacBook-Pro,25fcce9-dirty,2026-09-25T22:32:22Z
static-tiled,cpu,Apple M1 Pro,i64,128,10,18.170217558938457,0.0,0.23083399999999998,0.210833,0.014138650441254985,2048,5,Pauls-MacBook-Pro,25fcce9-dirty,2026-09-25T22:32:22Z
metal-naive,metal,Apple M1 Pro,i64,128,1,14.368138888793734,0.0,0.291917,0.268542,0.012688617221746428,,5,Pauls-MacBook-Pro,25fcce9-dirty,2026-09-25T22:32:22Z
metal-naive-e2e,metal,Apple M1 Pro,i64,128,1,13.74244449686771,0.0,0.30520800000000003,0.281416,0.012399495743779259,,5,Pauls-MacBook-Pro,25fcce9-dirty,2026-09-25T22:32:22Z
metal-tiled,metal,Apple M1 Pro,i64,128,1,14.52572813852814,0.0,0.28875,0.260041,0.06399101846900077,,5,Pauls-MacBook-Pro,25fcce9-dirty,2026-09-25T22:32:22Z
metal-tiled-e2e,metal,Apple M1 Pro,i64,128,1,13.938454585332785,0.0,0.30091599999999996,0.274958,0.06384203049089214,,5,Pauls-MacBook-Pro,25fcce9-dirty,2026-09-25T22:32:22Z
naive-ijk,cpu,Apple M1 Pro,i64,256,1,2.84303358979673,0.0,11.802334,11.791666,0.04431579243001343,,5,Pauls-MacBook-Pro,25fcce9-dirty,2026-09-25T22:32:22Z
ikj,cpu,Apple M1 Pro,i64,256,1,6.418522691406437,0.0,5.2277499999999995,5.2137080000000005,0.04322919054643498,,5,Pauls-MacBook-Pro,25fcce9-dirty,2026-09-25T22:32:22Z
tiled,cpu,Apple M1 Pro,i64,256,1,6.21095656828799,0.0,5.402457999999999,5.391459,0.030904271439398126,512,5,Pauls-MacBook-Pro,25fcce9-dirty,2026-09-25T22:32:22Z
tiled,cpu,Apple M1 Pro,i64,256,1,6.212249048105524,0.0,5.401333999999999,5.385916,0.052834842845418076,1024,5,Pauls-MacBook-Pro,25fcce9-dirty,2026-09-25T22:32:22Z
tiled,cpu,Apple M1 Pro,i64,256,1,6.202776073497717,0.0,5.409583,5.384375,0.039185971750104624,2048,5,Pauls-MacBook-Pro,25fcce9-dirty,2026-09-25T22:32:22Z
rayon-ikj,cpu,Apple M1 Pro,i64,256,1,6.394872275724955,0.0,5.247084,5.232708,0.007888552985180567,,5,Pauls-MacBook-Pro,25fcce9-dirty,2026-09-25T22:32:22Z
rayon-ikj,cpu,Apple M1 Pro,i64,256,2,12.157402898550727,0.0,2.76,2.708042,0.09491005312821192,,5,Pauls-MacBook-Pro,25fcce9-dirty,2026-09-25T22:32:22Z
rayon-ikj,cpu,Apple M1 Pro,i64,256,4,23.297644159000175,0.0,1.4402499999999998,1.404375,0.028347260991143482,,5,Pauls-MacBook-Pro,25fcce9-dirty,2026-09-25T22:32:22Z
rayon-ikj,cpu,Apple M1 Pro,i64,256,8,40.00328090873542,0.0,0.838792,0.8105,0.018648252419462802,,5,Pauls-MacBook-Pro,25fcce9-dirty,2026-09-25T22:32:22Z
rayon-ikj,cpu,Apple M1 Pro,i64,256,10,46.34052402759902,0.0,0.724084,0.6915410000000001,0.0426502692805098,,5,Pauls-MacBook-Pro,25fcce9-dirty,2026-09-25T22:32:22Z
rayon-tiled,cpu,Apple M1 Pro,i64,256,1,6.154282053384233,0.0,5.452209000000001,5.4165,0.12760494261861474,512,5,Pauls-MacBook-Pro,25fcce9-dirty,2026-09-25T22:32:22Z
rayon-tiled,cpu,Apple M1 Pro,i64,256,1,6.199146829245762,0.0,5.41275,5.411208,0.011548250655402421,1024,5,Pauls-MacBook-Pro,25fcce9-dirty,2026-09-25T22:32:22Z
rayon-tiled,cpu,Apple M1 Pro,i64,256,1,6.012575104704438,0.0,5.580709,5.447333,0.08394543015971709,2048,5,Pauls-MacBook-Pro,25fcce9-dirty,2026-09-25T22:32:22Z
rayon-tiled,cpu,Apple M1 Pro,i64,256,2,11.787613504467108,0.0,2.846584,2.817417,0.043346637254809015,512,5,Pauls-MacBook-Pro,25fcce9-dirty,2026-09-25T22:32:22Z
rayon-tiled,cpu,Apple M1 Pro,i64,256,2,11.976595362689428,0.0,2.8016669999999997,2.7979160000000003,0.059341646130689665,1024,5,Pauls-MacBook-Pro,25fcce9-dirty,2026-09-25T22:32:22Z
rayon-tiled,cpu,Apple M1 Pro,i64,256,2,11.95454807801245,0.0,2.806834,2.798042,0.00980586609127418,2048,5,Pauls-MacBook-Pro,25fcce9-dirty,2026-09-25T22:32:22Z
rayon-tiled,cpu,Apple M1 Pro,i64,256,4,22.464466310094554,0.0,1.4936669999999999,1.462459,0.02597489084096416,512,5,Pauls-MacBook-Pro,25fcce9-dirty,2026-09-25T22:32:22Z
rayon-tiled,cpu,Apple M1 Pro,i64,256,4,22.52480220398398,0.0,1.489666,1.474542,0.0103726629319572,1024,5,Pauls-MacBook-Pro,25fcce9-dirty,2026-09-25T22:32:22Z
rayon-tiled,cpu,Apple M1 Pro,i64,256,4,22.169475310232553,0.0,1.5135420000000002,1.4701250000000001,0.048587820662178184,2048,5,Pauls-MacBook-Pro,25fcce9-dirty,2026-09-25T22:32:22Z
rayon-tiled,cpu,Apple M1 Pro,i64,256,8,39.87848118115037,0.0,0.841417,0.7486250000000001,0.09990402431183641,512,5,Pauls-MacBook-Pro,25fcce9-dirty,2026-09-25T22:32:22Z
rayon-tiled,cpu,Apple M1 Pro,i64,256,8,39.43136088972664,0.0,0.850958,0.753583,0.07371582291950625,1024,5,Pauls-MacBook-Pro,25fcce9-dirty,2026-09-25T22:32:22Z
rayon-tiled,cpu,Apple M1 Pro,i64,256,8,40.83910786551042,0.0,0.8216249999999999,0.779042,0.02886560140547914,2048,5,Pauls-MacBook-Pro,25fcce9-dirty,2026-09-25T22:32:22Z
rayon-tiled,cpu,Apple M1 Pro,i64,256,10,39.54558868591632,0.0,0.8484999999999999,0.8025,0.037192072894637114,512,5,Pauls-MacBook-Pro,25fcce9-dirty,2026-09-25T22:32:22Z
rayon-tiled,cpu,Apple M1 Pro,i64,256,10,37.11432689255301,0.0,0.904083,0.8400420000000001,0.053617393505279554,1024,5,Pauls-MacBook-Pro,25fcce9-dirty,2026-09-25T22:32:22Z
rayon-tiled,cpu,Apple M1 Pro,i64,256,10,38.96956478313485,0.0,0.861042,0.8567089999999999,0.0047488549883103436,2048,5,Pauls-MacBook-Pro,25fcce9-dirty,2026-09-25T22:32:22Z
static-ikj,cpu,Apple M1 Pro,i64,256,1,6.3223763719440385,0.0,5.307250000000001,5.243167,0.06659386521895255,,5,Pauls-MacBook-Pro,25fcce9-dirty,2026-09-25T22:32:22Z
static-ikj,cpu,Apple M1 Pro,i64,256,2,12.064332691425422,0.0,2.781292,2.763791,0.021669167743593717,,5,Pauls-MacBook-Pro,25fcce9-dirty,2026-09-25T22:32:22Z
static-ikj,cpu,Apple M1 Pro,i64,256,4,23.459174891441364,0.0,1.430333,1.4207079999999999,0.015951345121963858,,5,Pauls-MacBook-Pro,25fcce9-dirty,2026-09-25T22:32:22Z
static-ikj,cpu,Apple M1 Pro,i64,256,8,43.33098563357546,0.0,0.774375,0.7699999999999999,0.013424703657809373,,5,Pauls-MacBook-Pro,25fcce9-dirty,2026-09-25T22:32:22Z
static-ikj,cpu,Apple M1 Pro,i64,256,10,33.60763288285356,0.0,0.9984169999999999,0.904417,0.1467906933316959,,5,Pauls-MacBook-Pro,25fcce9-dirty,2026-09-25T22:32:22Z
static-tiled,cpu,Apple M1 Pro,i64,256,1,6.196141910763336,0.0,5.415375,5.407208,0.011863114991434724,512,5,Pauls-MacBook-Pro,25fcce9-dirty,2026-09-25T22:32:22Z
static-tiled,cpu,Apple M1 Pro,i64,256,1,6.171497517013059,0.0,5.437,5.409459,0.06365457755338569,1024,5,Pauls-MacBook-Pro,25fcce9-dirty,2026-09-25T22:32:22Z
static-tiled,cpu,Apple M1 Pro,i64,256,1,6.162476521861781,0.0,5.444959,5.410334,0.09161456850687034,2048,5,Pauls-MacBook-Pro,25fcce9-dirty,2026-09-25T22:32:22Z
static-tiled,cpu,Apple M1 Pro,i64,256,2,11.998900037511724,0.0,2.796459,2.793625,0.005142570855126846,512,5,Pauls-MacBook-Pro,25fcce9-dirty,2026-09-25T22:32:22Z
static-tiled,cpu,Apple M1 Pro,i64,256,2,11.911935034390947,0.0,2.816875,2.799042,0.045399999144273104,1024,5,Pauls-MacBook-Pro,25fcce9-dirty,2026-09-25T22:32:22Z
static-tiled,cpu,Apple M1 Pro,i64,256,2,11.923397580882726,0.0,2.814167,2.801625,0.04797781290033968,2048,5,Pauls-MacBook-Pro,25fcce9-dirty,2026-09-25T22:32:22Z
static-tiled,cpu,Apple M1 Pro,i64,256,4,22.899500508772658,0.0,1.4652910000000001,1.455834,0.005855096685794345,512,5,Pauls-MacBook-Pro,25fcce9-dirty,2026-09-25T22:32:22Z
static-tiled,cpu,Apple M1 Pro,i64,256,4,22.843626584971492,0.0,1.468875,1.4562920000000001,0.010502807496093612,1024,5,Pauls-MacBook-Pro,25fcce9-dirty,2026-09-25T22:32:22Z
static-tiled,cpu,Apple M1 Pro,i64,256,4,22.621595747836572,0.0,1.483292,1.461333,0.02410606943282126,2048,5,Pauls-MacBook-Pro,25fcce9-dirty,2026-09-25T22:32:22Z
static-tiled,cpu,Apple M1 Pro,i64,256,8,33.9104921677615,0.0,0.9894999999999999,0.838166,0.12059062460738805,512,5,Pauls-MacBook-Pro,25fcce9-dirty,2026-09-25T22:32:22Z
static-tiled,cpu,Apple M1 Pro,i64,256,8,42.19573973634605,0.0,0.7952089999999999,0.792875,0.011625279811686276,1024,5,Pauls-MacBook-Pro,25fcce9-dirty,2026-09-25T22:32:22Z
static-tiled,cpu,Apple M1 Pro,i64,256,8,42.10968909459185,0.0,0.7968339999999999,0.785041,0.20401645974651167,2048,5,Pauls-MacBook-Pro,25fcce9-dirty,2026-09-25T22:32:22Z
static-tiled,cpu,Apple M1 Pro,i64,256,10,33.76971392628003,0.0,0.993625,0.927958,0.04870257563722895,512,5,Pauls-MacBook-Pro,25fcce9-dirty,2026-09-25T22:32:22Z
static-tiled,cpu,Apple M1 Pro,i64,256,10,33.704687496861006,0.0,0.995542,0.940459,0.10356649129762001,1024,5,Pauls-MacBook-Pro,25fcce9-dirty,2026-09-25T22:32:22Z
static-tiled,cpu,Apple M1 Pro,i64,256,10,35.44013046160086,0.0,0.946792,0.930875,0.025724550938743287,2048,5,Pauls-MacBook-Pro,25fcce9-dirty,2026-09-25T22:32:22Z
metal-naive,metal,Apple M1 Pro,i64,256,1,42.05474792417358,0.0,0.797875,0.7927919999999999,0.00807078149871498,,5,Pauls-MacBook-Pro,25fcce9-dirty,2026-09-25T22:32:22Z
metal-naive-e2e,metal,Apple M1 Pro,i64,256,1,39.530028250517766,0.0,0.848834,0.8328749999999999,0.008993727297400144,,5,Pauls-MacBook-Pro,25fcce9-dirty,2026-09-25T22:32:22Z
metal-tiled,metal,Apple M1 Pro,i64,256,1,22.970027218111817,0.0,1.460792,1.373916,0.17509252821379898,,5,Pauls-MacBook-Pro,25fcce9-dirty,2026-09-25T22:32:22Z
metal-tiled-e2e,metal,Apple M1 Pro,i64,256,1,22.31754705686731,0.0,1.5035,1.413542,0.1754256452375193,,5,Pauls-MacBook-Pro,25fcce9-dirty,2026-09-25T22:32:22Z
naive-ijk,cpu,Apple M1 Pro,i64,512,1,2.2925182957483727,0.0,117.09195799999999,116.89495799999999,2.8855229925719184,,5,Pauls-MacBook-Pro,25fcce9-dirty,2026-09-25T22:32:22Z
ikj,cpu,Apple M1 Pro,i64,512,1,6.3662910047106465,0.0,42.165124999999996,42.161167,0.0345484382599292,,5,Pauls-MacBook-Pro,25fcce9-dirty,2026-09-25T22:32:22Z
tiled,cpu,Apple M1 Pro,i64,512,1,6.211195705493082,0.0,43.217999999999996,43.163084,0.0339141100605632,512,5,Pauls-MacBook-Pro,25fcce9-dirty,2026-09-25T22:32:22Z
tiled,cpu,Apple M1 Pro,i64,512,1,6.217519684629018,0.0,43.174042,43.085625,0.0842000615516424,1024,5,Pauls-MacBook-Pro,25fcce9-dirty,2026-09-25T22:32:22Z
tiled,cpu,Apple M1 Pro,i64,512,1,6.21579808271199,0.0,43.186,43.110417,0.14305625958237636,2048,5,Pauls-MacBook-Pro,25fcce9-dirty,2026-09-25T22:32:22Z
rayon-ikj,cpu,Apple M1 Pro,i64,512,1,6.369885262053765,0.0,42.141333,42.136333,0.049711627958656655,,5,Pauls-MacBook-Pro,25fcce9-dirty,2026-09-25T22:32:22Z
rayon-ikj,cpu,Apple M1 Pro,i64,512,2,12.150295415960484,0.0,22.092916,21.668625,0.2603477601238397,,5,Pauls-MacBook-Pro,25fcce9-dirty,2026-09-25T22:32:22Z
rayon-ikj,cpu,Apple M1 Pro,i64,512,4,23.432291368418703,0.0,11.455791999999999,11.254583,0.13879865128055097,,5,Pauls-MacBook-Pro,25fcce9-dirty,2026-09-25T22:32:22Z
rayon-ikj,cpu,Apple M1 Pro,i64,512,8,44.907961879447754,0.0,5.9774579999999995,5.885583,0.1694935295968551,,5,Pauls-MacBook-Pro,25fcce9-dirty,2026-09-25T22:32:22Z
rayon-ikj,cpu,Apple M1 Pro,i64,512,10,46.553534783158376,0.0,5.766167,5.352167,0.3355667719861428,,5,Pauls-MacBook-Pro,25fcce9-dirty,2026-09-25T22:32:22Z
rayon-tiled,cpu,Apple M1 Pro,i64,512,1,6.200984555789673,0.0,43.289167000000006,43.224292,0.0865464340380368,512,5,Pauls-MacBook-Pro,25fcce9-dirty,2026-09-25T22:32:22Z
rayon-tiled,cpu,Apple M1 Pro,i64,512,1,6.190200330071201,0.0,43.364582999999996,43.311542,0.3145468615286114,1024,5,Pauls-MacBook-Pro,25fcce9-dirty,2026-09-25T22:32:22Z
rayon-tiled,cpu,Apple M1 Pro,i64,512,1,6.207096562936675,0.0,43.246541,43.191208,0.04540133637570472,2048,5,Pauls-MacBook-Pro,25fcce9-dirty,2026-09-25T22:32:22Z
rayon-tiled,cpu,Apple M1 Pro,i64,512,2,11.962853205721464,0.0,22.439083,22.337083,0.07462770058430049,512,5,Pauls-MacBook-Pro,25fcce9-dirty,2026-09-25T22:32:22Z
rayon-tiled,cpu,Apple M1 Pro,i64,512,2,12.036654754164518,0.0,22.301499999999997,22.244125,0.05731358368659234,1024,5,Pauls-MacBook-Pro,25fcce9-dirty,2026-09-25T22:32:22Z
rayon-tiled,cpu,Apple M1 Pro,i64,512,2,12.02315468392529,0.0,22.326541,22.271042,0.14319539580831342,2048,5,Pauls-MacBook-Pro,25fcce9-dirty,2026-09-25T22:32:22Z
rayon-tiled,cpu,Apple M1 Pro,i64,512,4,23.25341181853612,0.0,11.543917,11.407291,0.09080823380453937,512,5,Pauls-MacBook-Pro,25fcce9-dirty,2026-09-25T22:32:22Z
rayon-tiled,cpu,Apple M1 Pro,i64,512,4,23.244602405273437,0.0,11.548292,11.300125,0.15314306376489953,1024,5,Pauls-MacBook-Pro,25fcce9-dirty,2026-09-25T22:32:22Z
rayon-tiled,cpu,Apple M1 Pro,i64,512,4,23.0866702238148,0.0,11.627291999999999,11.529042,0.1739676818529808,2048,5,Pauls-MacBook-Pro,25fcce9-dirty,2026-09-25T22:32:22Z
rayon-tiled,cpu,Apple M1 Pro,i64,512,8,41.1910902120708,0.0,6.516833,5.9519589999999996,0.49770636245209904,512,5,Pauls-MacBook-Pro,25fcce9-dirty,2026-09-25T22:32:22Z
rayon-tiled,cpu,Apple M1 Pro,i64,512,8,43.24169624239987,0.0,6.207792,5.947458,0.5623457958793681,1024,5,Pauls-MacBook-Pro,25fcce9-dirty,2026-09-25T22:32:22Z
rayon-tiled,cpu,Apple M1 Pro,i64,512,8,44.94743167896502,0.0,5.972209,5.9371659999999995,0.6074196011410071,2048,5,Pauls-MacBook-Pro,25fcce9-dirty,2026-09-25T22:32:22Z
rayon-tiled,cpu,Apple M1 Pro,i64,512,10,44.748251981398916,0.0,5.998792,5.941417,0.13379911672989422,512,5,Pauls-MacBook-Pro,25fcce9-dirty,2026-09-25T22:32:22Z
rayon-tiled,cpu,Apple M1 Pro,i64,512,10,44.96029746252408,0.0,5.9705,5.9156249999999995,0.06477724252158333,1024,5,Pauls-MacBook-Pro,25fcce9-dirty,2026-09-25T22:32:22Z
rayon-tiled,cpu,Apple M1 Pro,i64,512,10,44.98132465909447,0.0,5.967709,5.912375,0.11240700360075434,2048,5,Pauls-MacBook-Pro,25fcce9-dirty,2026-09-25T22:32:22Z
static-ikj,cpu,Apple M1 Pro,i64,512,1,6.1694290788978865,0.0,43.510583,43.276875,0.6491233317372763,,5,Pauls-MacBook-Pro,25fcce9-dirty,2026-09-25T22:32:22Z
static-ikj,cpu,Apple M1 Pro,i64,512,2,12.178937775753667,0.0,22.040958,22.003917,0.061968990902708035,,5,Pauls-MacBook-Pro,25fcce9-dirty,2026-09-25T22:32:22Z
static-ikj,cpu,Apple M1 Pro,i64,512,4,23.803888956578536,0.0,11.276958,11.100917,0.19299171452085687,,5,Pauls-MacBook-Pro,25fcce9-dirty,2026-09-25T22:32:22Z
static-ikj,cpu,Apple M1 Pro,i64,512,8,44.08923507397112,0.0,6.088458,5.733958,0.37402196766861157,,5,Pauls-MacBook-Pro,25fcce9-dirty,2026-09-25T22:32:22Z
static-ikj,cpu,Apple M1 Pro,i64,512,10,39.560403439237255,0.0,6.785458,6.2082500000000005,0.36149795724429745,,5,Pauls-MacBook-Pro,25fcce9-dirty,2026-09-25T22:32:22Z
static-tiled,cpu,Apple M1 Pro,i64,512,1,6.176058991518818,0.0,43.463875,43.291416999999996,0.16768877548542377,512,5,Pauls-MacBook-Pro,25fcce9-dirty,2026-09-25T22:32:22Z
static-tiled,cpu,Apple M1 Pro,i64,512,1,6.210231796129195,0.0,43.224708,43.158833,0.05794441020236464,1024,5,Pauls-MacBook-Pro,25fcce9-dirty,2026-09-25T22:32:22Z
static-tiled,cpu,Apple M1 Pro,i64,512,1,6.210183953324648,0.0,43.225041,43.177958000000004,0.0395830099322928,2048,5,Pauls-MacBook-Pro,25fcce9-dirty,2026-09-25T22:32:22Z
static-tiled,cpu,Apple M1 Pro,i64,512,2,11.872312541308775,0.0,22.610208,22.2565,1.198598348362494,512,5,Pauls-MacBook-Pro,25fcce9-dirty,2026-09-25T22:32:22Z
static-tiled,cpu,Apple M1 Pro,i64,512,2,12.04597220009648,0.0,22.28425,22.236083,0.04190057332185357,1024,5,Pauls-MacBook-Pro,25fcce9-dirty,2026-09-25T22:32:22Z
static-tiled,cpu,Apple M1 Pro,i64,512,2,11.994435031277925,0.0,22.38,22.102417,0.16684516144827236,2048,5,Pauls-MacBook-Pro,25fcce9-dirty,2026-09-25T22:32:22Z
static-tiled,cpu,Apple M1 Pro,i64,512,4,23.174784813335105,0.0,11.583082999999998,11.416667,0.11714665945856079,512,5,Pauls-MacBook-Pro,25fcce9-dirty,2026-09-25T22:32:22Z
static-tiled,cpu,Apple M1 Pro,i64,512,4,23.2696224603682,0.0,11.535874999999999,11.502875,0.06484231271554071,1024,5,Pauls-MacBook-Pro,25fcce9-dirty,2026-09-25T22:32:22Z
static-tiled,cpu,Apple M1 Pro,i64,512,4,23.185960354135176,0.0,11.577499999999999,11.526333,0.050352487113349255,2048,5,Pauls-MacBook-Pro,25fcce9-dirty,2026-09-25T22:32:22Z
static-tiled,cpu,Apple M1 Pro,i64,512,8,41.29722877427431,0.0,6.500083999999999,5.889084,0.44431682938225514,512,5,Pauls-MacBook-Pro,25fcce9-dirty,2026-09-25T22:32:22Z
static-tiled,cpu,Apple M1 Pro,i64,512,8,41.918210010289215,0.0,6.403791,5.891959000000001,0.6152754897404088,1024,5,Pauls-MacBook-Pro,25fcce9-dirty,2026-09-25T22:32:22Z
static-tiled,cpu,Apple M1 Pro,i64,512,8,43.046386136660956,0.0,6.235958,5.898041,0.4814984835000001,2048,5,Pauls-MacBook-Pro,25fcce9-dirty,2026-09-25T22:32:22Z
static-tiled,cpu,Apple M1 Pro,i64,512,10,37.542543551779985,0.0,7.150167,6.252458,0.4184377767347256,512,5,Pauls-MacBook-Pro,25fcce9-dirty,2026-09-25T22:32:22Z
static-tiled,cpu,Apple M1 Pro,i64,512,10,37.32720454497417,0.0,7.191416,7.054708,0.43207486212889085,1024,5,Pauls-MacBook-Pro,25fcce9-dirty,2026-09-25T22:32:22Z
static-tiled,cpu,Apple M1 Pro,i64,512,10,37.39089172880364,0.0,7.1791670000000005,7.163792000000001,0.15837167389340795,2048,5,Pauls-MacBook-Pro,25fcce9-dirty,2026-09-25T22:32:22Z
metal-naive,metal,Apple M1 Pro,i64,512,1,97.89172431875957,0.0,2.7421670000000002,2.159209,2.2258880194386914,,5,Pauls-MacBook-Pro,25fcce9-dirty,2026-09-25T22:32:22Z
metal-naive-e2e,metal,Apple M1 Pro,i64,512,1,93.09901284381651,0.0,2.883333,2.3042499999999997,2.2331303645207328,,5,Pauls-MacBook-Pro,25fcce9-dirty,2026-09-25T22:32:22Z
metal-tiled,metal,Apple M1 Pro,i64,512,1,88.39808395128078,0.0,3.036666,1.537041,1.5935106547137676,,5,Pauls-MacBook-Pro,25fcce9-dirty,2026-09-25T22:32:22Z
metal-tiled-e2e,metal,Apple M1 Pro,i64,512,1,83.28636611002898,0.0,3.223042,1.687292,1.648129861068144,,5,Pauls-MacBook-Pro,25fcce9-dirty,2026-09-25T22:32:22Z
naive-ijk,cpu,Apple M1 Pro,i64,1024,1,1.1352639287599084,0.0,1891.616208,1882.286542,4.861199510653937,,5,Pauls-MacBook-Pro,25fcce9-dirty,2026-09-25T22:32:22Z
ikj,cpu,Apple M1 Pro,i64,1024,1,6.315835804664931,0.0,340.01575,339.652833,0.19382287511206214,,5,Pauls-MacBook-Pro,25fcce9-dirty,2026-09-25T22:32:22Z
tiled,cpu,Apple M1 Pro,i64,1024,1,6.205618933524234,0.0,346.054708,345.727042,0.41776647626778146,512,5,Pauls-MacBook-Pro,25fcce9-dirty,2026-09-25T22:32:22Z
tiled,cpu,Apple M1 Pro,i64,1024,1,6.161837028415958,0.0,348.51354200000003,347.572791,1.5021988476781178,1024,5,Pauls-MacBook-Pro,25fcce9-dirty,2026-09-25T22:32:22Z
tiled,cpu,Apple M1 Pro,i64,1024,1,6.16189302255349,0.0,348.510375,347.983,2.721614180418359,2048,5,Pauls-MacBook-Pro,25fcce9-dirty,2026-09-25T22:32:22Z
rayon-ikj,cpu,Apple M1 Pro,i64,1024,1,6.30067628292054,0.0,340.83383299999997,339.768125,3.449327728087853,,5,Pauls-MacBook-Pro,25fcce9-dirty,2026-09-25T22:32:22Z
rayon-ikj,cpu,Apple M1 Pro,i64,1024,2,12.282292691122294,0.0,174.843875,174.823833,0.46933849121375015,,5,Pauls-MacBook-Pro,25fcce9-dirty,2026-09-25T22:32:22Z
rayon-ikj,cpu,Apple M1 Pro,i64,1024,4,23.725310800623696,0.0,90.514458,89.643125,0.5089925682196169,,5,Pauls-MacBook-Pro,25fcce9-dirty,2026-09-25T22:32:22Z
rayon-ikj,cpu,Apple M1 Pro,i64,1024,8,46.94787102627515,0.0,45.741875,45.679292000000004,0.04499167260949556,,5,Pauls-MacBook-Pro,25fcce9-dirty,2026-09-25T22:32:22Z
rayon-ikj,cpu,Apple M1 Pro,i64,1024,10,50.49946996904753,0.0,42.524874999999994,40.389624999999995,4.858768718454791,,5,Pauls-MacBook-Pro,25fcce9-dirty,2026-09-25T22:32:22Z
rayon-tiled,cpu,Apple M1 Pro,i64,1024,1,6.154922219920769,0.0,348.905083,348.066375,1.2838658517675514,512,5,Pauls-MacBook-Pro,25fcce9-dirty,2026-09-25T22:32:22Z
rayon-tiled,cpu,Apple M1 Pro,i64,1024,1,6.134913111628141,0.0,350.043042,348.595125,3.3119386960671635,1024,5,Pauls-MacBook-Pro,25fcce9-dirty,2026-09-25T22:32:22Z
rayon-tiled,cpu,Apple M1 Pro,i64,1024,1,6.135597444600633,0.0,350.00399999999996,348.456125,5.012066640650021,2048,5,Pauls-MacBook-Pro,25fcce9-dirty,2026-09-25T22:32:22Z
rayon-tiled,cpu,Apple M1 Pro,i64,1024,2,12.031102679321478,0.0,178.494333,178.282916,0.41057542192184915,512,5,Pauls-MacBook-Pro,25fcce9-dirty,2026-09-25T22:32:22Z
rayon-tiled,cpu,Apple M1 Pro,i64,1024,2,11.908150689098736,0.0,180.33729200000002,179.521375,2.155308314335024,1024,5,Pauls-MacBook-Pro,25fcce9-dirty,2026-09-25T22:32:22Z
rayon-tiled,cpu,Apple M1 Pro,i64,1024,2,11.959918801808286,0.0,179.55670800000001,179.51775,0.21733711938206493,2048,5,Pauls-MacBook-Pro,25fcce9-dirty,2026-09-25T22:32:22Z
rayon-tiled,cpu,Apple M1 Pro,i64,1024,4,23.30922391926001,0.0,92.13020800000001,91.99225,2.0906434933047056,512,5,Pauls-MacBook-Pro,25fcce9-dirty,2026-09-25T22:32:22Z
rayon-tiled,cpu,Apple M1 Pro,i64,1024,4,23.086608919854218,0.0,93.018583,92.82816700000001,0.14159818375176805,1024,5,Pauls-MacBook-Pro,25fcce9-dirty,2026-09-25T22:32:22Z
rayon-tiled,cpu,Apple M1 Pro,i64,1024,4,23.044843159573677,0.0,93.187167,92.913625,0.1828999241052364,2048,5,Pauls-MacBook-Pro,25fcce9-dirty,2026-09-25T22:32:22Z
rayon-tiled,cpu,Apple M1 Pro,i64,1024,8,46.4571496648321,0.0,46.225041000000004,46.177041,0.11429066477319867,512,5,Pauls-MacBook-Pro,25fcce9-dirty,2026-09-25T22:32:22Z
rayon-tiled,cpu,Apple M1 Pro,i64,1024,8,45.133613600320956,0.0,47.580583000000004,46.936583,1.5722835700736986,1024,5,Pauls-MacBook-Pro,25fcce9-dirty,2026-09-25T22:32:22Z
rayon-tiled,cpu,Apple M1 Pro,i64,1024,8,46.05229234187758,0.0,46.631417,46.586709,1.5815212590366916,2048,5,Pauls-MacBook-Pro,25fcce9-dirty,2026-09-25T22:32:22Z
rayon-tiled,cpu,Apple M1 Pro,i64,1024,10,45.62440362236091,0.0,47.06875,47.052958,2.427982673194663,512,5,Pauls-MacBook-Pro,25fcce9-dirty,2026-09-25T22:32:22Z
rayon-tiled,cpu,Apple M1 Pro,i64,1024,10,46.73721783400476,0.0,45.948042,43.98425,1.383780466488378,1024,5,Pauls-MacBook-Pro,25fcce9-dirty,2026-09-25T22:32:22Z
rayon-tiled,cpu,Apple M1 Pro,i64,1024,10,45.85166226298753,0.0,46.835459,43.415291,3.69972042662107,2048,5,Pauls-MacBook-Pro,25fcce9-dirty,2026-09-25T22:32:22Z
static-ikj,cpu,Apple M1 Pro,i64,1024,1,6.3116398537885665,0.0,340.24179100000003,340.024041,2.6687741371628273,,5,Pauls-MacBook-Pro,25fcce9-dirty,2026-09-25T22:32:22Z
static-ikj,cpu,Apple M1 Pro,i64,1024,2,12.221039756565736,0.0,175.72020799999999,175.085125,1.4453736648619697,,5,Pauls-MacBook-Pro,25fcce9-dirty,2026-09-25T22:32:22Z
static-ikj,cpu,Apple M1 Pro,i64,1024,4,23.63670897458828,0.0,90.85374999999999,90.273625,0.3643735374623147,,5,Pauls-MacBook-Pro,25fcce9-dirty,2026-09-25T22:32:22Z
static-ikj,cpu,Apple M1 Pro,i64,1024,8,47.28985758828963,0.0,45.411083,45.387625,0.47183544388886084,,5,Pauls-MacBook-Pro,25fcce9-dirty,2026-09-25T22:32:22Z
static-ikj,cpu,Apple M1 Pro,i64,1024,10,43.209650737204505,0.0,49.699167,41.44,4.627161785848072,,5,Pauls-MacBook-Pro,25fcce9-dirty,2026-09-25T22:32:22Z
static-tiled,cpu,Apple M1 Pro,i64,1024,1,6.173630241125693,0.0,347.84779199999997,346.155166,5.886830401578612,512,5,Pauls-MacBook-Pro,25fcce9-dirty,2026-09-25T22:32:22Z
static-tiled,cpu,Apple M1 Pro,i64,1024,1,6.13653909452946,0.0,349.950292,348.227375,2.3444516086286575,1024,5,Pauls-MacBook-Pro,25fcce9-dirty,2026-09-25T22:32:22Z
static-tiled,cpu,Apple M1 Pro,i64,1024,1,6.145117158173095,0.0,349.461791,348.396791,0.8751964094849084,2048,5,Pauls-MacBook-Pro,25fcce9-dirty,2026-09-25T22:32:22Z
static-tiled,cpu,Apple M1 Pro,i64,1024,2,12.02301972037149,0.0,178.614333,178.081917,2.089659450936374,512,5,Pauls-MacBook-Pro,25fcce9-dirty,2026-09-25T22:32:22Z
static-tiled,cpu,Apple M1 Pro,i64,1024,2,11.923156279989774,0.0,180.11033300000003,179.478791,3.563326690789546,1024,5,Pauls-MacBook-Pro,25fcce9-dirty,2026-09-25T22:32:22Z
static-tiled,cpu,Apple M1 Pro,i64,1024,2,11.954889213935694,0.0,179.63225,179.433709,0.42151225672369314,2048,5,Pauls-MacBook-Pro,25fcce9-dirty,2026-09-25T22:32:22Z
static-tiled,cpu,Apple M1 Pro,i64,1024,4,23.3339599377794,0.0,92.03254199999999,91.457208,0.42779908834849434,512,5,Pauls-MacBook-Pro,25fcce9-dirty,2026-09-25T22:32:22Z
static-tiled,cpu,Apple M1 Pro,i64,1024,4,23.133550698082157,0.0,92.829833,92.339625,1.8470023645461322,1024,5,Pauls-MacBook-Pro,25fcce9-dirty,2026-09-25T22:32:22Z
static-tiled,cpu,Apple M1 Pro,i64,1024,4,23.089287486794653,0.0,93.00779200000001,92.784542,0.29511508582111257,2048,5,Pauls-MacBook-Pro,25fcce9-dirty,2026-09-25T22:32:22Z
static-tiled,cpu,Apple M1 Pro,i64,1024,8,46.55887908867309,0.0,46.124041,46.065916,0.0853180227812388,512,5,Pauls-MacBook-Pro,25fcce9-dirty,2026-09-25T22:32:22Z
static-tiled,cpu,Apple M1 Pro,i64,1024,8,46.17160513458819,0.0,46.510916,46.501958,0.07906677538448026,1024,5,Pauls-MacBook-Pro,25fcce9-dirty,2026-09-25T22:32:22Z
static-tiled,cpu,Apple M1 Pro,i64,1024,8,46.07324747402972,0.0,46.610208,46.515333,2.9280250510260664,2048,5,Pauls-MacBook-Pro,25fcce9-dirty,2026-09-25T22:32:22Z
static-tiled,cpu,Apple M1 Pro,i64,1024,10,48.88644254234201,0.0,43.928000000000004,43.470292,1.7138445702272114,512,5,Pauls-MacBook-Pro,25fcce9-dirty,2026-09-25T22:32:22Z
static-tiled,cpu,Apple M1 Pro,i64,1024,10,45.218432761194556,0.0,47.491333,46.2785,3.3909897197399474,1024,5,Pauls-MacBook-Pro,25fcce9-dirty,2026-09-25T22:32:22Z
static-tiled,cpu,Apple M1 Pro,i64,1024,10,44.15117386580939,0.0,48.639333,43.07,3.661273428819062,2048,5,Pauls-MacBook-Pro,25fcce9-dirty,2026-09-25T22:32:22Z
metal-naive,metal,Apple M1 Pro,i64,1024,1,206.3152297826348,0.0,10.40875,9.720708,1.6809211498709569,,5,Pauls-MacBook-Pro,25fcce9-dirty,2026-09-25T22:32:22Z
metal-naive-e2e,metal,Apple M1 Pro,i64,1024,1,193.95406464432074,0.0,11.072125,10.280166,1.7049525146153486,,5,Pauls-MacBook-Pro,25fcce9-dirty,2026-09-25T22:32:22Z
metal-tiled,metal,Apple M1 Pro,i64,1024,1,188.43430546578594,0.0,11.396457999999999,10.774666999999999,2.907794179821829,,5,Pauls-MacBook-Pro,25fcce9-dirty,2026-09-25T22:32:22Z
metal-tiled-e2e,metal,Apple M1 Pro,i64,1024,1,177.01350983988294,0.0,12.13175,11.485666,2.754515621519181,,5,Pauls-MacBook-Pro,25fcce9-dirty,2026-09-25T22:32:22Z
naive-ijk,cpu,Apple M1 Pro,i64,2048,1,0.6646574538368581,0.0,25847.704084,25826.177375,41.95667227212699,,5,Pauls-MacBook-Pro,25fcce9-dirty,2026-09-25T22:32:22Z
ikj,cpu,Apple M1 Pro,i64,2048,1,6.355369472093655,0.0,2703.205417,2700.3296250000003,6.392983501622026,,5,Pauls-MacBook-Pro,25fcce9-dirty,2026-09-25T22:32:22Z
tiled,cpu,Apple M1 Pro,i64,2048,1,6.004334191389861,0.0,2861.2446670000004,2854.957042,3.329548103360304,512,5,Pauls-MacBook-Pro,25fcce9-dirty,2026-09-25T22:32:22Z
tiled,cpu,Apple M1 Pro,i64,2048,1,5.068549985820196,0.0,3389.50375,3381.212542,3.994338320569856,1024,5,Pauls-MacBook-Pro,25fcce9-dirty,2026-09-25T22:32:22Z
tiled,cpu,Apple M1 Pro,i64,2048,1,6.146535498795935,0.0,2795.0492090000002,2792.2727919999998,3.1117548371682635,2048,5,Pauls-MacBook-Pro,25fcce9-dirty,2026-09-25T22:32:22Z
rayon-ikj,cpu,Apple M1 Pro,i64,2048,1,6.320887051639705,0.0,2717.95225,2706.7981250000003,8.10802548783872,,5,Pauls-MacBook-Pro,25fcce9-dirty,2026-09-25T22:32:22Z
rayon-ikj,cpu,Apple M1 Pro,i64,2048,2,12.694226278707813,0.0,1353.3608749999999,1347.141041,3.4817329966871395,,5,Pauls-MacBook-Pro,25fcce9-dirty,2026-09-25T22:32:22Z
rayon-ikj,cpu,Apple M1 Pro,i64,2048,4,24.405875331623395,0.0,703.9235,694.316375,10.614801040729114,,5,Pauls-MacBook-Pro,25fcce9-dirty,2026-09-25T22:32:22Z
rayon-ikj,cpu,Apple M1 Pro,i64,2048,8,46.08458652061665,0.0,372.789917,369.983875,5.119580616862489,,5,Pauls-MacBook-Pro,25fcce9-dirty,2026-09-25T22:32:22Z
rayon-ikj,cpu,Apple M1 Pro,i64,2048,10,48.06956200964756,0.0,357.396,347.110667,36.024556564514576,,5,Pauls-MacBook-Pro,25fcce9-dirty,2026-09-25T22:32:22Z
rayon-tiled,cpu,Apple M1 Pro,i64,2048,1,6.001547186192214,0.0,2862.5733750000004,2858.423958,5.78373118536618,512,5,Pauls-MacBook-Pro,25fcce9-dirty,2026-09-25T22:32:22Z
rayon-tiled,cpu,Apple M1 Pro,i64,2048,1,5.06912919544177,0.0,3389.116458,3383.898583,3.825609692324944,1024,5,Pauls-MacBook-Pro,25fcce9-dirty,2026-09-25T22:32:22Z
rayon-tiled,cpu,Apple M1 Pro,i64,2048,1,6.114229639753345,0.0,2809.817458,2808.188,6.270700842950843,2048,5,Pauls-MacBook-Pro,25fcce9-dirty,2026-09-25T22:32:22Z
rayon-tiled,cpu,Apple M1 Pro,i64,2048,2,11.836418953936203,0.0,1451.4414580000002,1439.046917,12.170811022098393,512,5,Pauls-MacBook-Pro,25fcce9-dirty,2026-09-25T22:32:22Z
rayon-tiled,cpu,Apple M1 Pro,i64,2048,2,9.819586127585573,0.0,1749.5512500000002,1745.7636249999998,3.0071764250809787,1024,5,Pauls-MacBook-Pro,25fcce9-dirty,2026-09-25T22:32:22Z
rayon-tiled,cpu,Apple M1 Pro,i64,2048,2,12.248621226982149,0.0,1402.596167,1395.9064159999998,7.5190573943536165,2048,5,Pauls-MacBook-Pro,25fcce9-dirty,2026-09-25T22:32:22Z
rayon-tiled,cpu,Apple M1 Pro,i64,2048,4,22.196436871622872,0.0,773.992208,772.769166,0.8736316300476539,512,5,Pauls-MacBook-Pro,25fcce9-dirty,2026-09-25T22:32:22Z
rayon-tiled,cpu,Apple M1 Pro,i64,2048,4,19.076712851210857,0.0,900.5675829999999,899.724041,0.7325567991015882,1024,5,Pauls-MacBook-Pro,25fcce9-dirty,2026-09-25T22:32:22Z
rayon-tiled,cpu,Apple M1 Pro,i64,2048,4,23.70079133875218,0.0,724.864792,720.383375,12.09208441714033,2048,5,Pauls-MacBook-Pro,25fcce9-dirty,2026-09-25T22:32:22Z
rayon-tiled,cpu,Apple M1 Pro,i64,2048,8,43.92429823240426,0.0,391.1245,386.97162499999996,4.365913928070452,512,5,Pauls-MacBook-Pro,25fcce9-dirty,2026-09-25T22:32:22Z
rayon-tiled,cpu,Apple M1 Pro,i64,2048,8,35.651240195315495,0.0,481.887,460.113,10.4178351589601,1024,5,Pauls-MacBook-Pro,25fcce9-dirty,2026-09-25T22:32:22Z
rayon-tiled,cpu,Apple M1 Pro,i64,2048,8,44.35394182213866,0.0,387.335792,370.19875,26.301216225879376,2048,5,Pauls-MacBook-Pro,25fcce9-dirty,2026-09-25T22:32:22Z
rayon-tiled,cpu,Apple M1 Pro,i64,2048,10,25.720199144065678,0.0,667.952417,552.0732499999999,64.0228687053538,512,5,Pauls-MacBook-Pro,25fcce9-dirty,2026-09-25T22:32:22Z
rayon-tiled,cpu,Apple M1 Pro,i64,2048,10,33.60388063541565,0.0,511.246584,483.176083,19.963180902546004,1024,5,Pauls-MacBook-Pro,25fcce9-dirty,2026-09-25T22:32:22Z
rayon-tiled,cpu,Apple M1 Pro,i64,2048,10,45.39369299560365,0.0,378.463792,372.237125,8.854662067518394,2048,5,Pauls-MacBook-Pro,25fcce9-dirty,2026-09-25T22:32:22Z
static-ikj,cpu,Apple M1 Pro,i64,2048,1,6.345018720991022,0.0,2707.615208,2705.501917,2.7951408526871777,,5,Pauls-MacBook-Pro,25fcce9-dirty,2026-09-25T22:32:22Z
static-ikj,cpu,Apple M1 Pro,i64,2048,2,12.68824674847335,0.0,1353.9986669999998,1349.50275,5.883642697637983,,5,Pauls-MacBook-Pro,25fcce9-dirty,2026-09-25T22:32:22Z
static-ikj,cpu,Apple M1 Pro,i64,2048,4,24.10310145077139,0.0,712.7659160000001,694.059875,10.239450485970705,,5,Pauls-MacBook-Pro,25fcce9-dirty,2026-09-25T22:32:22Z
static-ikj,cpu,Apple M1 Pro,i64,2048,8,46.10977776018304,0.0,372.58625,358.016583,15.93550260144014,,5,Pauls-MacBook-Pro,25fcce9-dirty,2026-09-25T22:32:22Z
static-ikj,cpu,Apple M1 Pro,i64,2048,10,47.34750122279711,0.0,362.846375,348.074166,12.180298116045796,,5,Pauls-MacBook-Pro,25fcce9-dirty,2026-09-25T22:32:22Z
static-tiled,cpu,Apple M1 Pro,i64,2048,1,5.996375598247381,0.0,2865.0422080000003,2851.292375,15.565926150278505,512,5,Pauls-MacBook-Pro,25fcce9-dirty,2026-09-25T22:32:22Z
static-tiled,cpu,Apple M1 Pro,i64,2048,1,5.067460784208547,0.0,3390.2322910000003,3386.506667,5.980584466801693,1024,5,Pauls-MacBook-Pro,25fcce9-dirty,2026-09-25T22:32:22Z
static-tiled,cpu,Apple M1 Pro,i64,2048,1,6.12592024208623,0.0,2804.45525,2800.489666,7.918933212665002,2048,5,Pauls-MacBook-Pro,25fcce9-dirty,2026-09-25T22:32:22Z
static-tiled,cpu,Apple M1 Pro,i64,2048,2,11.938502813858786,0.0,1439.030459,1435.007583,3.5215723839682447,512,5,Pauls-MacBook-Pro,25fcce9-dirty,2026-09-25T22:32:22Z
static-tiled,cpu,Apple M1 Pro,i64,2048,2,9.78444188368172,0.0,1755.8353749999999,1753.22025,1.138312945766625,1024,5,Pauls-MacBook-Pro,25fcce9-dirty,2026-09-25T22:32:22Z
static-tiled,cpu,Apple M1 Pro,i64,2048,2,12.249265673212523,0.0,1402.522375,1394.9794579999998,3.5311814803580948,2048,5,Pauls-MacBook-Pro,25fcce9-dirty,2026-09-25T22:32:22Z
static-tiled,cpu,Apple M1 Pro,i64,2048,4,22.22744863873197,0.0,772.912333,736.461125,18.921138569814477,512,5,Pauls-MacBook-Pro,25fcce9-dirty,2026-09-25T22:32:22Z
static-tiled,cpu,Apple M1 Pro,i64,2048,4,18.976948227221413,0.0,905.302,903.5468330000001,6.498912010249054,1024,5,Pauls-MacBook-Pro,25fcce9-dirty,2026-09-25T22:32:22Z
static-tiled,cpu,Apple M1 Pro,i64,2048,4,23.357805249318947,0.0,735.508709,727.2447920000001,7.20349911688514,2048,5,Pauls-MacBook-Pro,25fcce9-dirty,2026-09-25T22:32:22Z
static-tiled,cpu,Apple M1 Pro,i64,2048,8,43.96876359494194,0.0,390.72895800000003,384.055791,4.477391470631962,512,5,Pauls-MacBook-Pro,25fcce9-dirty,2026-09-25T22:32:22Z
static-tiled,cpu,Apple M1 Pro,i64,2048,8,36.4352318548184,0.0,471.51804200000004,464.78475000000003,5.247750016438264,1024,5,Pauls-MacBook-Pro,25fcce9-dirty,2026-09-25T22:32:22Z
static-tiled,cpu,Apple M1 Pro,i64,2048,8,44.33596149090483,0.0,387.492875,370.107292,15.51503125880774,2048,5,Pauls-MacBook-Pro,25fcce9-dirty,2026-09-25T22:32:22Z
static-tiled,cpu,Apple M1 Pro,i64,2048,10,43.1982383232016,0.0,397.698375,390.483708,26.182957164683216,512,5,Pauls-MacBook-Pro,25fcce9-dirty,2026-09-25T22:32:22Z
static-tiled,cpu,Apple M1 Pro,i64,2048,10,38.498367460711556,0.0,446.24929099999997,437.01495800000004,20.312200675720064,1024,5,Pauls-MacBook-Pro,25fcce9-dirty,2026-09-25T22:32:22Z
static-tiled,cpu,Apple M1 Pro,i64,2048,10,43.86778456489523,0.0,391.62837499999995,377.76520899999997,8.570344769547646,2048,5,Pauls-MacBook-Pro,25fcce9-dirty,2026-09-25T22:32:22Z
metal-naive,metal,Apple M1 Pro,i64,2048,1,214.86340535301858,0.0,79.957167,79.39483299999999,1.472579692851055,,5,Pauls-MacBook-Pro,25fcce9-dirty,2026-09-25T22:32:22Z
metal-naive-e2e,metal,Apple M1 Pro,i64,2048,1,208.01401758777962,0.0,82.58995900000001,82.067583,1.575495907758184,,5,Pauls-MacBook-Pro,25fcce9-dirty,2026-09-25T22:32:22Z
metal-tiled,metal,Apple M1 Pro,i64,2048,1,201.67548744209535,0.0,85.185708,85.064333,0.12070414832846015,,5,Pauls-MacBook-Pro,25fcce9-dirty,2026-09-25T22:32:22Z
metal-tiled-e2e,metal,Apple M1 Pro,i64,2048,1,195.69844685558616,0.0,87.787458,87.45520800000001,0.5311219447835819,,5,Pauls-MacBook-Pro,25fcce9-dirty,2026-09-25T22:32:22Z
naive-ijk,cpu,Apple M1 Pro,i64,4096,1,0.38582243816860345,0.0,356223.329375,355984.57504100003,168.0090937938426,,5,Pauls-MacBook-Pro,25fcce9-dirty,2026-09-25T22:32:22Z
ikj,cpu,Apple M1 Pro,i64,4096,1,6.345749969004107,0.0,21658.425583,21655.469833000003,6.126011456253127,,5,Pauls-MacBook-Pro,25fcce9-dirty,2026-09-25T22:32:22Z
tiled,cpu,Apple M1 Pro,i64,4096,1,4.783587987134988,0.0,28731.352667,28683.409291,32.18531076560282,512,5,Pauls-MacBook-Pro,25fcce9-dirty,2026-09-25T22:32:22Z
tiled,cpu,Apple M1 Pro,i64,4096,1,5.163303914987417,0.0,26618.412500000002,26607.16625,14.732133479503494,1024,5,Pauls-MacBook-Pro,25fcce9-dirty,2026-09-25T22:32:22Z
tiled,cpu,Apple M1 Pro,i64,4096,1,4.698465285233497,0.0,29251.882291,29202.985709,26.951428643419504,2048,5,Pauls-MacBook-Pro,25fcce9-dirty,2026-09-25T22:32:22Z
rayon-ikj,cpu,Apple M1 Pro,i64,4096,1,6.331469824643347,0.0,21707.2745,21693.488416,14.026507288778955,,5,Pauls-MacBook-Pro,25fcce9-dirty,2026-09-25T22:32:22Z
rayon-ikj,cpu,Apple M1 Pro,i64,4096,2,12.684977329362614,0.0,10834.781167,10826.593667000001,5.646154193705979,,5,Pauls-MacBook-Pro,25fcce9-dirty,2026-09-25T22:32:22Z
rayon-ikj,cpu,Apple M1 Pro,i64,4096,4,24.33435891651168,0.0,5647.938125,5636.673709,8.41323003559129,,5,Pauls-MacBook-Pro,25fcce9-dirty,2026-09-25T22:32:22Z
rayon-ikj,cpu,Apple M1 Pro,i64,4096,8,40.28533075177278,0.0,3411.6377079999997,3297.587875,198.7727653419909,,5,Pauls-MacBook-Pro,25fcce9-dirty,2026-09-25T22:32:22Z
rayon-ikj,cpu,Apple M1 Pro,i64,4096,10,40.82622851427357,0.0,3366.437667,3341.802875,22.671628851694877,,5,Pauls-MacBook-Pro,25fcce9-dirty,2026-09-25T22:32:22Z
rayon-tiled,cpu,Apple M1 Pro,i64,4096,1,4.749472254876509,0.0,28937.731625,28890.226875,22.292619003417965,512,5,Pauls-MacBook-Pro,25fcce9-dirty,2026-09-25T22:32:22Z
rayon-tiled,cpu,Apple M1 Pro,i64,4096,1,5.159874729496604,0.0,26636.10275,26621.795459,39.02376719046846,1024,5,Pauls-MacBook-Pro,25fcce9-dirty,2026-09-25T22:32:22Z
rayon-tiled,cpu,Apple M1 Pro,i64,4096,1,4.698569858388439,0.0,29251.23125,29240.539541000002,25.794165029591543,2048,5,Pauls-MacBook-Pro,25fcce9-dirty,2026-09-25T22:32:22Z
rayon-tiled,cpu,Apple M1 Pro,i64,4096,2,9.072860686216739,0.0,15148.359291,15140.879917,13.104207619736057,512,5,Pauls-MacBook-Pro,25fcce9-dirty,2026-09-25T22:32:22Z
rayon-tiled,cpu,Apple M1 Pro,i64,4096,2,9.890093671733325,0.0,13896.628084,13893.295333,20.093828187807706,1024,5,Pauls-MacBook-Pro,25fcce9-dirty,2026-09-25T22:32:22Z
rayon-tiled,cpu,Apple M1 Pro,i64,4096,2,8.836360718394904,0.0,15553.796167,15545.055958,23.987727162164262,2048,5,Pauls-MacBook-Pro,25fcce9-dirty,2026-09-25T22:32:22Z
rayon-tiled,cpu,Apple M1 Pro,i64,4096,4,17.700377929630303,0.0,7764.746833,7759.823542,18.36167540432822,512,5,Pauls-MacBook-Pro,25fcce9-dirty,2026-09-25T22:32:22Z
rayon-tiled,cpu,Apple M1 Pro,i64,4096,4,18.882049997353622,0.0,7278.81525,7267.317958,28.511708767249303,1024,5,Pauls-MacBook-Pro,25fcce9-dirty,2026-09-25T22:32:22Z
rayon-tiled,cpu,Apple M1 Pro,i64,4096,4,17.31159772951704,0.0,7939.125875000001,7930.3071660000005,5.5365146133289045,2048,5,Pauls-MacBook-Pro,25fcce9-dirty,2026-09-25T22:32:22Z
rayon-tiled,cpu,Apple M1 Pro,i64,4096,8,32.363259671982505,0.0,4246.758666,4228.088542,442.0705409384596,512,5,Pauls-MacBook-Pro,25fcce9-dirty,2026-09-25T22:32:22Z
rayon-tiled,cpu,Apple M1 Pro,i64,4096,8,33.13090715736284,0.0,4148.360708,4119.127875,127.4965054771467,1024,5,Pauls-MacBook-Pro,25fcce9-dirty,2026-09-25T22:32:22Z
rayon-tiled,cpu,Apple M1 Pro,i64,4096,8,31.19385368640071,0.0,4405.962625,4268.045458,132.04453610696748,2048,5,Pauls-MacBook-Pro,25fcce9-dirty,2026-09-25T22:32:22Z
rayon-tiled,cpu,Apple M1 Pro,i64,4096,10,25.072286497566086,0.0,5481.7080000000005,5010.206042,545.222641042655,512,5,Pauls-MacBook-Pro,25fcce9-dirty,2026-09-25T22:32:22Z
rayon-tiled,cpu,Apple M1 Pro,i64,4096,10,25.246640717420426,0.0,5443.851125,4989.584374999999,251.2602585151034,1024,5,Pauls-MacBook-Pro,25fcce9-dirty,2026-09-25T22:32:22Z
rayon-tiled,cpu,Apple M1 Pro,i64,4096,10,31.663904848544725,0.0,4340.556041,4182.2392500000005,370.4249426545817,2048,5,Pauls-MacBook-Pro,25fcce9-dirty,2026-09-25T22:32:22Z
static-ikj,cpu,Apple M1 Pro,i64,4096,1,6.332654319716721,0.0,21703.214249999997,21699.086667,10.376397604683252,,5,Pauls-MacBook-Pro,25fcce9-dirty,2026-09-25T22:32:22Z
static-ikj,cpu,Apple M1 Pro,i64,4096,2,12.68640894605406,0.0,10833.558500000001,10822.765709000001,13.819112806459918,,5,Pauls-MacBook-Pro,25fcce9-dirty,2026-09-25T22:32:22Z
static-ikj,cpu,Apple M1 Pro,i64,4096,4,24.407748621870198,0.0,5630.955792,5598.6179170000005,30.039756543948695,,5,Pauls-MacBook-Pro,25fcce9-dirty,2026-09-25T22:32:22Z
static-ikj,cpu,Apple M1 Pro,i64,4096,8,39.22513038074267,0.0,3503.8495,3276.767042,155.33888476660147,,5,Pauls-MacBook-Pro,25fcce9-dirty,2026-09-25T22:32:22Z
static-ikj,cpu,Apple M1 Pro,i64,4096,10,40.08152270273943,0.0,3428.985333,3374.536375,45.71290730167873,,5,Pauls-MacBook-Pro,25fcce9-dirty,2026-09-25T22:32:22Z
static-tiled,cpu,Apple M1 Pro,i64,4096,1,4.783818626600833,0.0,28729.967459,28721.341500000002,17.832002946782417,512,5,Pauls-MacBook-Pro,25fcce9-dirty,2026-09-25T22:32:22Z
static-tiled,cpu,Apple M1 Pro,i64,4096,1,5.1286835177291685,0.0,26798.096041,26746.790042,34.16729369799194,1024,5,Pauls-MacBook-Pro,25fcce9-dirty,2026-09-25T22:32:22Z
static-tiled,cpu,Apple M1 Pro,i64,4096,1,4.693181604009773,0.0,29284.814667,29246.44025,21.972989585511446,2048,5,Pauls-MacBook-Pro,25fcce9-dirty,2026-09-25T22:32:22Z
static-tiled,cpu,Apple M1 Pro,i64,4096,2,9.057436960398807,0.0,15174.155125000001,15163.430290999999,10.562385573884654,512,5,Pauls-MacBook-Pro,25fcce9-dirty,2026-09-25T22:32:22Z
static-tiled,cpu,Apple M1 Pro,i64,4096,2,9.89392375149001,0.0,13891.2485,13882.039666,20.281045280980102,1024,5,Pauls-MacBook-Pro,25fcce9-dirty,2026-09-25T22:32:22Z
static-tiled,cpu,Apple M1 Pro,i64,4096,2,8.8570862723517,0.0,15517.400333,15492.122166,22.43176152994696,2048,5,Pauls-MacBook-Pro,25fcce9-dirty,2026-09-25T22:32:22Z
static-tiled,cpu,Apple M1 Pro,i64,4096,4,17.656209342066,0.0,7784.171042,7779.192875,14.938542537545581,512,5,Pauls-MacBook-Pro,25fcce9-dirty,2026-09-25T22:32:22Z
static-tiled,cpu,Apple M1 Pro,i64,4096,4,18.885210801312578,0.0,7277.597,7269.2635,42.56484574380552,1024,5,Pauls-MacBook-Pro,25fcce9-dirty,2026-09-25T22:32:22Z
static-tiled,cpu,Apple M1 Pro,i64,4096,4,17.340646420737862,0.0,7925.826416,7921.789584,51.010477222407154,2048,5,Pauls-MacBook-Pro,25fcce9-dirty,2026-09-25T22:32:22Z
static-tiled,cpu,Apple M1 Pro,i64,4096,8,32.5005325418573,0.0,4228.821583,4221.843958,13.093080287775814,512,5,Pauls-MacBook-Pro,25fcce9-dirty,2026-09-25T22:32:22Z
static-tiled,cpu,Apple M1 Pro,i64,4096,8,34.300214992559546,0.0,4006.9414580000002,4003.4839169999996,8.260067575681267,1024,5,Pauls-MacBook-Pro,25fcce9-dirty,2026-09-25T22:32:22Z
static-tiled,cpu,Apple M1 Pro,i64,4096,8,29.631279687081907,0.0,4638.306375,4261.209208,215.41866344434834,2048,5,Pauls-MacBook-Pro,25fcce9-dirty,2026-09-25T22:32:22Z
static-tiled,cpu,Apple M1 Pro,i64,4096,10,32.47301269482014,0.0,4232.405375,4221.522,136.4483874940083,512,5,Pauls-MacBook-Pro,25fcce9-dirty,2026-09-25T22:32:22Z
static-tiled,cpu,Apple M1 Pro,i64,4096,10,33.91996740673038,0.0,4051.859833,4018.4732500000005,27.61928516221486,1024,5,Pauls-MacBook-Pro,25fcce9-dirty,2026-09-25T22:32:22Z
static-tiled,cpu,Apple M1 Pro,i64,4096,10,33.459917193543504,0.0,4107.570042,4040.023542,40.64913459097558,2048,5,Pauls-MacBook-Pro,25fcce9-dirty,2026-09-25T22:32:22Z
metal-naive,metal,Apple M1 Pro,i64,4096,1,211.71188445086494,0.0,649.1792079999999,642.641625,3.8109999963745556,,5,Pauls-MacBook-Pro,25fcce9-dirty,2026-09-25T22:32:22Z
metal-naive-e2e,metal,Apple M1 Pro,i64,4096,1,208.3956355034933,0.0,659.50975,653.182917,8.87800468004784,,5,Pauls-MacBook-Pro,25fcce9-dirty,2026-09-25T22:32:22Z
metal-tiled,metal,Apple M1 Pro,i64,4096,1,202.16750467554527,0.0,679.827125,675.172417,2.0888519168935393,,5,Pauls-MacBook-Pro,25fcce9-dirty,2026-09-25T22:32:22Z
metal-tiled-e2e,metal,Apple M1 Pro,i64,4096,1,198.8904031658557,0.0,691.028583,685.586417,3.2993204013609114,,5,Pauls-MacBook-Pro,25fcce9-dirty,2026-09-25T22:32:22Z
