kernel,backend,device,precision,n,threads,gops,mean_rel_error_f64,median_ms,min_ms,stddev_ms,gpu_ms,setup_ms,block_size,repetitions,host,commit,timestamp
rayon-tiled,cpu,Apple M1 Pro,f16,64,1,3.837423604757548,0.0007464432646251799,0.136625,0.135417,0.0012543142349507126,,0.088833,16,5,Pauls-MacBook-Pro,936381b-dirty,2026-09-29T07:46:28Z
rayon-tiled,cpu,Apple M1 Pro,f16,64,1,9.306942644631032,0.0007464432646251799,0.056332999999999994,0.050958,0.005827224184807035,,0.020083,32,5,Pauls-MacBook-Pro,936381b-dirty,2026-09-29T07:46:28Z
rayon-tiled,cpu,Apple M1 Pro,f16,64,1,14.074845637583893,0.0007464432646251799,0.03725,0.035790999999999996,0.002265109820737178,,0.014709,64,5,Pauls-MacBook-Pro,936381b-dirty,2026-09-29T07:46:28Z
rayon-tiled,cpu,Apple M1 Pro,f16,64,1,14.648598809756644,0.0007464432646251799,0.035790999999999996,0.034917,0.004778970736466171,,0.023459,128,5,Pauls-MacBook-Pro,936381b-dirty,2026-09-29T07:46:28Z
rayon-tiled,cpu,Apple M1 Pro,f16,64,1,14.820862190812722,0.0007464432646251799,0.035375,0.034625,0.0003978117645319179,,0.019792,256,5,Pauls-MacBook-Pro,936381b-dirty,2026-09-29T07:46:28Z
rayon-tiled,cpu,Apple M1 Pro,f16,64,2,6.928885775833586,0.0007464432646251799,0.07566700000000001,0.073666,0.006186520653808573,,0.036792000000000005,16,5,Pauls-MacBook-Pro,936381b-dirty,2026-09-29T07:46:28Z
rayon-tiled,cpu,Apple M1 Pro,f16,64,2,18.531316273151422,0.0007464432646251799,0.028292,0.028,0.00042550299646418403,,0.030541,32,5,Pauls-MacBook-Pro,936381b-dirty,2026-09-29T07:46:28Z
rayon-tiled,cpu,Apple M1 Pro,f16,64,2,23.96745142857143,0.0007464432646251799,0.021875,0.021208,0.0009983855968512367,,0.024875,64,5,Pauls-MacBook-Pro,936381b-dirty,2026-09-29T07:46:28Z
rayon-tiled,cpu,Apple M1 Pro,f16,64,2,19.152073059360728,0.0007464432646251799,0.027375,0.026042,0.00180215767900592,,0.034958,128,5,Pauls-MacBook-Pro,936381b-dirty,2026-09-29T07:46:28Z
rayon-tiled,cpu,Apple M1 Pro,f16,64,2,19.123431572804204,0.0007464432646251799,0.027416,0.027208,0.00009975119046908656,,0.036333,256,5,Pauls-MacBook-Pro,936381b-dirty,2026-09-29T07:46:28Z
rayon-tiled,cpu,Apple M1 Pro,f16,64,4,8.665917355371901,0.0007464432646251799,0.0605,0.054416,0.022107427738206,,0.048208,16,5,Pauls-MacBook-Pro,936381b-dirty,2026-09-29T07:46:28Z
rayon-tiled,cpu,Apple M1 Pro,f16,64,4,21.006811443224617,0.0007464432646251799,0.024958,0.021041,0.01702364084148864,,0.067041,32,5,Pauls-MacBook-Pro,936381b-dirty,2026-09-29T07:46:28Z
rayon-tiled,cpu,Apple M1 Pro,f16,64,4,25.5750243902439,0.0007464432646251799,0.0205,0.018709,0.0031171347901558562,,0.06175,64,5,Pauls-MacBook-Pro,936381b-dirty,2026-09-29T07:46:28Z
rayon-tiled,cpu,Apple M1 Pro,f16,64,4,21.436258075067464,0.0007464432646251799,0.024457999999999997,0.023041,0.001122850479805749,,0.055292,128,5,Pauls-MacBook-Pro,936381b-dirty,2026-09-29T07:46:28Z
rayon-tiled,cpu,Apple M1 Pro,f16,64,4,20.262338164251208,0.0007464432646251799,0.025875,0.021875,0.005386981483168475,,0.06787499999999999,256,5,Pauls-MacBook-Pro,936381b-dirty,2026-09-29T07:46:28Z
rayon-tiled,cpu,Apple M1 Pro,f16,64,8,11.491243835616439,0.0007464432646251799,0.045625,0.045125,0.0025350665671733347,,0.111959,16,5,Pauls-MacBook-Pro,936381b-dirty,2026-09-29T07:46:28Z
rayon-tiled,cpu,Apple M1 Pro,f16,64,8,8.519190146566572,0.0007464432646251799,0.061542,0.034083,0.016859648534296317,,0.11775000000000001,32,5,Pauls-MacBook-Pro,936381b-dirty,2026-09-29T07:46:28Z
rayon-tiled,cpu,Apple M1 Pro,f16,64,8,16.27819175360159,0.0007464432646251799,0.032208,0.025959,0.003248566807070467,,0.124583,64,5,Pauls-MacBook-Pro,936381b-dirty,2026-09-29T07:46:28Z
rayon-tiled,cpu,Apple M1 Pro,f16,64,8,16.384,0.0007464432646251799,0.032,0.025041,0.013077084395995921,,0.116458,128,5,Pauls-MacBook-Pro,936381b-dirty,2026-09-29T07:46:28Z
rayon-tiled,cpu,Apple M1 Pro,f16,64,8,15.787527477491041,0.0007464432646251799,0.033209,0.026458,0.007176357899380436,,0.109042,256,5,Pauls-MacBook-Pro,936381b-dirty,2026-09-29T07:46:28Z
rayon-tiled,cpu,Apple M1 Pro,f16,64,10,8.911461254737988,0.0007464432646251799,0.058832999999999996,0.053375000000000006,0.018006440208991892,,0.146875,16,5,Pauls-MacBook-Pro,936381b-dirty,2026-09-29T07:46:28Z
rayon-tiled,cpu,Apple M1 Pro,f16,64,10,8.433541911303424,0.0007464432646251799,0.062167,0.038792,0.014315747353875728,,0.1605,32,5,Pauls-MacBook-Pro,936381b-dirty,2026-09-29T07:46:28Z
rayon-tiled,cpu,Apple M1 Pro,f16,64,10,10.305415233415234,0.0007464432646251799,0.050875000000000004,0.040833,0.01795514987963064,,0.140625,64,5,Pauls-MacBook-Pro,936381b-dirty,2026-09-29T07:46:28Z
rayon-tiled,cpu,Apple M1 Pro,f16,64,10,8.050487523992324,0.0007464432646251799,0.065125,0.041041,0.032185627641852815,,0.156791,128,5,Pauls-MacBook-Pro,936381b-dirty,2026-09-29T07:46:28Z
rayon-tiled,cpu,Apple M1 Pro,f16,64,10,11.533459457081262,0.0007464432646251799,0.045458,0.041375,0.011841946220955402,,0.15695800000000001,256,5,Pauls-MacBook-Pro,936381b-dirty,2026-09-29T07:46:28Z
rayon-tiled,cpu,Apple M1 Pro,f16,128,1,4.7375439523885365,0.0011165557453931836,0.8853329999999999,0.863584,0.0222779900462317,,0.022458000000000002,16,5,Pauls-MacBook-Pro,936381b-dirty,2026-09-29T07:46:28Z
rayon-tiled,cpu,Apple M1 Pro,f16,128,1,13.981013333333333,0.0011165557453931836,0.3,0.299292,0.0038280303943411956,,0.021916,32,5,Pauls-MacBook-Pro,936381b-dirty,2026-09-29T07:46:28Z
rayon-tiled,cpu,Apple M1 Pro,f16,128,1,19.61485832401921,0.0011165557453931836,0.213833,0.21212499999999998,0.011104051819043358,,0.020958,64,5,Pauls-MacBook-Pro,936381b-dirty,2026-09-29T07:46:28Z
rayon-tiled,cpu,Apple M1 Pro,f16,128,1,31.26181549859503,0.0011165557453931836,0.134167,0.132542,0.0017555994133058943,,0.017542,128,5,Pauls-MacBook-Pro,936381b-dirty,2026-09-29T07:46:28Z
rayon-tiled,cpu,Apple M1 Pro,f16,128,1,34.651927859155165,0.0011165557453931836,0.121041,0.12025,0.00057700025996528,,0.010375,256,5,Pauls-MacBook-Pro,936381b-dirty,2026-09-29T07:46:28Z
rayon-tiled,cpu,Apple M1 Pro,f16,128,2,10.462872466479576,0.0011165557453931836,0.40087500000000004,0.398,0.0019382201371361272,,0.028708,16,5,Pauls-MacBook-Pro,936381b-dirty,2026-09-29T07:46:28Z
rayon-tiled,cpu,Apple M1 Pro,f16,128,2,29.373728036080706,0.0011165557453931836,0.142791,0.140458,0.0025388785516444034,,0.026250000000000002,32,5,Pauls-MacBook-Pro,936381b-dirty,2026-09-29T07:46:28Z
rayon-tiled,cpu,Apple M1 Pro,f16,128,2,42.49160664174492,0.0011165557453931836,0.098709,0.097958,0.0022268504215595584,,0.033916,64,5,Pauls-MacBook-Pro,936381b-dirty,2026-09-29T07:46:28Z
rayon-tiled,cpu,Apple M1 Pro,f16,128,2,64.48608591371729,0.0011165557453931836,0.065042,0.06387499999999999,0.0005918147514214281,,0.027375,128,5,Pauls-MacBook-Pro,936381b-dirty,2026-09-29T07:46:28Z
rayon-tiled,cpu,Apple M1 Pro,f16,128,2,63.9132038095238,0.0011165557453931836,0.065625,0.064291,0.0076712587754552974,,0.025415999999999998,256,5,Pauls-MacBook-Pro,936381b-dirty,2026-09-29T07:46:28Z
rayon-tiled,cpu,Apple M1 Pro,f16,128,4,19.626239419023065,0.0011165557453931836,0.213709,0.212625,0.002305899455743893,,0.046375,16,5,Pauls-MacBook-Pro,936381b-dirty,2026-09-29T07:46:28Z
rayon-tiled,cpu,Apple M1 Pro,f16,128,4,40.4106674888238,0.0011165557453931836,0.103792,0.079167,0.0231802721446492,,0.047209,32,5,Pauls-MacBook-Pro,936381b-dirty,2026-09-29T07:46:28Z
rayon-tiled,cpu,Apple M1 Pro,f16,128,4,70.39312567132117,0.0011165557453931836,0.059584,0.056666999999999995,0.005662829707840424,,0.048458999999999995,64,5,Pauls-MacBook-Pro,936381b-dirty,2026-09-29T07:46:28Z
rayon-tiled,cpu,Apple M1 Pro,f16,128,4,100.9653844302152,0.0011165557453931836,0.041542,0.038583,0.002705574005640947,,0.049291,128,5,Pauls-MacBook-Pro,936381b-dirty,2026-09-29T07:46:28Z
rayon-tiled,cpu,Apple M1 Pro,f16,128,4,96.4207816091954,0.0011165557453931836,0.0435,0.040707999999999994,0.003409230734344627,,0.043083,256,5,Pauls-MacBook-Pro,936381b-dirty,2026-09-29T07:46:28Z
rayon-tiled,cpu,Apple M1 Pro,f16,128,8,23.280090138593636,0.0011165557453931836,0.18016700000000002,0.16224999999999998,0.022653602395645605,,0.07925,16,5,Pauls-MacBook-Pro,936381b-dirty,2026-09-29T07:46:28Z
rayon-tiled,cpu,Apple M1 Pro,f16,128,8,50.81479507154021,0.0011165557453931836,0.08254099999999999,0.071416,0.014234550351170215,,0.08675,32,5,Pauls-MacBook-Pro,936381b-dirty,2026-09-29T07:46:28Z
rayon-tiled,cpu,Apple M1 Pro,f16,128,8,79.01258382940244,0.0011165557453931836,0.053084,0.039875,0.009406577124544294,,0.104791,64,5,Pauls-MacBook-Pro,936381b-dirty,2026-09-29T07:46:28Z
rayon-tiled,cpu,Apple M1 Pro,f16,128,8,106.52200634920635,0.0011165557453931836,0.039375,0.02875,0.019233186384476183,,0.091625,128,5,Pauls-MacBook-Pro,936381b-dirty,2026-09-29T07:46:28Z
rayon-tiled,cpu,Apple M1 Pro,f16,128,8,107.89206430868167,0.0011165557453931836,0.038875,0.030416000000000002,0.011050037081385744,,0.08025,256,5,Pauls-MacBook-Pro,936381b-dirty,2026-09-29T07:46:28Z
rayon-tiled,cpu,Apple M1 Pro,f16,128,10,31.349437933508728,0.0011165557453931836,0.13379200000000002,0.125375,0.005161271519693577,,0.100833,16,5,Pauls-MacBook-Pro,936381b-dirty,2026-09-29T07:46:28Z
rayon-tiled,cpu,Apple M1 Pro,f16,128,10,60.38532083675262,0.0011165557453931836,0.069459,0.055834,0.012331625176755899,,0.128166,32,5,Pauls-MacBook-Pro,936381b-dirty,2026-09-29T07:46:28Z
rayon-tiled,cpu,Apple M1 Pro,f16,128,10,68.90027104722792,0.0011165557453931836,0.060875000000000005,0.053042,0.00663638278733227,,0.106042,64,5,Pauls-MacBook-Pro,936381b-dirty,2026-09-29T07:46:28Z
rayon-tiled,cpu,Apple M1 Pro,f16,128,10,100.36140888208269,0.0011165557453931836,0.041792,0.034834,0.007293769992260519,,0.10883300000000001,128,5,Pauls-MacBook-Pro,936381b-dirty,2026-09-29T07:46:28Z
rayon-tiled,cpu,Apple M1 Pro,f16,128,10,77.6722962962963,0.0011165557453931836,0.054,0.037791,0.011205739926484106,,0.10775,256,5,Pauls-MacBook-Pro,936381b-dirty,2026-09-29T07:46:28Z
rayon-tiled,cpu,Apple M1 Pro,f16,256,1,6.394517639772267,0.0017059664673413303,5.247375,5.220667,0.07965181748836661,,0.011834,16,5,Pauls-MacBook-Pro,936381b-dirty,2026-09-29T07:46:28Z
rayon-tiled,cpu,Apple M1 Pro,f16,256,1,18.309911201839153,0.0017059664673413303,1.832583,1.8015839999999999,0.014284287654622592,,0.013166,32,5,Pauls-MacBook-Pro,936381b-dirty,2026-09-29T07:46:28Z
rayon-tiled,cpu,Apple M1 Pro,f16,256,1,27.21733762804857,0.0017059664673413303,1.232833,1.2307080000000001,0.0017788054137538184,,0.016667,64,5,Pauls-MacBook-Pro,936381b-dirty,2026-09-29T07:46:28Z
rayon-tiled,cpu,Apple M1 Pro,f16,256,1,42.213470042459505,0.0017059664673413303,0.794875,0.787167,0.01666498379237137,,0.014541,128,5,Pauls-MacBook-Pro,936381b-dirty,2026-09-29T07:46:28Z
rayon-tiled,cpu,Apple M1 Pro,f16,256,1,58.72576154014438,0.0017059664673413303,0.5713750000000001,0.567417,0.0023404756995106836,,0.014292,256,5,Pauls-MacBook-Pro,936381b-dirty,2026-09-29T07:46:28Z
rayon-tiled,cpu,Apple M1 Pro,f16,256,2,12.183703806986241,0.0017059664673413303,2.754042,2.738083,0.03216277310338758,,0.031084000000000004,16,5,Pauls-MacBook-Pro,936381b-dirty,2026-09-29T07:46:28Z
rayon-tiled,cpu,Apple M1 Pro,f16,256,2,35.81049306296692,0.0017059664673413303,0.937,0.935375,0.002929341274075127,,0.042459000000000004,32,5,Pauls-MacBook-Pro,936381b-dirty,2026-09-29T07:46:28Z
rayon-tiled,cpu,Apple M1 Pro,f16,256,2,50.53378313253012,0.0017059664673413303,0.664,0.6605829999999999,0.004182297371062994,,0.022541,64,5,Pauls-MacBook-Pro,936381b-dirty,2026-09-29T07:46:28Z
rayon-tiled,cpu,Apple M1 Pro,f16,256,2,74.85651310652537,0.0017059664673413303,0.44825000000000004,0.429208,0.011613103474093405,,0.024125,128,5,Pauls-MacBook-Pro,936381b-dirty,2026-09-29T07:46:28Z
rayon-tiled,cpu,Apple M1 Pro,f16,256,2,107.04568061532768,0.0017059664673413303,0.313459,0.312083,0.0146002018205229,,0.029792,256,5,Pauls-MacBook-Pro,936381b-dirty,2026-09-29T07:46:28Z
rayon-tiled,cpu,Apple M1 Pro,f16,256,4,23.63058062280715,0.0017059664673413303,1.419958,1.3957080000000002,0.023505249386041302,,0.044875,16,5,Pauls-MacBook-Pro,936381b-dirty,2026-09-29T07:46:28Z
rayon-tiled,cpu,Apple M1 Pro,f16,256,4,63.57016707936033,0.0017059664673413303,0.527833,0.509209,0.008835886673107559,,0.051792000000000005,32,5,Pauls-MacBook-Pro,936381b-dirty,2026-09-29T07:46:28Z
rayon-tiled,cpu,Apple M1 Pro,f16,256,4,90.45345295154708,0.0017059664673413303,0.370958,0.351584,0.009241930950834894,,0.042917000000000004,64,5,Pauls-MacBook-Pro,936381b-dirty,2026-09-29T07:46:28Z
rayon-tiled,cpu,Apple M1 Pro,f16,256,4,136.28489732258905,0.0017059664673413303,0.24620799999999998,0.24295799999999998,0.008286517169474757,,0.04675,128,5,Pauls-MacBook-Pro,936381b-dirty,2026-09-29T07:46:28Z
rayon-tiled,cpu,Apple M1 Pro,f16,256,4,181.2929912904411,0.0017059664673413303,0.185084,0.175708,0.01210780172863761,,0.038791,256,5,Pauls-MacBook-Pro,936381b-dirty,2026-09-29T07:46:28Z
rayon-tiled,cpu,Apple M1 Pro,f16,256,8,41.26180755723013,0.0017059664673413303,0.813208,0.780375,0.0773686416172599,,0.097667,16,5,Pauls-MacBook-Pro,936381b-dirty,2026-09-29T07:46:28Z
rayon-tiled,cpu,Apple M1 Pro,f16,256,8,99.18807180799962,0.0017059664673413303,0.338291,0.314334,0.02771558003542413,,0.104708,32,5,Pauls-MacBook-Pro,936381b-dirty,2026-09-29T07:46:28Z
rayon-tiled,cpu,Apple M1 Pro,f16,256,8,114.01786666938506,0.0017059664673413303,0.294291,0.271667,0.01936306974113351,,0.081333,64,5,Pauls-MacBook-Pro,936381b-dirty,2026-09-29T07:46:28Z
rayon-tiled,cpu,Apple M1 Pro,f16,256,8,190.3797560283688,0.0017059664673413303,0.17625,0.156417,0.03950904808648266,,0.094542,128,5,Pauls-MacBook-Pro,936381b-dirty,2026-09-29T07:46:28Z
rayon-tiled,cpu,Apple M1 Pro,f16,256,8,207.39240506329114,0.0017059664673413303,0.16179200000000002,0.120666,0.027420910643156982,,0.089334,256,5,Pauls-MacBook-Pro,936381b-dirty,2026-09-29T07:46:28Z
rayon-tiled,cpu,Apple M1 Pro,f16,256,10,39.77806887869114,0.0017059664673413303,0.843541,0.7733749999999999,0.04763121538760063,,0.122042,16,5,Pauls-MacBook-Pro,936381b-dirty,2026-09-29T07:46:28Z
rayon-tiled,cpu,Apple M1 Pro,f16,256,10,116.37388713744178,0.0017059664673413303,0.288333,0.25912500000000005,0.05028289836813305,,0.10162500000000001,32,5,Pauls-MacBook-Pro,936381b-dirty,2026-09-29T07:46:28Z
rayon-tiled,cpu,Apple M1 Pro,f16,256,10,137.51816393442624,0.0017059664673413303,0.244,0.223834,0.014870978219337163,,0.100333,64,5,Pauls-MacBook-Pro,936381b-dirty,2026-09-29T07:46:28Z
rayon-tiled,cpu,Apple M1 Pro,f16,256,10,220.26883033334644,0.0017059664673413303,0.152334,0.145583,0.004364654132918217,,0.125167,128,5,Pauls-MacBook-Pro,936381b-dirty,2026-09-29T07:46:28Z
rayon-tiled,cpu,Apple M1 Pro,f16,256,10,232.948945446467,0.0017059664673413303,0.14404199999999998,0.133041,0.031303320801474084,,0.12075,256,5,Pauls-MacBook-Pro,936381b-dirty,2026-09-29T07:46:28Z
rayon-tiled,cpu,Apple M1 Pro,f16,512,1,6.437989520270285,0.0018356578962918102,41.695541000000006,41.637584,0.15057390196079665,,0.019125,16,5,Pauls-MacBook-Pro,936381b-dirty,2026-09-29T07:46:28Z
rayon-tiled,cpu,Apple M1 Pro,f16,512,1,18.651498044144294,0.0018356578962918102,14.392166,14.390167,0.04173453646202387,,0.040042,32,5,Pauls-MacBook-Pro,936381b-dirty,2026-09-29T07:46:28Z
rayon-tiled,cpu,Apple M1 Pro,f16,512,1,27.335700281437024,0.0018356578962918102,9.819958999999999,9.791208,0.06837943965988683,,0.017958,64,5,Pauls-MacBook-Pro,936381b-dirty,2026-09-29T07:46:28Z
rayon-tiled,cpu,Apple M1 Pro,f16,512,1,41.44894269745712,0.0018356578962918102,6.476292,6.472709,0.1383634131210269,,0.031167,128,5,Pauls-MacBook-Pro,936381b-dirty,2026-09-29T07:46:28Z
rayon-tiled,cpu,Apple M1 Pro,f16,512,1,50.6828644119799,0.0018356578962918102,5.296375,5.265041,0.033699841701408516,,0.02525,256,5,Pauls-MacBook-Pro,936381b-dirty,2026-09-29T07:46:28Z
rayon-tiled,cpu,Apple M1 Pro,f16,512,2,12.46688716147572,0.0018356578962918102,21.531875,21.4725,0.036583407308505865,,0.034917,16,5,Pauls-MacBook-Pro,936381b-dirty,2026-09-29T07:46:28Z
rayon-tiled,cpu,Apple M1 Pro,f16,512,2,35.87011229042508,0.0018356578962918102,7.483541,7.475542,0.04050925071141138,,0.038917,32,5,Pauls-MacBook-Pro,936381b-dirty,2026-09-29T07:46:28Z
rayon-tiled,cpu,Apple M1 Pro,f16,512,2,52.32277484589333,0.0018356578962918102,5.130375000000001,4.971916,0.08697334841662688,,0.062,64,5,Pauls-MacBook-Pro,936381b-dirty,2026-09-29T07:46:28Z
rayon-tiled,cpu,Apple M1 Pro,f16,512,2,77.96932875648375,0.0018356578962918102,3.442834,3.400625,0.04223134542256509,,0.051625000000000004,128,5,Pauls-MacBook-Pro,936381b-dirty,2026-09-29T07:46:28Z
rayon-tiled,cpu,Apple M1 Pro,f16,512,2,95.84841097969203,0.0018356578962918102,2.800625,2.77075,0.015828700730003156,,0.048959,256,5,Pauls-MacBook-Pro,936381b-dirty,2026-09-29T07:46:28Z
rayon-tiled,cpu,Apple M1 Pro,f16,512,4,23.57462865423249,0.0018356578962918102,11.386624999999999,11.308791000000001,0.22629748435123997,,0.039291,16,5,Pauls-MacBook-Pro,936381b-dirty,2026-09-29T07:46:28Z
rayon-tiled,cpu,Apple M1 Pro,f16,512,4,69.0435150750389,0.0018356578962918102,3.887917,3.8635,0.014694769811058531,,0.041417,32,5,Pauls-MacBook-Pro,936381b-dirty,2026-09-29T07:46:28Z
rayon-tiled,cpu,Apple M1 Pro,f16,512,4,99.44355860152814,0.0018356578962918102,2.699375,2.634875,0.03640293364277109,,0.050834000000000004,64,5,Pauls-MacBook-Pro,936381b-dirty,2026-09-29T07:46:28Z
rayon-tiled,cpu,Apple M1 Pro,f16,512,4,153.40992300799178,0.0018356578962918102,1.749792,1.692209,0.03705521405956244,,0.051167,128,5,Pauls-MacBook-Pro,936381b-dirty,2026-09-29T07:46:28Z
rayon-tiled,cpu,Apple M1 Pro,f16,512,4,188.8894052247339,0.0018356578962918102,1.421125,1.416667,0.004552271268279197,,0.061541,256,5,Pauls-MacBook-Pro,936381b-dirty,2026-09-29T07:46:28Z
rayon-tiled,cpu,Apple M1 Pro,f16,512,8,47.338939423331276,0.0018356578962918102,5.6705000000000005,5.665125,0.20285891771696887,,0.088292,16,5,Pauls-MacBook-Pro,936381b-dirty,2026-09-29T07:46:28Z
rayon-tiled,cpu,Apple M1 Pro,f16,512,8,131.96060778415594,0.0018356578962918102,2.0342089999999997,2.025,0.007735867417426506,,0.090834,32,5,Pauls-MacBook-Pro,936381b-dirty,2026-09-29T07:46:28Z
rayon-tiled,cpu,Apple M1 Pro,f16,512,8,162.41745938587204,0.0018356578962918102,1.65275,1.4408750000000001,0.22721908963487206,,0.08775000000000001,64,5,Pauls-MacBook-Pro,936381b-dirty,2026-09-29T07:46:28Z
rayon-tiled,cpu,Apple M1 Pro,f16,512,8,269.7618751400637,0.0018356578962918102,0.9950829999999999,0.985417,0.012425491386661476,,0.078917,128,5,Pauls-MacBook-Pro,936381b-dirty,2026-09-29T07:46:28Z
rayon-tiled,cpu,Apple M1 Pro,f16,512,8,315.83763101294716,0.0018356578962918102,0.849916,0.78425,0.04339179094022275,,0.091208,256,5,Pauls-MacBook-Pro,936381b-dirty,2026-09-29T07:46:28Z
rayon-tiled,cpu,Apple M1 Pro,f16,512,10,46.787155450009806,0.0018356578962918102,5.737375,5.698542,0.09773690627035411,,0.113625,16,5,Pauls-MacBook-Pro,936381b-dirty,2026-09-29T07:46:28Z
rayon-tiled,cpu,Apple M1 Pro,f16,512,10,130.7235527955513,0.0018356578962918102,2.053459,1.995917,0.03552203737118689,,0.12308299999999998,32,5,Pauls-MacBook-Pro,936381b-dirty,2026-09-29T07:46:28Z
rayon-tiled,cpu,Apple M1 Pro,f16,512,10,190.6895928064678,0.0018356578962918102,1.407709,1.402417,0.024114371177785213,,0.11920900000000001,64,5,Pauls-MacBook-Pro,936381b-dirty,2026-09-29T07:46:28Z
rayon-tiled,cpu,Apple M1 Pro,f16,512,10,277.967230294012,0.0018356578962918102,0.965709,0.910416,0.05555630878847152,,0.11524999999999999,128,5,Pauls-MacBook-Pro,936381b-dirty,2026-09-29T07:46:28Z
rayon-tiled,cpu,Apple M1 Pro,f16,512,10,322.5255751587183,0.0018356578962918102,0.832292,0.786416,0.038915932454458825,,0.117625,256,5,Pauls-MacBook-Pro,936381b-dirty,2026-09-29T07:46:28Z
rayon-tiled,cpu,Apple M1 Pro,f16,1024,1,6.39566107424712,0.003689507053755073,335.771959,335.34125,3.0293176758551943,,0.055083,16,5,Pauls-MacBook-Pro,936381b-dirty,2026-09-29T07:46:28Z
rayon-tiled,cpu,Apple M1 Pro,f16,1024,1,18.651038317940237,0.003689507053755073,115.14016600000001,115.0915,0.07964845870260463,,0.082416,32,5,Pauls-MacBook-Pro,936381b-dirty,2026-09-29T07:46:28Z
rayon-tiled,cpu,Apple M1 Pro,f16,1024,1,26.282804592303663,0.003689507053755073,81.70679200000001,81.675125,0.22480216765747318,,0.079916,64,5,Pauls-MacBook-Pro,936381b-dirty,2026-09-29T07:46:28Z
rayon-tiled,cpu,Apple M1 Pro,f16,1024,1,41.060905785048625,0.003689507053755073,52.299958000000004,52.1035,0.43897925657620906,,0.048166,128,5,Pauls-MacBook-Pro,936381b-dirty,2026-09-29T07:46:28Z
rayon-tiled,cpu,Apple M1 Pro,f16,1024,1,49.800667062694174,0.003689507053755073,43.121584,43.101082999999996,0.1798049977567382,,0.06887499999999999,256,5,Pauls-MacBook-Pro,936381b-dirty,2026-09-29T07:46:28Z
rayon-tiled,cpu,Apple M1 Pro,f16,1024,2,12.455995261175497,0.003689507053755073,172.40562500000001,172.204208,0.27796154337839524,,0.052333000000000005,16,5,Pauls-MacBook-Pro,936381b-dirty,2026-09-29T07:46:28Z
rayon-tiled,cpu,Apple M1 Pro,f16,1024,2,36.10437392479389,0.003689507053755073,59.479875,59.439625,0.03638566353936764,,0.12812500000000002,32,5,Pauls-MacBook-Pro,936381b-dirty,2026-09-29T07:46:28Z
rayon-tiled,cpu,Apple M1 Pro,f16,1024,2,50.92534602820776,0.003689507053755073,42.16925,42.125209,0.04568085302947039,,0.129,64,5,Pauls-MacBook-Pro,936381b-dirty,2026-09-29T07:46:28Z
rayon-tiled,cpu,Apple M1 Pro,f16,1024,2,77.50328766216582,0.003689507053755073,27.708291,26.970000000000002,0.4057137670891875,,0.111875,128,5,Pauls-MacBook-Pro,936381b-dirty,2026-09-29T07:46:28Z
rayon-tiled,cpu,Apple M1 Pro,f16,1024,2,96.27849071478234,0.003689507053755073,22.304916000000002,22.28425,0.05564900649337694,,0.062708,256,5,Pauls-MacBook-Pro,936381b-dirty,2026-09-29T07:46:28Z
rayon-tiled,cpu,Apple M1 Pro,f16,1024,4,24.1738918786508,0.003689507053755073,88.834833,88.715625,0.06974207942985369,,0.07525,16,5,Pauls-MacBook-Pro,936381b-dirty,2026-09-29T07:46:28Z
rayon-tiled,cpu,Apple M1 Pro,f16,1024,4,69.89340638972178,0.003689507053755073,30.725125,30.621375,0.04898923826005058,,0.150209,32,5,Pauls-MacBook-Pro,936381b-dirty,2026-09-29T07:46:28Z
rayon-tiled,cpu,Apple M1 Pro,f16,1024,4,98.3332557040362,0.003689507053755073,21.838834000000002,21.815250000000002,0.018284476990057343,,0.130458,64,5,Pauls-MacBook-Pro,936381b-dirty,2026-09-29T07:46:28Z
rayon-tiled,cpu,Apple M1 Pro,f16,1024,4,152.45067645311627,0.003689507053755073,14.086416,14.017792,0.11421158745284991,,0.099375,128,5,Pauls-MacBook-Pro,936381b-dirty,2026-09-29T07:46:28Z
rayon-tiled,cpu,Apple M1 Pro,f16,1024,4,171.12219787757454,0.003689507053755073,12.549416,12.403667,0.32759173257318364,,0.07225,256,5,Pauls-MacBook-Pro,936381b-dirty,2026-09-29T07:46:28Z
rayon-tiled,cpu,Apple M1 Pro,f16,1024,8,47.99663960618988,0.003689507053755073,44.742375,44.677875,0.9872735217283003,,0.116083,16,5,Pauls-MacBook-Pro,936381b-dirty,2026-09-29T07:46:28Z
rayon-tiled,cpu,Apple M1 Pro,f16,1024,8,137.30384648705672,0.003689507053755073,15.640375000000002,15.57,0.10619889649473783,,0.184291,32,5,Pauls-MacBook-Pro,936381b-dirty,2026-09-29T07:46:28Z
rayon-tiled,cpu,Apple M1 Pro,f16,1024,8,193.5861641675457,0.003689507053755073,11.093167,11.063208,0.0425180222435144,,0.13583399999999998,64,5,Pauls-MacBook-Pro,936381b-dirty,2026-09-29T07:46:28Z
rayon-tiled,cpu,Apple M1 Pro,f16,1024,8,298.59338820912126,0.003689507053755073,7.191999999999999,7.144125000000001,0.03373279654134795,,0.1365,128,5,Pauls-MacBook-Pro,936381b-dirty,2026-09-29T07:46:28Z
rayon-tiled,cpu,Apple M1 Pro,f16,1024,8,334.7032212644381,0.003689507053755073,6.416083,6.37275,0.07242640708539942,,0.13558299999999998,256,5,Pauls-MacBook-Pro,936381b-dirty,2026-09-29T07:46:28Z
rayon-tiled,cpu,Apple M1 Pro,f16,1024,10,50.01053543119132,0.003689507053755073,42.940625000000004,42.524583,0.2684035862694463,,0.13999999999999999,16,5,Pauls-MacBook-Pro,936381b-dirty,2026-09-29T07:46:28Z
rayon-tiled,cpu,Apple M1 Pro,f16,1024,10,137.1357977861548,0.003689507053755073,15.659540999999999,15.622416,1.7831977998139465,,0.244709,32,5,Pauls-MacBook-Pro,936381b-dirty,2026-09-29T07:46:28Z
rayon-tiled,cpu,Apple M1 Pro,f16,1024,10,192.93252009073962,0.003689507053755073,11.13075,11.09275,0.023051713031789812,,0.174917,64,5,Pauls-MacBook-Pro,936381b-dirty,2026-09-29T07:46:28Z
rayon-tiled,cpu,Apple M1 Pro,f16,1024,10,292.4432162870663,0.003689507053755073,7.34325,7.299042,0.03320982087877018,,0.147792,128,5,Pauls-MacBook-Pro,936381b-dirty,2026-09-29T07:46:28Z
rayon-tiled,cpu,Apple M1 Pro,f16,1024,10,330.8784173182851,0.003689507053755073,6.4902500000000005,6.3754170000000006,0.06617645031655901,,0.133083,256,5,Pauls-MacBook-Pro,936381b-dirty,2026-09-29T07:46:28Z
rayon-tiled,cpu,Apple M1 Pro,f16,2048,1,6.295183486340728,0.01681188043957227,2729.0497920000003,2726.923167,5.08651070529807,,0.041458,16,5,Pauls-MacBook-Pro,936381b-dirty,2026-09-29T07:46:28Z
rayon-tiled,cpu,Apple M1 Pro,f16,2048,1,17.45650977374918,0.01681188043957227,984.1525829999999,980.500917,3.005511387501838,,0.057917,32,5,Pauls-MacBook-Pro,936381b-dirty,2026-09-29T07:46:28Z
rayon-tiled,cpu,Apple M1 Pro,f16,2048,1,24.632673371147373,0.01681188043957227,697.4423330000001,696.856583,2.694065706210982,,0.058959000000000004,64,5,Pauls-MacBook-Pro,936381b-dirty,2026-09-29T07:46:28Z
rayon-tiled,cpu,Apple M1 Pro,f16,2048,1,36.900712183798305,0.01681188043957227,465.570125,464.792,1.8624041336961554,,0.062583,128,5,Pauls-MacBook-Pro,936381b-dirty,2026-09-29T07:46:28Z
rayon-tiled,cpu,Apple M1 Pro,f16,2048,1,44.40418763109092,0.01681188043957227,386.8975,386.055875,1.7031937040287826,,0.042457999999999996,256,5,Pauls-MacBook-Pro,936381b-dirty,2026-09-29T07:46:28Z
rayon-tiled,cpu,Apple M1 Pro,f16,2048,2,12.202263062150278,0.01681188043957227,1407.924833,1401.46425,5.912006670523882,,0.07166600000000001,16,5,Pauls-MacBook-Pro,936381b-dirty,2026-09-29T07:46:28Z
rayon-tiled,cpu,Apple M1 Pro,f16,2048,2,33.95806263950745,0.01681188043957227,505.91429099999993,505.431541,1.3913228669773436,,0.06583399999999999,32,5,Pauls-MacBook-Pro,936381b-dirty,2026-09-29T07:46:28Z
rayon-tiled,cpu,Apple M1 Pro,f16,2048,2,47.07509386826012,0.01681188043957227,364.94604200000003,360.89104100000003,3.2822866961862673,,0.068,64,5,Pauls-MacBook-Pro,936381b-dirty,2026-09-29T07:46:28Z
rayon-tiled,cpu,Apple M1 Pro,f16,2048,2,67.15770207782313,0.01681188043957227,255.813833,243.690458,6.258796576191126,,0.064583,128,5,Pauls-MacBook-Pro,936381b-dirty,2026-09-29T07:46:28Z
rayon-tiled,cpu,Apple M1 Pro,f16,2048,2,68.14764980647388,0.01681188043957227,252.09775000000002,214.349042,17.725063994281648,,0.071916,256,5,Pauls-MacBook-Pro,936381b-dirty,2026-09-29T07:46:28Z
rayon-tiled,cpu,Apple M1 Pro,f16,2048,4,23.8236718465289,0.01681188043957227,721.1260000000001,720.8725000000001,0.2777124603470168,,0.08479199999999999,16,5,Pauls-MacBook-Pro,936381b-dirty,2026-09-29T07:46:28Z
rayon-tiled,cpu,Apple M1 Pro,f16,2048,4,65.96255005680905,0.01681188043957227,260.448833,259.768459,0.33279326215189886,,0.105541,32,5,Pauls-MacBook-Pro,936381b-dirty,2026-09-29T07:46:28Z
rayon-tiled,cpu,Apple M1 Pro,f16,2048,4,92.01365317337047,0.01681188043957227,186.70999999999998,185.743375,0.4432180230318974,,0.097959,64,5,Pauls-MacBook-Pro,936381b-dirty,2026-09-29T07:46:28Z
rayon-tiled,cpu,Apple M1 Pro,f16,2048,4,137.47070920582655,0.01681188043957227,124.971125,124.279875,0.9028369383912566,,0.096458,128,5,Pauls-MacBook-Pro,936381b-dirty,2026-09-29T07:46:28Z
rayon-tiled,cpu,Apple M1 Pro,f16,2048,4,165.62601721106512,0.01681188043957227,103.72687499999999,103.528958,0.43293184330018414,,0.093167,256,5,Pauls-MacBook-Pro,936381b-dirty,2026-09-29T07:46:28Z
rayon-tiled,cpu,Apple M1 Pro,f16,2048,8,47.002610150327065,0.01681188043957227,365.508833,362.210167,5.828778870388976,,0.133917,16,5,Pauls-MacBook-Pro,936381b-dirty,2026-09-29T07:46:28Z
rayon-tiled,cpu,Apple M1 Pro,f16,2048,8,129.53535385644878,0.01681188043957227,132.626875,130.543791,1.464009142810349,,0.135625,32,5,Pauls-MacBook-Pro,936381b-dirty,2026-09-29T07:46:28Z
rayon-tiled,cpu,Apple M1 Pro,f16,2048,8,178.42888621566638,0.01681188043957227,96.284125,96.029292,2.6179007195408093,,0.172959,64,5,Pauls-MacBook-Pro,936381b-dirty,2026-09-29T07:46:28Z
rayon-tiled,cpu,Apple M1 Pro,f16,2048,8,275.60384747825776,0.01681188043957227,62.335375,62.018708,0.9643515514605092,,0.138417,128,5,Pauls-MacBook-Pro,936381b-dirty,2026-09-29T07:46:28Z
rayon-tiled,cpu,Apple M1 Pro,f16,2048,8,331.31605416314324,0.01681188043957227,51.853416,51.661249999999995,0.18968541869843536,,0.211125,256,5,Pauls-MacBook-Pro,936381b-dirty,2026-09-29T07:46:28Z
rayon-tiled,cpu,Apple M1 Pro,f16,2048,10,49.721119796561624,0.01681188043957227,345.524583,340.65079199999997,32.45409031363492,,0.164208,16,5,Pauls-MacBook-Pro,936381b-dirty,2026-09-29T07:46:28Z
rayon-tiled,cpu,Apple M1 Pro,f16,2048,10,141.30055637723342,0.01681188043957227,121.58387499999999,119.45195799999999,4.017152200297583,,0.17512499999999998,32,5,Pauls-MacBook-Pro,936381b-dirty,2026-09-29T07:46:28Z
rayon-tiled,cpu,Apple M1 Pro,f16,2048,10,185.14003653924857,0.01681188043957227,92.79391700000001,90.26041699999999,3.557499859467493,,0.18512499999999998,64,5,Pauls-MacBook-Pro,936381b-dirty,2026-09-29T07:46:28Z
rayon-tiled,cpu,Apple M1 Pro,f16,2048,10,275.8625508709752,0.01681188043957227,62.276917000000005,60.894209,0.7384414617288924,,0.211667,128,5,Pauls-MacBook-Pro,936381b-dirty,2026-09-29T07:46:28Z
rayon-tiled,cpu,Apple M1 Pro,f16,2048,10,328.5539873963589,0.01681188043957227,52.289334,49.549625,1.4139702355351411,,0.164792,256,5,Pauls-MacBook-Pro,936381b-dirty,2026-09-29T07:46:28Z
rayon-tiled,cpu,Apple M1 Pro,f16,4096,1,5.624236750963938,0.06571254066853494,24436.907541,24428.396625,8.210904303971668,,0.042291,16,5,Pauls-MacBook-Pro,936381b-dirty,2026-09-29T07:46:28Z
rayon-tiled,cpu,Apple M1 Pro,f16,4096,1,16.041986437477554,0.06571254066853494,8567.452292,8563.896333,2.472420945966337,,0.048792,32,5,Pauls-MacBook-Pro,936381b-dirty,2026-09-29T07:46:28Z
rayon-tiled,cpu,Apple M1 Pro,f16,4096,1,22.439187441754736,0.06571254066853494,6124.952333,6116.09825,6.503388511798747,,0.058125,64,5,Pauls-MacBook-Pro,936381b-dirty,2026-09-29T07:46:28Z
rayon-tiled,cpu,Apple M1 Pro,f16,4096,1,29.61201712929309,0.06571254066853494,4641.323584000001,4638.039,13.933685964111765,,0.059,128,5,Pauls-MacBook-Pro,936381b-dirty,2026-09-29T07:46:28Z
rayon-tiled,cpu,Apple M1 Pro,f16,4096,1,36.886512916315844,0.06571254066853494,3725.99475,3725.83825,2.263104852100167,,0.053916,256,5,Pauls-MacBook-Pro,936381b-dirty,2026-09-29T07:46:28Z
rayon-tiled,cpu,Apple M1 Pro,f16,4096,2,10.927112485915156,0.06571254066853494,12577.7925,12570.745875,15.886365635590032,,0.06641599999999999,16,5,Pauls-MacBook-Pro,936381b-dirty,2026-09-29T07:46:28Z
rayon-tiled,cpu,Apple M1 Pro,f16,4096,2,28.918925158934474,0.06571254066853494,4752.560917000001,4642.523917,61.48975348581053,,0.07295900000000001,32,5,Pauls-MacBook-Pro,936381b-dirty,2026-09-29T07:46:28Z
rayon-tiled,cpu,Apple M1 Pro,f16,4096,2,34.91527494097547,0.06571254066853494,3936.356042,3336.181959,343.62050474910546,,0.06975,64,5,Pauls-MacBook-Pro,936381b-dirty,2026-09-29T07:46:28Z
rayon-tiled,cpu,Apple M1 Pro,f16,4096,2,49.053218691176625,0.06571254066853494,2801.833542,2502.65375,261.46162701342934,,0.069917,128,5,Pauls-MacBook-Pro,936381b-dirty,2026-09-29T07:46:28Z
rayon-tiled,cpu,Apple M1 Pro,f16,4096,2,59.89691343346268,0.06571254066853494,2294.591584,2141.6535,135.86802290103282,,0.08191699999999999,256,5,Pauls-MacBook-Pro,936381b-dirty,2026-09-29T07:46:28Z
rayon-tiled,cpu,Apple M1 Pro,f16,4096,4,21.230195247813345,0.06571254066853494,6473.748916,6470.038125,3.8786309873667184,,0.09466699999999999,16,5,Pauls-MacBook-Pro,936381b-dirty,2026-09-29T07:46:28Z
rayon-tiled,cpu,Apple M1 Pro,f16,4096,4,59.90514589165101,0.06571254066853494,2294.2762500000003,2276.3697500000003,10.63935780655092,,0.088291,32,5,Pauls-MacBook-Pro,936381b-dirty,2026-09-29T07:46:28Z
rayon-tiled,cpu,Apple M1 Pro,f16,4096,4,82.32272369330545,0.06571254066853494,1669.514167,1668.1150420000001,19.46596905329909,,0.10387500000000001,64,5,Pauls-MacBook-Pro,936381b-dirty,2026-09-29T07:46:28Z
rayon-tiled,cpu,Apple M1 Pro,f16,4096,4,107.73977164270205,0.06571254066853494,1275.6566249999998,1258.039041,15.562310903546694,,0.1,128,5,Pauls-MacBook-Pro,936381b-dirty,2026-09-29T07:46:28Z
rayon-tiled,cpu,Apple M1 Pro,f16,4096,4,130.14207696378858,0.06571254066853494,1056.068542,1031.967542,14.600050109399298,,0.096458,256,5,Pauls-MacBook-Pro,936381b-dirty,2026-09-29T07:46:28Z
rayon-tiled,cpu,Apple M1 Pro,f16,4096,8,41.83622205671618,0.06571254066853494,3285.166459,3281.321125,3.8876218495890567,,0.147958,16,5,Pauls-MacBook-Pro,936381b-dirty,2026-09-29T07:46:28Z
rayon-tiled,cpu,Apple M1 Pro,f16,4096,8,117.84134807961897,0.06571254066853494,1166.3049999999998,1153.44325,7.503723200327437,,0.194375,32,5,Pauls-MacBook-Pro,936381b-dirty,2026-09-29T07:46:28Z
rayon-tiled,cpu,Apple M1 Pro,f16,4096,8,160.7984763161351,0.06571254066853494,854.7279589999999,852.104458,2.3973255894691863,,0.223125,64,5,Pauls-MacBook-Pro,936381b-dirty,2026-09-29T07:46:28Z
rayon-tiled,cpu,Apple M1 Pro,f16,4096,8,215.22005553380535,0.06571254066853494,638.5973329999999,631.177333,8.046119890039089,,0.11983300000000001,128,5,Pauls-MacBook-Pro,936381b-dirty,2026-09-29T07:46:28Z
rayon-tiled,cpu,Apple M1 Pro,f16,4096,8,268.1320619534225,0.06571254066853494,512.579333,503.872208,12.38314938635408,,0.164292,256,5,Pauls-MacBook-Pro,936381b-dirty,2026-09-29T07:46:28Z
rayon-tiled,cpu,Apple M1 Pro,f16,4096,10,45.497780282156576,0.06571254066853494,3020.783709,3017.4842919999996,260.6184291132712,,0.20966600000000002,16,5,Pauls-MacBook-Pro,936381b-dirty,2026-09-29T07:46:28Z
rayon-tiled,cpu,Apple M1 Pro,f16,4096,10,114.18910486535599,0.06571254066853494,1203.608292,1025.257708,96.76389025964852,,0.16425,32,5,Pauls-MacBook-Pro,936381b-dirty,2026-09-29T07:46:28Z
rayon-tiled,cpu,Apple M1 Pro,f16,4096,10,178.7038552706607,0.06571254066853494,769.087792,762.823583,3.902067701753709,,0.19804100000000002,64,5,Pauls-MacBook-Pro,936381b-dirty,2026-09-29T07:46:28Z
rayon-tiled,cpu,Apple M1 Pro,f16,4096,10,242.54739093302067,0.06571254066853494,566.647833,556.422917,14.753294210331166,,0.200208,128,5,Pauls-MacBook-Pro,936381b-dirty,2026-09-29T07:46:28Z
rayon-tiled,cpu,Apple M1 Pro,f16,4096,10,289.97545463144814,0.06571254066853494,473.96754200000004,469.08129199999996,6.234429948283501,,0.190292,256,5,Pauls-MacBook-Pro,936381b-dirty,2026-09-29T07:46:28Z
rayon-tiled,cpu,Apple M1 Pro,f32,64,1,8.045299001028129,9.631142459149073e-8,0.06516699999999999,0.062834,0.0017832119055232903,,0.047083,16,5,Pauls-MacBook-Pro,936381b-dirty,2026-09-29T07:46:28Z
rayon-tiled,cpu,Apple M1 Pro,f32,64,1,11.47037717686182,9.631142459149073e-8,0.045708,0.042666,0.0028938541255564346,,0.035750000000000004,32,5,Pauls-MacBook-Pro,936381b-dirty,2026-09-29T07:46:28Z
rayon-tiled,cpu,Apple M1 Pro,f32,64,1,17.143118726089657,9.631142459149073e-8,0.030583000000000003,0.028125,0.00824899413262005,,0.0235,64,5,Pauls-MacBook-Pro,936381b-dirty,2026-09-29T07:46:28Z
rayon-tiled,cpu,Apple M1 Pro,f32,64,1,16.732239739580006,9.631142459149073e-8,0.031334,0.029375,0.00549093496592338,,0.015167,128,5,Pauls-MacBook-Pro,936381b-dirty,2026-09-29T07:46:28Z
rayon-tiled,cpu,Apple M1 Pro,f32,64,1,17.747207365784305,9.631142459149073e-8,0.029542,0.029,0.0006131522649391418,,0.018000000000000002,256,5,Pauls-MacBook-Pro,936381b-dirty,2026-09-29T07:46:28Z
rayon-tiled,cpu,Apple M1 Pro,f32,64,2,14.838479608298192,9.631142459149073e-8,0.035333,0.035042000000000004,0.0022709717523562455,,0.028208,16,5,Pauls-MacBook-Pro,936381b-dirty,2026-09-29T07:46:28Z
rayon-tiled,cpu,Apple M1 Pro,f32,64,2,19.847365233192004,9.631142459149073e-8,0.026416,0.025625,0.02326109398115231,,0.021667000000000002,32,5,Pauls-MacBook-Pro,936381b-dirty,2026-09-29T07:46:28Z
rayon-tiled,cpu,Apple M1 Pro,f32,64,2,22.71316553307629,9.631142459149073e-8,0.023083,0.019958,0.001584378647924794,,0.029708000000000002,64,5,Pauls-MacBook-Pro,936381b-dirty,2026-09-29T07:46:28Z
rayon-tiled,cpu,Apple M1 Pro,f32,64,2,28.024802223647637,9.631142459149073e-8,0.018708000000000002,0.017374999999999998,0.011798442935404654,,0.022125,128,5,Pauls-MacBook-Pro,936381b-dirty,2026-09-29T07:46:28Z
rayon-tiled,cpu,Apple M1 Pro,f32,64,2,27.060025806451616,9.631142459149073e-8,0.019375,0.017499999999999998,0.0024599830893727707,,0.027250000000000003,256,5,Pauls-MacBook-Pro,936381b-dirty,2026-09-29T07:46:28Z
rayon-tiled,cpu,Apple M1 Pro,f32,64,4,18.078896551724135,9.631142459149073e-8,0.029,0.027667,0.003980605770482678,,0.038583,16,5,Pauls-MacBook-Pro,936381b-dirty,2026-09-29T07:46:28Z
rayon-tiled,cpu,Apple M1 Pro,f32,64,4,24.769121746114234,9.631142459149073e-8,0.021167,0.020458999999999998,0.0008969943143632521,,0.045000000000000005,32,5,Pauls-MacBook-Pro,936381b-dirty,2026-09-29T07:46:28Z
rayon-tiled,cpu,Apple M1 Pro,f32,64,4,27.533242306480403,9.631142459149073e-8,0.019042000000000003,0.014042,0.002785989016489477,,0.044417,64,5,Pauls-MacBook-Pro,936381b-dirty,2026-09-29T07:46:28Z
rayon-tiled,cpu,Apple M1 Pro,f32,64,4,28.991815969918157,9.631142459149073e-8,0.018084000000000003,0.016375,0.0013259237157544168,,0.039792,128,5,Pauls-MacBook-Pro,936381b-dirty,2026-09-29T07:46:28Z
rayon-tiled,cpu,Apple M1 Pro,f32,64,4,23.003159003159002,9.631142459149073e-8,0.022792,0.013958,0.004084257056062951,,0.049666,256,5,Pauls-MacBook-Pro,936381b-dirty,2026-09-29T07:46:28Z
rayon-tiled,cpu,Apple M1 Pro,f32,64,8,24.012457634881375,9.631142459149073e-8,0.021834000000000003,0.019458,0.0033268478774960528,,0.096041,16,5,Pauls-MacBook-Pro,936381b-dirty,2026-09-29T07:46:28Z
rayon-tiled,cpu,Apple M1 Pro,f32,64,8,9.53250909090909,9.631142459149073e-8,0.055,0.026208000000000002,0.027865673629036847,,0.10183400000000001,32,5,Pauls-MacBook-Pro,936381b-dirty,2026-09-29T07:46:28Z
rayon-tiled,cpu,Apple M1 Pro,f32,64,8,10.255022004889975,9.631142459149073e-8,0.051125000000000004,0.032417,0.01589390082704683,,0.092125,64,5,Pauls-MacBook-Pro,936381b-dirty,2026-09-29T07:46:28Z
rayon-tiled,cpu,Apple M1 Pro,f32,64,8,17.573506737279615,9.631142459149073e-8,0.029834,0.018625,0.023939009634903446,,0.09175,128,5,Pauls-MacBook-Pro,936381b-dirty,2026-09-29T07:46:28Z
rayon-tiled,cpu,Apple M1 Pro,f32,64,8,13.981013333333333,9.631142459149073e-8,0.0375,0.032792,0.0110567767093308,,0.096875,256,5,Pauls-MacBook-Pro,936381b-dirty,2026-09-29T07:46:28Z
rayon-tiled,cpu,Apple M1 Pro,f32,64,10,10.582697509184126,9.631142459149073e-8,0.049542,0.038917,0.013864448142641667,,0.128,16,5,Pauls-MacBook-Pro,936381b-dirty,2026-09-29T07:46:28Z
rayon-tiled,cpu,Apple M1 Pro,f32,64,10,11.522813186813186,9.631142459149073e-8,0.0455,0.03625,0.016272043854414848,,0.117833,32,5,Pauls-MacBook-Pro,936381b-dirty,2026-09-29T07:46:28Z
rayon-tiled,cpu,Apple M1 Pro,f32,64,10,14.315030716723548,9.631142459149073e-8,0.036625000000000005,0.030458,0.017514187743084175,,0.13012500000000002,64,5,Pauls-MacBook-Pro,936381b-dirty,2026-09-29T07:46:28Z
rayon-tiled,cpu,Apple M1 Pro,f32,64,10,15.160281062950004,9.631142459149073e-8,0.034582999999999996,0.029166,0.009030491254632829,,0.130584,128,5,Pauls-MacBook-Pro,936381b-dirty,2026-09-29T07:46:28Z
rayon-tiled,cpu,Apple M1 Pro,f32,64,10,12.239996264649578,9.631142459149073e-8,0.042834,0.02525,0.023960732810162547,,0.129,256,5,Pauls-MacBook-Pro,936381b-dirty,2026-09-29T07:46:28Z
rayon-tiled,cpu,Apple M1 Pro,f32,128,1,9.14206001848332,1.477530979147487e-7,0.45879200000000003,0.458208,0.004313120819082158,,0.014292,16,5,Pauls-MacBook-Pro,936381b-dirty,2026-09-29T07:46:28Z
rayon-tiled,cpu,Apple M1 Pro,f32,128,1,13.697565053819625,1.477530979147487e-7,0.306208,0.304916,0.003732222166484726,,0.011542,32,5,Pauls-MacBook-Pro,936381b-dirty,2026-09-29T07:46:28Z
rayon-tiled,cpu,Apple M1 Pro,f32,128,1,20.489204134669873,1.477530979147487e-7,0.204708,0.20350000000000001,0.002414191272455433,,0.010750000000000001,64,5,Pauls-MacBook-Pro,936381b-dirty,2026-09-29T07:46:28Z
rayon-tiled,cpu,Apple M1 Pro,f32,128,1,30.13885575499763,1.477530979147487e-7,0.139166,0.138917,0.000495289107491782,,0.011250000000000001,128,5,Pauls-MacBook-Pro,936381b-dirty,2026-09-29T07:46:28Z
rayon-tiled,cpu,Apple M1 Pro,f32,128,1,30.23837125472215,1.477530979147487e-7,0.138708,0.138583,0.0005604786347399836,,0.010499999999999999,256,5,Pauls-MacBook-Pro,936381b-dirty,2026-09-29T07:46:28Z
rayon-tiled,cpu,Apple M1 Pro,f32,128,2,17.54329667939586,1.477530979147487e-7,0.239083,0.23900000000000002,0.004421873053356454,,0.020541,16,5,Pauls-MacBook-Pro,936381b-dirty,2026-09-29T07:46:28Z
rayon-tiled,cpu,Apple M1 Pro,f32,128,2,26.058213582340848,1.477530979147487e-7,0.160959,0.16020800000000002,0.0014406181659273806,,0.027292,32,5,Pauls-MacBook-Pro,936381b-dirty,2026-09-29T07:46:28Z
rayon-tiled,cpu,Apple M1 Pro,f32,128,2,30.94468135338124,1.477530979147487e-7,0.135542,0.134417,0.000775917972468729,,0.031417,64,5,Pauls-MacBook-Pro,936381b-dirty,2026-09-29T07:46:28Z
rayon-tiled,cpu,Apple M1 Pro,f32,128,2,53.71596890488326,1.477530979147487e-7,0.078083,0.07579100000000001,0.011731763520460166,,0.021083,128,5,Pauls-MacBook-Pro,936381b-dirty,2026-09-29T07:46:28Z
rayon-tiled,cpu,Apple M1 Pro,f32,128,2,55.70790665550996,1.477530979147487e-7,0.075291,0.074167,0.009399703755970186,,0.027958,256,5,Pauls-MacBook-Pro,936381b-dirty,2026-09-29T07:46:28Z
rayon-tiled,cpu,Apple M1 Pro,f32,128,4,30.08459513545694,1.477530979147487e-7,0.13941699999999999,0.133459,0.006596917636290452,,0.043084000000000004,16,5,Pauls-MacBook-Pro,936381b-dirty,2026-09-29T07:46:28Z
rayon-tiled,cpu,Apple M1 Pro,f32,128,4,34.56824962500206,1.477530979147487e-7,0.121334,0.100792,0.012019877753122118,,0.040958999999999995,32,5,Pauls-MacBook-Pro,936381b-dirty,2026-09-29T07:46:28Z
rayon-tiled,cpu,Apple M1 Pro,f32,128,4,50.559367390727836,1.477530979147487e-7,0.082958,0.0655,0.02115449299321541,,0.043791000000000004,64,5,Pauls-MacBook-Pro,936381b-dirty,2026-09-29T07:46:28Z
rayon-tiled,cpu,Apple M1 Pro,f32,128,4,77.97263533610945,1.477530979147487e-7,0.053792,0.050834000000000004,0.01247168337875846,,0.036375000000000005,128,5,Pauls-MacBook-Pro,936381b-dirty,2026-09-29T07:46:28Z
rayon-tiled,cpu,Apple M1 Pro,f32,128,4,75.51725752147063,1.477530979147487e-7,0.055541,0.043542,0.01953924370849599,,0.036583,256,5,Pauls-MacBook-Pro,936381b-dirty,2026-09-29T07:46:28Z
rayon-tiled,cpu,Apple M1 Pro,f32,128,8,28.951192407247625,1.477530979147487e-7,0.144875,0.090875,0.0451149210827194,,0.067625,16,5,Pauls-MacBook-Pro,936381b-dirty,2026-09-29T07:46:28Z
rayon-tiled,cpu,Apple M1 Pro,f32,128,8,31.855392771157543,1.477530979147487e-7,0.131667,0.10787500000000001,0.019398373612238732,,0.091833,32,5,Pauls-MacBook-Pro,936381b-dirty,2026-09-29T07:46:28Z
rayon-tiled,cpu,Apple M1 Pro,f32,128,8,50.78833672382059,1.477530979147487e-7,0.08258399999999999,0.063458,0.018565480704791894,,0.081208,64,5,Pauls-MacBook-Pro,936381b-dirty,2026-09-29T07:46:28Z
rayon-tiled,cpu,Apple M1 Pro,f32,128,8,70.19755648535565,1.477530979147487e-7,0.059750000000000004,0.044583000000000005,0.028956588150194768,,0.089459,128,5,Pauls-MacBook-Pro,936381b-dirty,2026-09-29T07:46:28Z
rayon-tiled,cpu,Apple M1 Pro,f32,128,8,82.91924164244905,1.477530979147487e-7,0.050583,0.037708,0.024607152726392384,,0.09770899999999999,256,5,Pauls-MacBook-Pro,936381b-dirty,2026-09-29T07:46:28Z
rayon-tiled,cpu,Apple M1 Pro,f32,128,10,34.75961745645004,1.477530979147487e-7,0.120666,0.096375,0.015422880869020541,,0.110666,16,5,Pauls-MacBook-Pro,936381b-dirty,2026-09-29T07:46:28Z
rayon-tiled,cpu,Apple M1 Pro,f32,128,10,44.09255190538765,1.477530979147487e-7,0.095125,0.074458,0.022696981477720778,,0.10325000000000001,32,5,Pauls-MacBook-Pro,936381b-dirty,2026-09-29T07:46:28Z
rayon-tiled,cpu,Apple M1 Pro,f32,128,10,57.1306527187534,1.477530979147487e-7,0.07341600000000001,0.063125,0.00861029931535484,,0.10420800000000001,64,5,Pauls-MacBook-Pro,936381b-dirty,2026-09-29T07:46:28Z
rayon-tiled,cpu,Apple M1 Pro,f32,128,10,64.81793877204097,1.477530979147487e-7,0.064709,0.049042,0.10906631440458599,,0.10900000000000001,128,5,Pauls-MacBook-Pro,936381b-dirty,2026-09-29T07:46:28Z
rayon-tiled,cpu,Apple M1 Pro,f32,128,10,65.15423689320389,1.477530979147487e-7,0.064375,0.055416,0.04244916163718667,,0.109167,256,5,Pauls-MacBook-Pro,936381b-dirty,2026-09-29T07:46:28Z
rayon-tiled,cpu,Apple M1 Pro,f32,256,1,9.307316970337297,2.1227173452103736e-7,3.605167,3.595583,0.010217866372193308,,0.011375,16,5,Pauls-MacBook-Pro,936381b-dirty,2026-09-29T07:46:28Z
rayon-tiled,cpu,Apple M1 Pro,f32,256,1,14.120999508460537,2.1227173452103736e-7,2.376208,2.3733750000000002,0.003051128446984786,,0.010667,32,5,Pauls-MacBook-Pro,936381b-dirty,2026-09-29T07:46:28Z
rayon-tiled,cpu,Apple M1 Pro,f32,256,1,20.73287168881691,2.1227173452103736e-7,1.618417,1.609291,0.010216781552915803,,0.010791,64,5,Pauls-MacBook-Pro,936381b-dirty,2026-09-29T07:46:28Z
rayon-tiled,cpu,Apple M1 Pro,f32,256,1,27.167754717699133,2.1227173452103736e-7,1.2350830000000002,1.23475,0.009477925379533259,,0.00975,128,5,Pauls-MacBook-Pro,936381b-dirty,2026-09-29T07:46:28Z
rayon-tiled,cpu,Apple M1 Pro,f32,256,1,25.546634913335637,2.1227173452103736e-7,1.313458,1.312666,0.001526129024689584,,0.012875,256,5,Pauls-MacBook-Pro,936381b-dirty,2026-09-29T07:46:28Z
rayon-tiled,cpu,Apple M1 Pro,f32,256,2,17.918001394802918,2.1227173452103736e-7,1.872666,1.869042,0.003551069303745001,,0.029167000000000002,16,5,Pauls-MacBook-Pro,936381b-dirty,2026-09-29T07:46:28Z
rayon-tiled,cpu,Apple M1 Pro,f32,256,2,27.190694636563943,2.1227173452103736e-7,1.234041,1.231583,0.0020278481698588454,,0.032875,32,5,Pauls-MacBook-Pro,936381b-dirty,2026-09-29T07:46:28Z
rayon-tiled,cpu,Apple M1 Pro,f32,256,2,39.43520728661672,2.1227173452103736e-7,0.8508749999999999,0.847833,0.0015111906894895966,,0.027583,64,5,Pauls-MacBook-Pro,936381b-dirty,2026-09-29T07:46:28Z
rayon-tiled,cpu,Apple M1 Pro,f32,256,2,50.43253829285485,2.1227173452103736e-7,0.6653330000000001,0.657583,0.0047231054614522506,,0.022958,128,5,Pauls-MacBook-Pro,936381b-dirty,2026-09-29T07:46:28Z
rayon-tiled,cpu,Apple M1 Pro,f32,256,2,36.317621948315654,2.1227173452103736e-7,0.923916,0.9217500000000001,0.0037466083061884407,,0.030583000000000003,256,5,Pauls-MacBook-Pro,936381b-dirty,2026-09-29T07:46:28Z
rayon-tiled,cpu,Apple M1 Pro,f32,256,4,33.38613250603707,2.1227173452103736e-7,1.0050409999999999,0.9718749999999999,0.029152934960308893,,0.034917,16,5,Pauls-MacBook-Pro,936381b-dirty,2026-09-29T07:46:28Z
rayon-tiled,cpu,Apple M1 Pro,f32,256,4,49.74711934766494,2.1227173452103736e-7,0.6745,0.663167,0.021305787394508533,,0.0435,32,5,Pauls-MacBook-Pro,936381b-dirty,2026-09-29T07:46:28Z
rayon-tiled,cpu,Apple M1 Pro,f32,256,4,69.7355221783705,2.1227173452103736e-7,0.481167,0.45629200000000003,0.014367238297599127,,0.04725,64,5,Pauls-MacBook-Pro,936381b-dirty,2026-09-29T07:46:28Z
rayon-tiled,cpu,Apple M1 Pro,f32,256,4,92.31997094574889,2.1227173452103736e-7,0.363458,0.353167,0.015838004356610074,,0.047042,128,5,Pauls-MacBook-Pro,936381b-dirty,2026-09-29T07:46:28Z
rayon-tiled,cpu,Apple M1 Pro,f32,256,4,87.81951612734373,2.1227173452103736e-7,0.382084,0.378125,0.015427625523715587,,0.04975,256,5,Pauls-MacBook-Pro,936381b-dirty,2026-09-29T07:46:28Z
rayon-tiled,cpu,Apple M1 Pro,f32,256,8,58.08199297915209,2.1227173452103736e-7,0.577708,0.5355829999999999,0.0697122246976813,,0.075167,16,5,Pauls-MacBook-Pro,936381b-dirty,2026-09-29T07:46:28Z
rayon-tiled,cpu,Apple M1 Pro,f32,256,8,68.83539333564464,2.1227173452103736e-7,0.487459,0.45875,0.03498965605289655,,0.109042,32,5,Pauls-MacBook-Pro,936381b-dirty,2026-09-29T07:46:28Z
rayon-tiled,cpu,Apple M1 Pro,f32,256,8,106.97503714141794,2.1227173452103736e-7,0.313666,0.254875,0.04221709346579888,,0.08612500000000001,64,5,Pauls-MacBook-Pro,936381b-dirty,2026-09-29T07:46:28Z
rayon-tiled,cpu,Apple M1 Pro,f32,256,8,116.0049507346586,2.1227173452103736e-7,0.28925,0.253208,0.018520544975782982,,0.081041,128,5,Pauls-MacBook-Pro,936381b-dirty,2026-09-29T07:46:28Z
rayon-tiled,cpu,Apple M1 Pro,f32,256,8,128.97316328805454,2.1227173452103736e-7,0.260166,0.23066699999999998,0.03535037356662587,,0.096958,256,5,Pauls-MacBook-Pro,936381b-dirty,2026-09-29T07:46:28Z
rayon-tiled,cpu,Apple M1 Pro,f32,256,10,52.87984858346427,2.1227173452103736e-7,0.634541,0.602083,0.0249085245909909,,0.11654199999999999,16,5,Pauls-MacBook-Pro,936381b-dirty,2026-09-29T07:46:28Z
rayon-tiled,cpu,Apple M1 Pro,f32,256,10,76.76901641107067,2.1227173452103736e-7,0.437083,0.389292,0.04748218167376053,,0.097333,32,5,Pauls-MacBook-Pro,936381b-dirty,2026-09-29T07:46:28Z
rayon-tiled,cpu,Apple M1 Pro,f32,256,10,121.464007239819,2.1227173452103736e-7,0.27625,0.264041,0.0486079194236906,,0.117042,64,5,Pauls-MacBook-Pro,936381b-dirty,2026-09-29T07:46:28Z
rayon-tiled,cpu,Apple M1 Pro,f32,256,10,105.7108850502651,2.1227173452103736e-7,0.317417,0.259167,0.04494746662160171,,0.103458,128,5,Pauls-MacBook-Pro,936381b-dirty,2026-09-29T07:46:28Z
rayon-tiled,cpu,Apple M1 Pro,f32,256,10,135.413701814425,2.1227173452103736e-7,0.24779199999999998,0.22233299999999998,0.023613886514083204,,0.109959,256,5,Pauls-MacBook-Pro,936381b-dirty,2026-09-29T07:46:28Z
rayon-tiled,cpu,Apple M1 Pro,f32,512,1,9.32758476964899,1.243084139673532e-7,28.778667000000002,28.769458,0.005896739115816629,,0.017416,16,5,Pauls-MacBook-Pro,936381b-dirty,2026-09-29T07:46:28Z
rayon-tiled,cpu,Apple M1 Pro,f32,512,1,14.12248384415004,1.243084139673532e-7,19.007666,19.000709,0.025583947066470807,,0.026916000000000002,32,5,Pauls-MacBook-Pro,936381b-dirty,2026-09-29T07:46:28Z
rayon-tiled,cpu,Apple M1 Pro,f32,512,1,19.977953920430966,1.243084139673532e-7,13.436584,13.39475,0.10758324256453712,,0.033874999999999995,64,5,Pauls-MacBook-Pro,936381b-dirty,2026-09-29T07:46:28Z
rayon-tiled,cpu,Apple M1 Pro,f32,512,1,23.637078930987876,1.243084139673532e-7,11.356541,11.3315,0.02448803594206724,,0.022541,128,5,Pauls-MacBook-Pro,936381b-dirty,2026-09-29T07:46:28Z
rayon-tiled,cpu,Apple M1 Pro,f32,512,1,22.157280726372264,1.243084139673532e-7,12.115,12.094791,0.012226505481943352,,0.0145,256,5,Pauls-MacBook-Pro,936381b-dirty,2026-09-29T07:46:28Z
rayon-tiled,cpu,Apple M1 Pro,f32,512,2,18.07189807287722,1.243084139673532e-7,14.85375,14.832082999999999,0.018777849802360344,,0.036167,16,5,Pauls-MacBook-Pro,936381b-dirty,2026-09-29T07:46:28Z
rayon-tiled,cpu,Apple M1 Pro,f32,512,2,27.282798658400242,1.243084139673532e-7,9.839,9.811,0.015699397593538326,,0.025875,32,5,Pauls-MacBook-Pro,936381b-dirty,2026-09-29T07:46:28Z
rayon-tiled,cpu,Apple M1 Pro,f32,512,2,38.62751374844176,1.243084139673532e-7,6.949333,6.933624999999999,0.009655546048774577,,0.035958,64,5,Pauls-MacBook-Pro,936381b-dirty,2026-09-29T07:46:28Z
rayon-tiled,cpu,Apple M1 Pro,f32,512,2,45.038878820982866,1.243084139673532e-7,5.960083,5.937833,0.01907437774083347,,0.034749999999999996,128,5,Pauls-MacBook-Pro,936381b-dirty,2026-09-29T07:46:28Z
rayon-tiled,cpu,Apple M1 Pro,f32,512,2,42.39235257061287,1.243084139673532e-7,6.332167,6.305625,0.013093375607535183,,0.03025,256,5,Pauls-MacBook-Pro,936381b-dirty,2026-09-29T07:46:28Z
rayon-tiled,cpu,Apple M1 Pro,f32,512,4,34.8675980437237,1.243084139673532e-7,7.698708,7.677042,0.019753196088228515,,0.047375,16,5,Pauls-MacBook-Pro,936381b-dirty,2026-09-29T07:46:28Z
rayon-tiled,cpu,Apple M1 Pro,f32,512,4,51.96656149538615,1.243084139673532e-7,5.165542,5.122459,0.02345633787060539,,0.05125,32,5,Pauls-MacBook-Pro,936381b-dirty,2026-09-29T07:46:28Z
rayon-tiled,cpu,Apple M1 Pro,f32,512,4,72.80509850443798,1.243084139673532e-7,3.6870420000000004,3.66375,0.039396405470550275,,0.053792,64,5,Pauls-MacBook-Pro,936381b-dirty,2026-09-29T07:46:28Z
rayon-tiled,cpu,Apple M1 Pro,f32,512,4,84.60655771806793,1.243084139673532e-7,3.1727499999999997,3.106667,0.039686573596117,,0.048374999999999994,128,5,Pauls-MacBook-Pro,936381b-dirty,2026-09-29T07:46:28Z
rayon-tiled,cpu,Apple M1 Pro,f32,512,4,80.05132150734264,1.243084139673532e-7,3.3532919999999997,3.311458,0.035606515674803135,,0.046792,256,5,Pauls-MacBook-Pro,936381b-dirty,2026-09-29T07:46:28Z
rayon-tiled,cpu,Apple M1 Pro,f32,512,8,66.50341689260968,1.243084139673532e-7,4.036416,4.005416,0.0699799347241764,,0.078084,16,5,Pauls-MacBook-Pro,936381b-dirty,2026-09-29T07:46:28Z
rayon-tiled,cpu,Apple M1 Pro,f32,512,8,95.43380953870745,1.243084139673532e-7,2.812792,2.711458,0.23173963936171985,,0.140625,32,5,Pauls-MacBook-Pro,936381b-dirty,2026-09-29T07:46:28Z
rayon-tiled,cpu,Apple M1 Pro,f32,512,8,132.91081594679517,1.243084139673532e-7,2.019666,1.9582499999999998,0.06993594541650246,,0.06837499999999999,64,5,Pauls-MacBook-Pro,936381b-dirty,2026-09-29T07:46:28Z
rayon-tiled,cpu,Apple M1 Pro,f32,512,8,156.61728933847854,1.243084139673532e-7,1.713958,1.6481670000000002,0.17832036156115197,,0.07975,128,5,Pauls-MacBook-Pro,936381b-dirty,2026-09-29T07:46:28Z
rayon-tiled,cpu,Apple M1 Pro,f32,512,8,145.71397800899788,1.243084139673532e-7,1.8422079999999998,1.734083,0.18509429457657534,,0.07437500000000001,256,5,Pauls-MacBook-Pro,936381b-dirty,2026-09-29T07:46:28Z
rayon-tiled,cpu,Apple M1 Pro,f32,512,10,67.35230892059349,1.243084139673532e-7,3.9855419999999997,3.883666,0.05265443096549416,,0.10804200000000001,16,5,Pauls-MacBook-Pro,936381b-dirty,2026-09-29T07:46:28Z
rayon-tiled,cpu,Apple M1 Pro,f32,512,10,98.39710008823046,1.243084139673532e-7,2.7280830000000003,2.7079169999999997,0.03812891655948278,,0.100458,32,5,Pauls-MacBook-Pro,936381b-dirty,2026-09-29T07:46:28Z
rayon-tiled,cpu,Apple M1 Pro,f32,512,10,134.5035480395841,1.243084139673532e-7,1.9957500000000001,1.941,0.046398574646210874,,0.104917,64,5,Pauls-MacBook-Pro,936381b-dirty,2026-09-29T07:46:28Z
rayon-tiled,cpu,Apple M1 Pro,f32,512,10,159.12783853621727,1.243084139673532e-7,1.686917,1.6755,0.08361257160678659,,0.117125,128,5,Pauls-MacBook-Pro,936381b-dirty,2026-09-29T07:46:28Z
rayon-tiled,cpu,Apple M1 Pro,f32,512,10,150.40161901309455,1.243084139673532e-7,1.784791,1.731042,0.03309439227875317,,0.116,256,5,Pauls-MacBook-Pro,936381b-dirty,2026-09-29T07:46:28Z
rayon-tiled,cpu,Apple M1 Pro,f32,1024,1,9.199427342746576,1.531109965128801e-7,233.43666599999997,233.10649999999998,2.30145785698407,,0.038625,16,5,Pauls-MacBook-Pro,936381b-dirty,2026-09-29T07:46:28Z
rayon-tiled,cpu,Apple M1 Pro,f32,1024,1,12.861330284920314,1.531109965128801e-7,166.972125,166.517541,1.3826621103319072,,0.054959,32,5,Pauls-MacBook-Pro,936381b-dirty,2026-09-29T07:46:28Z
rayon-tiled,cpu,Apple M1 Pro,f32,1024,1,18.10000082599003,1.531109965128801e-7,118.6455,118.450084,0.2587687755133907,,0.09579199999999999,64,5,Pauls-MacBook-Pro,936381b-dirty,2026-09-29T07:46:28Z
rayon-tiled,cpu,Apple M1 Pro,f32,1024,1,21.897764427715792,1.531109965128801e-7,98.06862500000001,97.453416,1.0924267235527536,,0.054041,128,5,Pauls-MacBook-Pro,936381b-dirty,2026-09-29T07:46:28Z
rayon-tiled,cpu,Apple M1 Pro,f32,1024,1,21.46996108123767,1.531109965128801e-7,100.02270800000001,99.954959,0.26662398304259977,,0.031124999999999996,256,5,Pauls-MacBook-Pro,936381b-dirty,2026-09-29T07:46:28Z
rayon-tiled,cpu,Apple M1 Pro,f32,1024,2,17.864217635560166,1.531109965128801e-7,120.211458,120.107625,0.2420425498636601,,0.062375,16,5,Pauls-MacBook-Pro,936381b-dirty,2026-09-29T07:46:28Z
rayon-tiled,cpu,Apple M1 Pro,f32,1024,2,24.870318950516662,1.531109965128801e-7,86.34725,86.078292,0.3904396891880963,,0.14416700000000002,32,5,Pauls-MacBook-Pro,936381b-dirty,2026-09-29T07:46:28Z
rayon-tiled,cpu,Apple M1 Pro,f32,1024,2,32.54147240320445,1.531109965128801e-7,65.992209,62.429041999999995,1.665449731880943,,0.14375,64,5,Pauls-MacBook-Pro,936381b-dirty,2026-09-29T07:46:28Z
rayon-tiled,cpu,Apple M1 Pro,f32,1024,2,42.20897550675578,1.531109965128801e-7,50.877417,50.775875,0.11946522325848649,,0.077042,128,5,Pauls-MacBook-Pro,936381b-dirty,2026-09-29T07:46:28Z
rayon-tiled,cpu,Apple M1 Pro,f32,1024,2,41.33237116871263,1.531109965128801e-7,51.956459,51.901,0.053058975142760784,,0.06387499999999999,256,5,Pauls-MacBook-Pro,936381b-dirty,2026-09-29T07:46:28Z
rayon-tiled,cpu,Apple M1 Pro,f32,1024,4,34.5852340942948,1.531109965128801e-7,62.0925,61.923209,0.0860777774515576,,0.07079099999999999,16,5,Pauls-MacBook-Pro,936381b-dirty,2026-09-29T07:46:28Z
rayon-tiled,cpu,Apple M1 Pro,f32,1024,4,47.971041755787006,1.531109965128801e-7,44.76625,44.61025,0.15701370284373328,,0.07675,32,5,Pauls-MacBook-Pro,936381b-dirty,2026-09-29T07:46:28Z
rayon-tiled,cpu,Apple M1 Pro,f32,1024,4,68.6353747913117,1.531109965128801e-7,31.288292000000002,31.011625000000002,0.3402994614596097,,0.119375,64,5,Pauls-MacBook-Pro,936381b-dirty,2026-09-29T07:46:28Z
rayon-tiled,cpu,Apple M1 Pro,f32,1024,4,81.61548616520514,1.531109965128801e-7,26.312208000000002,26.120833,0.1485671055038755,,0.079625,128,5,Pauls-MacBook-Pro,936381b-dirty,2026-09-29T07:46:28Z
rayon-tiled,cpu,Apple M1 Pro,f32,1024,4,80.57092024584992,1.531109965128801e-7,26.653334,26.648666000000002,0.18604106951073843,,0.087209,256,5,Pauls-MacBook-Pro,936381b-dirty,2026-09-29T07:46:28Z
rayon-tiled,cpu,Apple M1 Pro,f32,1024,8,67.43700403199418,1.531109965128801e-7,31.844292000000003,31.752625,1.5464353190456102,,0.15454199999999998,16,5,Pauls-MacBook-Pro,936381b-dirty,2026-09-29T07:46:28Z
rayon-tiled,cpu,Apple M1 Pro,f32,1024,8,93.44164530256026,1.531109965128801e-7,22.982083,22.735916,1.4804046462022802,,0.12245800000000001,32,5,Pauls-MacBook-Pro,936381b-dirty,2026-09-29T07:46:28Z
rayon-tiled,cpu,Apple M1 Pro,f32,1024,8,136.5222578429535,1.531109965128801e-7,15.729916,15.420584,0.2600079375130703,,0.145708,64,5,Pauls-MacBook-Pro,936381b-dirty,2026-09-29T07:46:28Z
rayon-tiled,cpu,Apple M1 Pro,f32,1024,8,163.47250116582092,1.531109965128801e-7,13.136666,13.112542,0.046166299399020415,,0.112958,128,5,Pauls-MacBook-Pro,936381b-dirty,2026-09-29T07:46:28Z
rayon-tiled,cpu,Apple M1 Pro,f32,1024,8,159.71666293681724,1.531109965128801e-7,13.445583000000001,13.389042,0.03745130386648805,,0.132541,256,5,Pauls-MacBook-Pro,936381b-dirty,2026-09-29T07:46:28Z
rayon-tiled,cpu,Apple M1 Pro,f32,1024,10,73.33915843639654,1.531109965128801e-7,29.281542,29.195333,0.21995754960741784,,0.143709,16,5,Pauls-MacBook-Pro,936381b-dirty,2026-09-29T07:46:28Z
rayon-tiled,cpu,Apple M1 Pro,f32,1024,10,94.52871335383298,1.531109965128801e-7,22.717792,22.636917,0.12830143580919184,,0.15116700000000002,32,5,Pauls-MacBook-Pro,936381b-dirty,2026-09-29T07:46:28Z
rayon-tiled,cpu,Apple M1 Pro,f32,1024,10,137.15987591838737,1.531109965128801e-7,15.656792,15.4885,0.5901128511647581,,0.142583,64,5,Pauls-MacBook-Pro,936381b-dirty,2026-09-29T07:46:28Z
rayon-tiled,cpu,Apple M1 Pro,f32,1024,10,161.08695085996706,1.531109965128801e-7,13.331208,13.272416999999999,0.037711996084800165,,0.132,128,5,Pauls-MacBook-Pro,936381b-dirty,2026-09-29T07:46:28Z
rayon-tiled,cpu,Apple M1 Pro,f32,1024,10,157.73456101090738,1.531109965128801e-7,13.614541000000001,13.597458,0.0482582237551278,,0.146708,256,5,Pauls-MacBook-Pro,936381b-dirty,2026-09-29T07:46:28Z
rayon-tiled,cpu,Apple M1 Pro,f32,2048,1,8.250932980630509,3.668671531436935e-7,2082.172916,2077.469375,4.211392779865759,,0.046334,16,5,Pauls-MacBook-Pro,936381b-dirty,2026-09-29T07:46:28Z
rayon-tiled,cpu,Apple M1 Pro,f32,2048,1,11.41529438594956,3.668671531436935e-7,1504.986959,1501.7604580000002,1.8361905481404965,,0.054167,32,5,Pauls-MacBook-Pro,936381b-dirty,2026-09-29T07:46:28Z
rayon-tiled,cpu,Apple M1 Pro,f32,2048,1,14.804840311010253,3.668671531436935e-7,1160.422458,1156.841,2.141868907260761,,0.057666,64,5,Pauls-MacBook-Pro,936381b-dirty,2026-09-29T07:46:28Z
rayon-tiled,cpu,Apple M1 Pro,f32,2048,1,18.325120495784684,3.668671531436935e-7,937.50375,933.513084,2.588511394121583,,0.047125,128,5,Pauls-MacBook-Pro,936381b-dirty,2026-09-29T07:46:28Z
rayon-tiled,cpu,Apple M1 Pro,f32,2048,1,19.416604599551984,3.668671531436935e-7,884.802958,882.742417,2.8538618482208653,,0.043875000000000004,256,5,Pauls-MacBook-Pro,936381b-dirty,2026-09-29T07:46:28Z
rayon-tiled,cpu,Apple M1 Pro,f32,2048,2,15.964850283899805,3.668671531436935e-7,1076.1058750000002,1073.120458,2.043228601621621,,0.077542,16,5,Pauls-MacBook-Pro,936381b-dirty,2026-09-29T07:46:28Z
rayon-tiled,cpu,Apple M1 Pro,f32,2048,2,19.57275140914402,3.668671531436935e-7,877.744208,856.05625,18.149749271111393,,0.122,32,5,Pauls-MacBook-Pro,936381b-dirty,2026-09-29T07:46:28Z
rayon-tiled,cpu,Apple M1 Pro,f32,2048,2,23.420314426931522,3.668671531436935e-7,733.545625,652.2847499999999,41.61957188533921,,0.06483299999999999,64,5,Pauls-MacBook-Pro,936381b-dirty,2026-09-29T07:46:28Z
rayon-tiled,cpu,Apple M1 Pro,f32,2048,2,28.583467395890708,3.668671531436935e-7,601.0421670000001,535.985917,38.30877683329694,,0.07525,128,5,Pauls-MacBook-Pro,936381b-dirty,2026-09-29T07:46:28Z
rayon-tiled,cpu,Apple M1 Pro,f32,2048,2,30.05507516199113,3.668671531436935e-7,571.612917,527.504875,25.91657903741217,,0.06404199999999999,256,5,Pauls-MacBook-Pro,936381b-dirty,2026-09-29T07:46:28Z
rayon-tiled,cpu,Apple M1 Pro,f32,2048,4,31.05467473618351,3.668671531436935e-7,553.2136250000001,552.754375,0.44391846994205947,,0.08795900000000001,16,5,Pauls-MacBook-Pro,936381b-dirty,2026-09-29T07:46:28Z
rayon-tiled,cpu,Apple M1 Pro,f32,2048,4,41.93198371523133,3.668671531436935e-7,409.708,408.835542,2.3240627754042547,,0.091083,32,5,Pauls-MacBook-Pro,936381b-dirty,2026-09-29T07:46:28Z
rayon-tiled,cpu,Apple M1 Pro,f32,2048,4,55.443636568713075,3.668671531436935e-7,309.861875,307.549042,3.2408587171977046,,0.097959,64,5,Pauls-MacBook-Pro,936381b-dirty,2026-09-29T07:46:28Z
rayon-tiled,cpu,Apple M1 Pro,f32,2048,4,66.40988491527715,3.668671531436935e-7,258.694458,256.188458,3.1520157241271365,,0.091375,128,5,Pauls-MacBook-Pro,936381b-dirty,2026-09-29T07:46:28Z
rayon-tiled,cpu,Apple M1 Pro,f32,2048,4,69.78696126477718,3.668671531436935e-7,246.175917,242.49537500000002,2.311586183247164,,0.08349999999999999,256,5,Pauls-MacBook-Pro,936381b-dirty,2026-09-29T07:46:28Z
rayon-tiled,cpu,Apple M1 Pro,f32,2048,8,60.38567041066649,3.668671531436935e-7,284.502417,282.129708,3.598668166007757,,0.13937500000000003,16,5,Pauls-MacBook-Pro,936381b-dirty,2026-09-29T07:46:28Z
rayon-tiled,cpu,Apple M1 Pro,f32,2048,8,80.56960000678328,3.668671531436935e-7,213.230166,212.536166,1.249738732390779,,0.16712500000000002,32,5,Pauls-MacBook-Pro,936381b-dirty,2026-09-29T07:46:28Z
rayon-tiled,cpu,Apple M1 Pro,f32,2048,8,111.09430863791081,3.668671531436935e-7,154.642208,153.587,2.5577176917748714,,0.179125,64,5,Pauls-MacBook-Pro,936381b-dirty,2026-09-29T07:46:28Z
rayon-tiled,cpu,Apple M1 Pro,f32,2048,8,135.3807597810487,3.668671531436935e-7,126.90037500000001,126.674708,0.34846771284768907,,0.192416,128,5,Pauls-MacBook-Pro,936381b-dirty,2026-09-29T07:46:28Z
rayon-tiled,cpu,Apple M1 Pro,f32,2048,8,145.90457998813253,3.668671531436935e-7,117.747292,117.611833,0.9478774209217171,,0.15445899999999999,256,5,Pauls-MacBook-Pro,936381b-dirty,2026-09-29T07:46:28Z
rayon-tiled,cpu,Apple M1 Pro,f32,2048,10,67.35233664578803,3.668671531436935e-7,255.07458300000002,253.94575000000003,16.549699940739306,,0.199583,16,5,Pauls-MacBook-Pro,936381b-dirty,2026-09-29T07:46:28Z
rayon-tiled,cpu,Apple M1 Pro,f32,2048,10,88.8266274268519,3.668671531436935e-7,193.409,191.513708,10.908854193132711,,0.182542,32,5,Pauls-MacBook-Pro,936381b-dirty,2026-09-29T07:46:28Z
rayon-tiled,cpu,Apple M1 Pro,f32,2048,10,118.04667777083463,3.668671531436935e-7,145.534542,141.05362499999998,9.086229703699004,,0.150375,64,5,Pauls-MacBook-Pro,936381b-dirty,2026-09-29T07:46:28Z
rayon-tiled,cpu,Apple M1 Pro,f32,2048,10,136.4588600886662,3.668671531436935e-7,125.89779200000001,121.21675,9.482145718614923,,0.188917,128,5,Pauls-MacBook-Pro,936381b-dirty,2026-09-29T07:46:28Z
rayon-tiled,cpu,Apple M1 Pro,f32,2048,10,143.80510901087834,3.668671531436935e-7,119.46633399999999,115.75975,2.074069412458202,,0.167875,256,5,Pauls-MacBook-Pro,936381b-dirty,2026-09-29T07:46:28Z
rayon-tiled,cpu,Apple M1 Pro,f32,4096,1,7.625920812140596,3.0532236166205797e-7,18022.604333,18011.182667,5.99608425613903,,0.032167,16,5,Pauls-MacBook-Pro,936381b-dirty,2026-09-29T07:46:28Z
rayon-tiled,cpu,Apple M1 Pro,f32,4096,1,11.48125300424875,3.0532236166205797e-7,11970.727709,11959.021625,6.1928439201208985,,0.05,32,5,Pauls-MacBook-Pro,936381b-dirty,2026-09-29T07:46:28Z
rayon-tiled,cpu,Apple M1 Pro,f32,4096,1,15.881046482385404,3.0532236166205797e-7,8654.275625,8626.448124999999,13.281989983699463,,0.058,64,5,Pauls-MacBook-Pro,936381b-dirty,2026-09-29T07:46:28Z
rayon-tiled,cpu,Apple M1 Pro,f32,4096,1,20.694245628841248,3.0532236166205797e-7,6641.409208,6634.468708,6.34419384940409,,0.053,128,5,Pauls-MacBook-Pro,936381b-dirty,2026-09-29T07:46:28Z
rayon-tiled,cpu,Apple M1 Pro,f32,4096,1,19.507305401127248,3.0532236166205797e-7,7045.511958,6964.6479580000005,208.3029048979257,,0.053625,256,5,Pauls-MacBook-Pro,936381b-dirty,2026-09-29T07:46:28Z
rayon-tiled,cpu,Apple M1 Pro,f32,4096,2,14.788080676792182,3.0532236166205797e-7,9293.900708000001,9270.456834,30.96819408476162,,0.06579199999999999,16,5,Pauls-MacBook-Pro,936381b-dirty,2026-09-29T07:46:28Z
rayon-tiled,cpu,Apple M1 Pro,f32,4096,2,22.08160890295349,3.0532236166205797e-7,6224.13675,6203.601083,55.36304575334168,,0.06724999999999999,32,5,Pauls-MacBook-Pro,936381b-dirty,2026-09-29T07:46:28Z
rayon-tiled,cpu,Apple M1 Pro,f32,4096,2,30.468340065421305,3.0532236166205797e-7,4510.877625,4504.405207999999,5.3140984129837,,0.059208,64,5,Pauls-MacBook-Pro,936381b-dirty,2026-09-29T07:46:28Z
rayon-tiled,cpu,Apple M1 Pro,f32,4096,2,38.900688698576104,3.0532236166205797e-7,3533.0724999999998,3510.270291,11.154577923120115,,0.061083,128,5,Pauls-MacBook-Pro,936381b-dirty,2026-09-29T07:46:28Z
rayon-tiled,cpu,Apple M1 Pro,f32,4096,2,35.48244964549874,3.0532236166205797e-7,3873.43475,3848.7482499999996,23.998867240964422,,0.064125,256,5,Pauls-MacBook-Pro,936381b-dirty,2026-09-29T07:46:28Z
rayon-tiled,cpu,Apple M1 Pro,f32,4096,4,28.87430472609649,3.0532236166205797e-7,4759.9052090000005,4757.899167,2.2658225157285123,,0.08129199999999999,16,5,Pauls-MacBook-Pro,936381b-dirty,2026-09-29T07:46:28Z
rayon-tiled,cpu,Apple M1 Pro,f32,4096,4,43.294213724597064,3.0532236166205797e-7,3174.534,3169.65725,2.9907670223578697,,0.113416,32,5,Pauls-MacBook-Pro,936381b-dirty,2026-09-29T07:46:28Z
rayon-tiled,cpu,Apple M1 Pro,f32,4096,4,59.50957632826501,3.0532236166205797e-7,2309.526667,2308.167625,1.2374255738001225,,0.07454200000000001,64,5,Pauls-MacBook-Pro,936381b-dirty,2026-09-29T07:46:28Z
rayon-tiled,cpu,Apple M1 Pro,f32,4096,4,76.653655503047,3.0532236166205797e-7,1792.9862910000002,1790.483125,6.945330423929084,,0.093167,128,5,Pauls-MacBook-Pro,936381b-dirty,2026-09-29T07:46:28Z
rayon-tiled,cpu,Apple M1 Pro,f32,4096,4,73.40296679543928,3.0532236166205797e-7,1872.3896249999998,1861.6333750000001,8.762304917335017,,0.078875,256,5,Pauls-MacBook-Pro,936381b-dirty,2026-09-29T07:46:28Z
rayon-tiled,cpu,Apple M1 Pro,f32,4096,8,54.81341863045274,3.0532236166205797e-7,2507.396125,2493.037417,12.841942100095237,,0.12579200000000001,16,5,Pauls-MacBook-Pro,936381b-dirty,2026-09-29T07:46:28Z
rayon-tiled,cpu,Apple M1 Pro,f32,4096,8,82.36461690752787,3.0532236166205797e-7,1668.6649999999997,1621.050333,24.458239327396228,,0.14925,32,5,Pauls-MacBook-Pro,936381b-dirty,2026-09-29T07:46:28Z
rayon-tiled,cpu,Apple M1 Pro,f32,4096,8,115.08620569827175,3.0532236166205797e-7,1194.226125,1187.569667,6.366491085126209,,0.133167,64,5,Pauls-MacBook-Pro,936381b-dirty,2026-09-29T07:46:28Z
rayon-tiled,cpu,Apple M1 Pro,f32,4096,8,152.07170470930575,3.0532236166205797e-7,903.777292,902.903791,0.6421188555760511,,0.11950000000000001,128,5,Pauls-MacBook-Pro,936381b-dirty,2026-09-29T07:46:28Z
rayon-tiled,cpu,Apple M1 Pro,f32,4096,8,146.3334414385542,3.0532236166205797e-7,939.217667,938.077167,1.6814011418329136,,0.121792,256,5,Pauls-MacBook-Pro,936381b-dirty,2026-09-29T07:46:28Z
rayon-tiled,cpu,Apple M1 Pro,f32,4096,10,61.31059349287079,3.0532236166205797e-7,2241.6836249999997,2187.764875,177.84216602644847,,0.126333,16,5,Pauls-MacBook-Pro,936381b-dirty,2026-09-29T07:46:28Z
rayon-tiled,cpu,Apple M1 Pro,f32,4096,10,92.30351778463445,3.0532236166205797e-7,1488.989334,1482.059416,20.724005596916637,,0.169792,32,5,Pauls-MacBook-Pro,936381b-dirty,2026-09-29T07:46:28Z
rayon-tiled,cpu,Apple M1 Pro,f32,4096,10,123.84303654682601,3.0532236166205797e-7,1109.783459,1101.200667,36.56072789517522,,0.186875,64,5,Pauls-MacBook-Pro,936381b-dirty,2026-09-29T07:46:28Z
rayon-tiled,cpu,Apple M1 Pro,f32,4096,10,157.74205860961146,3.0532236166205797e-7,871.2892089999999,863.871375,6.196194020588299,,0.171042,128,5,Pauls-MacBook-Pro,936381b-dirty,2026-09-29T07:46:28Z
rayon-tiled,cpu,Apple M1 Pro,f32,4096,10,122.19978033355284,3.0532236166205797e-7,1124.707042,1067.147625,46.03313080492294,,0.158792,256,5,Pauls-MacBook-Pro,936381b-dirty,2026-09-29T07:46:28Z
rayon-tiled,cpu,Apple M1 Pro,f64,64,1,6.754112721417069,0.0,0.077625,0.076666,0.03032547544886972,,0.032541,16,5,Pauls-MacBook-Pro,936381b-dirty,2026-09-29T07:46:28Z
rayon-tiled,cpu,Apple M1 Pro,f64,64,1,9.272704762915406,0.0,0.056541,0.05625,0.00032088237720386036,,0.022291000000000002,32,5,Pauls-MacBook-Pro,936381b-dirty,2026-09-29T07:46:28Z
rayon-tiled,cpu,Apple M1 Pro,f64,64,1,13.329468893804187,0.0,0.039333,0.039167,0.0004137382022487169,,0.039541,64,5,Pauls-MacBook-Pro,936381b-dirty,2026-09-29T07:46:28Z
rayon-tiled,cpu,Apple M1 Pro,f64,64,1,12.134049250138865,0.0,0.043207999999999996,0.040083,0.0017479984839810351,,0.01425,128,5,Pauls-MacBook-Pro,936381b-dirty,2026-09-29T07:46:28Z
rayon-tiled,cpu,Apple M1 Pro,f64,64,1,12.971967241507286,0.0,0.040417,0.037083,0.0026552006515515917,,0.015875,256,5,Pauls-MacBook-Pro,936381b-dirty,2026-09-29T07:46:28Z
rayon-tiled,cpu,Apple M1 Pro,f64,64,2,12.145855534448408,0.0,0.043166,0.042957999999999996,0.0014325095113122274,,0.023417,16,5,Pauls-MacBook-Pro,936381b-dirty,2026-09-29T07:46:28Z
rayon-tiled,cpu,Apple M1 Pro,f64,64,2,15.105681687219086,0.0,0.034708,0.033958,0.0015131350898052688,,0.022125,32,5,Pauls-MacBook-Pro,936381b-dirty,2026-09-29T07:46:28Z
rayon-tiled,cpu,Apple M1 Pro,f64,64,2,22.075284210526313,0.0,0.02375,0.023083,0.001188469520013029,,0.034167,64,5,Pauls-MacBook-Pro,936381b-dirty,2026-09-29T07:46:28Z
rayon-tiled,cpu,Apple M1 Pro,f64,64,2,22.23160751388712,0.0,0.023583,0.02275,0.00042427231821084,,0.027708,128,5,Pauls-MacBook-Pro,936381b-dirty,2026-09-29T07:46:28Z
rayon-tiled,cpu,Apple M1 Pro,f64,64,2,21.95970680628272,0.0,0.023875,0.022708,0.0006056126649930637,,0.034791,256,5,Pauls-MacBook-Pro,936381b-dirty,2026-09-29T07:46:28Z
rayon-tiled,cpu,Apple M1 Pro,f64,64,4,16.710374501992032,0.0,0.031375,0.028708,0.003093532689337549,,0.043958000000000004,16,5,Pauls-MacBook-Pro,936381b-dirty,2026-09-29T07:46:28Z
rayon-tiled,cpu,Apple M1 Pro,f64,64,4,19.123431572804204,0.0,0.027416,0.025042,0.004514270450471481,,0.039833,32,5,Pauls-MacBook-Pro,936381b-dirty,2026-09-29T07:46:28Z
rayon-tiled,cpu,Apple M1 Pro,f64,64,4,24.818366863905325,0.0,0.021124999999999998,0.017374999999999998,0.0028290332801153115,,0.049916,64,5,Pauls-MacBook-Pro,936381b-dirty,2026-09-29T07:46:28Z
rayon-tiled,cpu,Apple M1 Pro,f64,64,4,25.627529572783263,0.0,0.020458,0.017750000000000002,0.0018676284962486503,,0.052125,128,5,Pauls-MacBook-Pro,936381b-dirty,2026-09-29T07:46:28Z
rayon-tiled,cpu,Apple M1 Pro,f64,64,4,26.546227848101267,0.0,0.01975,0.01925,0.014546100948364138,,0.049792,256,5,Pauls-MacBook-Pro,936381b-dirty,2026-09-29T07:46:28Z
rayon-tiled,cpu,Apple M1 Pro,f64,64,8,22.192084656084656,0.0,0.023625,0.021834000000000003,0.0020259830453387318,,0.089875,16,5,Pauls-MacBook-Pro,936381b-dirty,2026-09-29T07:46:28Z
rayon-tiled,cpu,Apple M1 Pro,f64,64,8,17.0500162601626,0.0,0.030750000000000003,0.020832999999999997,0.005500120207777283,,0.102542,32,5,Pauls-MacBook-Pro,936381b-dirty,2026-09-29T07:46:28Z
rayon-tiled,cpu,Apple M1 Pro,f64,64,8,21.39951020408163,0.0,0.0245,0.019041,0.020615103557828664,,0.11124999999999999,64,5,Pauls-MacBook-Pro,936381b-dirty,2026-09-29T07:46:28Z
rayon-tiled,cpu,Apple M1 Pro,f64,64,8,13.148288401253918,0.0,0.039875,0.022959,0.011250922806596798,,0.09658299999999999,128,5,Pauls-MacBook-Pro,936381b-dirty,2026-09-29T07:46:28Z
rayon-tiled,cpu,Apple M1 Pro,f64,64,8,20.763881188118813,0.0,0.02525,0.018208,0.0425410930595348,,0.109458,256,5,Pauls-MacBook-Pro,936381b-dirty,2026-09-29T07:46:28Z
rayon-tiled,cpu,Apple M1 Pro,f64,64,10,12.63344578313253,0.0,0.0415,0.036000000000000004,0.003641617662523072,,0.11791700000000001,16,5,Pauls-MacBook-Pro,936381b-dirty,2026-09-29T07:46:28Z
rayon-tiled,cpu,Apple M1 Pro,f64,64,10,13.8884238410596,0.0,0.037750000000000006,0.035042000000000004,0.017126583585175412,,0.12425000000000001,32,5,Pauls-MacBook-Pro,936381b-dirty,2026-09-29T07:46:28Z
rayon-tiled,cpu,Apple M1 Pro,f64,64,10,12.945382716049382,0.0,0.0405,0.038416,0.004613982390516896,,0.129,64,5,Pauls-MacBook-Pro,936381b-dirty,2026-09-29T07:46:28Z
rayon-tiled,cpu,Apple M1 Pro,f64,64,10,13.721583920018844,0.0,0.038209,0.024708,0.007407248058489737,,0.141375,128,5,Pauls-MacBook-Pro,936381b-dirty,2026-09-29T07:46:28Z
rayon-tiled,cpu,Apple M1 Pro,f64,64,10,10.255022004889975,0.0,0.051125000000000004,0.046416,0.016183420877552437,,0.129917,256,5,Pauls-MacBook-Pro,936381b-dirty,2026-09-29T07:46:28Z
rayon-tiled,cpu,Apple M1 Pro,f64,128,1,7.189721877008785,0.0,0.583375,0.5634589999999999,0.02910948521186868,,0.020333,16,5,Pauls-MacBook-Pro,936381b-dirty,2026-09-29T07:46:28Z
rayon-tiled,cpu,Apple M1 Pro,f64,128,1,9.933224393132031,0.0,0.42225,0.415666,0.004982562663931088,,0.021334,32,5,Pauls-MacBook-Pro,936381b-dirty,2026-09-29T07:46:28Z
rayon-tiled,cpu,Apple M1 Pro,f64,128,1,14.66965587915374,0.0,0.28591700000000003,0.279791,0.008991980232407082,,0.014834,64,5,Pauls-MacBook-Pro,936381b-dirty,2026-09-29T07:46:28Z
rayon-tiled,cpu,Apple M1 Pro,f64,128,1,14.294686401946716,0.0,0.29341700000000004,0.292208,0.013823551515439124,,0.011708999999999999,128,5,Pauls-MacBook-Pro,936381b-dirty,2026-09-29T07:46:28Z
rayon-tiled,cpu,Apple M1 Pro,f64,128,1,14.321140418267179,0.0,0.292875,0.292,0.002516610120777556,,0.011958,256,5,Pauls-MacBook-Pro,936381b-dirty,2026-09-29T07:46:28Z
rayon-tiled,cpu,Apple M1 Pro,f64,128,2,13.153442571540573,0.0,0.31887499999999996,0.314791,0.007011649648977058,,0.027875,16,5,Pauls-MacBook-Pro,936381b-dirty,2026-09-29T07:46:28Z
rayon-tiled,cpu,Apple M1 Pro,f64,128,2,19.47813164665125,0.0,0.215334,0.213542,0.004037807449594386,,0.031625,32,5,Pauls-MacBook-Pro,936381b-dirty,2026-09-29T07:46:28Z
rayon-tiled,cpu,Apple M1 Pro,f64,128,2,24.285381769334546,0.0,0.172709,0.16975,0.014407562448242234,,0.025582999999999998,64,5,Pauls-MacBook-Pro,936381b-dirty,2026-09-29T07:46:28Z
rayon-tiled,cpu,Apple M1 Pro,f64,128,2,21.76033203631647,0.0,0.19275,0.17775000000000002,0.010008937471080531,,0.029207999999999998,128,5,Pauls-MacBook-Pro,936381b-dirty,2026-09-29T07:46:28Z
rayon-tiled,cpu,Apple M1 Pro,f64,128,2,23.003537483615148,0.0,0.182333,0.176875,0.006414696134658291,,0.02375,256,5,Pauls-MacBook-Pro,936381b-dirty,2026-09-29T07:46:28Z
rayon-tiled,cpu,Apple M1 Pro,f64,128,4,21.404096796252258,0.0,0.19595800000000002,0.181583,0.009424052270653006,,0.040041,16,5,Pauls-MacBook-Pro,936381b-dirty,2026-09-29T07:46:28Z
rayon-tiled,cpu,Apple M1 Pro,f64,128,4,27.280026016260162,0.0,0.15375,0.14370799999999997,0.010109574259087276,,0.05475,32,5,Pauls-MacBook-Pro,936381b-dirty,2026-09-29T07:46:28Z
rayon-tiled,cpu,Apple M1 Pro,f64,128,4,38.246165630186205,0.0,0.109666,0.102208,0.005324444309033575,,0.039042,64,5,Pauls-MacBook-Pro,936381b-dirty,2026-09-29T07:46:28Z
rayon-tiled,cpu,Apple M1 Pro,f64,128,4,36.85939257592801,0.0,0.113792,0.110959,0.00512268701952403,,0.039875,128,5,Pauls-MacBook-Pro,936381b-dirty,2026-09-29T07:46:28Z
rayon-tiled,cpu,Apple M1 Pro,f64,128,4,34.90424912204784,0.0,0.120166,0.10875,0.016252647224375485,,0.048541999999999995,256,5,Pauls-MacBook-Pro,936381b-dirty,2026-09-29T07:46:28Z
rayon-tiled,cpu,Apple M1 Pro,f64,128,8,21.17896799147651,0.0,0.19804100000000002,0.133708,0.03548822140795449,,0.07625,16,5,Pauls-MacBook-Pro,936381b-dirty,2026-09-29T07:46:28Z
rayon-tiled,cpu,Apple M1 Pro,f64,128,8,24.221150681134397,0.0,0.17316700000000002,0.126834,0.03165165394256673,,0.076791,32,5,Pauls-MacBook-Pro,936381b-dirty,2026-09-29T07:46:28Z
rayon-tiled,cpu,Apple M1 Pro,f64,128,8,41.3231921182266,0.0,0.1015,0.091834,0.007640408025753599,,0.084042,64,5,Pauls-MacBook-Pro,936381b-dirty,2026-09-29T07:46:28Z
rayon-tiled,cpu,Apple M1 Pro,f64,128,8,43.5017061306616,0.0,0.09641699999999999,0.075291,0.03127594643172289,,0.092375,128,5,Pauls-MacBook-Pro,936381b-dirty,2026-09-29T07:46:28Z
rayon-tiled,cpu,Apple M1 Pro,f64,128,8,44.798974632843795,0.0,0.093625,0.07037500000000001,0.04351384312147113,,0.08633300000000001,256,5,Pauls-MacBook-Pro,936381b-dirty,2026-09-29T07:46:28Z
rayon-tiled,cpu,Apple M1 Pro,f64,128,10,30.329332137795387,0.0,0.138292,0.121709,0.010628369479840263,,0.109542,16,5,Pauls-MacBook-Pro,936381b-dirty,2026-09-29T07:46:28Z
rayon-tiled,cpu,Apple M1 Pro,f64,128,10,41.171082208588956,0.0,0.101875,0.087958,0.013662072145176223,,0.111125,32,5,Pauls-MacBook-Pro,936381b-dirty,2026-09-29T07:46:28Z
rayon-tiled,cpu,Apple M1 Pro,f64,128,10,41.59612829006089,0.0,0.10083400000000001,0.07387500000000001,0.025412761587438697,,0.10500000000000001,64,5,Pauls-MacBook-Pro,936381b-dirty,2026-09-29T07:46:28Z
rayon-tiled,cpu,Apple M1 Pro,f64,128,10,47.39326553672317,0.0,0.0885,0.07483300000000001,0.021014509373287787,,0.12275,128,5,Pauls-MacBook-Pro,936381b-dirty,2026-09-29T07:46:28Z
rayon-tiled,cpu,Apple M1 Pro,f64,128,10,28.540834796336366,0.0,0.146958,0.077583,0.049576988321195954,,0.104916,256,5,Pauls-MacBook-Pro,936381b-dirty,2026-09-29T07:46:28Z
rayon-tiled,cpu,Apple M1 Pro,f64,256,1,7.357419651911745,0.0,4.560625,4.557334,0.026756944663021736,,0.015042,16,5,Pauls-MacBook-Pro,936381b-dirty,2026-09-29T07:46:28Z
rayon-tiled,cpu,Apple M1 Pro,f64,256,1,10.071237313943085,0.0,3.331709,3.255958,0.05813530219496574,,0.011625,32,5,Pauls-MacBook-Pro,936381b-dirty,2026-09-29T07:46:28Z
rayon-tiled,cpu,Apple M1 Pro,f64,256,1,12.276947450262977,0.0,2.733125,2.7164580000000003,0.00909567846287442,,0.024375,64,5,Pauls-MacBook-Pro,936381b-dirty,2026-09-29T07:46:28Z
rayon-tiled,cpu,Apple M1 Pro,f64,256,1,10.77419530923636,0.0,3.114333,3.111584,0.005187046780201613,,0.017834,128,5,Pauls-MacBook-Pro,936381b-dirty,2026-09-29T07:46:28Z
rayon-tiled,cpu,Apple M1 Pro,f64,256,1,12.94184268269212,0.0,2.5927089999999997,2.59,0.002160595681750739,,0.012667,256,5,Pauls-MacBook-Pro,936381b-dirty,2026-09-29T07:46:28Z
rayon-tiled,cpu,Apple M1 Pro,f64,256,2,14.337203225978742,0.0,2.340375,2.33225,0.02349775264147608,,0.033374999999999995,16,5,Pauls-MacBook-Pro,936381b-dirty,2026-09-29T07:46:28Z
rayon-tiled,cpu,Apple M1 Pro,f64,256,2,19.712298379516486,0.0,1.702208,1.6696250000000001,0.043827408505408984,,0.031458,32,5,Pauls-MacBook-Pro,936381b-dirty,2026-09-29T07:46:28Z
rayon-tiled,cpu,Apple M1 Pro,f64,256,2,23.940364616034433,0.0,1.401584,1.399167,0.007692146793971145,,0.033041,64,5,Pauls-MacBook-Pro,936381b-dirty,2026-09-29T07:46:28Z
rayon-tiled,cpu,Apple M1 Pro,f64,256,2,21.05211010901106,0.0,1.593875,1.589458,0.009589855900898586,,0.025459000000000002,128,5,Pauls-MacBook-Pro,936381b-dirty,2026-09-29T07:46:28Z
rayon-tiled,cpu,Apple M1 Pro,f64,256,2,25.015735838900557,0.0,1.3413329999999999,1.3378750000000001,0.0017454345304249348,,0.028249999999999997,256,5,Pauls-MacBook-Pro,936381b-dirty,2026-09-29T07:46:28Z
rayon-tiled,cpu,Apple M1 Pro,f64,256,4,26.81940813268059,0.0,1.251125,1.214625,0.025092725678969228,,0.04075,16,5,Pauls-MacBook-Pro,936381b-dirty,2026-09-29T07:46:28Z
rayon-tiled,cpu,Apple M1 Pro,f64,256,4,35.53241494261029,0.0,0.944333,0.881625,0.040910548933007475,,0.064583,32,5,Pauls-MacBook-Pro,936381b-dirty,2026-09-29T07:46:28Z
rayon-tiled,cpu,Apple M1 Pro,f64,256,4,44.20629161495675,0.0,0.759042,0.747875,0.010507233760605125,,0.053458000000000006,64,5,Pauls-MacBook-Pro,936381b-dirty,2026-09-29T07:46:28Z
rayon-tiled,cpu,Apple M1 Pro,f64,256,4,39.04515723636364,0.0,0.859375,0.840375,0.03878570298060871,,0.046083,128,5,Pauls-MacBook-Pro,936381b-dirty,2026-09-29T07:46:28Z
rayon-tiled,cpu,Apple M1 Pro,f64,256,4,47.44070624296614,0.0,0.707292,0.703834,0.024004392254335497,,0.047958,256,5,Pauls-MacBook-Pro,936381b-dirty,2026-09-29T07:46:28Z
rayon-tiled,cpu,Apple M1 Pro,f64,256,8,43.45021948850761,0.0,0.77225,0.722458,0.04028461489576385,,0.0735,16,5,Pauls-MacBook-Pro,936381b-dirty,2026-09-29T07:46:28Z
rayon-tiled,cpu,Apple M1 Pro,f64,256,8,52.408327996876224,0.0,0.64025,0.557125,0.0422899996890518,,0.078792,32,5,Pauls-MacBook-Pro,936381b-dirty,2026-09-29T07:46:28Z
rayon-tiled,cpu,Apple M1 Pro,f64,256,8,62.72337132378369,0.0,0.534959,0.5083340000000001,0.027258914730781177,,0.08633400000000001,64,5,Pauls-MacBook-Pro,936381b-dirty,2026-09-29T07:46:28Z
rayon-tiled,cpu,Apple M1 Pro,f64,256,8,57.881509515981286,0.0,0.579709,0.501,0.044513927846237054,,0.126709,128,5,Pauls-MacBook-Pro,936381b-dirty,2026-09-29T07:46:28Z
rayon-tiled,cpu,Apple M1 Pro,f64,256,8,73.98992723263505,0.0,0.4535,0.38837499999999997,0.06342408398471357,,0.099083,256,5,Pauls-MacBook-Pro,936381b-dirty,2026-09-29T07:46:28Z
rayon-tiled,cpu,Apple M1 Pro,f64,256,10,39.14002696864079,0.0,0.8572919999999999,0.762792,0.06354214182572065,,0.107042,16,5,Pauls-MacBook-Pro,936381b-dirty,2026-09-29T07:46:28Z
rayon-tiled,cpu,Apple M1 Pro,f64,256,10,59.11810607435388,0.0,0.567583,0.563333,0.04470841893536384,,0.099584,32,5,Pauls-MacBook-Pro,936381b-dirty,2026-09-29T07:46:28Z
rayon-tiled,cpu,Apple M1 Pro,f64,256,10,60.28193487536491,0.0,0.556625,0.48424999999999996,0.05100180851989465,,0.12237500000000001,64,5,Pauls-MacBook-Pro,936381b-dirty,2026-09-29T07:46:28Z
rayon-tiled,cpu,Apple M1 Pro,f64,256,10,62.27715333561004,0.0,0.5387919999999999,0.512667,0.027180231229700796,,0.098292,128,5,Pauls-MacBook-Pro,936381b-dirty,2026-09-29T07:46:28Z
rayon-tiled,cpu,Apple M1 Pro,f64,256,10,69.23793035852464,0.0,0.484625,0.4485,0.05113880123546115,,0.104958,256,5,Pauls-MacBook-Pro,936381b-dirty,2026-09-29T07:46:28Z
rayon-tiled,cpu,Apple M1 Pro,f64,512,1,7.234766319614445,0.0,37.103542000000004,36.722792,0.20053667656067325,,0.020667,16,5,Pauls-MacBook-Pro,936381b-dirty,2026-09-29T07:46:28Z
rayon-tiled,cpu,Apple M1 Pro,f64,512,1,9.022067367590502,0.0,29.753209,29.582834,0.6309081596014593,,0.042542,32,5,Pauls-MacBook-Pro,936381b-dirty,2026-09-29T07:46:28Z
rayon-tiled,cpu,Apple M1 Pro,f64,512,1,10.528153501852792,0.0,25.496917,25.398291,0.3475031302243192,,0.026083000000000002,64,5,Pauls-MacBook-Pro,936381b-dirty,2026-09-29T07:46:28Z
rayon-tiled,cpu,Apple M1 Pro,f64,512,1,10.464895206397276,0.0,25.651041,25.5275,0.21045699221860079,,0.026709,128,5,Pauls-MacBook-Pro,936381b-dirty,2026-09-29T07:46:28Z
rayon-tiled,cpu,Apple M1 Pro,f64,512,1,10.394302320403481,0.0,25.82525,25.551707999999998,0.14880900723679386,,0.027416,256,5,Pauls-MacBook-Pro,936381b-dirty,2026-09-29T07:46:28Z
rayon-tiled,cpu,Apple M1 Pro,f64,512,2,14.22052172991729,0.0,18.876625,18.767209,0.07386245336299087,,0.042792,16,5,Pauls-MacBook-Pro,936381b-dirty,2026-09-29T07:46:28Z
rayon-tiled,cpu,Apple M1 Pro,f64,512,2,17.742129473603576,0.0,15.129833,15.045375,0.17982279966455914,,0.051709000000000005,32,5,Pauls-MacBook-Pro,936381b-dirty,2026-09-29T07:46:28Z
rayon-tiled,cpu,Apple M1 Pro,f64,512,2,20.44521543089988,0.0,13.1295,13.09775,0.14984996251851382,,0.0415,64,5,Pauls-MacBook-Pro,936381b-dirty,2026-09-29T07:46:28Z
rayon-tiled,cpu,Apple M1 Pro,f64,512,2,20.381762554217325,0.0,13.170375,13.150042000000001,0.11252068053162433,,0.037917000000000006,128,5,Pauls-MacBook-Pro,936381b-dirty,2026-09-29T07:46:28Z
rayon-tiled,cpu,Apple M1 Pro,f64,512,2,20.4202653644863,0.0,13.145541999999999,13.126000000000001,0.025064258113895486,,0.03675,256,5,Pauls-MacBook-Pro,936381b-dirty,2026-09-29T07:46:28Z
rayon-tiled,cpu,Apple M1 Pro,f64,512,4,27.49823175099727,0.0,9.761917,9.744958,0.025797758734045505,,0.053333,16,5,Pauls-MacBook-Pro,936381b-dirty,2026-09-29T07:46:28Z
rayon-tiled,cpu,Apple M1 Pro,f64,512,4,33.623254599257855,0.0,7.983624999999999,7.973709,0.017178349024280296,,0.06275,32,5,Pauls-MacBook-Pro,936381b-dirty,2026-09-29T07:46:28Z
rayon-tiled,cpu,Apple M1 Pro,f64,512,4,40.70467653761167,0.0,6.594708000000001,6.57425,0.04535580879777138,,0.055375,64,5,Pauls-MacBook-Pro,936381b-dirty,2026-09-29T07:46:28Z
rayon-tiled,cpu,Apple M1 Pro,f64,512,4,39.469516252043974,0.0,6.801083,6.598167,0.14013906048029542,,0.056375,128,5,Pauls-MacBook-Pro,936381b-dirty,2026-09-29T07:46:28Z
rayon-tiled,cpu,Apple M1 Pro,f64,512,4,39.547289895204685,0.0,6.787708,6.776084,0.022777673832066258,,0.061417,256,5,Pauls-MacBook-Pro,936381b-dirty,2026-09-29T07:46:28Z
rayon-tiled,cpu,Apple M1 Pro,f64,512,8,52.3108859502438,0.0,5.1315409999999995,5.062542,0.4306026961844296,,0.08304199999999999,16,5,Pauls-MacBook-Pro,936381b-dirty,2026-09-29T07:46:28Z
rayon-tiled,cpu,Apple M1 Pro,f64,512,8,61.84970617205725,0.0,4.3401250000000005,4.238041,0.09544266474852846,,0.09720799999999999,32,5,Pauls-MacBook-Pro,936381b-dirty,2026-09-29T07:46:28Z
rayon-tiled,cpu,Apple M1 Pro,f64,512,8,78.61824024423497,0.0,3.414417,3.395708,0.3542435013130094,,0.095791,64,5,Pauls-MacBook-Pro,936381b-dirty,2026-09-29T07:46:28Z
rayon-tiled,cpu,Apple M1 Pro,f64,512,8,71.16056889124529,0.0,3.77225,3.4485,0.41506856919309115,,0.089834,128,5,Pauls-MacBook-Pro,936381b-dirty,2026-09-29T07:46:28Z
rayon-tiled,cpu,Apple M1 Pro,f64,512,8,76.95052883601039,0.0,3.488416,3.462625,0.01192854815977195,,0.100958,256,5,Pauls-MacBook-Pro,936381b-dirty,2026-09-29T07:46:28Z
rayon-tiled,cpu,Apple M1 Pro,f64,512,10,52.15123726261596,0.0,5.14725,5.055,0.0877236043320155,,0.12462500000000001,16,5,Pauls-MacBook-Pro,936381b-dirty,2026-09-29T07:46:28Z
rayon-tiled,cpu,Apple M1 Pro,f64,512,10,62.04627569269884,0.0,4.3263750000000005,4.185375,0.30244069485239605,,0.10058299999999999,32,5,Pauls-MacBook-Pro,936381b-dirty,2026-09-29T07:46:28Z
rayon-tiled,cpu,Apple M1 Pro,f64,512,10,77.96932875648375,0.0,3.442834,3.4199159999999997,0.07247096672668309,,0.1205,64,5,Pauls-MacBook-Pro,936381b-dirty,2026-09-29T07:46:28Z
rayon-tiled,cpu,Apple M1 Pro,f64,512,10,76.10690757577648,0.0,3.5270840000000003,3.472,0.04840410596013524,,0.102208,128,5,Pauls-MacBook-Pro,936381b-dirty,2026-09-29T07:46:28Z
rayon-tiled,cpu,Apple M1 Pro,f64,512,10,75.67157574262659,0.0,3.547375,3.504042,0.028683933539526973,,0.117709,256,5,Pauls-MacBook-Pro,936381b-dirty,2026-09-29T07:46:28Z
rayon-tiled,cpu,Apple M1 Pro,f64,1024,1,6.1527377565044326,0.0,349.028958,347.680792,1.723790495058976,,0.037125,16,5,Pauls-MacBook-Pro,936381b-dirty,2026-09-29T07:46:28Z
rayon-tiled,cpu,Apple M1 Pro,f64,1024,1,7.345238630081734,0.0,292.36404100000004,291.974708,0.7439041300426456,,0.052875,32,5,Pauls-MacBook-Pro,936381b-dirty,2026-09-29T07:46:28Z
rayon-tiled,cpu,Apple M1 Pro,f64,1024,1,9.091200668880392,0.0,236.21562500000002,234.99487499999998,1.3899670424835047,,0.051333,64,5,Pauls-MacBook-Pro,936381b-dirty,2026-09-29T07:46:28Z
rayon-tiled,cpu,Apple M1 Pro,f64,1024,1,9.631232991269995,0.0,222.970792,222.7825,0.4017860508215717,,0.048208,128,5,Pauls-MacBook-Pro,936381b-dirty,2026-09-29T07:46:28Z
rayon-tiled,cpu,Apple M1 Pro,f64,1024,1,10.218675652025706,0.0,210.152834,208.724542,1.054595194706143,,0.036792000000000005,256,5,Pauls-MacBook-Pro,936381b-dirty,2026-09-29T07:46:28Z
rayon-tiled,cpu,Apple M1 Pro,f64,1024,2,12.012880815137256,0.0,178.765084,178.253125,0.8919976949211765,,0.063458,16,5,Pauls-MacBook-Pro,936381b-dirty,2026-09-29T07:46:28Z
rayon-tiled,cpu,Apple M1 Pro,f64,1024,2,13.834736128277964,0.0,155.224041,151.029625,9.12381200557047,,0.063208,32,5,Pauls-MacBook-Pro,936381b-dirty,2026-09-29T07:46:28Z
rayon-tiled,cpu,Apple M1 Pro,f64,1024,2,16.45420050472907,0.0,130.512792,124.809792,3.8860008171658915,,0.067334,64,5,Pauls-MacBook-Pro,936381b-dirty,2026-09-29T07:46:28Z
rayon-tiled,cpu,Apple M1 Pro,f64,1024,2,17.385053425910545,0.0,123.524708,121.674875,3.8916643171038965,,0.05875,128,5,Pauls-MacBook-Pro,936381b-dirty,2026-09-29T07:46:28Z
rayon-tiled,cpu,Apple M1 Pro,f64,1024,2,18.574377741714713,0.0,115.615375,109.516125,3.0734442814753464,,0.057,256,5,Pauls-MacBook-Pro,936381b-dirty,2026-09-29T07:46:28Z
rayon-tiled,cpu,Apple M1 Pro,f64,1024,4,22.720647527409216,0.0,94.51683299999999,92.939875,0.9962376761527828,,0.07475,16,5,Pauls-MacBook-Pro,936381b-dirty,2026-09-29T07:46:28Z
rayon-tiled,cpu,Apple M1 Pro,f64,1024,4,28.962727363187057,0.0,74.146458,73.747375,0.5676199224773573,,0.089125,32,5,Pauls-MacBook-Pro,936381b-dirty,2026-09-29T07:46:28Z
rayon-tiled,cpu,Apple M1 Pro,f64,1024,4,34.24105885799818,0.0,62.716625,62.359917,0.5024225741554639,,0.07420800000000001,64,5,Pauls-MacBook-Pro,936381b-dirty,2026-09-29T07:46:28Z
rayon-tiled,cpu,Apple M1 Pro,f64,1024,4,35.8017617268334,0.0,59.982625,59.754333,0.8826260181720234,,0.079375,128,5,Pauls-MacBook-Pro,936381b-dirty,2026-09-29T07:46:28Z
rayon-tiled,cpu,Apple M1 Pro,f64,1024,4,38.41151254473209,0.0,55.907292,55.36125,0.4285190927858413,,0.0785,256,5,Pauls-MacBook-Pro,936381b-dirty,2026-09-29T07:46:28Z
rayon-tiled,cpu,Apple M1 Pro,f64,1024,8,41.20673124515793,0.0,52.114875,48.173415999999996,2.4320439687391966,,0.11574999999999999,16,5,Pauls-MacBook-Pro,936381b-dirty,2026-09-29T07:46:28Z
rayon-tiled,cpu,Apple M1 Pro,f64,1024,8,57.13273046647667,0.0,37.587625,36.324542,0.6950205872002644,,0.108,32,5,Pauls-MacBook-Pro,936381b-dirty,2026-09-29T07:46:28Z
rayon-tiled,cpu,Apple M1 Pro,f64,1024,8,67.24642286231702,0.0,31.934540999999996,31.734166000000002,0.8763316973311515,,0.12795800000000002,64,5,Pauls-MacBook-Pro,936381b-dirty,2026-09-29T07:46:28Z
rayon-tiled,cpu,Apple M1 Pro,f64,1024,8,70.75369178936609,0.0,30.351542,29.451708,0.9330747602267997,,0.117833,128,5,Pauls-MacBook-Pro,936381b-dirty,2026-09-29T07:46:28Z
rayon-tiled,cpu,Apple M1 Pro,f64,1024,8,76.22556008909318,0.0,28.17275,27.915125,1.046935894956658,,0.12324999999999998,256,5,Pauls-MacBook-Pro,936381b-dirty,2026-09-29T07:46:28Z
rayon-tiled,cpu,Apple M1 Pro,f64,1024,10,46.19863045349136,0.0,46.483708,45.800417,0.4994602078997874,,0.149917,16,5,Pauls-MacBook-Pro,936381b-dirty,2026-09-29T07:46:28Z
rayon-tiled,cpu,Apple M1 Pro,f64,1024,10,58.793288287794994,0.0,36.526,35.187666,0.8336259229257453,,0.13808399999999998,32,5,Pauls-MacBook-Pro,936381b-dirty,2026-09-29T07:46:28Z
rayon-tiled,cpu,Apple M1 Pro,f64,1024,10,67.2761777516879,0.0,31.920417,31.445458000000002,3.0544863515907714,,0.140875,64,5,Pauls-MacBook-Pro,936381b-dirty,2026-09-29T07:46:28Z
rayon-tiled,cpu,Apple M1 Pro,f64,1024,10,71.73841998626555,0.0,29.934917,29.843292,0.23226919667424575,,0.139917,128,5,Pauls-MacBook-Pro,936381b-dirty,2026-09-29T07:46:28Z
rayon-tiled,cpu,Apple M1 Pro,f64,1024,10,76.15707947238825,0.0,28.198083,28.029,0.1363866578122653,,0.129375,256,5,Pauls-MacBook-Pro,936381b-dirty,2026-09-29T07:46:28Z
rayon-tiled,cpu,Apple M1 Pro,f64,2048,1,5.7103452463465185,0.0,3008.55175,2998.5764590000003,12.777357350252082,,0.041291999999999995,16,5,Pauls-MacBook-Pro,936381b-dirty,2026-09-29T07:46:28Z
rayon-tiled,cpu,Apple M1 Pro,f64,2048,1,7.6641848849234275,0.0,2241.578125,2239.784208,12.16574410347266,,0.047541,32,5,Pauls-MacBook-Pro,936381b-dirty,2026-09-29T07:46:28Z
rayon-tiled,cpu,Apple M1 Pro,f64,2048,1,10.109247500034227,0.0,1699.4211670000002,1690.436625,31.160676674567984,,0.07012499999999999,64,5,Pauls-MacBook-Pro,936381b-dirty,2026-09-29T07:46:28Z
rayon-tiled,cpu,Apple M1 Pro,f64,2048,1,9.855155227816006,0.0,1743.236792,1739.94475,3.483400137005721,,0.051958,128,5,Pauls-MacBook-Pro,936381b-dirty,2026-09-29T07:46:28Z
rayon-tiled,cpu,Apple M1 Pro,f64,2048,1,10.045028060523027,0.0,1710.285833,1703.912042,5.67925492344245,,0.044958,256,5,Pauls-MacBook-Pro,936381b-dirty,2026-09-29T07:46:28Z
rayon-tiled,cpu,Apple M1 Pro,f64,2048,2,10.961542102055592,0.0,1567.285791,1560.2890419999999,5.125194941043047,,0.056708,16,5,Pauls-MacBook-Pro,936381b-dirty,2026-09-29T07:46:28Z
rayon-tiled,cpu,Apple M1 Pro,f64,2048,2,15.028221696670947,0.0,1143.173792,1133.736041,4.326389285136649,,0.06466599999999999,32,5,Pauls-MacBook-Pro,936381b-dirty,2026-09-29T07:46:28Z
rayon-tiled,cpu,Apple M1 Pro,f64,2048,2,19.696723009113253,0.0,872.219667,869.063833,2.1515690818269486,,0.057459,64,5,Pauls-MacBook-Pro,936381b-dirty,2026-09-29T07:46:28Z
rayon-tiled,cpu,Apple M1 Pro,f64,2048,2,16.074102212873004,0.0,1068.791834,1046.663166,14.218190568466154,,0.0665,128,5,Pauls-MacBook-Pro,936381b-dirty,2026-09-29T07:46:28Z
rayon-tiled,cpu,Apple M1 Pro,f64,2048,2,18.289670379144933,0.0,939.320875,923.903833,7.955748162233528,,0.058417,256,5,Pauls-MacBook-Pro,936381b-dirty,2026-09-29T07:46:28Z
rayon-tiled,cpu,Apple M1 Pro,f64,2048,4,21.869382919360227,0.0,785.5671669999999,783.499583,1.202957944096137,,0.082333,16,5,Pauls-MacBook-Pro,936381b-dirty,2026-09-29T07:46:28Z
rayon-tiled,cpu,Apple M1 Pro,f64,2048,4,29.488342810589273,0.0,582.598666,581.175458,4.308765379157821,,0.08112499999999999,32,5,Pauls-MacBook-Pro,936381b-dirty,2026-09-29T07:46:28Z
rayon-tiled,cpu,Apple M1 Pro,f64,2048,4,38.69723392408257,0.0,443.956,442.66083299999997,0.8499064872598007,,0.086583,64,5,Pauls-MacBook-Pro,936381b-dirty,2026-09-29T07:46:28Z
rayon-tiled,cpu,Apple M1 Pro,f64,2048,4,36.748507715267834,0.0,467.498417,466.896792,0.8264361834272591,,0.078917,128,5,Pauls-MacBook-Pro,936381b-dirty,2026-09-29T07:46:28Z
rayon-tiled,cpu,Apple M1 Pro,f64,2048,4,37.67955874031986,0.0,455.946666,443.962833,8.804290186360717,,0.085958,256,5,Pauls-MacBook-Pro,936381b-dirty,2026-09-29T07:46:28Z
rayon-tiled,cpu,Apple M1 Pro,f64,2048,8,42.39434676211636,0.0,405.239625,403.31725,4.327787206530267,,0.121916,16,5,Pauls-MacBook-Pro,936381b-dirty,2026-09-29T07:46:28Z
rayon-tiled,cpu,Apple M1 Pro,f64,2048,8,56.334035277808844,0.0,304.964292,302.164459,4.36742051380098,,0.199917,32,5,Pauls-MacBook-Pro,936381b-dirty,2026-09-29T07:46:28Z
rayon-tiled,cpu,Apple M1 Pro,f64,2048,8,76.14792253477567,0.0,225.611791,222.62595800000003,2.6141710787379564,,0.109208,64,5,Pauls-MacBook-Pro,936381b-dirty,2026-09-29T07:46:28Z
rayon-tiled,cpu,Apple M1 Pro,f64,2048,8,74.63910408063518,0.0,230.1725,229.22975000000002,1.9513861290528125,,0.12220800000000001,128,5,Pauls-MacBook-Pro,936381b-dirty,2026-09-29T07:46:28Z
rayon-tiled,cpu,Apple M1 Pro,f64,2048,8,75.21327837060005,0.0,228.415375,226.081875,13.44516286257267,,0.125209,256,5,Pauls-MacBook-Pro,936381b-dirty,2026-09-29T07:46:28Z
rayon-tiled,cpu,Apple M1 Pro,f64,2048,10,45.209294771262094,0.0,380.00745800000004,367.9135,22.367738069569793,,0.24691699999999997,16,5,Pauls-MacBook-Pro,936381b-dirty,2026-09-29T07:46:28Z
rayon-tiled,cpu,Apple M1 Pro,f64,2048,10,60.708334065396144,0.0,282.99029199999995,277.884042,4.053707991389036,,0.148083,32,5,Pauls-MacBook-Pro,936381b-dirty,2026-09-29T07:46:28Z
rayon-tiled,cpu,Apple M1 Pro,f64,2048,10,72.11289314890817,0.0,238.23575,229.242083,13.392422770605434,,0.152625,64,5,Pauls-MacBook-Pro,936381b-dirty,2026-09-29T07:46:28Z
rayon-tiled,cpu,Apple M1 Pro,f64,2048,10,71.88523039747439,0.0,238.99024999999997,234.086208,11.258084743303318,,0.150209,128,5,Pauls-MacBook-Pro,936381b-dirty,2026-09-29T07:46:28Z
rayon-tiled,cpu,Apple M1 Pro,f64,2048,10,60.52181675040131,0.0,283.862417,265.72779099999997,14.782182457029169,,0.11299999999999999,256,5,Pauls-MacBook-Pro,936381b-dirty,2026-09-29T07:46:28Z
rayon-tiled,cpu,Apple M1 Pro,f64,4096,1,5.7447076204181124,0.0,23924.447083,23673.0,131.99528126903277,,0.035083,16,5,Pauls-MacBook-Pro,936381b-dirty,2026-09-29T07:46:28Z
rayon-tiled,cpu,Apple M1 Pro,f64,4096,1,7.843587295845691,0.0,17522.461124999998,17515.191375000002,6.258276165632517,,0.050583,32,5,Pauls-MacBook-Pro,936381b-dirty,2026-09-29T07:46:28Z
rayon-tiled,cpu,Apple M1 Pro,f64,4096,1,10.148861293430494,0.0,13542.302875000001,13505.548375,38.92857328125491,,0.051415999999999996,64,5,Pauls-MacBook-Pro,936381b-dirty,2026-09-29T07:46:28Z
rayon-tiled,cpu,Apple M1 Pro,f64,4096,1,9.68564448891933,0.0,14189.964708,14146.081083000001,30.171228769910638,,0.049875,128,5,Pauls-MacBook-Pro,936381b-dirty,2026-09-29T07:46:28Z
rayon-tiled,cpu,Apple M1 Pro,f64,4096,1,9.403353384024127,0.0,14615.951125,14601.301916,23.106348105676734,,0.06275,256,5,Pauls-MacBook-Pro,936381b-dirty,2026-09-29T07:46:28Z
rayon-tiled,cpu,Apple M1 Pro,f64,4096,2,10.691808973433456,0.0,12854.602417,12824.851,30.35058549005378,,0.078334,16,5,Pauls-MacBook-Pro,936381b-dirty,2026-09-29T07:46:28Z
rayon-tiled,cpu,Apple M1 Pro,f64,4096,2,14.745457442257141,0.0,9320.765667,9304.560917,9.036887323894442,,0.065833,32,5,Pauls-MacBook-Pro,936381b-dirty,2026-09-29T07:46:28Z
rayon-tiled,cpu,Apple M1 Pro,f64,4096,2,19.146490595275782,0.0,7178.284333,7175.229458000001,3.1878287844487914,,0.06866699999999999,64,5,Pauls-MacBook-Pro,936381b-dirty,2026-09-29T07:46:28Z
rayon-tiled,cpu,Apple M1 Pro,f64,4096,2,14.079026028968023,0.0,9761.964584,9392.720083,175.1641516093996,,0.06145899999999999,128,5,Pauls-MacBook-Pro,936381b-dirty,2026-09-29T07:46:28Z
rayon-tiled,cpu,Apple M1 Pro,f64,4096,2,14.187256512265744,0.0,9687.493375,8002.913458,745.4327294228679,,0.05466699999999999,256,5,Pauls-MacBook-Pro,936381b-dirty,2026-09-29T07:46:28Z
rayon-tiled,cpu,Apple M1 Pro,f64,4096,4,21.872527156943303,0.0,6283.633916000001,6279.7657500000005,4.206763511858186,,0.09725,16,5,Pauls-MacBook-Pro,936381b-dirty,2026-09-29T07:46:28Z
rayon-tiled,cpu,Apple M1 Pro,f64,4096,4,29.278567687220512,0.0,4694.182957999999,4691.5122089999995,4.545870342439418,,0.099333,32,5,Pauls-MacBook-Pro,936381b-dirty,2026-09-29T07:46:28Z
rayon-tiled,cpu,Apple M1 Pro,f64,4096,4,37.84168895719684,0.0,3631.945541,3631.008042,2.371611627740482,,0.102791,64,5,Pauls-MacBook-Pro,936381b-dirty,2026-09-29T07:46:28Z
rayon-tiled,cpu,Apple M1 Pro,f64,4096,4,35.529099088188026,0.0,3868.348959,3853.111541,9.138160010536328,,0.095709,128,5,Pauls-MacBook-Pro,936381b-dirty,2026-09-29T07:46:28Z
rayon-tiled,cpu,Apple M1 Pro,f64,4096,4,34.53212127569219,0.0,3980.032167,3970.929209,6.198605154474133,,0.095875,256,5,Pauls-MacBook-Pro,936381b-dirty,2026-09-29T07:46:28Z
rayon-tiled,cpu,Apple M1 Pro,f64,4096,8,43.08258948020103,0.0,3190.1275,3185.178959,14.953428950391379,,0.151667,16,5,Pauls-MacBook-Pro,936381b-dirty,2026-09-29T07:46:28Z
rayon-tiled,cpu,Apple M1 Pro,f64,4096,8,55.35819972784118,0.0,2482.7207919999996,2457.285917,86.51308331314692,,0.17858300000000002,32,5,Pauls-MacBook-Pro,936381b-dirty,2026-09-29T07:46:28Z
rayon-tiled,cpu,Apple M1 Pro,f64,4096,8,75.3077587249189,0.0,1825.030459,1817.0662499999999,81.16456415890674,,0.118125,64,5,Pauls-MacBook-Pro,936381b-dirty,2026-09-29T07:46:28Z
rayon-tiled,cpu,Apple M1 Pro,f64,4096,8,72.63129703746273,0.0,1892.2827909999999,1886.274708,62.54798271963647,,0.130958,128,5,Pauls-MacBook-Pro,936381b-dirty,2026-09-29T07:46:28Z
rayon-tiled,cpu,Apple M1 Pro,f64,4096,8,46.58281006891514,0.0,2950.422125,2195.85925,406.196249861359,,0.126333,256,5,Pauls-MacBook-Pro,936381b-dirty,2026-09-29T07:46:28Z
rayon-tiled,cpu,Apple M1 Pro,f64,4096,10,39.703134224986165,0.0,3461.6650839999998,2903.479209,287.45285518795987,,0.17966600000000002,16,5,Pauls-MacBook-Pro,936381b-dirty,2026-09-29T07:46:28Z
rayon-tiled,cpu,Apple M1 Pro,f64,4096,10,54.256964175386265,0.0,2533.1117499999996,2366.5052499999997,168.2827270869874,,0.154708,32,5,Pauls-MacBook-Pro,936381b-dirty,2026-09-29T07:46:28Z
rayon-tiled,cpu,Apple M1 Pro,f64,4096,10,69.30293670475567,0.0,1983.162042,1925.2205,66.0813381973005,,0.16508399999999998,64,5,Pauls-MacBook-Pro,936381b-dirty,2026-09-29T07:46:28Z
rayon-tiled,cpu,Apple M1 Pro,f64,4096,10,62.237235290827925,0.0,2208.3075,2044.8558750000002,180.9896414564945,,0.149042,128,5,Pauls-MacBook-Pro,936381b-dirty,2026-09-29T07:46:28Z
rayon-tiled,cpu,Apple M1 Pro,f64,4096,10,39.551165897665406,0.0,3474.965917,3439.0144999999998,92.1647002651699,,0.139458,256,5,Pauls-MacBook-Pro,936381b-dirty,2026-09-29T07:46:28Z
rayon-tiled,cpu,Apple M1 Pro,i32,64,1,8.26731002727975,0.0,0.063417,0.063,0.0010723158116898225,,0.0365,16,5,Pauls-MacBook-Pro,936381b-dirty,2026-09-29T07:46:28Z
rayon-tiled,cpu,Apple M1 Pro,i32,64,1,12.134049250138865,0.0,0.043207999999999996,0.043083,0.00039930164036727696,,0.021041999999999998,32,5,Pauls-MacBook-Pro,936381b-dirty,2026-09-29T07:46:28Z
rayon-tiled,cpu,Apple M1 Pro,i32,64,1,18.5045000529418,0.0,0.028333,0.027792,0.001023242542117947,,0.014334,64,5,Pauls-MacBook-Pro,936381b-dirty,2026-09-29T07:46:28Z
rayon-tiled,cpu,Apple M1 Pro,i32,64,1,16.821894952995155,0.0,0.031167,0.028042,0.0018826322529904773,,0.012666,128,5,Pauls-MacBook-Pro,936381b-dirty,2026-09-29T07:46:28Z
rayon-tiled,cpu,Apple M1 Pro,i32,64,1,17.18977049180328,0.0,0.0305,0.028416,0.0011473733045526202,,0.014,256,5,Pauls-MacBook-Pro,936381b-dirty,2026-09-29T07:46:28Z
rayon-tiled,cpu,Apple M1 Pro,i32,64,2,14.266340136054422,0.0,0.03675,0.036209,0.0008482253238379525,,0.021583,16,5,Pauls-MacBook-Pro,936381b-dirty,2026-09-29T07:46:28Z
rayon-tiled,cpu,Apple M1 Pro,i32,64,2,20.06844019138756,0.0,0.026125000000000002,0.025707999999999998,0.002465388204725575,,0.030750000000000003,32,5,Pauls-MacBook-Pro,936381b-dirty,2026-09-29T07:46:28Z
rayon-tiled,cpu,Apple M1 Pro,i32,64,2,24.867808186690695,0.0,0.021083,0.018208,0.00392175876361614,,0.027458,64,5,Pauls-MacBook-Pro,936381b-dirty,2026-09-29T07:46:28Z
rayon-tiled,cpu,Apple M1 Pro,i32,64,2,26.106059851615797,0.0,0.020083,0.017791,0.0022738608576603797,,0.028583,128,5,Pauls-MacBook-Pro,936381b-dirty,2026-09-29T07:46:28Z
rayon-tiled,cpu,Apple M1 Pro,i32,64,2,27.838793606966487,0.0,0.018833000000000003,0.017499999999999998,0.001402817628916888,,0.030583000000000003,256,5,Pauls-MacBook-Pro,936381b-dirty,2026-09-29T07:46:28Z
rayon-tiled,cpu,Apple M1 Pro,i32,64,4,20.360699029126213,0.0,0.02575,0.022625000000000003,0.030710617533680432,,0.04725,16,5,Pauls-MacBook-Pro,936381b-dirty,2026-09-29T07:46:28Z
rayon-tiled,cpu,Apple M1 Pro,i32,64,4,20.526505363714666,0.0,0.025542,0.022042,0.012608614285479592,,0.054042,32,5,Pauls-MacBook-Pro,936381b-dirty,2026-09-29T07:46:28Z
rayon-tiled,cpu,Apple M1 Pro,i32,64,4,24.916262712669898,0.0,0.021041999999999998,0.018000000000000002,0.001844826495906864,,0.055791999999999994,64,5,Pauls-MacBook-Pro,936381b-dirty,2026-09-29T07:46:28Z
rayon-tiled,cpu,Apple M1 Pro,i32,64,4,26.159465123241194,0.0,0.020041999999999997,0.017292,0.0023585226944000345,,0.054458,128,5,Pauls-MacBook-Pro,936381b-dirty,2026-09-29T07:46:28Z
rayon-tiled,cpu,Apple M1 Pro,i32,64,4,29.74683687943262,0.0,0.017625000000000002,0.016,0.0015170901423448772,,0.045916,256,5,Pauls-MacBook-Pro,936381b-dirty,2026-09-29T07:46:28Z
rayon-tiled,cpu,Apple M1 Pro,i32,64,8,7.041392462864971,0.0,0.074458,0.034334,0.02314605849383432,,0.09962499999999999,16,5,Pauls-MacBook-Pro,936381b-dirty,2026-09-29T07:46:28Z
rayon-tiled,cpu,Apple M1 Pro,i32,64,8,19.211021948627753,0.0,0.027291,0.021625000000000002,0.0045715621728245155,,0.105333,32,5,Pauls-MacBook-Pro,936381b-dirty,2026-09-29T07:46:28Z
rayon-tiled,cpu,Apple M1 Pro,i32,64,8,21.807170784460524,0.0,0.024042,0.017374999999999998,0.004412204063730508,,0.10166700000000001,64,5,Pauls-MacBook-Pro,936381b-dirty,2026-09-29T07:46:28Z
rayon-tiled,cpu,Apple M1 Pro,i32,64,8,19.97287619047619,0.0,0.026250000000000002,0.019542,0.019824335708920997,,0.095208,128,5,Pauls-MacBook-Pro,936381b-dirty,2026-09-29T07:46:28Z
rayon-tiled,cpu,Apple M1 Pro,i32,64,8,22.87768905179561,0.0,0.022917,0.018708000000000002,0.027683960235125323,,0.093333,256,5,Pauls-MacBook-Pro,936381b-dirty,2026-09-29T07:46:28Z
rayon-tiled,cpu,Apple M1 Pro,i32,64,10,9.539794024527822,0.0,0.054958,0.031708,0.06572667095783871,,0.126709,16,5,Pauls-MacBook-Pro,936381b-dirty,2026-09-29T07:46:28Z
rayon-tiled,cpu,Apple M1 Pro,i32,64,10,12.25200972144326,0.0,0.042792,0.035375,0.0196744219559305,,0.130917,32,5,Pauls-MacBook-Pro,936381b-dirty,2026-09-29T07:46:28Z
rayon-tiled,cpu,Apple M1 Pro,i32,64,10,15.553815118072858,0.0,0.033708,0.031875,0.027110707576527768,,0.13774999999999998,64,5,Pauls-MacBook-Pro,936381b-dirty,2026-09-29T07:46:28Z
rayon-tiled,cpu,Apple M1 Pro,i32,64,10,15.867320380122269,0.0,0.033042,0.027583,0.03660730222920011,,0.128416,128,5,Pauls-MacBook-Pro,936381b-dirty,2026-09-29T07:46:28Z
rayon-tiled,cpu,Apple M1 Pro,i32,64,10,17.18977049180328,0.0,0.0305,0.02375,0.008574474724436476,,0.128709,256,5,Pauls-MacBook-Pro,936381b-dirty,2026-09-29T07:46:28Z
rayon-tiled,cpu,Apple M1 Pro,i32,128,1,8.86902536602695,0.0,0.472916,0.45645800000000003,0.02824189340678133,,0.013042,16,5,Pauls-MacBook-Pro,936381b-dirty,2026-09-29T07:46:28Z
rayon-tiled,cpu,Apple M1 Pro,i32,128,1,13.234708141248339,0.0,0.316917,0.300292,0.021286632253599922,,0.012,32,5,Pauls-MacBook-Pro,936381b-dirty,2026-09-29T07:46:28Z
rayon-tiled,cpu,Apple M1 Pro,i32,128,1,21.367676726509483,0.0,0.19629200000000002,0.194041,0.008704587566335359,,0.014459,64,5,Pauls-MacBook-Pro,936381b-dirty,2026-09-29T07:46:28Z
rayon-tiled,cpu,Apple M1 Pro,i32,128,1,28.93461554381269,0.0,0.144958,0.138667,0.01461366094789392,,0.014375,128,5,Pauls-MacBook-Pro,936381b-dirty,2026-09-29T07:46:28Z
rayon-tiled,cpu,Apple M1 Pro,i32,128,1,29.729336631628193,0.0,0.141083,0.138958,0.006787483686904894,,0.014375,256,5,Pauls-MacBook-Pro,936381b-dirty,2026-09-29T07:46:28Z
rayon-tiled,cpu,Apple M1 Pro,i32,128,2,15.477136531365314,0.0,0.27099999999999996,0.259625,0.013956883810507286,,0.025582999999999998,16,5,Pauls-MacBook-Pro,936381b-dirty,2026-09-29T07:46:28Z
rayon-tiled,cpu,Apple M1 Pro,i32,128,2,23.15695790200138,0.0,0.181125,0.157625,0.019733892271926495,,0.018542,32,5,Pauls-MacBook-Pro,936381b-dirty,2026-09-29T07:46:28Z
rayon-tiled,cpu,Apple M1 Pro,i32,128,2,34.204313965341484,0.0,0.12262500000000001,0.104125,0.012424962273584583,,0.023833999999999998,64,5,Pauls-MacBook-Pro,936381b-dirty,2026-09-29T07:46:28Z
rayon-tiled,cpu,Apple M1 Pro,i32,128,2,45.30268728938045,0.0,0.09258400000000001,0.074459,0.01183131485507845,,0.0165,128,5,Pauls-MacBook-Pro,936381b-dirty,2026-09-29T07:46:28Z
rayon-tiled,cpu,Apple M1 Pro,i32,128,2,55.70716676406524,0.0,0.075292,0.07437500000000001,0.007810227186196313,,0.027208,256,5,Pauls-MacBook-Pro,936381b-dirty,2026-09-29T07:46:28Z
rayon-tiled,cpu,Apple M1 Pro,i32,128,4,26.490229514823096,0.0,0.158334,0.134375,0.03986178717142522,,0.039916999999999994,16,5,Pauls-MacBook-Pro,936381b-dirty,2026-09-29T07:46:28Z
rayon-tiled,cpu,Apple M1 Pro,i32,128,4,35.172360587002096,0.0,0.11925,0.109042,0.013623140192334515,,0.042916,32,5,Pauls-MacBook-Pro,936381b-dirty,2026-09-29T07:46:28Z
rayon-tiled,cpu,Apple M1 Pro,i32,128,4,48.372745306084795,0.0,0.086708,0.06741699999999999,0.009094179770600536,,0.045167000000000006,64,5,Pauls-MacBook-Pro,936381b-dirty,2026-09-29T07:46:28Z
rayon-tiled,cpu,Apple M1 Pro,i32,128,4,67.92395141700405,0.0,0.06175,0.045583,0.00754591390753963,,0.039083,128,5,Pauls-MacBook-Pro,936381b-dirty,2026-09-29T07:46:28Z
rayon-tiled,cpu,Apple M1 Pro,i32,128,4,79.32489834515367,0.0,0.052875,0.049,0.020553168789751133,,0.06925,256,5,Pauls-MacBook-Pro,936381b-dirty,2026-09-29T07:46:28Z
rayon-tiled,cpu,Apple M1 Pro,i32,128,8,32.75725152684275,0.0,0.12804200000000002,0.112,0.013838070981896287,,0.092292,16,5,Pauls-MacBook-Pro,936381b-dirty,2026-09-29T07:46:28Z
rayon-tiled,cpu,Apple M1 Pro,i32,128,8,47.86652211126962,0.0,0.08762500000000001,0.07129100000000001,0.028912047065194124,,0.088042,32,5,Pauls-MacBook-Pro,936381b-dirty,2026-09-29T07:46:28Z
rayon-tiled,cpu,Apple M1 Pro,i32,128,8,53.51584051036683,0.0,0.078375,0.06420899999999999,0.02242295466703708,,0.14516600000000002,64,5,Pauls-MacBook-Pro,936381b-dirty,2026-09-29T07:46:28Z
rayon-tiled,cpu,Apple M1 Pro,i32,128,8,50.58497756765884,0.0,0.082916,0.049792,0.02064538171843766,,0.111875,128,5,Pauls-MacBook-Pro,936381b-dirty,2026-09-29T07:46:28Z
rayon-tiled,cpu,Apple M1 Pro,i32,128,8,46.345900552486185,0.0,0.09050000000000001,0.042917000000000004,0.02444307505818366,,0.09025,256,5,Pauls-MacBook-Pro,936381b-dirty,2026-09-29T07:46:28Z
rayon-tiled,cpu,Apple M1 Pro,i32,128,10,36.64491778643695,0.0,0.11445799999999999,0.09825,0.01777804029413816,,0.118667,16,5,Pauls-MacBook-Pro,936381b-dirty,2026-09-29T07:46:28Z
rayon-tiled,cpu,Apple M1 Pro,i32,128,10,49.080296753961015,0.0,0.08545799999999999,0.064417,0.013369396856253464,,0.11708400000000001,32,5,Pauls-MacBook-Pro,936381b-dirty,2026-09-29T07:46:28Z
rayon-tiled,cpu,Apple M1 Pro,i32,128,10,51.33221554541115,0.0,0.081709,0.062625,0.03984932454634583,,0.124666,64,5,Pauls-MacBook-Pro,936381b-dirty,2026-09-29T07:46:28Z
rayon-tiled,cpu,Apple M1 Pro,i32,128,10,79.13781132075472,0.0,0.053,0.048417,0.005686935088428564,,0.113291,128,5,Pauls-MacBook-Pro,936381b-dirty,2026-09-29T07:46:28Z
rayon-tiled,cpu,Apple M1 Pro,i32,128,10,40.738009673847586,0.0,0.102958,0.064125,0.04745658532069074,,0.11591699999999999,256,5,Pauls-MacBook-Pro,936381b-dirty,2026-09-29T07:46:28Z
rayon-tiled,cpu,Apple M1 Pro,i32,256,1,9.3234803692333,0.0,3.598917,3.598125,0.08764616344598311,,0.016917,16,5,Pauls-MacBook-Pro,936381b-dirty,2026-09-29T07:46:28Z
rayon-tiled,cpu,Apple M1 Pro,i32,256,1,14.271400658226598,0.0,2.351166,2.35,0.004469747733373792,,0.011916999999999999,32,5,Pauls-MacBook-Pro,936381b-dirty,2026-09-29T07:46:28Z
rayon-tiled,cpu,Apple M1 Pro,i32,256,1,21.294261145486278,0.0,1.57575,1.571292,0.005595563483689636,,0.0165,64,5,Pauls-MacBook-Pro,936381b-dirty,2026-09-29T07:46:28Z
rayon-tiled,cpu,Apple M1 Pro,i32,256,1,27.59126898961867,0.0,1.216125,1.208959,0.02517083161121224,,0.012958,128,5,Pauls-MacBook-Pro,936381b-dirty,2026-09-29T07:46:28Z
rayon-tiled,cpu,Apple M1 Pro,i32,256,1,25.17211702925731,0.0,1.333,1.312833,0.012030373256886115,,0.013458000000000001,256,5,Pauls-MacBook-Pro,936381b-dirty,2026-09-29T07:46:28Z
rayon-tiled,cpu,Apple M1 Pro,i32,256,2,17.41504190995199,0.0,1.9267500000000002,1.880042,0.03504165400348557,,0.021707999999999998,16,5,Pauls-MacBook-Pro,936381b-dirty,2026-09-29T07:46:28Z
rayon-tiled,cpu,Apple M1 Pro,i32,256,2,27.049118903667875,0.0,1.2405000000000002,1.221125,0.026014896082821447,,0.022291000000000002,32,5,Pauls-MacBook-Pro,936381b-dirty,2026-09-29T07:46:28Z
rayon-tiled,cpu,Apple M1 Pro,i32,256,2,40.78946299954414,0.0,0.822625,0.805791,0.01469064834512076,,0.027083000000000003,64,5,Pauls-MacBook-Pro,936381b-dirty,2026-09-29T07:46:28Z
rayon-tiled,cpu,Apple M1 Pro,i32,256,2,49.26021372145157,0.0,0.681167,0.6694580000000001,0.00626445730291134,,0.027708,128,5,Pauls-MacBook-Pro,936381b-dirty,2026-09-29T07:46:28Z
rayon-tiled,cpu,Apple M1 Pro,i32,256,2,35.65667844793325,0.0,0.941042,0.9257920000000001,0.017044452141386036,,0.028,256,5,Pauls-MacBook-Pro,936381b-dirty,2026-09-29T07:46:28Z
rayon-tiled,cpu,Apple M1 Pro,i32,256,4,33.27439469425316,0.0,1.008416,0.9872080000000001,0.015382805751877678,,0.038792,16,5,Pauls-MacBook-Pro,936381b-dirty,2026-09-29T07:46:28Z
rayon-tiled,cpu,Apple M1 Pro,i32,256,4,49.814769947029625,0.0,0.673584,0.666542,0.021041355346079763,,0.031792,32,5,Pauls-MacBook-Pro,936381b-dirty,2026-09-29T07:46:28Z
rayon-tiled,cpu,Apple M1 Pro,i32,256,4,73.16981222592203,0.0,0.45858299999999996,0.438791,0.017696036321730342,,0.043667,64,5,Pauls-MacBook-Pro,936381b-dirty,2026-09-29T07:46:28Z
rayon-tiled,cpu,Apple M1 Pro,i32,256,4,92.42575790128966,0.0,0.363042,0.354125,0.008745253484033507,,0.049249999999999995,128,5,Pauls-MacBook-Pro,936381b-dirty,2026-09-29T07:46:28Z
rayon-tiled,cpu,Apple M1 Pro,i32,256,4,82.46865007680492,0.0,0.406875,0.37512500000000004,0.03523172739591402,,0.043083,256,5,Pauls-MacBook-Pro,936381b-dirty,2026-09-29T07:46:28Z
rayon-tiled,cpu,Apple M1 Pro,i32,256,8,49.26325123875941,0.0,0.681125,0.54625,0.08015656221108786,,0.0825,16,5,Pauls-MacBook-Pro,936381b-dirty,2026-09-29T07:46:28Z
rayon-tiled,cpu,Apple M1 Pro,i32,256,8,72.88500027151778,0.0,0.46037500000000003,0.439083,0.01967085337498095,,0.08645800000000001,32,5,Pauls-MacBook-Pro,936381b-dirty,2026-09-29T07:46:28Z
rayon-tiled,cpu,Apple M1 Pro,i32,256,8,99.32254101878739,0.0,0.337833,0.32025,0.017582120614419633,,0.095417,64,5,Pauls-MacBook-Pro,936381b-dirty,2026-09-29T07:46:28Z
rayon-tiled,cpu,Apple M1 Pro,i32,256,8,112.48854142920358,0.0,0.298292,0.192833,0.07463438685686379,,0.08174999999999999,128,5,Pauls-MacBook-Pro,936381b-dirty,2026-09-29T07:46:28Z
rayon-tiled,cpu,Apple M1 Pro,i32,256,8,125.02815836050303,0.0,0.26837500000000003,0.241875,0.016634298070552903,,0.076917,256,5,Pauls-MacBook-Pro,936381b-dirty,2026-09-29T07:46:28Z
rayon-tiled,cpu,Apple M1 Pro,i32,256,10,57.64534328378723,0.0,0.5820839999999999,0.533292,0.05513223816243994,,0.11375,16,5,Pauls-MacBook-Pro,936381b-dirty,2026-09-29T07:46:28Z
rayon-tiled,cpu,Apple M1 Pro,i32,256,10,76.79818363670903,0.0,0.436917,0.415709,0.03426027163932009,,0.106708,32,5,Pauls-MacBook-Pro,936381b-dirty,2026-09-29T07:46:28Z
rayon-tiled,cpu,Apple M1 Pro,i32,256,10,105.20015801453485,0.0,0.31895799999999996,0.264458,0.03760553871173767,,0.110791,64,5,Pauls-MacBook-Pro,936381b-dirty,2026-09-29T07:46:28Z
rayon-tiled,cpu,Apple M1 Pro,i32,256,10,133.79440251045693,0.0,0.250791,0.205792,0.03628563499788862,,0.104334,128,5,Pauls-MacBook-Pro,936381b-dirty,2026-09-29T07:46:28Z
rayon-tiled,cpu,Apple M1 Pro,i32,256,10,125.04726199438012,0.0,0.268334,0.23987499999999998,0.01605671606524822,,0.106,256,5,Pauls-MacBook-Pro,936381b-dirty,2026-09-29T07:46:28Z
rayon-tiled,cpu,Apple M1 Pro,i32,512,1,9.15934013964852,0.0,29.307292,28.749750000000002,0.29906501697908355,,0.025417000000000002,16,5,Pauls-MacBook-Pro,936381b-dirty,2026-09-29T07:46:28Z
rayon-tiled,cpu,Apple M1 Pro,i32,512,1,13.95635927928773,0.0,19.233916999999998,18.969917,0.1789661975773639,,0.034541,32,5,Pauls-MacBook-Pro,936381b-dirty,2026-09-29T07:46:28Z
rayon-tiled,cpu,Apple M1 Pro,i32,512,1,20.302182423234004,0.0,13.222,13.203125,0.04970986890749187,,0.023958999999999998,64,5,Pauls-MacBook-Pro,936381b-dirty,2026-09-29T07:46:28Z
rayon-tiled,cpu,Apple M1 Pro,i32,512,1,24.039802648900817,0.0,11.166292,11.087375,0.04702473442030293,,0.019666,128,5,Pauls-MacBook-Pro,936381b-dirty,2026-09-29T07:46:28Z
rayon-tiled,cpu,Apple M1 Pro,i32,512,1,22.210139575268155,0.0,12.086167,11.960999999999999,0.07707639932884894,,0.014208,256,5,Pauls-MacBook-Pro,936381b-dirty,2026-09-29T07:46:28Z
rayon-tiled,cpu,Apple M1 Pro,i32,512,2,17.86790175869085,0.0,15.023333999999998,14.926083,0.09670023658554341,,0.022917,16,5,Pauls-MacBook-Pro,936381b-dirty,2026-09-29T07:46:28Z
rayon-tiled,cpu,Apple M1 Pro,i32,512,2,27.367984604993183,0.0,9.808375,9.728,0.1432319851628821,,0.037875,32,5,Pauls-MacBook-Pro,936381b-dirty,2026-09-29T07:46:28Z
rayon-tiled,cpu,Apple M1 Pro,i32,512,2,39.845693440949994,0.0,6.7368749999999995,6.726165999999999,0.014205022150634005,,0.03175,64,5,Pauls-MacBook-Pro,936381b-dirty,2026-09-29T07:46:28Z
rayon-tiled,cpu,Apple M1 Pro,i32,512,2,46.968278902935126,0.0,5.71525,5.711333,0.008728888663512905,,0.027042,128,5,Pauls-MacBook-Pro,936381b-dirty,2026-09-29T07:46:28Z
rayon-tiled,cpu,Apple M1 Pro,i32,512,2,43.485709120327726,0.0,6.172958,6.164542,0.005844194187396626,,0.024209,256,5,Pauls-MacBook-Pro,936381b-dirty,2026-09-29T07:46:28Z
rayon-tiled,cpu,Apple M1 Pro,i32,512,4,34.84609846642897,0.0,7.7034579999999995,7.667958,0.023389887269929566,,0.040292,16,5,Pauls-MacBook-Pro,936381b-dirty,2026-09-29T07:46:28Z
rayon-tiled,cpu,Apple M1 Pro,i32,512,4,53.04917487216225,0.0,5.060125,5.026291,0.03427387432578931,,0.040375,32,5,Pauls-MacBook-Pro,936381b-dirty,2026-09-29T07:46:28Z
rayon-tiled,cpu,Apple M1 Pro,i32,512,4,75.50041415676418,0.0,3.555417,3.532542,0.02599208688620448,,0.043583,64,5,Pauls-MacBook-Pro,936381b-dirty,2026-09-29T07:46:28Z
rayon-tiled,cpu,Apple M1 Pro,i32,512,4,89.10105327167453,0.0,3.012708,2.9750419999999997,0.027595530060138446,,0.04875,128,5,Pauls-MacBook-Pro,936381b-dirty,2026-09-29T07:46:28Z
rayon-tiled,cpu,Apple M1 Pro,i32,512,4,83.25624649526334,0.0,3.224208,3.211625,0.01437391793144779,,0.048833,256,5,Pauls-MacBook-Pro,936381b-dirty,2026-09-29T07:46:28Z
rayon-tiled,cpu,Apple M1 Pro,i32,512,8,67.5762721806052,0.0,3.972333,3.9216670000000002,0.038338646770588986,,0.094792,16,5,Pauls-MacBook-Pro,936381b-dirty,2026-09-29T07:46:28Z
rayon-tiled,cpu,Apple M1 Pro,i32,512,8,95.69891479500892,0.0,2.805,2.762791,0.23852020836545487,,0.099667,32,5,Pauls-MacBook-Pro,936381b-dirty,2026-09-29T07:46:28Z
rayon-tiled,cpu,Apple M1 Pro,i32,512,8,139.19686962491812,0.0,1.928459,1.909834,0.15973202915821239,,0.081666,64,5,Pauls-MacBook-Pro,936381b-dirty,2026-09-29T07:46:28Z
rayon-tiled,cpu,Apple M1 Pro,i32,512,8,166.41566431624221,0.0,1.613042,1.588208,0.16630641957904094,,0.093125,128,5,Pauls-MacBook-Pro,936381b-dirty,2026-09-29T07:46:28Z
rayon-tiled,cpu,Apple M1 Pro,i32,512,8,155.61845585895082,0.0,1.7249590000000001,1.6841670000000002,0.14018727999964908,,0.077583,256,5,Pauls-MacBook-Pro,936381b-dirty,2026-09-29T07:46:28Z
rayon-tiled,cpu,Apple M1 Pro,i32,512,10,67.83740379808958,0.0,3.957042,3.947916,0.07327732635133477,,0.112958,16,5,Pauls-MacBook-Pro,936381b-dirty,2026-09-29T07:46:28Z
rayon-tiled,cpu,Apple M1 Pro,i32,512,10,101.09611373693625,0.0,2.65525,2.645209,0.053305764647925365,,0.10054099999999999,32,5,Pauls-MacBook-Pro,936381b-dirty,2026-09-29T07:46:28Z
rayon-tiled,cpu,Apple M1 Pro,i32,512,10,142.74996476923988,0.0,1.8804589999999999,1.8678329999999999,0.028973960821744776,,0.100375,64,5,Pauls-MacBook-Pro,936381b-dirty,2026-09-29T07:46:28Z
rayon-tiled,cpu,Apple M1 Pro,i32,512,10,162.2497857304326,0.0,1.654458,1.582625,0.04376551472563758,,0.097083,128,5,Pauls-MacBook-Pro,936381b-dirty,2026-09-29T07:46:28Z
rayon-tiled,cpu,Apple M1 Pro,i32,512,10,154.68440884535045,0.0,1.735375,1.6887919999999998,0.045352802622329796,,0.10137499999999999,256,5,Pauls-MacBook-Pro,936381b-dirty,2026-09-29T07:46:28Z
rayon-tiled,cpu,Apple M1 Pro,i32,1024,1,9.115538047212675,0.0,235.584958,233.63762499999999,2.8541196792363497,,0.041208,16,5,Pauls-MacBook-Pro,936381b-dirty,2026-09-29T07:46:28Z
rayon-tiled,cpu,Apple M1 Pro,i32,1024,1,12.47935100883522,0.0,172.08295900000002,167.501709,2.253244871335891,,0.049583,32,5,Pauls-MacBook-Pro,936381b-dirty,2026-09-29T07:46:28Z
rayon-tiled,cpu,Apple M1 Pro,i32,1024,1,17.963953954007625,0.0,119.544041,118.43950000000001,1.0364159821599133,,0.039584,64,5,Pauls-MacBook-Pro,936381b-dirty,2026-09-29T07:46:28Z
rayon-tiled,cpu,Apple M1 Pro,i32,1024,1,21.71406203860427,0.0,98.898292,98.104667,0.7302862000101725,,0.0295,128,5,Pauls-MacBook-Pro,936381b-dirty,2026-09-29T07:46:28Z
rayon-tiled,cpu,Apple M1 Pro,i32,1024,1,21.622853997209578,0.0,99.31545799999999,98.852917,1.0135017132845396,,0.04725,256,5,Pauls-MacBook-Pro,936381b-dirty,2026-09-29T07:46:28Z
rayon-tiled,cpu,Apple M1 Pro,i32,1024,2,17.729483162022706,0.0,121.125,120.321,0.5629904285956367,,0.062,16,5,Pauls-MacBook-Pro,936381b-dirty,2026-09-29T07:46:28Z
rayon-tiled,cpu,Apple M1 Pro,i32,1024,2,25.21952632142957,0.0,85.151625,84.801,0.4102250915859519,,0.15054099999999998,32,5,Pauls-MacBook-Pro,936381b-dirty,2026-09-29T07:46:28Z
rayon-tiled,cpu,Apple M1 Pro,i32,1024,2,35.57178814205951,0.0,60.370416000000006,60.278958,0.06454455801769592,,0.157916,64,5,Pauls-MacBook-Pro,936381b-dirty,2026-09-29T07:46:28Z
rayon-tiled,cpu,Apple M1 Pro,i32,1024,2,39.068184024027396,0.0,54.967583,51.471416,1.7686185863101471,,0.06175,128,5,Pauls-MacBook-Pro,936381b-dirty,2026-09-29T07:46:28Z
rayon-tiled,cpu,Apple M1 Pro,i32,1024,2,41.15927890157573,0.0,52.174958000000004,51.729166,2.3869752131591793,,0.062334,256,5,Pauls-MacBook-Pro,936381b-dirty,2026-09-29T07:46:28Z
rayon-tiled,cpu,Apple M1 Pro,i32,1024,4,34.5928019748283,0.0,62.078916,61.726792,0.21811306011951592,,0.055458,16,5,Pauls-MacBook-Pro,936381b-dirty,2026-09-29T07:46:28Z
rayon-tiled,cpu,Apple M1 Pro,i32,1024,4,48.476612773882245,0.0,44.299375000000005,44.0975,1.4557087770410007,,0.061583,32,5,Pauls-MacBook-Pro,936381b-dirty,2026-09-29T07:46:28Z
rayon-tiled,cpu,Apple M1 Pro,i32,1024,4,69.6225288352936,0.0,30.844666,30.683167,0.4709530454836236,,0.07675,64,5,Pauls-MacBook-Pro,936381b-dirty,2026-09-29T07:46:28Z
rayon-tiled,cpu,Apple M1 Pro,i32,1024,4,78.73859653863595,0.0,27.273583000000002,26.238042,4.126925465760765,,0.084417,128,5,Pauls-MacBook-Pro,936381b-dirty,2026-09-29T07:46:28Z
rayon-tiled,cpu,Apple M1 Pro,i32,1024,4,76.43129130502112,0.0,28.096916999999998,26.566625,0.9961974429256989,,0.066458,256,5,Pauls-MacBook-Pro,936381b-dirty,2026-09-29T07:46:28Z
rayon-tiled,cpu,Apple M1 Pro,i32,1024,8,67.39502961402518,0.0,31.864125,31.78475,0.18600985267399262,,0.107625,16,5,Pauls-MacBook-Pro,936381b-dirty,2026-09-29T07:46:28Z
rayon-tiled,cpu,Apple M1 Pro,i32,1024,8,90.89525066900049,0.0,23.625917,23.236625,0.8274751636286731,,0.119583,32,5,Pauls-MacBook-Pro,936381b-dirty,2026-09-29T07:46:28Z
rayon-tiled,cpu,Apple M1 Pro,i32,1024,8,130.24689103307463,0.0,16.487792000000002,16.200542,0.45532105004633794,,0.109042,64,5,Pauls-MacBook-Pro,936381b-dirty,2026-09-29T07:46:28Z
rayon-tiled,cpu,Apple M1 Pro,i32,1024,8,147.7071580637511,0.0,14.538792,13.679,4.4153768682334125,,0.154,128,5,Pauls-MacBook-Pro,936381b-dirty,2026-09-29T07:46:28Z
rayon-tiled,cpu,Apple M1 Pro,i32,1024,8,157.2676860668484,0.0,13.654958,13.478875,0.21380238403652124,,0.096375,256,5,Pauls-MacBook-Pro,936381b-dirty,2026-09-29T07:46:28Z
rayon-tiled,cpu,Apple M1 Pro,i32,1024,10,71.34843007838819,0.0,30.098541,29.442542,0.4475276893392182,,0.146458,16,5,Pauls-MacBook-Pro,936381b-dirty,2026-09-29T07:46:28Z
rayon-tiled,cpu,Apple M1 Pro,i32,1024,10,95.51446631536052,0.0,22.483334,22.371458,0.11103638899342849,,0.150167,32,5,Pauls-MacBook-Pro,936381b-dirty,2026-09-29T07:46:28Z
rayon-tiled,cpu,Apple M1 Pro,i32,1024,10,142.3761765682234,0.0,15.083167,14.79425,1.0252383228026551,,0.137875,64,5,Pauls-MacBook-Pro,936381b-dirty,2026-09-29T07:46:28Z
rayon-tiled,cpu,Apple M1 Pro,i32,1024,10,161.05976769117208,0.0,13.333458,13.248875,0.04347940601365189,,0.125459,128,5,Pauls-MacBook-Pro,936381b-dirty,2026-09-29T07:46:28Z
rayon-tiled,cpu,Apple M1 Pro,i32,1024,10,159.87073621127664,0.0,13.432625,13.407625,0.03251700273395435,,0.13341699999999998,256,5,Pauls-MacBook-Pro,936381b-dirty,2026-09-29T07:46:28Z
rayon-tiled,cpu,Apple M1 Pro,i32,2048,1,8.057458457048272,0.0,2132.16975,2106.8015,11.714616861040737,,0.040709,16,5,Pauls-MacBook-Pro,936381b-dirty,2026-09-29T07:46:28Z
rayon-tiled,cpu,Apple M1 Pro,i32,2048,1,11.186310914093946,0.0,1535.794,1509.178833,18.040327903482897,,0.040458,32,5,Pauls-MacBook-Pro,936381b-dirty,2026-09-29T07:46:28Z
rayon-tiled,cpu,Apple M1 Pro,i32,2048,1,14.862950144937447,0.0,1155.885542,1146.042875,7.0990016880539,,0.053916,64,5,Pauls-MacBook-Pro,936381b-dirty,2026-09-29T07:46:28Z
rayon-tiled,cpu,Apple M1 Pro,i32,2048,1,17.923970879785728,0.0,958.485667,956.1937499999999,13.766950876841586,,0.0465,128,5,Pauls-MacBook-Pro,936381b-dirty,2026-09-29T07:46:28Z
rayon-tiled,cpu,Apple M1 Pro,i32,2048,1,19.33251762766277,0.0,888.651417,884.532833,15.144054072274916,,0.045458,256,5,Pauls-MacBook-Pro,936381b-dirty,2026-09-29T07:46:28Z
rayon-tiled,cpu,Apple M1 Pro,i32,2048,2,15.859660177200336,0.0,1083.243209,1081.490875,1.2610530510853932,,0.08574999999999999,16,5,Pauls-MacBook-Pro,936381b-dirty,2026-09-29T07:46:28Z
rayon-tiled,cpu,Apple M1 Pro,i32,2048,2,20.711009080257732,0.0,829.5042080000001,821.035916,18.446651443542017,,0.067459,32,5,Pauls-MacBook-Pro,936381b-dirty,2026-09-29T07:46:28Z
rayon-tiled,cpu,Apple M1 Pro,i32,2048,2,27.2886273763564,0.0,629.5615,610.4775420000001,14.810365825859202,,0.065042,64,5,Pauls-MacBook-Pro,936381b-dirty,2026-09-29T07:46:28Z
rayon-tiled,cpu,Apple M1 Pro,i32,2048,2,31.363354086155404,0.0,547.7688750000001,514.8373750000001,22.904630844256776,,0.04575,128,5,Pauls-MacBook-Pro,936381b-dirty,2026-09-29T07:46:28Z
rayon-tiled,cpu,Apple M1 Pro,i32,2048,2,32.57983932282209,0.0,527.315958,497.285708,14.230969078935283,,0.062042,256,5,Pauls-MacBook-Pro,936381b-dirty,2026-09-29T07:46:28Z
rayon-tiled,cpu,Apple M1 Pro,i32,2048,4,30.8301603476108,0.0,557.242291,555.78325,2.432916027617153,,0.081375,16,5,Pauls-MacBook-Pro,936381b-dirty,2026-09-29T07:46:28Z
rayon-tiled,cpu,Apple M1 Pro,i32,2048,4,41.57807716022959,0.0,413.19537499999996,408.233167,6.963795702210987,,0.093459,32,5,Pauls-MacBook-Pro,936381b-dirty,2026-09-29T07:46:28Z
rayon-tiled,cpu,Apple M1 Pro,i32,2048,4,56.43455773396616,0.0,304.42108299999995,302.633792,13.958622249356269,,0.08016699999999999,64,5,Pauls-MacBook-Pro,936381b-dirty,2026-09-29T07:46:28Z
rayon-tiled,cpu,Apple M1 Pro,i32,2048,4,64.03758228076596,0.0,268.277917,259.3725,6.703988707320588,,0.07120900000000001,128,5,Pauls-MacBook-Pro,936381b-dirty,2026-09-29T07:46:28Z
rayon-tiled,cpu,Apple M1 Pro,i32,2048,4,60.6108376530938,0.0,283.44550000000004,242.60179200000002,24.385144583174327,,0.083792,256,5,Pauls-MacBook-Pro,936381b-dirty,2026-09-29T07:46:28Z
rayon-tiled,cpu,Apple M1 Pro,i32,2048,8,54.96206810694765,0.0,312.576833,296.69849999999997,17.734098008449983,,0.129792,16,5,Pauls-MacBook-Pro,936381b-dirty,2026-09-29T07:46:28Z
rayon-tiled,cpu,Apple M1 Pro,i32,2048,8,76.50976496711519,0.0,224.544791,213.646959,7.562958691788201,,0.121542,32,5,Pauls-MacBook-Pro,936381b-dirty,2026-09-29T07:46:28Z
rayon-tiled,cpu,Apple M1 Pro,i32,2048,8,114.33209423152593,0.0,150.26287499999998,149.75491699999998,0.5073460415212715,,0.114875,64,5,Pauls-MacBook-Pro,936381b-dirty,2026-09-29T07:46:28Z
rayon-tiled,cpu,Apple M1 Pro,i32,2048,8,133.17895813803855,0.0,128.998375,127.05666700000002,7.320788802843791,,0.133791,128,5,Pauls-MacBook-Pro,936381b-dirty,2026-09-29T07:46:28Z
rayon-tiled,cpu,Apple M1 Pro,i32,2048,8,142.43751311991727,0.0,120.61337499999999,118.941458,1.990212006877533,,0.108875,256,5,Pauls-MacBook-Pro,936381b-dirty,2026-09-29T07:46:28Z
rayon-tiled,cpu,Apple M1 Pro,i32,2048,10,62.103591560466846,0.0,276.63245800000004,269.2665,7.367734890357645,,0.15470899999999999,16,5,Pauls-MacBook-Pro,936381b-dirty,2026-09-29T07:46:28Z
rayon-tiled,cpu,Apple M1 Pro,i32,2048,10,86.08990937800459,0.0,199.557292,192.93654199999997,11.193149107250024,,0.1415,32,5,Pauls-MacBook-Pro,936381b-dirty,2026-09-29T07:46:28Z
rayon-tiled,cpu,Apple M1 Pro,i32,2048,10,110.14801931772465,0.0,155.97074999999998,148.727292,12.634058096095401,,0.146583,64,5,Pauls-MacBook-Pro,936381b-dirty,2026-09-29T07:46:28Z
rayon-tiled,cpu,Apple M1 Pro,i32,2048,10,132.31908659516037,0.0,129.83666699999998,122.27779199999999,14.19479204133148,,0.140667,128,5,Pauls-MacBook-Pro,936381b-dirty,2026-09-29T07:46:28Z
rayon-tiled,cpu,Apple M1 Pro,i32,2048,10,134.35453240333013,0.0,127.869666,125.02775,3.059991392335415,,0.16316599999999998,256,5,Pauls-MacBook-Pro,936381b-dirty,2026-09-29T07:46:28Z
rayon-tiled,cpu,Apple M1 Pro,i32,4096,1,7.5448826928349195,0.0,18216.181625,18149.984,32.52052877095706,,0.041291999999999995,16,5,Pauls-MacBook-Pro,936381b-dirty,2026-09-29T07:46:28Z
rayon-tiled,cpu,Apple M1 Pro,i32,4096,1,11.274091299404594,0.0,12190.690125,12136.853625,87.51439116815891,,0.05175,32,5,Pauls-MacBook-Pro,936381b-dirty,2026-09-29T07:46:28Z
rayon-tiled,cpu,Apple M1 Pro,i32,4096,1,16.13604230668074,0.0,8517.513208,8452.883417000001,41.42404412562758,,0.039542,64,5,Pauls-MacBook-Pro,936381b-dirty,2026-09-29T07:46:28Z
rayon-tiled,cpu,Apple M1 Pro,i32,4096,1,19.922465515491922,0.0,6898.692000000001,6853.312457999999,35.71640539693651,,0.045250000000000005,128,5,Pauls-MacBook-Pro,936381b-dirty,2026-09-29T07:46:28Z
rayon-tiled,cpu,Apple M1 Pro,i32,4096,1,19.270115132699058,0.0,7132.233125,7104.441917,58.45972147083322,,0.042292,256,5,Pauls-MacBook-Pro,936381b-dirty,2026-09-29T07:46:28Z
rayon-tiled,cpu,Apple M1 Pro,i32,4096,2,14.782851852745177,0.0,9297.188042,9268.462417,23.352701045635435,,0.06691699999999999,16,5,Pauls-MacBook-Pro,936381b-dirty,2026-09-29T07:46:28Z
rayon-tiled,cpu,Apple M1 Pro,i32,4096,2,22.104047918034592,0.0,6217.818292,6198.958125,36.60880954310828,,0.066,32,5,Pauls-MacBook-Pro,936381b-dirty,2026-09-29T07:46:28Z
rayon-tiled,cpu,Apple M1 Pro,i32,4096,2,31.60571815108021,0.0,4348.5470829999995,4336.578624999999,12.603216952055536,,0.061042000000000006,64,5,Pauls-MacBook-Pro,936381b-dirty,2026-09-29T07:46:28Z
rayon-tiled,cpu,Apple M1 Pro,i32,4096,2,39.205790991592224,0.0,3505.577875,3497.391625,14.796102190503058,,0.073125,128,5,Pauls-MacBook-Pro,936381b-dirty,2026-09-29T07:46:28Z
rayon-tiled,cpu,Apple M1 Pro,i32,4096,2,31.0455855609527,0.0,4427.004709,4298.313167,61.26540602369987,,0.064416,256,5,Pauls-MacBook-Pro,936381b-dirty,2026-09-29T07:46:28Z
rayon-tiled,cpu,Apple M1 Pro,i32,4096,4,29.089444094835326,0.0,4724.701958,4724.359625,1.6065941466139912,,0.080292,16,5,Pauls-MacBook-Pro,936381b-dirty,2026-09-29T07:46:28Z
rayon-tiled,cpu,Apple M1 Pro,i32,4096,4,43.631708709431784,0.0,3149.978709,3144.945042,4.798908187790992,,0.087834,32,5,Pauls-MacBook-Pro,936381b-dirty,2026-09-29T07:46:28Z
rayon-tiled,cpu,Apple M1 Pro,i32,4096,4,61.96469501526431,0.0,2218.020333,2215.430291,3.52892168117727,,0.096458,64,5,Pauls-MacBook-Pro,936381b-dirty,2026-09-29T07:46:28Z
rayon-tiled,cpu,Apple M1 Pro,i32,4096,4,78.5474461045558,0.0,1749.7571249999999,1749.0189579999999,1.0567081658019275,,0.08512499999999999,128,5,Pauls-MacBook-Pro,936381b-dirty,2026-09-29T07:46:28Z
rayon-tiled,cpu,Apple M1 Pro,i32,4096,4,73.33587537774606,0.0,1874.102583,1852.1105,14.20292367505603,,0.102209,256,5,Pauls-MacBook-Pro,936381b-dirty,2026-09-29T07:46:28Z
rayon-tiled,cpu,Apple M1 Pro,i32,4096,8,57.4182793847894,0.0,2393.644584,2392.704209,2.7729129010083438,,0.169208,16,5,Pauls-MacBook-Pro,936381b-dirty,2026-09-29T07:46:28Z
rayon-tiled,cpu,Apple M1 Pro,i32,4096,8,86.2232421820186,0.0,1593.989625,1591.944,1.452328931423167,,0.11412499999999999,32,5,Pauls-MacBook-Pro,936381b-dirty,2026-09-29T07:46:28Z
rayon-tiled,cpu,Apple M1 Pro,i32,4096,8,117.92526525162604,0.0,1165.475042,1163.912625,5.586990753970103,,0.16145800000000002,64,5,Pauls-MacBook-Pro,936381b-dirty,2026-09-29T07:46:28Z
rayon-tiled,cpu,Apple M1 Pro,i32,4096,8,156.62640620791575,0.0,877.495416,876.682208,0.9336922364924611,,0.177083,128,5,Pauls-MacBook-Pro,936381b-dirty,2026-09-29T07:46:28Z
rayon-tiled,cpu,Apple M1 Pro,i32,4096,8,150.49459808918562,0.0,913.248417,911.954833,2.106172011950507,,0.17241700000000001,256,5,Pauls-MacBook-Pro,936381b-dirty,2026-09-29T07:46:28Z
rayon-tiled,cpu,Apple M1 Pro,i32,4096,10,63.776061343816934,0.0,2155.024167,2138.2949999999996,215.4482679304986,,0.189167,16,5,Pauls-MacBook-Pro,936381b-dirty,2026-09-29T07:46:28Z
rayon-tiled,cpu,Apple M1 Pro,i32,4096,10,95.542774247707,0.0,1438.507041,1427.6233750000001,19.46485507584322,,0.189083,32,5,Pauls-MacBook-Pro,936381b-dirty,2026-09-29T07:46:28Z
rayon-tiled,cpu,Apple M1 Pro,i32,4096,10,131.46172309841518,0.0,1045.467458,1037.0144169999999,6.894590689203206,,0.183167,64,5,Pauls-MacBook-Pro,936381b-dirty,2026-09-29T07:46:28Z
rayon-tiled,cpu,Apple M1 Pro,i32,4096,10,159.12245800675822,0.0,863.730709,837.580375,61.568266090987876,,0.172375,128,5,Pauls-MacBook-Pro,936381b-dirty,2026-09-29T07:46:28Z
rayon-tiled,cpu,Apple M1 Pro,i32,4096,10,121.15584062640218,0.0,1134.3980840000002,1031.255833,56.584092331343754,,0.177125,256,5,Pauls-MacBook-Pro,936381b-dirty,2026-09-29T07:46:28Z
rayon-tiled,cpu,Apple M1 Pro,i64,64,1,5.159045510455105,0.0,0.10162500000000001,0.100167,0.006361246615247675,,0.031583,16,5,Pauls-MacBook-Pro,936381b-dirty,2026-09-29T07:46:28Z
rayon-tiled,cpu,Apple M1 Pro,i64,64,1,5.693645949849592,0.0,0.09208300000000001,0.091375,0.0004918051443407246,,0.024916999999999998,32,5,Pauls-MacBook-Pro,936381b-dirty,2026-09-29T07:46:28Z
rayon-tiled,cpu,Apple M1 Pro,i64,64,1,5.530989228935237,0.0,0.094791,0.092375,0.005130218777011372,,0.018667,64,5,Pauls-MacBook-Pro,936381b-dirty,2026-09-29T07:46:28Z
rayon-tiled,cpu,Apple M1 Pro,i64,64,1,5.533382585751979,0.0,0.09475,0.09320800000000001,0.003360637558559387,,0.023917,128,5,Pauls-MacBook-Pro,936381b-dirty,2026-09-29T07:46:28Z
rayon-tiled,cpu,Apple M1 Pro,i64,64,1,5.655261681839755,0.0,0.092708,0.091625,0.00343490863051697,,0.021292,256,5,Pauls-MacBook-Pro,936381b-dirty,2026-09-29T07:46:28Z
rayon-tiled,cpu,Apple M1 Pro,i64,64,2,9.525235274881,0.0,0.055042,0.05450000000000001,0.0013261426016835415,,0.032875,16,5,Pauls-MacBook-Pro,936381b-dirty,2026-09-29T07:46:28Z
rayon-tiled,cpu,Apple M1 Pro,i64,64,2,9.42540224719101,0.0,0.055624999999999994,0.052167,0.006883191084083024,,0.025916,32,5,Pauls-MacBook-Pro,936381b-dirty,2026-09-29T07:46:28Z
rayon-tiled,cpu,Apple M1 Pro,i64,64,2,7.913781132075472,0.0,0.06625,0.051458000000000004,0.013423818596062743,,0.028166,64,5,Pauls-MacBook-Pro,936381b-dirty,2026-09-29T07:46:28Z
rayon-tiled,cpu,Apple M1 Pro,i64,64,2,10.196981484362844,0.0,0.051415999999999996,0.051292000000000004,0.013389442109363632,,0.028042,128,5,Pauls-MacBook-Pro,936381b-dirty,2026-09-29T07:46:28Z
rayon-tiled,cpu,Apple M1 Pro,i64,64,2,9.151315215304324,0.0,0.057290999999999995,0.050374999999999996,0.02150055429052935,,0.024958,256,5,Pauls-MacBook-Pro,936381b-dirty,2026-09-29T07:46:28Z
rayon-tiled,cpu,Apple M1 Pro,i64,64,4,11.533459457081262,0.0,0.045458,0.041999999999999996,0.019596835420546858,,0.040333,16,5,Pauls-MacBook-Pro,936381b-dirty,2026-09-29T07:46:28Z
rayon-tiled,cpu,Apple M1 Pro,i64,64,4,11.82613403108294,0.0,0.044333,0.038458,0.004214299407968068,,0.041958,32,5,Pauls-MacBook-Pro,936381b-dirty,2026-09-29T07:46:28Z
rayon-tiled,cpu,Apple M1 Pro,i64,64,4,14.530055704902585,0.0,0.036083,0.033042,0.017909247267822285,,0.048792,64,5,Pauls-MacBook-Pro,936381b-dirty,2026-09-29T07:46:28Z
rayon-tiled,cpu,Apple M1 Pro,i64,64,4,13.38630444773528,0.0,0.039166,0.03625,0.014729817744968874,,0.041791,128,5,Pauls-MacBook-Pro,936381b-dirty,2026-09-29T07:46:28Z
rayon-tiled,cpu,Apple M1 Pro,i64,64,4,14.665398601398602,0.0,0.035750000000000004,0.029833000000000002,0.004080026556286123,,0.041333,256,5,Pauls-MacBook-Pro,936381b-dirty,2026-09-29T07:46:28Z
rayon-tiled,cpu,Apple M1 Pro,i64,64,8,9.612555461845917,0.0,0.054542,0.045625,0.011678439780210367,,0.081709,16,5,Pauls-MacBook-Pro,936381b-dirty,2026-09-29T07:46:28Z
rayon-tiled,cpu,Apple M1 Pro,i64,64,8,8.553938523787771,0.0,0.06129199999999999,0.039916999999999994,0.01915656001739352,,0.111208,32,5,Pauls-MacBook-Pro,936381b-dirty,2026-09-29T07:46:28Z
rayon-tiled,cpu,Apple M1 Pro,i64,64,8,9.679103513209151,0.0,0.054167,0.031,0.020705171793539888,,0.095375,64,5,Pauls-MacBook-Pro,936381b-dirty,2026-09-29T07:46:28Z
rayon-tiled,cpu,Apple M1 Pro,i64,64,8,7.145321976149916,0.0,0.073375,0.038,0.02472556762745802,,0.10183299999999999,128,5,Pauls-MacBook-Pro,936381b-dirty,2026-09-29T07:46:28Z
rayon-tiled,cpu,Apple M1 Pro,i64,64,8,8.484722941481099,0.0,0.06179199999999999,0.052583,0.012716021174093725,,0.12229100000000001,256,5,Pauls-MacBook-Pro,936381b-dirty,2026-09-29T07:46:28Z
rayon-tiled,cpu,Apple M1 Pro,i64,64,10,11.315405533733328,0.0,0.046334,0.038417,0.007935983902453432,,0.12224999999999998,16,5,Pauls-MacBook-Pro,936381b-dirty,2026-09-29T07:46:28Z
rayon-tiled,cpu,Apple M1 Pro,i64,64,10,11.214716577540107,0.0,0.04675,0.036125,0.005259644731348307,,0.128458,32,5,Pauls-MacBook-Pro,936381b-dirty,2026-09-29T07:46:28Z
rayon-tiled,cpu,Apple M1 Pro,i64,64,10,12.82661773700306,0.0,0.040874999999999995,0.034332999999999995,0.013741009235132624,,0.13799999999999998,64,5,Pauls-MacBook-Pro,936381b-dirty,2026-09-29T07:46:28Z
rayon-tiled,cpu,Apple M1 Pro,i64,64,10,8.744108474123985,0.0,0.059959,0.040917,0.024131251639730584,,0.128917,128,5,Pauls-MacBook-Pro,936381b-dirty,2026-09-29T07:46:28Z
rayon-tiled,cpu,Apple M1 Pro,i64,64,10,5.055424846684923,0.0,0.10370800000000001,0.035292,0.04728933423088128,,0.128,256,5,Pauls-MacBook-Pro,936381b-dirty,2026-09-29T07:46:28Z
rayon-tiled,cpu,Apple M1 Pro,i64,128,1,5.6070434547792765,0.0,0.748042,0.746834,0.0019334070445718387,,0.01475,16,5,Pauls-MacBook-Pro,936381b-dirty,2026-09-29T07:46:28Z
rayon-tiled,cpu,Apple M1 Pro,i64,128,1,6.0963720930232554,0.0,0.6880000000000001,0.685333,0.015638068758641523,,0.017082999999999997,32,5,Pauls-MacBook-Pro,936381b-dirty,2026-09-29T07:46:28Z
rayon-tiled,cpu,Apple M1 Pro,i64,128,1,6.119721320445012,0.0,0.685375,0.6813750000000001,0.003989973721717969,,0.008875000000000001,64,5,Pauls-MacBook-Pro,936381b-dirty,2026-09-29T07:46:28Z
rayon-tiled,cpu,Apple M1 Pro,i64,128,1,6.115634564099424,0.0,0.6858329999999999,0.684541,0.0007867214882027548,,0.012709,128,5,Pauls-MacBook-Pro,936381b-dirty,2026-09-29T07:46:28Z
rayon-tiled,cpu,Apple M1 Pro,i64,128,1,6.101915257319512,0.0,0.6873750000000001,0.684875,0.007570723036804325,,0.012459000000000001,256,5,Pauls-MacBook-Pro,936381b-dirty,2026-09-29T07:46:28Z
rayon-tiled,cpu,Apple M1 Pro,i64,128,2,9.853486410738912,0.0,0.425667,0.423375,0.005903294529328504,,0.023208,16,5,Pauls-MacBook-Pro,936381b-dirty,2026-09-29T07:46:28Z
rayon-tiled,cpu,Apple M1 Pro,i64,128,2,11.366677506775066,0.0,0.36900000000000005,0.36166699999999996,0.004056188888599764,,0.024624999999999998,32,5,Pauls-MacBook-Pro,936381b-dirty,2026-09-29T07:46:28Z
rayon-tiled,cpu,Apple M1 Pro,i64,128,2,10.93334376018247,0.0,0.383625,0.377292,0.006806598621925648,,0.024542,64,5,Pauls-MacBook-Pro,936381b-dirty,2026-09-29T07:46:28Z
rayon-tiled,cpu,Apple M1 Pro,i64,128,2,11.396295521422886,0.0,0.368041,0.359166,0.015001296567297108,,0.016416,128,5,Pauls-MacBook-Pro,936381b-dirty,2026-09-29T07:46:28Z
rayon-tiled,cpu,Apple M1 Pro,i64,128,2,11.62124255715303,0.0,0.360917,0.360167,0.006145960177222115,,0.026166,256,5,Pauls-MacBook-Pro,936381b-dirty,2026-09-29T07:46:28Z
rayon-tiled,cpu,Apple M1 Pro,i64,128,4,15.033347670250896,0.0,0.279,0.238459,0.03651871365889003,,0.03925,16,5,Pauls-MacBook-Pro,936381b-dirty,2026-09-29T07:46:28Z
rayon-tiled,cpu,Apple M1 Pro,i64,128,4,18.10816621694549,0.0,0.231625,0.216833,0.02372534913757855,,0.056916,32,5,Pauls-MacBook-Pro,936381b-dirty,2026-09-29T07:46:28Z
rayon-tiled,cpu,Apple M1 Pro,i64,128,4,21.068117317902583,0.0,0.19908299999999998,0.192833,0.021759644925871388,,0.056499999999999995,64,5,Pauls-MacBook-Pro,936381b-dirty,2026-09-29T07:46:28Z
rayon-tiled,cpu,Apple M1 Pro,i64,128,4,19.086707622298064,0.0,0.21975,0.20174999999999998,0.008428565109198602,,0.037583000000000005,128,5,Pauls-MacBook-Pro,936381b-dirty,2026-09-29T07:46:28Z
rayon-tiled,cpu,Apple M1 Pro,i64,128,4,19.538652890290543,0.0,0.214667,0.214,0.023631662759949854,,0.049333999999999996,256,5,Pauls-MacBook-Pro,936381b-dirty,2026-09-29T07:46:28Z
rayon-tiled,cpu,Apple M1 Pro,i64,128,8,19.406843262001157,0.0,0.216125,0.179583,0.03972511623393944,,0.079375,16,5,Pauls-MacBook-Pro,936381b-dirty,2026-09-29T07:46:28Z
rayon-tiled,cpu,Apple M1 Pro,i64,128,8,26.722290534470787,0.0,0.156959,0.131125,0.028816155772413508,,0.096208,32,5,Pauls-MacBook-Pro,936381b-dirty,2026-09-29T07:46:28Z
rayon-tiled,cpu,Apple M1 Pro,i64,128,8,20.551951901922255,0.0,0.20408300000000001,0.117958,0.051720273534659515,,0.08429199999999999,64,5,Pauls-MacBook-Pro,936381b-dirty,2026-09-29T07:46:28Z
rayon-tiled,cpu,Apple M1 Pro,i64,128,8,22.987778009185675,0.0,0.182458,0.160792,0.02134437393553627,,0.08795900000000001,128,5,Pauls-MacBook-Pro,936381b-dirty,2026-09-29T07:46:28Z
rayon-tiled,cpu,Apple M1 Pro,i64,128,8,24.391302577940092,0.0,0.171959,0.158792,0.018420729347666993,,0.125167,256,5,Pauls-MacBook-Pro,936381b-dirty,2026-09-29T07:46:28Z
rayon-tiled,cpu,Apple M1 Pro,i64,128,10,21.596968199044323,0.0,0.194208,0.176042,0.02069501097607826,,0.11012499999999999,16,5,Pauls-MacBook-Pro,936381b-dirty,2026-09-29T07:46:28Z
rayon-tiled,cpu,Apple M1 Pro,i64,128,10,23.984583273766976,0.0,0.174875,0.16387500000000002,0.01980172256900899,,0.12025,32,5,Pauls-MacBook-Pro,936381b-dirty,2026-09-29T07:46:28Z
rayon-tiled,cpu,Apple M1 Pro,i64,128,10,28.02424048053345,0.0,0.149667,0.143667,0.014428612105812533,,0.119459,64,5,Pauls-MacBook-Pro,936381b-dirty,2026-09-29T07:46:28Z
rayon-tiled,cpu,Apple M1 Pro,i64,128,10,27.451070736687782,0.0,0.152792,0.143667,0.022145582708522262,,0.115458,128,5,Pauls-MacBook-Pro,936381b-dirty,2026-09-29T07:46:28Z
rayon-tiled,cpu,Apple M1 Pro,i64,128,10,30.615357664233578,0.0,0.13699999999999998,0.134125,0.007688863264488458,,0.12495799999999999,256,5,Pauls-MacBook-Pro,936381b-dirty,2026-09-29T07:46:28Z
rayon-tiled,cpu,Apple M1 Pro,i64,256,1,5.57656602696142,0.0,6.017042,5.989292,0.018800072252520762,,0.013375,16,5,Pauls-MacBook-Pro,936381b-dirty,2026-09-29T07:46:28Z
rayon-tiled,cpu,Apple M1 Pro,i64,256,1,6.08402828055796,0.0,5.515167,5.450375,0.05204755473891159,,0.014667,32,5,Pauls-MacBook-Pro,936381b-dirty,2026-09-29T07:46:28Z
rayon-tiled,cpu,Apple M1 Pro,i64,256,1,6.123490567328969,0.0,5.479625,5.461709,0.034864415220967185,,0.020083,64,5,Pauls-MacBook-Pro,936381b-dirty,2026-09-29T07:46:28Z
rayon-tiled,cpu,Apple M1 Pro,i64,256,1,6.134218347866434,0.0,5.470041999999999,5.42825,0.035733880964708864,,0.011625,128,5,Pauls-MacBook-Pro,936381b-dirty,2026-09-29T07:46:28Z
rayon-tiled,cpu,Apple M1 Pro,i64,256,1,6.163986681668925,0.0,5.443625,5.409583,0.049942951872111126,,0.019709,256,5,Pauls-MacBook-Pro,936381b-dirty,2026-09-29T07:46:28Z
rayon-tiled,cpu,Apple M1 Pro,i64,256,2,10.74615959606182,0.0,3.122458,3.118542,0.005643577367237947,,0.029040999999999997,16,5,Pauls-MacBook-Pro,936381b-dirty,2026-09-29T07:46:28Z
rayon-tiled,cpu,Apple M1 Pro,i64,256,2,11.663500152074734,0.0,2.876875,2.8293749999999998,0.07275879138427192,,0.029124999999999998,32,5,Pauls-MacBook-Pro,936381b-dirty,2026-09-29T07:46:28Z
rayon-tiled,cpu,Apple M1 Pro,i64,256,2,11.864026164589411,0.0,2.82825,2.825667,0.017846956639718674,,0.032291,64,5,Pauls-MacBook-Pro,936381b-dirty,2026-09-29T07:46:28Z
rayon-tiled,cpu,Apple M1 Pro,i64,256,2,11.887845990711346,0.0,2.822583,2.806667,0.03951629344080741,,0.026542,128,5,Pauls-MacBook-Pro,936381b-dirty,2026-09-29T07:46:28Z
rayon-tiled,cpu,Apple M1 Pro,i64,256,2,11.94161021397749,0.0,2.809875,2.797,0.030288824650355855,,0.024834,256,5,Pauls-MacBook-Pro,936381b-dirty,2026-09-29T07:46:28Z
rayon-tiled,cpu,Apple M1 Pro,i64,256,4,20.423705168127892,0.0,1.6429159999999998,1.5979169999999998,0.06334800340184375,,0.048,16,5,Pauls-MacBook-Pro,936381b-dirty,2026-09-29T07:46:28Z
rayon-tiled,cpu,Apple M1 Pro,i64,256,4,22.265714664897143,0.0,1.5070000000000001,1.487958,0.04023430700036978,,0.053208000000000005,32,5,Pauls-MacBook-Pro,936381b-dirty,2026-09-29T07:46:28Z
rayon-tiled,cpu,Apple M1 Pro,i64,256,4,22.235599960504718,0.0,1.509041,1.474625,0.02961871426649038,,0.045042,64,5,Pauls-MacBook-Pro,936381b-dirty,2026-09-29T07:46:28Z
rayon-tiled,cpu,Apple M1 Pro,i64,256,4,22.574674627869815,0.0,1.486375,1.466583,0.015778812667624976,,0.055125,128,5,Pauls-MacBook-Pro,936381b-dirty,2026-09-29T07:46:28Z
rayon-tiled,cpu,Apple M1 Pro,i64,256,4,22.711566681286786,0.0,1.477416,1.453334,0.041740707718005955,,0.044916000000000005,256,5,Pauls-MacBook-Pro,936381b-dirty,2026-09-29T07:46:28Z
rayon-tiled,cpu,Apple M1 Pro,i64,256,8,33.52928503622284,0.0,1.0007499999999998,0.935458,0.04472369987713449,,0.090709,16,5,Pauls-MacBook-Pro,936381b-dirty,2026-09-29T07:46:28Z
rayon-tiled,cpu,Apple M1 Pro,i64,256,8,37.248226918862876,0.0,0.900833,0.866292,0.07428913295496187,,0.0965,32,5,Pauls-MacBook-Pro,936381b-dirty,2026-09-29T07:46:28Z
rayon-tiled,cpu,Apple M1 Pro,i64,256,8,39.82131078475004,0.0,0.842625,0.798708,0.025756821616806678,,0.080125,64,5,Pauls-MacBook-Pro,936381b-dirty,2026-09-29T07:46:28Z
rayon-tiled,cpu,Apple M1 Pro,i64,256,8,39.27365852231163,0.0,0.854375,0.838875,0.07589481639545614,,0.088292,128,5,Pauls-MacBook-Pro,936381b-dirty,2026-09-29T07:46:28Z
rayon-tiled,cpu,Apple M1 Pro,i64,256,8,35.447955435498,0.0,0.946583,0.8047920000000001,0.08232418214291591,,0.091792,256,5,Pauls-MacBook-Pro,936381b-dirty,2026-09-29T07:46:28Z
rayon-tiled,cpu,Apple M1 Pro,i64,256,10,34.14198135717564,0.0,0.982791,0.971375,0.04553642243633113,,0.122333,16,5,Pauls-MacBook-Pro,936381b-dirty,2026-09-29T07:46:28Z
rayon-tiled,cpu,Apple M1 Pro,i64,256,10,36.54999662324818,0.0,0.918042,0.875125,0.05625905953088806,,0.113292,32,5,Pauls-MacBook-Pro,936381b-dirty,2026-09-29T07:46:28Z
rayon-tiled,cpu,Apple M1 Pro,i64,256,10,37.64345197027065,0.0,0.891375,0.882,0.023502514642054776,,0.1265,64,5,Pauls-MacBook-Pro,936381b-dirty,2026-09-29T07:46:28Z
rayon-tiled,cpu,Apple M1 Pro,i64,256,10,39.81932602083623,0.0,0.8426669999999999,0.834458,0.0254696629208162,,0.118125,128,5,Pauls-MacBook-Pro,936381b-dirty,2026-09-29T07:46:28Z
rayon-tiled,cpu,Apple M1 Pro,i64,256,10,38.74274405570828,0.0,0.866083,0.802583,0.044163129591323125,,0.091708,256,5,Pauls-MacBook-Pro,936381b-dirty,2026-09-29T07:46:28Z
rayon-tiled,cpu,Apple M1 Pro,i64,512,1,5.516415673108328,0.0,48.661209,48.581917000000004,0.05615158279425333,,0.036375000000000005,16,5,Pauls-MacBook-Pro,936381b-dirty,2026-09-29T07:46:28Z
rayon-tiled,cpu,Apple M1 Pro,i64,512,1,5.967044613305112,0.0,44.986333,44.734542000000005,0.1588602142567494,,0.059958,32,5,Pauls-MacBook-Pro,936381b-dirty,2026-09-29T07:46:28Z
rayon-tiled,cpu,Apple M1 Pro,i64,512,1,6.0681950620910925,0.0,44.236458,44.101,0.17517621148289655,,0.020333999999999998,64,5,Pauls-MacBook-Pro,936381b-dirty,2026-09-29T07:46:28Z
rayon-tiled,cpu,Apple M1 Pro,i64,512,1,6.134762004730821,0.0,43.756457999999995,43.737875,0.02958653532098658,,0.026542,128,5,Pauls-MacBook-Pro,936381b-dirty,2026-09-29T07:46:28Z
rayon-tiled,cpu,Apple M1 Pro,i64,512,1,6.150892395162619,0.0,43.641709,43.580667,0.38936480871285795,,0.0255,256,5,Pauls-MacBook-Pro,936381b-dirty,2026-09-29T07:46:28Z
rayon-tiled,cpu,Apple M1 Pro,i64,512,2,10.39467101068318,0.0,25.824334,25.416041,0.37929337189766527,,0.038542,16,5,Pauls-MacBook-Pro,936381b-dirty,2026-09-29T07:46:28Z
rayon-tiled,cpu,Apple M1 Pro,i64,512,2,11.650423229055997,0.0,23.040833,22.997042,0.07040564257927168,,0.040042,32,5,Pauls-MacBook-Pro,936381b-dirty,2026-09-29T07:46:28Z
rayon-tiled,cpu,Apple M1 Pro,i64,512,2,11.805501639842015,0.0,22.738166,22.698708,0.03268254722631061,,0.046333,64,5,Pauls-MacBook-Pro,936381b-dirty,2026-09-29T07:46:28Z
rayon-tiled,cpu,Apple M1 Pro,i64,512,2,11.908764296171421,0.0,22.540999999999997,22.492958,0.03670091234152078,,0.04475,128,5,Pauls-MacBook-Pro,936381b-dirty,2026-09-29T07:46:28Z
rayon-tiled,cpu,Apple M1 Pro,i64,512,2,12.055259146427039,0.0,22.267083,22.253041,0.07039094606339644,,0.042166,256,5,Pauls-MacBook-Pro,936381b-dirty,2026-09-29T07:46:28Z
rayon-tiled,cpu,Apple M1 Pro,i64,512,4,20.730207429145107,0.0,12.949,12.881125,0.04217323043471965,,0.053625,16,5,Pauls-MacBook-Pro,936381b-dirty,2026-09-29T07:46:28Z
rayon-tiled,cpu,Apple M1 Pro,i64,512,4,22.343010807461646,0.0,12.014292,11.926792,0.09411420559352354,,0.06499999999999999,32,5,Pauls-MacBook-Pro,936381b-dirty,2026-09-29T07:46:28Z
rayon-tiled,cpu,Apple M1 Pro,i64,512,4,22.86551723844204,0.0,11.73975,11.710917,0.019243297968383456,,0.067125,64,5,Pauls-MacBook-Pro,936381b-dirty,2026-09-29T07:46:28Z
rayon-tiled,cpu,Apple M1 Pro,i64,512,4,23.081874110682744,0.0,11.629708,11.590083,0.035275148755179044,,0.06075,128,5,Pauls-MacBook-Pro,936381b-dirty,2026-09-29T07:46:28Z
rayon-tiled,cpu,Apple M1 Pro,i64,512,4,23.159289414315605,0.0,11.590833,11.529041,0.03234971984113627,,0.062959,256,5,Pauls-MacBook-Pro,936381b-dirty,2026-09-29T07:46:28Z
rayon-tiled,cpu,Apple M1 Pro,i64,512,8,39.467821727224276,0.0,6.801375,6.631459,0.16229207398391315,,0.093917,16,5,Pauls-MacBook-Pro,936381b-dirty,2026-09-29T07:46:28Z
rayon-tiled,cpu,Apple M1 Pro,i64,512,8,42.213470042459505,0.0,6.359,6.290417000000001,0.05625309801513118,,0.111334,32,5,Pauls-MacBook-Pro,936381b-dirty,2026-09-29T07:46:28Z
rayon-tiled,cpu,Apple M1 Pro,i64,512,8,44.56007403564833,0.0,6.024125,5.988958,0.13678824678970022,,0.115834,64,5,Pauls-MacBook-Pro,936381b-dirty,2026-09-29T07:46:28Z
rayon-tiled,cpu,Apple M1 Pro,i64,512,8,45.42759951078704,0.0,5.909083,5.889374999999999,0.05474852230425952,,0.10091599999999999,128,5,Pauls-MacBook-Pro,936381b-dirty,2026-09-29T07:46:28Z
rayon-tiled,cpu,Apple M1 Pro,i64,512,8,45.190515150964195,0.0,5.940084,5.879917,0.06466694862679086,,0.09833299999999999,256,5,Pauls-MacBook-Pro,936381b-dirty,2026-09-29T07:46:28Z
rayon-tiled,cpu,Apple M1 Pro,i64,512,10,39.78983189830682,0.0,6.746333,6.6751249999999995,0.06156268719118764,,0.130417,16,5,Pauls-MacBook-Pro,936381b-dirty,2026-09-29T07:46:28Z
rayon-tiled,cpu,Apple M1 Pro,i64,512,10,43.37007821093299,0.0,6.189416,6.1479170000000005,0.060340561090364085,,0.122708,32,5,Pauls-MacBook-Pro,936381b-dirty,2026-09-29T07:46:28Z
rayon-tiled,cpu,Apple M1 Pro,i64,512,10,44.11247787683332,0.0,6.08525,6.025834,0.037768610131960416,,0.125417,64,5,Pauls-MacBook-Pro,936381b-dirty,2026-09-29T07:46:28Z
rayon-tiled,cpu,Apple M1 Pro,i64,512,10,44.01783437902876,0.0,6.098334,5.956041,3.4083090929549953,,0.130958,128,5,Pauls-MacBook-Pro,936381b-dirty,2026-09-29T07:46:28Z
rayon-tiled,cpu,Apple M1 Pro,i64,512,10,45.10856907597623,0.0,5.950875,5.920208,0.01929948423404127,,0.11820800000000001,256,5,Pauls-MacBook-Pro,936381b-dirty,2026-09-29T07:46:28Z
rayon-tiled,cpu,Apple M1 Pro,i64,1024,1,4.8431496831494885,0.0,443.406417,443.3295,2.655176119331222,,0.045334000000000006,16,5,Pauls-MacBook-Pro,936381b-dirty,2026-09-29T07:46:28Z
rayon-tiled,cpu,Apple M1 Pro,i64,1024,1,5.507908311123234,0.0,389.890958,389.297208,2.662344296436545,,0.05375,32,5,Pauls-MacBook-Pro,936381b-dirty,2026-09-29T07:46:28Z
rayon-tiled,cpu,Apple M1 Pro,i64,1024,1,5.931402076576063,0.0,362.053292,361.079542,2.326551522185737,,0.056459,64,5,Pauls-MacBook-Pro,936381b-dirty,2026-09-29T07:46:28Z
rayon-tiled,cpu,Apple M1 Pro,i64,1024,1,6.107142134294669,0.0,351.634791,351.408791,2.8439284872850994,,0.049166999999999995,128,5,Pauls-MacBook-Pro,936381b-dirty,2026-09-29T07:46:28Z
rayon-tiled,cpu,Apple M1 Pro,i64,1024,1,6.155638938273159,0.0,348.864459,348.067042,2.521098959699399,,0.051375000000000004,256,5,Pauls-MacBook-Pro,936381b-dirty,2026-09-29T07:46:28Z
rayon-tiled,cpu,Apple M1 Pro,i64,1024,2,9.351493760418123,0.0,229.640708,229.294708,1.5187887093791856,,0.074,16,5,Pauls-MacBook-Pro,936381b-dirty,2026-09-29T07:46:28Z
rayon-tiled,cpu,Apple M1 Pro,i64,1024,2,10.632434011864214,0.0,201.97479199999998,201.645292,0.320017109403856,,0.07100000000000001,32,5,Pauls-MacBook-Pro,936381b-dirty,2026-09-29T07:46:28Z
rayon-tiled,cpu,Apple M1 Pro,i64,1024,2,11.349134249474135,0.0,189.220041,188.559583,0.46430092776700216,,0.071875,64,5,Pauls-MacBook-Pro,936381b-dirty,2026-09-29T07:46:28Z
rayon-tiled,cpu,Apple M1 Pro,i64,1024,2,11.807224119936006,0.0,181.878791,181.519833,1.420146909409084,,0.072708,128,5,Pauls-MacBook-Pro,936381b-dirty,2026-09-29T07:46:28Z
rayon-tiled,cpu,Apple M1 Pro,i64,1024,2,11.953053724852046,0.0,179.659834,179.0715,0.3153889007926606,,0.06962499999999999,256,5,Pauls-MacBook-Pro,936381b-dirty,2026-09-29T07:46:28Z
rayon-tiled,cpu,Apple M1 Pro,i64,1024,4,17.915653013964704,0.0,119.86633400000001,119.252167,0.4399709356942814,,0.094541,16,5,Pauls-MacBook-Pro,936381b-dirty,2026-09-29T07:46:28Z
rayon-tiled,cpu,Apple M1 Pro,i64,1024,4,20.558616057143336,0.0,104.456625,104.014667,0.3088724195226927,,0.101,32,5,Pauls-MacBook-Pro,936381b-dirty,2026-09-29T07:46:28Z
rayon-tiled,cpu,Apple M1 Pro,i64,1024,4,22.206312410812153,0.0,96.706,96.483167,0.32159037213744646,,0.083041,64,5,Pauls-MacBook-Pro,936381b-dirty,2026-09-29T07:46:28Z
rayon-tiled,cpu,Apple M1 Pro,i64,1024,4,22.957703228668752,0.0,93.540875,93.366208,0.11759153213858324,,0.094917,128,5,Pauls-MacBook-Pro,936381b-dirty,2026-09-29T07:46:28Z
rayon-tiled,cpu,Apple M1 Pro,i64,1024,4,23.204458030120254,0.0,92.546167,92.34887499999999,0.346422261487624,,0.07875,256,5,Pauls-MacBook-Pro,936381b-dirty,2026-09-29T07:46:28Z
rayon-tiled,cpu,Apple M1 Pro,i64,1024,8,34.0831419465033,0.0,63.007208999999996,61.700832999999996,0.6920606337018458,,0.131792,16,5,Pauls-MacBook-Pro,936381b-dirty,2026-09-29T07:46:28Z
rayon-tiled,cpu,Apple M1 Pro,i64,1024,8,40.465083642954035,0.0,53.070040999999996,52.587958,0.4071055492148198,,0.134666,32,5,Pauls-MacBook-Pro,936381b-dirty,2026-09-29T07:46:28Z
rayon-tiled,cpu,Apple M1 Pro,i64,1024,8,44.00025201733215,0.0,48.806166999999995,48.726583,1.9965250136783161,,0.118417,64,5,Pauls-MacBook-Pro,936381b-dirty,2026-09-29T07:46:28Z
rayon-tiled,cpu,Apple M1 Pro,i64,1024,8,45.410146359654945,0.0,47.290833,47.173833,1.3677025464543804,,0.14175000000000001,128,5,Pauls-MacBook-Pro,936381b-dirty,2026-09-29T07:46:28Z
rayon-tiled,cpu,Apple M1 Pro,i64,1024,8,45.912194989711,0.0,46.773709,46.715291,1.6255895561056597,,0.186833,256,5,Pauls-MacBook-Pro,936381b-dirty,2026-09-29T07:46:28Z
rayon-tiled,cpu,Apple M1 Pro,i64,1024,10,36.21088699947089,0.0,59.304916999999996,58.547792,7.811933454067165,,0.17566700000000002,16,5,Pauls-MacBook-Pro,936381b-dirty,2026-09-29T07:46:28Z
rayon-tiled,cpu,Apple M1 Pro,i64,1024,10,40.318709443012175,0.0,53.262707999999996,52.981166,5.182123300182927,,0.164125,32,5,Pauls-MacBook-Pro,936381b-dirty,2026-09-29T07:46:28Z
rayon-tiled,cpu,Apple M1 Pro,i64,1024,10,43.58197418774758,0.0,49.274584000000004,48.904959,5.008993674065331,,0.13799999999999998,64,5,Pauls-MacBook-Pro,936381b-dirty,2026-09-29T07:46:28Z
rayon-tiled,cpu,Apple M1 Pro,i64,1024,10,44.969359310010866,0.0,47.754375,47.541042,2.9658272685013696,,0.15825,128,5,Pauls-MacBook-Pro,936381b-dirty,2026-09-29T07:46:28Z
rayon-tiled,cpu,Apple M1 Pro,i64,1024,10,45.75705887110734,0.0,46.932292000000004,45.142666,3.153744278634478,,0.162375,256,5,Pauls-MacBook-Pro,936381b-dirty,2026-09-29T07:46:28Z
rayon-tiled,cpu,Apple M1 Pro,i64,2048,1,4.602250038960701,0.0,3732.92825,3729.118209,5.178215660885089,,0.039667,16,5,Pauls-MacBook-Pro,936381b-dirty,2026-09-29T07:46:28Z
rayon-tiled,cpu,Apple M1 Pro,i64,2048,1,5.805746189464265,0.0,2959.1147499999997,2953.918459,5.220538085933614,,0.051708,32,5,Pauls-MacBook-Pro,936381b-dirty,2026-09-29T07:46:28Z
rayon-tiled,cpu,Apple M1 Pro,i64,2048,1,5.885084100179247,0.0,2919.222375,2917.132459,7.327201739993793,,0.048792,64,5,Pauls-MacBook-Pro,936381b-dirty,2026-09-29T07:46:28Z
rayon-tiled,cpu,Apple M1 Pro,i64,2048,1,5.969307668226294,0.0,2878.033792,2874.1365,5.6116489989360225,,0.045625,128,5,Pauls-MacBook-Pro,936381b-dirty,2026-09-29T07:46:28Z
rayon-tiled,cpu,Apple M1 Pro,i64,2048,1,6.0605347912358285,0.0,2834.71175,2823.170917,8.440728594891421,,0.043375,256,5,Pauls-MacBook-Pro,936381b-dirty,2026-09-29T07:46:28Z
rayon-tiled,cpu,Apple M1 Pro,i64,2048,2,8.786426547177857,0.0,1955.2737499999998,1940.804416,10.047137225466274,,0.07125,16,5,Pauls-MacBook-Pro,936381b-dirty,2026-09-29T07:46:28Z
rayon-tiled,cpu,Apple M1 Pro,i64,2048,2,11.143483888631232,0.0,1541.696417,1534.403084,4.110923773876403,,0.079875,32,5,Pauls-MacBook-Pro,936381b-dirty,2026-09-29T07:46:28Z
rayon-tiled,cpu,Apple M1 Pro,i64,2048,2,11.363815418093294,0.0,1511.804667,1511.7651250000001,0.39975945408701563,,0.06825,64,5,Pauls-MacBook-Pro,936381b-dirty,2026-09-29T07:46:28Z
rayon-tiled,cpu,Apple M1 Pro,i64,2048,2,11.573202684829129,0.0,1484.4524589999999,1483.074375,1.0224069607462414,,0.067375,128,5,Pauls-MacBook-Pro,936381b-dirty,2026-09-29T07:46:28Z
rayon-tiled,cpu,Apple M1 Pro,i64,2048,2,11.750722855358642,0.0,1462.026583,1457.872458,2.9746786236495004,,0.058208,256,5,Pauls-MacBook-Pro,936381b-dirty,2026-09-29T07:46:28Z
rayon-tiled,cpu,Apple M1 Pro,i64,2048,4,17.501982977036278,0.0,981.595583,980.931792,1.2116352201490903,,0.1,16,5,Pauls-MacBook-Pro,936381b-dirty,2026-09-29T07:46:28Z
rayon-tiled,cpu,Apple M1 Pro,i64,2048,4,21.88605724819332,0.0,784.968667,782.455458,1.3769261508747528,,0.090417,32,5,Pauls-MacBook-Pro,936381b-dirty,2026-09-29T07:46:28Z
rayon-tiled,cpu,Apple M1 Pro,i64,2048,4,22.429845556268496,0.0,765.937917,765.286791,1.0984394320802435,,0.123125,64,5,Pauls-MacBook-Pro,936381b-dirty,2026-09-29T07:46:28Z
rayon-tiled,cpu,Apple M1 Pro,i64,2048,4,22.65789361292789,0.0,758.228875,757.742792,0.9381946104842555,,0.08479099999999999,128,5,Pauls-MacBook-Pro,936381b-dirty,2026-09-29T07:46:28Z
rayon-tiled,cpu,Apple M1 Pro,i64,2048,4,22.838026400044956,0.0,752.248416,751.445792,0.9852922170162773,,0.098875,256,5,Pauls-MacBook-Pro,936381b-dirty,2026-09-29T07:46:28Z
rayon-tiled,cpu,Apple M1 Pro,i64,2048,8,34.61912507059796,0.0,496.253708,495.720417,2.500344643799989,,0.12387499999999999,16,5,Pauls-MacBook-Pro,936381b-dirty,2026-09-29T07:46:28Z
rayon-tiled,cpu,Apple M1 Pro,i64,2048,8,42.87506145649046,0.0,400.696083,400.150583,1.6126060382184828,,0.159959,32,5,Pauls-MacBook-Pro,936381b-dirty,2026-09-29T07:46:28Z
rayon-tiled,cpu,Apple M1 Pro,i64,2048,8,44.817571293057426,0.0,383.32887500000004,383.109,0.7989831278360847,,0.158875,64,5,Pauls-MacBook-Pro,936381b-dirty,2026-09-29T07:46:28Z
rayon-tiled,cpu,Apple M1 Pro,i64,2048,8,44.729982162547074,0.0,384.0795,383.80199999999996,0.7169961648307507,,0.148916,128,5,Pauls-MacBook-Pro,936381b-dirty,2026-09-29T07:46:28Z
rayon-tiled,cpu,Apple M1 Pro,i64,2048,8,44.630842486098594,0.0,384.932666,384.38925,0.36047315644026,,0.13699999999999998,256,5,Pauls-MacBook-Pro,936381b-dirty,2026-09-29T07:46:28Z
rayon-tiled,cpu,Apple M1 Pro,i64,2048,10,36.159343705019175,0.0,475.11562499999997,471.57158300000003,32.46446309778869,,0.1775,16,5,Pauls-MacBook-Pro,936381b-dirty,2026-09-29T07:46:28Z
rayon-tiled,cpu,Apple M1 Pro,i64,2048,10,44.401318568964065,0.0,386.9225,379.481375,10.550254644706062,,0.144875,32,5,Pauls-MacBook-Pro,936381b-dirty,2026-09-29T07:46:28Z
rayon-tiled,cpu,Apple M1 Pro,i64,2048,10,45.90485540795646,0.0,374.2495,367.258083,20.95400949910553,,0.19420900000000002,64,5,Pauls-MacBook-Pro,936381b-dirty,2026-09-29T07:46:28Z
rayon-tiled,cpu,Apple M1 Pro,i64,2048,10,43.707436990244304,0.0,393.065125,369.72670800000003,28.473693922061248,,0.149125,128,5,Pauls-MacBook-Pro,936381b-dirty,2026-09-29T07:46:28Z
rayon-tiled,cpu,Apple M1 Pro,i64,2048,10,39.86406941227314,0.0,430.96125,407.88904199999996,30.56983042496062,,0.171541,256,5,Pauls-MacBook-Pro,936381b-dirty,2026-09-29T07:46:28Z
rayon-tiled,cpu,Apple M1 Pro,i64,4096,1,4.596358718550221,0.0,29901.703041,29893.256708999997,15.744515334933045,,0.039083,16,5,Pauls-MacBook-Pro,936381b-dirty,2026-09-29T07:46:28Z
rayon-tiled,cpu,Apple M1 Pro,i64,4096,1,5.77633354593458,0.0,23793.458667,23783.243083999998,20.11690522594236,,0.055167,32,5,Pauls-MacBook-Pro,936381b-dirty,2026-09-29T07:46:28Z
rayon-tiled,cpu,Apple M1 Pro,i64,4096,1,5.775023665089735,0.0,23798.855457999998,23753.269500000002,24.81232507625256,,0.052875,64,5,Pauls-MacBook-Pro,936381b-dirty,2026-09-29T07:46:28Z
rayon-tiled,cpu,Apple M1 Pro,i64,4096,1,5.741176744875702,0.0,23939.160834,23850.418916,233.7124264496717,,0.046708,128,5,Pauls-MacBook-Pro,936381b-dirty,2026-09-29T07:46:28Z
rayon-tiled,cpu,Apple M1 Pro,i64,4096,1,5.771087900853529,0.0,23815.085792,23502.683791,302.95769379090177,,0.043583,256,5,Pauls-MacBook-Pro,936381b-dirty,2026-09-29T07:46:28Z
rayon-tiled,cpu,Apple M1 Pro,i64,4096,2,8.578570800532837,0.0,16021.194749999999,15888.9825,100.19654632591009,,0.065042,16,5,Pauls-MacBook-Pro,936381b-dirty,2026-09-29T07:46:28Z
rayon-tiled,cpu,Apple M1 Pro,i64,4096,2,11.012403842682682,0.0,12480.377167,12438.128292,26.111066172404865,,0.065667,32,5,Pauls-MacBook-Pro,936381b-dirty,2026-09-29T07:46:28Z
rayon-tiled,cpu,Apple M1 Pro,i64,4096,2,11.194901003193168,0.0,12276.924417,12268.656375,15.499188810777891,,0.063792,64,5,Pauls-MacBook-Pro,936381b-dirty,2026-09-29T07:46:28Z
rayon-tiled,cpu,Apple M1 Pro,i64,4096,2,11.214371902497884,0.0,12255.608666,12219.031791000001,31.521808601248456,,0.064208,128,5,Pauls-MacBook-Pro,936381b-dirty,2026-09-29T07:46:28Z
rayon-tiled,cpu,Apple M1 Pro,i64,4096,2,11.201987831089339,0.0,12269.157541,11810.394709,278.52476256948665,,0.065708,256,5,Pauls-MacBook-Pro,936381b-dirty,2026-09-29T07:46:28Z
rayon-tiled,cpu,Apple M1 Pro,i64,4096,4,17.005974853850308,0.0,8081.8038750000005,7850.617042,133.23781003413268,,0.08558299999999999,16,5,Pauls-MacBook-Pro,936381b-dirty,2026-09-29T07:46:28Z
rayon-tiled,cpu,Apple M1 Pro,i64,4096,4,21.726894054822655,0.0,6325.752458,6320.773625,3.4325188718762,,0.08820800000000001,32,5,Pauls-MacBook-Pro,936381b-dirty,2026-09-29T07:46:28Z
rayon-tiled,cpu,Apple M1 Pro,i64,4096,4,22.03925535277138,0.0,6236.097875,6232.655334,3.70827373224716,,0.08775000000000001,64,5,Pauls-MacBook-Pro,936381b-dirty,2026-09-29T07:46:28Z
rayon-tiled,cpu,Apple M1 Pro,i64,4096,4,22.068078436630866,0.0,6227.952917,6225.78225,3.931835586550002,,0.074417,128,5,Pauls-MacBook-Pro,936381b-dirty,2026-09-29T07:46:28Z
rayon-tiled,cpu,Apple M1 Pro,i64,4096,4,21.846539563128275,0.0,6291.108625,6284.349834000001,3.530930963349589,,0.170583,256,5,Pauls-MacBook-Pro,936381b-dirty,2026-09-29T07:46:28Z
rayon-tiled,cpu,Apple M1 Pro,i64,4096,8,34.71717811915062,0.0,3958.816958,3955.510125,3.8570233062214543,,0.177584,16,5,Pauls-MacBook-Pro,936381b-dirty,2026-09-29T07:46:28Z
rayon-tiled,cpu,Apple M1 Pro,i64,4096,8,42.85171383504381,0.0,3207.315208,3203.690209,2.0515853371603945,,0.177125,32,5,Pauls-MacBook-Pro,936381b-dirty,2026-09-29T07:46:28Z
rayon-tiled,cpu,Apple M1 Pro,i64,4096,8,43.844131496534025,0.0,3134.717208,3124.41175,11.342356301417926,,0.164417,64,5,Pauls-MacBook-Pro,936381b-dirty,2026-09-29T07:46:28Z
rayon-tiled,cpu,Apple M1 Pro,i64,4096,8,43.356384064824304,0.0,3169.981917,3165.41675,5.081853750768377,,0.12208299999999998,128,5,Pauls-MacBook-Pro,936381b-dirty,2026-09-29T07:46:28Z
rayon-tiled,cpu,Apple M1 Pro,i64,4096,8,38.28474061721783,0.0,3589.9147089999997,3260.3165839999997,387.9675874280283,,0.21795899999999999,256,5,Pauls-MacBook-Pro,936381b-dirty,2026-09-29T07:46:28Z
rayon-tiled,cpu,Apple M1 Pro,i64,4096,10,36.78865448357734,0.0,3735.905958,3717.3990830000002,366.27414244370897,,0.184625,16,5,Pauls-MacBook-Pro,936381b-dirty,2026-09-29T07:46:28Z
rayon-tiled,cpu,Apple M1 Pro,i64,4096,10,45.46447466576315,0.0,3022.996625,3017.226416,228.82538468358882,,0.186667,32,5,Pauls-MacBook-Pro,936381b-dirty,2026-09-29T07:46:28Z
rayon-tiled,cpu,Apple M1 Pro,i64,4096,10,44.06142180500765,0.0,3119.2582500000003,3054.575333,172.74874359641979,,0.218833,64,5,Pauls-MacBook-Pro,936381b-dirty,2026-09-29T07:46:28Z
rayon-tiled,cpu,Apple M1 Pro,i64,4096,10,42.02281277189763,0.0,3270.5795829999997,3181.6108339999996,234.17117334477305,,0.18225000000000002,128,5,Pauls-MacBook-Pro,936381b-dirty,2026-09-29T07:46:28Z
rayon-tiled,cpu,Apple M1 Pro,i64,4096,10,30.673967527660455,0.0,4480.638292,4176.260333,351.58412748998455,,0.16404200000000002,256,5,Pauls-MacBook-Pro,936381b-dirty,2026-09-29T07:46:28Z
