kernel,backend,device,precision,n,threads,gops,mean_rel_error_f64,median_ms,min_ms,stddev_ms,gpu_ms,setup_ms,block_size,repetitions,host,commit,timestamp
rayon-packed,cpu,Apple M1 Pro,f16,64,1,31.379458941824275,0.0002582106218883056,0.016708,0.014333,0.010196811599710962,,0.085,16,5,Pauls-MacBook-Pro,d1a525a,2026-10-01T13:12:46Z
rayon-packed,cpu,Apple M1 Pro,f16,64,1,34.8572568313277,0.0003483257983312628,0.015041,0.011542,0.002207770096726559,,0.017875000000000002,32,5,Pauls-MacBook-Pro,d1a525a,2026-10-01T13:12:46Z
rayon-packed,cpu,Apple M1 Pro,f16,64,1,48.58117123795404,0.0007628484855553025,0.010792,0.010375,0.004991558444013252,,0.016708,64,5,Pauls-MacBook-Pro,d1a525a,2026-10-01T13:12:46Z
rayon-packed,cpu,Apple M1 Pro,f16,64,1,49.540583955400166,0.0007628484855553025,0.010583,0.010458,0.00037625749161976797,,0.013333,128,5,Pauls-MacBook-Pro,d1a525a,2026-10-01T13:12:46Z
rayon-packed,cpu,Apple M1 Pro,f16,64,1,50.334869431643625,0.0007628484855553025,0.010416,0.01025,0.0001262715328171796,,0.013542,256,5,Pauls-MacBook-Pro,d1a525a,2026-10-01T13:12:46Z
rayon-packed,cpu,Apple M1 Pro,f16,64,2,37.44914285714286,0.0002582106218883056,0.014,0.013667,0.00036012733859011625,,0.022292,16,5,Pauls-MacBook-Pro,d1a525a,2026-10-01T13:12:46Z
rayon-packed,cpu,Apple M1 Pro,f16,64,2,21.290883248730964,0.0003483257983312628,0.024624999999999998,0.022,0.003987994144930507,,0.027875,32,5,Pauls-MacBook-Pro,d1a525a,2026-10-01T13:12:46Z
rayon-packed,cpu,Apple M1 Pro,f16,64,2,31.300776119402986,0.0007628484855553025,0.01675,0.011125,0.0032856426007708147,,0.027708,64,5,Pauls-MacBook-Pro,d1a525a,2026-10-01T13:12:46Z
rayon-packed,cpu,Apple M1 Pro,f16,64,2,34.1000325203252,0.0007628484855553025,0.015375000000000002,0.015125,0.00453616304821597,,0.026292,128,5,Pauls-MacBook-Pro,d1a525a,2026-10-01T13:12:46Z
rayon-packed,cpu,Apple M1 Pro,f16,64,2,19.036636287716494,0.0007628484855553025,0.027541,0.025792,0.009191307050686538,,0.030125,256,5,Pauls-MacBook-Pro,d1a525a,2026-10-01T13:12:46Z
rayon-packed,cpu,Apple M1 Pro,f16,64,4,13.315250793650794,0.0002582106218883056,0.039375,0.023708,0.010598476706583827,,0.06804099999999999,16,5,Pauls-MacBook-Pro,d1a525a,2026-10-01T13:12:46Z
rayon-packed,cpu,Apple M1 Pro,f16,64,4,13.812318878760736,0.0003483257983312628,0.037958,0.023708,0.01705830585960986,,0.058584,32,5,Pauls-MacBook-Pro,d1a525a,2026-10-01T13:12:46Z
rayon-packed,cpu,Apple M1 Pro,f16,64,4,22.960847858456688,0.0007628484855553025,0.022834,0.021083,0.0019981450147574364,,0.067,64,5,Pauls-MacBook-Pro,d1a525a,2026-10-01T13:12:46Z
rayon-packed,cpu,Apple M1 Pro,f16,64,4,26.828779040016375,0.0007628484855553025,0.019542,0.015708,0.0030206649599053524,,0.062625,128,5,Pauls-MacBook-Pro,d1a525a,2026-10-01T13:12:46Z
rayon-packed,cpu,Apple M1 Pro,f16,64,4,17.4037510373444,0.0007628484855553025,0.030125,0.018167,0.014200837767540336,,0.064541,256,5,Pauls-MacBook-Pro,d1a525a,2026-10-01T13:12:46Z
rayon-packed,cpu,Apple M1 Pro,f16,64,8,7.231558620689655,0.0002582106218883056,0.0725,0.032042,0.04952420788664873,,0.099833,16,5,Pauls-MacBook-Pro,d1a525a,2026-10-01T13:12:46Z
rayon-packed,cpu,Apple M1 Pro,f16,64,8,13.273113924050634,0.0003483257983312628,0.0395,0.026416,0.047649145527490826,,0.11641699999999999,32,5,Pauls-MacBook-Pro,d1a525a,2026-10-01T13:12:46Z
rayon-packed,cpu,Apple M1 Pro,f16,64,8,10.97020421827921,0.0007628484855553025,0.047792,0.027125,0.01635088152057864,,0.152208,64,5,Pauls-MacBook-Pro,d1a525a,2026-10-01T13:12:46Z
rayon-packed,cpu,Apple M1 Pro,f16,64,8,8.530834065540695,0.0007628484855553025,0.06145799999999999,0.028625,0.022301226394528167,,0.12945900000000002,128,5,Pauls-MacBook-Pro,d1a525a,2026-10-01T13:12:46Z
rayon-packed,cpu,Apple M1 Pro,f16,64,8,7.182027397260274,0.0007628484855553025,0.073,0.027459,0.021846116902094984,,0.120083,256,5,Pauls-MacBook-Pro,d1a525a,2026-10-01T13:12:46Z
rayon-packed,cpu,Apple M1 Pro,f16,64,10,5.100474745116351,0.0002582106218883056,0.102792,0.023208,0.04915610170467142,,0.153,16,5,Pauls-MacBook-Pro,d1a525a,2026-10-01T13:12:46Z
rayon-packed,cpu,Apple M1 Pro,f16,64,10,8.050487523992324,0.0003483257983312628,0.065125,0.034041999999999996,0.06049779497882546,,0.157959,32,5,Pauls-MacBook-Pro,d1a525a,2026-10-01T13:12:46Z
rayon-packed,cpu,Apple M1 Pro,f16,64,10,13.827254265896563,0.0007628484855553025,0.037917000000000006,0.020583,0.026681440362169358,,0.12466699999999999,64,5,Pauls-MacBook-Pro,d1a525a,2026-10-01T13:12:46Z
rayon-packed,cpu,Apple M1 Pro,f16,64,10,11.893201460880611,0.0007628484855553025,0.044083,0.024417,0.043630751675853584,,0.141042,128,5,Pauls-MacBook-Pro,d1a525a,2026-10-01T13:12:46Z
rayon-packed,cpu,Apple M1 Pro,f16,64,10,7.049250420168067,0.0007628484855553025,0.07437500000000001,0.049,0.04774588573165232,,0.149125,256,5,Pauls-MacBook-Pro,d1a525a,2026-10-01T13:12:46Z
rayon-packed,cpu,Apple M1 Pro,f16,128,1,61.60574592776463,0.0002996198764947435,0.068083,0.062,0.005393406094482409,,0.017,16,5,Pauls-MacBook-Pro,d1a525a,2026-10-01T13:12:46Z
rayon-packed,cpu,Apple M1 Pro,f16,128,1,71.14054072390515,0.0003039565626750866,0.058958,0.052792,0.003921994097394846,,0.017292,32,5,Pauls-MacBook-Pro,d1a525a,2026-10-01T13:12:46Z
rayon-packed,cpu,Apple M1 Pro,f16,128,1,74.73147438752783,0.0005022779510877453,0.056125,0.052083000000000004,0.0034191891143953964,,0.017,64,5,Pauls-MacBook-Pro,d1a525a,2026-10-01T13:12:46Z
rayon-packed,cpu,Apple M1 Pro,f16,128,1,69.47087370600416,0.0010956111110404614,0.060375,0.050959,0.015346887811540163,,0.014542000000000001,128,5,Pauls-MacBook-Pro,d1a525a,2026-10-01T13:12:46Z
rayon-packed,cpu,Apple M1 Pro,f16,128,1,75.57304504504505,0.0010956111110404614,0.0555,0.05175,0.024765422665482616,,0.0145,256,5,Pauls-MacBook-Pro,d1a525a,2026-10-01T13:12:46Z
rayon-packed,cpu,Apple M1 Pro,f16,128,2,45.71448501362398,0.0002996198764947435,0.09175,0.087166,0.04579629301919535,,0.027958,16,5,Pauls-MacBook-Pro,d1a525a,2026-10-01T13:12:46Z
rayon-packed,cpu,Apple M1 Pro,f16,128,2,66.84149800796813,0.0003039565626750866,0.06275,0.045042,0.024168202885196076,,0.023708,32,5,Pauls-MacBook-Pro,d1a525a,2026-10-01T13:12:46Z
rayon-packed,cpu,Apple M1 Pro,f16,128,2,59.98975928601055,0.0005022779510877453,0.069917,0.055542,0.006351858995601209,,0.023292,64,5,Pauls-MacBook-Pro,d1a525a,2026-10-01T13:12:46Z
rayon-packed,cpu,Apple M1 Pro,f16,128,2,68.8053281713939,0.0010956111110404614,0.060959,0.044333,0.009357351922419078,,0.027250000000000003,128,5,Pauls-MacBook-Pro,d1a525a,2026-10-01T13:12:46Z
rayon-packed,cpu,Apple M1 Pro,f16,128,2,71.34140699414887,0.0010956111110404614,0.058792000000000004,0.037666000000000005,0.010569426370432787,,0.027292,256,5,Pauls-MacBook-Pro,d1a525a,2026-10-01T13:12:46Z
rayon-packed,cpu,Apple M1 Pro,f16,128,4,29.870343334496535,0.0002996198764947435,0.140417,0.107583,0.029167023951716425,,0.044042000000000005,16,5,Pauls-MacBook-Pro,d1a525a,2026-10-01T13:12:46Z
rayon-packed,cpu,Apple M1 Pro,f16,128,4,27.302222945484132,0.0003039565626750866,0.153625,0.085833,0.03463248615823011,,0.050624999999999996,32,5,Pauls-MacBook-Pro,d1a525a,2026-10-01T13:12:46Z
rayon-packed,cpu,Apple M1 Pro,f16,128,4,51.834645377361994,0.0005022779510877453,0.080917,0.060333,0.014047044771054158,,0.043209,64,5,Pauls-MacBook-Pro,d1a525a,2026-10-01T13:12:46Z
rayon-packed,cpu,Apple M1 Pro,f16,128,4,37.843458175814064,0.0010956111110404614,0.110833,0.06825,0.034341581170645015,,0.055334,128,5,Pauls-MacBook-Pro,d1a525a,2026-10-01T13:12:46Z
rayon-packed,cpu,Apple M1 Pro,f16,128,4,52.981128262132735,0.0010956111110404614,0.079166,0.049583,0.045686999731871215,,0.049,256,5,Pauls-MacBook-Pro,d1a525a,2026-10-01T13:12:46Z
rayon-packed,cpu,Apple M1 Pro,f16,128,8,18.13753081081081,0.0002996198764947435,0.23125,0.20525,0.07815796823549089,,0.096125,16,5,Pauls-MacBook-Pro,d1a525a,2026-10-01T13:12:46Z
rayon-packed,cpu,Apple M1 Pro,f16,128,8,26.241625686649897,0.0003039565626750866,0.159834,0.1075,0.03277223904007781,,0.10354200000000001,32,5,Pauls-MacBook-Pro,d1a525a,2026-10-01T13:12:46Z
rayon-packed,cpu,Apple M1 Pro,f16,128,8,37.729757931760325,0.0005022779510877453,0.111167,0.06275,0.04933273972221693,,0.09770799999999999,64,5,Pauls-MacBook-Pro,d1a525a,2026-10-01T13:12:46Z
rayon-packed,cpu,Apple M1 Pro,f16,128,8,73.4232647702407,0.0010956111110404614,0.057125,0.041375,0.011739105472735132,,0.111625,128,5,Pauls-MacBook-Pro,d1a525a,2026-10-01T13:12:46Z
rayon-packed,cpu,Apple M1 Pro,f16,128,8,58.69607321783425,0.0010956111110404614,0.07145800000000001,0.048417,0.03913606890069569,,0.093083,256,5,Pauls-MacBook-Pro,d1a525a,2026-10-01T13:12:46Z
rayon-packed,cpu,Apple M1 Pro,f16,128,10,15.422560018238043,0.0002996198764947435,0.271959,0.217417,0.04221153816553005,,0.139583,16,5,Pauls-MacBook-Pro,d1a525a,2026-10-01T13:12:46Z
rayon-packed,cpu,Apple M1 Pro,f16,128,10,38.80632476892758,0.0003039565626750866,0.108083,0.098875,0.03610444157579507,,0.12587500000000001,32,5,Pauls-MacBook-Pro,d1a525a,2026-10-01T13:12:46Z
rayon-packed,cpu,Apple M1 Pro,f16,128,10,44.403904380783,0.0005022779510877453,0.094458,0.076375,0.02358886404640969,,0.130417,64,5,Pauls-MacBook-Pro,d1a525a,2026-10-01T13:12:46Z
rayon-packed,cpu,Apple M1 Pro,f16,128,10,66.4876038298142,0.0010956111110404614,0.063084,0.053917,0.021110138661316277,,0.11666599999999999,128,5,Pauls-MacBook-Pro,d1a525a,2026-10-01T13:12:46Z
rayon-packed,cpu,Apple M1 Pro,f16,128,10,54.91723731587561,0.0010956111110404614,0.076375,0.033667,0.02229547565763063,,0.141958,256,5,Pauls-MacBook-Pro,d1a525a,2026-10-01T13:12:46Z
rayon-packed,cpu,Apple M1 Pro,f16,256,1,87.73340933276509,0.00039752419132103,0.382459,0.37274999999999997,0.011107262520531324,,0.021458,16,5,Pauls-MacBook-Pro,d1a525a,2026-10-01T13:12:46Z
rayon-packed,cpu,Apple M1 Pro,f16,256,1,110.93914526975645,0.0002997984192388119,0.302458,0.297708,0.014918190751562331,,0.023833999999999998,32,5,Pauls-MacBook-Pro,d1a525a,2026-10-01T13:12:46Z
rayon-packed,cpu,Apple M1 Pro,f16,256,1,108.61957095271543,0.0003413838063283914,0.308917,0.266125,0.031167132351244634,,0.017124999999999998,64,5,Pauls-MacBook-Pro,d1a525a,2026-10-01T13:12:46Z
rayon-packed,cpu,Apple M1 Pro,f16,256,1,127.48208457917472,0.0009489643136250999,0.26320899999999997,0.26125,0.0044519501120295745,,0.01975,128,5,Pauls-MacBook-Pro,d1a525a,2026-10-01T13:12:46Z
rayon-packed,cpu,Apple M1 Pro,f16,256,1,127.6639704147865,0.0017561161890078398,0.262834,0.24504099999999998,0.010485181886834402,,0.016333,256,5,Pauls-MacBook-Pro,d1a525a,2026-10-01T13:12:46Z
rayon-packed,cpu,Apple M1 Pro,f16,256,2,101.93741170895017,0.00039752419132103,0.329167,0.28212499999999996,0.031567417715106204,,0.0245,16,5,Pauls-MacBook-Pro,d1a525a,2026-10-01T13:12:46Z
rayon-packed,cpu,Apple M1 Pro,f16,256,2,118.06293981872432,0.0002997984192388119,0.28420799999999996,0.198917,0.04320699250700052,,0.029375,32,5,Pauls-MacBook-Pro,d1a525a,2026-10-01T13:12:46Z
rayon-packed,cpu,Apple M1 Pro,f16,256,2,188.06745993935556,0.0003413838063283914,0.178417,0.173666,0.013602321908409609,,0.031584,64,5,Pauls-MacBook-Pro,d1a525a,2026-10-01T13:12:46Z
rayon-packed,cpu,Apple M1 Pro,f16,256,2,139.54383717738648,0.0009489643136250999,0.240458,0.218875,0.04919328261256817,,0.029584,128,5,Pauls-MacBook-Pro,d1a525a,2026-10-01T13:12:46Z
rayon-packed,cpu,Apple M1 Pro,f16,256,2,206.70123757954332,0.0017561161890078398,0.162333,0.15625,0.0045216033992379265,,0.0275,256,5,Pauls-MacBook-Pro,d1a525a,2026-10-01T13:12:46Z
rayon-packed,cpu,Apple M1 Pro,f16,256,4,81.03310688919855,0.00039752419132103,0.414083,0.323542,0.08493153726561174,,0.041291999999999995,16,5,Pauls-MacBook-Pro,d1a525a,2026-10-01T13:12:46Z
rayon-packed,cpu,Apple M1 Pro,f16,256,4,151.4872776523702,0.0002997984192388119,0.2215,0.189625,0.06667931874801959,,0.048041,32,5,Pauls-MacBook-Pro,d1a525a,2026-10-01T13:12:46Z
rayon-packed,cpu,Apple M1 Pro,f16,256,4,148.74473366905454,0.0003413838063283914,0.225584,0.214,0.014040824904541758,,0.046042,64,5,Pauls-MacBook-Pro,d1a525a,2026-10-01T13:12:46Z
rayon-packed,cpu,Apple M1 Pro,f16,256,4,190.74013313096518,0.0009489643136250999,0.175917,0.162334,0.0749054949132572,,0.048917,128,5,Pauls-MacBook-Pro,d1a525a,2026-10-01T13:12:46Z
rayon-packed,cpu,Apple M1 Pro,f16,256,4,284.0586835978836,0.0017561161890078398,0.118125,0.11591699999999999,0.0031801362706651505,,0.050583,256,5,Pauls-MacBook-Pro,d1a525a,2026-10-01T13:12:46Z
rayon-packed,cpu,Apple M1 Pro,f16,256,8,42.10752250980392,0.00039752419132103,0.796875,0.5436660000000001,0.12722855681685613,,0.096042,16,5,Pauls-MacBook-Pro,d1a525a,2026-10-01T13:12:46Z
rayon-packed,cpu,Apple M1 Pro,f16,256,8,70.59142117210462,0.0002997984192388119,0.475333,0.44475,0.028119428411687207,,0.100666,32,5,Pauls-MacBook-Pro,d1a525a,2026-10-01T13:12:46Z
rayon-packed,cpu,Apple M1 Pro,f16,256,8,81.7902059719683,0.0003413838063283914,0.41025,0.290334,0.06988000289281619,,0.085875,64,5,Pauls-MacBook-Pro,d1a525a,2026-10-01T13:12:46Z
rayon-packed,cpu,Apple M1 Pro,f16,256,8,175.18054525900322,0.0009489643136250999,0.191542,0.145625,0.037011882196127235,,0.089459,128,5,Pauls-MacBook-Pro,d1a525a,2026-10-01T13:12:46Z
rayon-packed,cpu,Apple M1 Pro,f16,256,8,209.0071881501414,0.0017561161890078398,0.16054200000000002,0.14024999999999999,0.01929310527623794,,0.075041,256,5,Pauls-MacBook-Pro,d1a525a,2026-10-01T13:12:46Z
rayon-packed,cpu,Apple M1 Pro,f16,256,10,38.28412998683336,0.00039752419132103,0.876458,0.597791,0.14144489266565974,,0.09979199999999999,16,5,Pauls-MacBook-Pro,d1a525a,2026-10-01T13:12:46Z
rayon-packed,cpu,Apple M1 Pro,f16,256,10,91.94053014319455,0.0002997984192388119,0.364958,0.33720799999999995,0.07491332177390081,,0.129541,32,5,Pauls-MacBook-Pro,d1a525a,2026-10-01T13:12:46Z
rayon-packed,cpu,Apple M1 Pro,f16,256,10,111.23003841984706,0.0003413838063283914,0.30166699999999996,0.226458,0.054887102513249866,,0.131042,64,5,Pauls-MacBook-Pro,d1a525a,2026-10-01T13:12:46Z
rayon-packed,cpu,Apple M1 Pro,f16,256,10,159.27787113250358,0.0009489643136250999,0.210666,0.183375,0.018172657084202074,,0.131583,128,5,Pauls-MacBook-Pro,d1a525a,2026-10-01T13:12:46Z
rayon-packed,cpu,Apple M1 Pro,f16,256,10,214.86387561953305,0.0017561161890078398,0.156166,0.11758400000000001,0.04473168103033911,,0.203875,256,5,Pauls-MacBook-Pro,d1a525a,2026-10-01T13:12:46Z
rayon-packed,cpu,Apple M1 Pro,f16,512,1,104.64132763105628,0.0005190704052163174,2.5652909999999998,2.479625,0.08023435963974548,,0.043709,16,5,Pauls-MacBook-Pro,d1a525a,2026-10-01T13:12:46Z
rayon-packed,cpu,Apple M1 Pro,f16,512,1,123.25805330344429,0.0003725392771530732,2.177833,2.11225,0.0842267622107131,,0.027708,32,5,Pauls-MacBook-Pro,d1a525a,2026-10-01T13:12:46Z
rayon-packed,cpu,Apple M1 Pro,f16,512,1,143.67322191744162,0.00032347373237654636,1.8683750000000001,1.8571250000000001,0.019926231141387366,,0.044084,64,5,Pauls-MacBook-Pro,d1a525a,2026-10-01T13:12:46Z
rayon-packed,cpu,Apple M1 Pro,f16,512,1,151.73706151718153,0.0008573522989615586,1.769083,1.754083,0.022740743420125897,,0.026959,128,5,Pauls-MacBook-Pro,d1a525a,2026-10-01T13:12:46Z
rayon-packed,cpu,Apple M1 Pro,f16,512,1,157.85288219873428,0.0015477509863812673,1.700542,1.674833,0.042025907339401904,,0.022667000000000003,256,5,Pauls-MacBook-Pro,d1a525a,2026-10-01T13:12:46Z
rayon-packed,cpu,Apple M1 Pro,f16,512,2,150.74292067948898,0.0005190704052163174,1.78075,1.5848749999999998,0.08657503709903921,,0.049916,16,5,Pauls-MacBook-Pro,d1a525a,2026-10-01T13:12:46Z
rayon-packed,cpu,Apple M1 Pro,f16,512,2,181.71295041462176,0.0003725392771530732,1.47725,1.4487919999999999,0.13539492269542464,,0.031708,32,5,Pauls-MacBook-Pro,d1a525a,2026-10-01T13:12:46Z
rayon-packed,cpu,Apple M1 Pro,f16,512,2,142.9590293277606,0.00032347373237654636,1.877709,1.2425419999999998,0.3474119426362601,,0.044583000000000005,64,5,Pauls-MacBook-Pro,d1a525a,2026-10-01T13:12:46Z
rayon-packed,cpu,Apple M1 Pro,f16,512,2,231.84298253720527,0.0008573522989615586,1.1578330000000001,1.066459,0.10559088691170276,,0.032375,128,5,Pauls-MacBook-Pro,d1a525a,2026-10-01T13:12:46Z
rayon-packed,cpu,Apple M1 Pro,f16,512,2,268.1895262044705,0.0015477509863812673,1.000917,0.97525,0.021994100724967183,,0.031708,256,5,Pauls-MacBook-Pro,d1a525a,2026-10-01T13:12:46Z
rayon-packed,cpu,Apple M1 Pro,f16,512,4,178.35745181862032,0.0005190704052163174,1.505042,0.956833,0.4246355510334714,,0.063959,16,5,Pauls-MacBook-Pro,d1a525a,2026-10-01T13:12:46Z
rayon-packed,cpu,Apple M1 Pro,f16,512,4,259.31633766951387,0.0003725392771530732,1.0351659999999998,0.815041,0.2670942486333242,,0.062333,32,5,Pauls-MacBook-Pro,d1a525a,2026-10-01T13:12:46Z
rayon-packed,cpu,Apple M1 Pro,f16,512,4,264.0781662567634,0.00032347373237654636,1.0165,0.9768330000000001,0.061578870204803175,,0.060584,64,5,Pauls-MacBook-Pro,d1a525a,2026-10-01T13:12:46Z
rayon-packed,cpu,Apple M1 Pro,f16,512,4,375.6091382420064,0.0008573522989615586,0.7146669999999999,0.691042,0.025209277613608805,,0.06025,128,5,Pauls-MacBook-Pro,d1a525a,2026-10-01T13:12:46Z
rayon-packed,cpu,Apple M1 Pro,f16,512,4,423.1494872906404,0.0015477509863812673,0.6343749999999999,0.5925830000000001,0.025196941725137964,,0.050959,256,5,Pauls-MacBook-Pro,d1a525a,2026-10-01T13:12:46Z
rayon-packed,cpu,Apple M1 Pro,f16,512,8,124.91424029692531,0.0005190704052163174,2.148958,1.705917,0.29521469682639445,,0.089,16,5,Pauls-MacBook-Pro,d1a525a,2026-10-01T13:12:46Z
rayon-packed,cpu,Apple M1 Pro,f16,512,8,189.9364363036346,0.0003725392771530732,1.4132909999999999,1.219583,0.20561211006942168,,0.098708,32,5,Pauls-MacBook-Pro,d1a525a,2026-10-01T13:12:46Z
rayon-packed,cpu,Apple M1 Pro,f16,512,8,286.3565051625904,0.00032347373237654636,0.937417,0.93175,0.05880262966653794,,0.11325,64,5,Pauls-MacBook-Pro,d1a525a,2026-10-01T13:12:46Z
rayon-packed,cpu,Apple M1 Pro,f16,512,8,419.4028766862175,0.0008573522989615586,0.640042,0.591666,0.06233890016514566,,0.117125,128,5,Pauls-MacBook-Pro,d1a525a,2026-10-01T13:12:46Z
rayon-packed,cpu,Apple M1 Pro,f16,512,8,500.85166374977143,0.0015477509863812673,0.535958,0.432792,0.048039731444919645,,0.12045800000000001,256,5,Pauls-MacBook-Pro,d1a525a,2026-10-01T13:12:46Z
rayon-packed,cpu,Apple M1 Pro,f16,512,10,144.15544391488217,0.0005190704052163174,1.862125,1.393083,0.2756930379947959,,0.1535,16,5,Pauls-MacBook-Pro,d1a525a,2026-10-01T13:12:46Z
rayon-packed,cpu,Apple M1 Pro,f16,512,10,187.98001120448177,0.0003725392771530732,1.428,0.9612499999999999,0.2780021506064297,,0.13716699999999998,32,5,Pauls-MacBook-Pro,d1a525a,2026-10-01T13:12:46Z
rayon-packed,cpu,Apple M1 Pro,f16,512,10,246.90349592718226,0.00032347373237654636,1.0872080000000002,0.927916,0.11634725230833771,,0.112458,64,5,Pauls-MacBook-Pro,d1a525a,2026-10-01T13:12:46Z
rayon-packed,cpu,Apple M1 Pro,f16,512,10,407.5948641327454,0.0008573522989615586,0.6585840000000001,0.5191669999999999,0.07013289214983227,,0.121042,128,5,Pauls-MacBook-Pro,d1a525a,2026-10-01T13:12:46Z
rayon-packed,cpu,Apple M1 Pro,f16,512,10,581.5011232060656,0.0015477509863812673,0.461625,0.412875,0.05234184731837424,,0.11283299999999999,256,5,Pauls-MacBook-Pro,d1a525a,2026-10-01T13:12:46Z
rayon-packed,cpu,Apple M1 Pro,f16,1024,1,114.61829963538561,0.0006825015112036605,18.735958,18.31625,0.23052932908460882,,0.049,16,5,Pauls-MacBook-Pro,d1a525a,2026-10-01T13:12:46Z
rayon-packed,cpu,Apple M1 Pro,f16,1024,1,140.22665946210668,0.00048765351096280825,15.314375,15.200415999999999,0.33030008970828445,,0.0305,32,5,Pauls-MacBook-Pro,d1a525a,2026-10-01T13:12:46Z
rayon-packed,cpu,Apple M1 Pro,f16,1024,1,153.02507385698306,0.00036104244510638914,14.033541,13.825042,0.21672152751007462,,0.030000000000000002,64,5,Pauls-MacBook-Pro,d1a525a,2026-10-01T13:12:46Z
rayon-packed,cpu,Apple M1 Pro,f16,1024,1,157.1291174361601,0.0007581451490753018,13.667,13.352375,0.25370241990726045,,0.023917,128,5,Pauls-MacBook-Pro,d1a525a,2026-10-01T13:12:46Z
rayon-packed,cpu,Apple M1 Pro,f16,1024,1,167.07709318654815,0.001393614955013798,12.853250000000001,12.608167,0.3285065024810007,,0.041208999999999996,256,5,Pauls-MacBook-Pro,d1a525a,2026-10-01T13:12:46Z
rayon-packed,cpu,Apple M1 Pro,f16,1024,2,193.3704494566767,0.0006825015112036605,11.105542,10.919584,0.10084220887356599,,0.051082999999999996,16,5,Pauls-MacBook-Pro,d1a525a,2026-10-01T13:12:46Z
rayon-packed,cpu,Apple M1 Pro,f16,1024,2,233.0590448597853,0.00048765351096280825,9.214333,9.075208,0.10042069905502539,,0.04275,32,5,Pauls-MacBook-Pro,d1a525a,2026-10-01T13:12:46Z
rayon-packed,cpu,Apple M1 Pro,f16,1024,2,267.9386642241953,0.00036104244510638914,8.014833000000001,7.948542,0.058702279650793644,,0.051791,64,5,Pauls-MacBook-Pro,d1a525a,2026-10-01T13:12:46Z
rayon-packed,cpu,Apple M1 Pro,f16,1024,2,296.4840722297305,0.0007581451490753018,7.243167,7.144666,0.06835686504514364,,0.0425,128,5,Pauls-MacBook-Pro,d1a525a,2026-10-01T13:12:46Z
rayon-packed,cpu,Apple M1 Pro,f16,1024,2,306.81261314470964,0.001393614955013798,6.999333,6.793667,0.10753073263583766,,0.038583,256,5,Pauls-MacBook-Pro,d1a525a,2026-10-01T13:12:46Z
rayon-packed,cpu,Apple M1 Pro,f16,1024,4,267.64369902735234,0.0006825015112036605,8.023666,8.008125,0.04800852787474322,,0.065333,16,5,Pauls-MacBook-Pro,d1a525a,2026-10-01T13:12:46Z
rayon-packed,cpu,Apple M1 Pro,f16,1024,4,358.8883831082026,0.00048765351096280825,5.983709,5.803791,0.13017379918209326,,0.065916,32,5,Pauls-MacBook-Pro,d1a525a,2026-10-01T13:12:46Z
rayon-packed,cpu,Apple M1 Pro,f16,1024,4,470.1575533493316,0.00036104244510638914,4.567583,4.48775,0.1607421041053025,,0.07466600000000001,64,5,Pauls-MacBook-Pro,d1a525a,2026-10-01T13:12:46Z
rayon-packed,cpu,Apple M1 Pro,f16,1024,4,550.2957905318679,0.0007581451490753018,3.9024170000000002,3.879791,0.041890912584950854,,0.062875,128,5,Pauls-MacBook-Pro,d1a525a,2026-10-01T13:12:46Z
rayon-packed,cpu,Apple M1 Pro,f16,1024,4,567.6543834750652,0.001393614955013798,3.783083,3.763625,0.029291879804819697,,0.064709,256,5,Pauls-MacBook-Pro,d1a525a,2026-10-01T13:12:46Z
rayon-packed,cpu,Apple M1 Pro,f16,1024,8,266.0740488167513,0.0006825015112036605,8.071,8.036875,0.08846855209508069,,0.106083,16,5,Pauls-MacBook-Pro,d1a525a,2026-10-01T13:12:46Z
rayon-packed,cpu,Apple M1 Pro,f16,1024,8,395.324194632423,0.00048765351096280825,5.432209,5.091584,0.25544718644506553,,0.1005,32,5,Pauls-MacBook-Pro,d1a525a,2026-10-01T13:12:46Z
rayon-packed,cpu,Apple M1 Pro,f16,1024,8,572.5923735181144,0.00036104244510638914,3.750458,3.3362499999999997,0.2803501062537699,,0.10341700000000001,64,5,Pauls-MacBook-Pro,d1a525a,2026-10-01T13:12:46Z
rayon-packed,cpu,Apple M1 Pro,f16,1024,8,757.6790422440596,0.0007581451490753018,2.834292,2.759041,0.15294863155974947,,0.103209,128,5,Pauls-MacBook-Pro,d1a525a,2026-10-01T13:12:46Z
rayon-packed,cpu,Apple M1 Pro,f16,1024,8,812.6072377273614,0.001393614955013798,2.6427080000000003,2.454084,0.11890399010462178,,0.111708,256,5,Pauls-MacBook-Pro,d1a525a,2026-10-01T13:12:46Z
rayon-packed,cpu,Apple M1 Pro,f16,1024,10,264.86255939719166,0.0006825015112036605,8.107916999999999,7.517208,0.2665722765213967,,0.13558299999999998,16,5,Pauls-MacBook-Pro,d1a525a,2026-10-01T13:12:46Z
rayon-packed,cpu,Apple M1 Pro,f16,1024,10,353.8884600996993,0.00048765351096280825,6.06825,5.3375829999999995,0.35397740240769615,,0.127292,32,5,Pauls-MacBook-Pro,d1a525a,2026-10-01T13:12:46Z
rayon-packed,cpu,Apple M1 Pro,f16,1024,10,591.0031024115036,0.00036104244510638914,3.6336250000000003,3.336917,0.20675320740849457,,0.13175,64,5,Pauls-MacBook-Pro,d1a525a,2026-10-01T13:12:46Z
rayon-packed,cpu,Apple M1 Pro,f16,1024,10,761.4177717502106,0.0007581451490753018,2.820375,2.692167,0.08865663178691144,,0.127125,128,5,Pauls-MacBook-Pro,d1a525a,2026-10-01T13:12:46Z
rayon-packed,cpu,Apple M1 Pro,f16,1024,10,817.9721555968194,0.001393614955013798,2.625375,2.503166,0.09236934102449806,,0.12625,256,5,Pauls-MacBook-Pro,d1a525a,2026-10-01T13:12:46Z
rayon-packed,cpu,Apple M1 Pro,f16,2048,1,115.75005535057527,0.0008343152312147455,148.422125,146.990125,1.0933190060481857,,0.040459,16,5,Pauls-MacBook-Pro,d1a525a,2026-10-01T13:12:46Z
rayon-packed,cpu,Apple M1 Pro,f16,2048,1,139.6326289899962,0.0006300279828387769,123.03620799999999,121.940834,0.5296414115165096,,0.032041,32,5,Pauls-MacBook-Pro,d1a525a,2026-10-01T13:12:46Z
rayon-packed,cpu,Apple M1 Pro,f16,2048,1,158.26596285373762,0.0004991709767425231,108.550625,107.895083,0.9556884466628226,,0.041166,64,5,Pauls-MacBook-Pro,d1a525a,2026-10-01T13:12:46Z
rayon-packed,cpu,Apple M1 Pro,f16,2048,1,168.766035378326,0.0007915269899820409,101.796959,101.336167,0.45426851306985966,,0.042709000000000004,128,5,Pauls-MacBook-Pro,d1a525a,2026-10-01T13:12:46Z
rayon-packed,cpu,Apple M1 Pro,f16,2048,1,174.59623154437466,0.0013955106052757438,98.397709,97.450542,0.726960265081252,,0.04425,256,5,Pauls-MacBook-Pro,d1a525a,2026-10-01T13:12:46Z
rayon-packed,cpu,Apple M1 Pro,f16,2048,2,209.39473046469712,0.0008343152312147455,82.045375,81.459542,0.3807185339994625,,0.051208000000000004,16,5,Pauls-MacBook-Pro,d1a525a,2026-10-01T13:12:46Z
rayon-packed,cpu,Apple M1 Pro,f16,2048,2,255.78730911875599,0.0006300279828387769,67.164666,67.076416,0.30950729923218,,0.040791999999999995,32,5,Pauls-MacBook-Pro,d1a525a,2026-10-01T13:12:46Z
rayon-packed,cpu,Apple M1 Pro,f16,2048,2,299.38626540236874,0.0004991709767425231,57.383625,57.327125,0.23351588525901154,,0.057917,64,5,Pauls-MacBook-Pro,d1a525a,2026-10-01T13:12:46Z
rayon-packed,cpu,Apple M1 Pro,f16,2048,2,321.44775603433885,0.0007915269899820409,53.445291999999995,53.276875000000004,0.0965871246093388,,0.049583999999999996,128,5,Pauls-MacBook-Pro,d1a525a,2026-10-01T13:12:46Z
rayon-packed,cpu,Apple M1 Pro,f16,2048,2,332.6431648415106,0.0013955106052757438,51.646542,51.484292,0.0909380562839339,,0.056792,256,5,Pauls-MacBook-Pro,d1a525a,2026-10-01T13:12:46Z
rayon-packed,cpu,Apple M1 Pro,f16,2048,4,365.7074489703841,0.0008343152312147455,46.977083,46.832375,0.16421226189203925,,0.081208,16,5,Pauls-MacBook-Pro,d1a525a,2026-10-01T13:12:46Z
rayon-packed,cpu,Apple M1 Pro,f16,2048,4,482.31526746634654,0.0006300279828387769,35.619584,35.503917,0.22822462287448284,,0.078958,32,5,Pauls-MacBook-Pro,d1a525a,2026-10-01T13:12:46Z
rayon-packed,cpu,Apple M1 Pro,f16,2048,4,560.5901468124334,0.0004991709767425231,30.646041999999998,30.599625,0.1426977108604059,,0.053917,64,5,Pauls-MacBook-Pro,d1a525a,2026-10-01T13:12:46Z
rayon-packed,cpu,Apple M1 Pro,f16,2048,4,606.4267957685489,0.0007915269899820409,28.329667,28.100582999999997,0.12975626275328833,,0.07212500000000001,128,5,Pauls-MacBook-Pro,d1a525a,2026-10-01T13:12:46Z
rayon-packed,cpu,Apple M1 Pro,f16,2048,4,629.305968547356,0.0013955106052757438,27.299708,27.165833,0.15083706758784562,,0.080208,256,5,Pauls-MacBook-Pro,d1a525a,2026-10-01T13:12:46Z
rayon-packed,cpu,Apple M1 Pro,f16,2048,8,513.4916684296282,0.0008343152312147455,33.456958,32.529458,4.159561586176926,,0.108625,16,5,Pauls-MacBook-Pro,d1a525a,2026-10-01T13:12:46Z
rayon-packed,cpu,Apple M1 Pro,f16,2048,8,754.0032229274902,0.0006300279828387769,22.784875,22.16275,3.2459358371061193,,0.115375,32,5,Pauls-MacBook-Pro,d1a525a,2026-10-01T13:12:46Z
rayon-packed,cpu,Apple M1 Pro,f16,2048,8,911.8463534625745,0.0004991709767425231,18.84075,18.365458,4.463022718478386,,0.135375,64,5,Pauls-MacBook-Pro,d1a525a,2026-10-01T13:12:46Z
rayon-packed,cpu,Apple M1 Pro,f16,2048,8,991.7923755178518,0.0007915269899820409,17.322042,16.577,4.525630024608618,,0.11175,128,5,Pauls-MacBook-Pro,d1a525a,2026-10-01T13:12:46Z
rayon-packed,cpu,Apple M1 Pro,f16,2048,8,1111.0218137666222,0.0013955106052757438,15.463125,15.26675,0.4140329669343979,,0.133,256,5,Pauls-MacBook-Pro,d1a525a,2026-10-01T13:12:46Z
rayon-packed,cpu,Apple M1 Pro,f16,2048,10,492.781108636287,0.0008343152312147455,34.863084,33.425875,1.6381285912148968,,0.150375,16,5,Pauls-MacBook-Pro,d1a525a,2026-10-01T13:12:46Z
rayon-packed,cpu,Apple M1 Pro,f16,2048,10,746.4072548904602,0.0006300279828387769,23.01675,22.307083,0.3987562372850108,,0.142583,32,5,Pauls-MacBook-Pro,d1a525a,2026-10-01T13:12:46Z
rayon-packed,cpu,Apple M1 Pro,f16,2048,10,901.1011500036951,0.0004991709767425231,19.065417,18.581584000000003,0.4470905202452844,,0.1385,64,5,Pauls-MacBook-Pro,d1a525a,2026-10-01T13:12:46Z
rayon-packed,cpu,Apple M1 Pro,f16,2048,10,1029.530934464044,0.0007915269899820409,16.687084000000002,16.533958000000002,0.09883044855356983,,0.14075000000000001,128,5,Pauls-MacBook-Pro,d1a525a,2026-10-01T13:12:46Z
rayon-packed,cpu,Apple M1 Pro,f16,2048,10,1070.377427051011,0.0013955106052757438,16.050291,15.001833,0.7985176851386582,,0.140792,256,5,Pauls-MacBook-Pro,d1a525a,2026-10-01T13:12:46Z
rayon-packed,cpu,Apple M1 Pro,f16,4096,1,117.34083897863407,0.0015213448532310988,1171.279792,1166.326666,16.176016907762666,,0.0385,16,5,Pauls-MacBook-Pro,d1a525a,2026-10-01T13:12:46Z
rayon-packed,cpu,Apple M1 Pro,f16,4096,1,145.08773726440938,0.0011601516117894343,947.281666,944.129292,2.3434648412047427,,0.044875,32,5,Pauls-MacBook-Pro,d1a525a,2026-10-01T13:12:46Z
rayon-packed,cpu,Apple M1 Pro,f16,4096,1,164.09657147213252,0.000738800511493001,837.549208,836.292833,3.5420690111832625,,0.041959,64,5,Pauls-MacBook-Pro,d1a525a,2026-10-01T13:12:46Z
rayon-packed,cpu,Apple M1 Pro,f16,4096,1,173.00358068403585,0.0009056059601577446,794.428375,790.816875,13.574359619935734,,0.043708000000000004,128,5,Pauls-MacBook-Pro,d1a525a,2026-10-01T13:12:46Z
rayon-packed,cpu,Apple M1 Pro,f16,4096,1,178.42600044514927,0.0014847176038444545,770.2854580000001,767.130583,7.8247738298185086,,0.026,256,5,Pauls-MacBook-Pro,d1a525a,2026-10-01T13:12:46Z
rayon-packed,cpu,Apple M1 Pro,f16,4096,2,215.83765630732987,0.0015213448532310988,636.770042,635.7809159999999,0.9995102765168749,,0.058458,16,5,Pauls-MacBook-Pro,d1a525a,2026-10-01T13:12:46Z
rayon-packed,cpu,Apple M1 Pro,f16,4096,2,272.10163114489166,0.0011601516117894343,505.101542,501.623708,29.20566864051191,,0.061375,32,5,Pauls-MacBook-Pro,d1a525a,2026-10-01T13:12:46Z
rayon-packed,cpu,Apple M1 Pro,f16,4096,2,315.66984229332473,0.000738800511493001,435.38829200000004,434.43674999999996,0.5035164564825124,,0.049,64,5,Pauls-MacBook-Pro,d1a525a,2026-10-01T13:12:46Z
rayon-packed,cpu,Apple M1 Pro,f16,4096,2,337.99203172307585,0.0009056059601577446,406.633709,406.247125,0.5935966891135157,,0.048958,128,5,Pauls-MacBook-Pro,d1a525a,2026-10-01T13:12:46Z
rayon-packed,cpu,Apple M1 Pro,f16,4096,2,347.0589347451433,0.0014847176038444545,396.010417,394.909416,0.760331882252519,,0.053959,256,5,Pauls-MacBook-Pro,d1a525a,2026-10-01T13:12:46Z
rayon-packed,cpu,Apple M1 Pro,f16,4096,4,424.001330505575,0.0015213448532310988,324.147458,321.372708,1.8588473482234344,,0.0665,16,5,Pauls-MacBook-Pro,d1a525a,2026-10-01T13:12:46Z
rayon-packed,cpu,Apple M1 Pro,f16,4096,4,532.6305011807115,0.0011601516117894343,258.038083,256.762583,0.773903599428571,,0.06866599999999999,32,5,Pauls-MacBook-Pro,d1a525a,2026-10-01T13:12:46Z
rayon-packed,cpu,Apple M1 Pro,f16,4096,4,608.1434661714944,0.000738800511493001,225.997583,225.537083,0.32898007541643326,,0.06875,64,5,Pauls-MacBook-Pro,d1a525a,2026-10-01T13:12:46Z
rayon-packed,cpu,Apple M1 Pro,f16,4096,4,650.3679519817343,0.0009056059601577446,211.324917,211.141875,0.16268250777141988,,0.067375,128,5,Pauls-MacBook-Pro,d1a525a,2026-10-01T13:12:46Z
rayon-packed,cpu,Apple M1 Pro,f16,4096,4,669.686647080392,0.0014847176038444545,205.22875,204.901167,0.41015362100012165,,0.071875,256,5,Pauls-MacBook-Pro,d1a525a,2026-10-01T13:12:46Z
rayon-packed,cpu,Apple M1 Pro,f16,4096,8,749.9369935288086,0.0015213448532310988,183.267334,181.604917,3.5777010988692526,,0.132708,16,5,Pauls-MacBook-Pro,d1a525a,2026-10-01T13:12:46Z
rayon-packed,cpu,Apple M1 Pro,f16,4096,8,789.3137083396447,0.0011601516117894343,174.124625,145.807,36.51263562327697,,0.114584,32,5,Pauls-MacBook-Pro,d1a525a,2026-10-01T13:12:46Z
rayon-packed,cpu,Apple M1 Pro,f16,4096,8,907.1478912013819,0.000738800511493001,151.50666700000002,144.87670799999998,3.753259676801722,,0.161958,64,5,Pauls-MacBook-Pro,d1a525a,2026-10-01T13:12:46Z
rayon-packed,cpu,Apple M1 Pro,f16,4096,8,1195.9077738904389,0.0009056059601577446,114.924375,113.917041,8.230768531490462,,0.125,128,5,Pauls-MacBook-Pro,d1a525a,2026-10-01T13:12:46Z
rayon-packed,cpu,Apple M1 Pro,f16,4096,8,1188.7276234700107,0.0014847176038444545,115.61854100000001,110.113958,9.641909902132625,,0.108083,256,5,Pauls-MacBook-Pro,d1a525a,2026-10-01T13:12:46Z
rayon-packed,cpu,Apple M1 Pro,f16,4096,10,719.9838846431193,0.0015213448532310988,190.891708,185.99875,6.540598055278263,,0.147125,16,5,Pauls-MacBook-Pro,d1a525a,2026-10-01T13:12:46Z
rayon-packed,cpu,Apple M1 Pro,f16,4096,10,848.3862031550552,0.0011601516117894343,162.000458,145.049291,22.350136474374718,,0.145625,32,5,Pauls-MacBook-Pro,d1a525a,2026-10-01T13:12:46Z
rayon-packed,cpu,Apple M1 Pro,f16,4096,10,1067.3063668477955,0.000738800511493001,128.771792,124.288,4.1242736086116185,,0.15270799999999998,64,5,Pauls-MacBook-Pro,d1a525a,2026-10-01T13:12:46Z
rayon-packed,cpu,Apple M1 Pro,f16,4096,10,1166.8212717076763,0.0009056059601577446,117.789208,116.12679200000001,16.582481683044698,,0.158709,128,5,Pauls-MacBook-Pro,d1a525a,2026-10-01T13:12:46Z
rayon-packed,cpu,Apple M1 Pro,f16,4096,10,1242.9009771334322,0.0014847176038444545,110.579166,107.55149999999999,5.875388844778006,,0.152208,256,5,Pauls-MacBook-Pro,d1a525a,2026-10-01T13:12:46Z
rayon-packed,cpu,Apple M1 Pro,f32,64,1,17.87304833981046,3.4850235917978015e-8,0.029334,0.019125,0.016022091570703244,,0.031958,16,5,Pauls-MacBook-Pro,d1a525a,2026-10-01T13:12:46Z
rayon-packed,cpu,Apple M1 Pro,f32,64,1,31.7750303030303,5.0997868015873466e-8,0.0165,0.016125,0.0021879442863107818,,0.01975,32,5,Pauls-MacBook-Pro,d1a525a,2026-10-01T13:12:46Z
rayon-packed,cpu,Apple M1 Pro,f32,64,1,33.0260157480315,9.35095247668139e-8,0.015875,0.015458999999999999,0.0007126887118511147,,0.019791,64,5,Pauls-MacBook-Pro,d1a525a,2026-10-01T13:12:46Z
rayon-packed,cpu,Apple M1 Pro,f32,64,1,33.28812698412698,9.35095247668139e-8,0.01575,0.01525,0.0014050632725966469,,0.012584,128,5,Pauls-MacBook-Pro,d1a525a,2026-10-01T13:12:46Z
rayon-packed,cpu,Apple M1 Pro,f32,64,1,33.91693621425799,9.35095247668139e-8,0.015458,0.015042,0.0007874273299803614,,0.012166,256,5,Pauls-MacBook-Pro,d1a525a,2026-10-01T13:12:46Z
rayon-packed,cpu,Apple M1 Pro,f32,64,2,29.193607661896547,3.4850235917978015e-8,0.017959,0.017,0.00470001037232898,,0.0265,16,5,Pauls-MacBook-Pro,d1a525a,2026-10-01T13:12:46Z
rayon-packed,cpu,Apple M1 Pro,f32,64,2,32.51398449612403,5.0997868015873466e-8,0.016125,0.014666,0.0008477504349748218,,0.018791,32,5,Pauls-MacBook-Pro,d1a525a,2026-10-01T13:12:46Z
rayon-packed,cpu,Apple M1 Pro,f32,64,2,32.93887039014889,9.35095247668139e-8,0.015917,0.014292,0.0007690542893710429,,0.021667000000000002,64,5,Pauls-MacBook-Pro,d1a525a,2026-10-01T13:12:46Z
rayon-packed,cpu,Apple M1 Pro,f32,64,2,37.33713146275459,9.35095247668139e-8,0.014042,0.013417,0.00041571564800954976,,0.020125,128,5,Pauls-MacBook-Pro,d1a525a,2026-10-01T13:12:46Z
rayon-packed,cpu,Apple M1 Pro,f32,64,2,36.36595685648887,9.35095247668139e-8,0.014417,0.013708,0.0036447660418742925,,0.020333,256,5,Pauls-MacBook-Pro,d1a525a,2026-10-01T13:12:46Z
rayon-packed,cpu,Apple M1 Pro,f32,64,4,8.7018755186722,3.4850235917978015e-8,0.06025,0.032416,0.015689417000003536,,0.037708,16,5,Pauls-MacBook-Pro,d1a525a,2026-10-01T13:12:46Z
rayon-packed,cpu,Apple M1 Pro,f32,64,4,13.066367601246105,5.0997868015873466e-8,0.040125,0.019042000000000003,0.016712274225849692,,0.049166999999999995,32,5,Pauls-MacBook-Pro,d1a525a,2026-10-01T13:12:46Z
rayon-packed,cpu,Apple M1 Pro,f32,64,4,13.301062993124795,9.35095247668139e-8,0.039417,0.028708,0.0053938141143350495,,0.049499999999999995,64,5,Pauls-MacBook-Pro,d1a525a,2026-10-01T13:12:46Z
rayon-packed,cpu,Apple M1 Pro,f32,64,4,17.598281417830293,9.35095247668139e-8,0.029792,0.019708,0.01722885656972046,,0.045791000000000005,128,5,Pauls-MacBook-Pro,d1a525a,2026-10-01T13:12:46Z
rayon-packed,cpu,Apple M1 Pro,f32,64,4,23.1300127939295,9.35095247668139e-8,0.022667000000000003,0.014959,0.006899685587039456,,0.054291,256,5,Pauls-MacBook-Pro,d1a525a,2026-10-01T13:12:46Z
rayon-packed,cpu,Apple M1 Pro,f32,64,8,5.670491785548189,3.4850235917978015e-8,0.092459,0.055166,0.039086894634902884,,0.101333,16,5,Pauls-MacBook-Pro,d1a525a,2026-10-01T13:12:46Z
rayon-packed,cpu,Apple M1 Pro,f32,64,8,7.635225071722953,5.0997868015873466e-8,0.06866699999999999,0.060458000000000005,0.026031579863696325,,0.11791700000000001,32,5,Pauls-MacBook-Pro,d1a525a,2026-10-01T13:12:46Z
rayon-packed,cpu,Apple M1 Pro,f32,64,8,14.46311724137931,9.35095247668139e-8,0.03625,0.01675,0.031673884727011305,,0.11916700000000001,64,5,Pauls-MacBook-Pro,d1a525a,2026-10-01T13:12:46Z
rayon-packed,cpu,Apple M1 Pro,f32,64,8,8.565537747716839,9.35095247668139e-8,0.061209,0.034792000000000003,0.02177193609902436,,0.11904200000000001,128,5,Pauls-MacBook-Pro,d1a525a,2026-10-01T13:12:46Z
rayon-packed,cpu,Apple M1 Pro,f32,64,8,9.286336745899607,9.35095247668139e-8,0.056458,0.038958,0.01830083981133106,,0.097625,256,5,Pauls-MacBook-Pro,d1a525a,2026-10-01T13:12:46Z
rayon-packed,cpu,Apple M1 Pro,f32,64,10,7.324197085900284,3.4850235917978015e-8,0.071583,0.051,0.05150473771411713,,0.134417,16,5,Pauls-MacBook-Pro,d1a525a,2026-10-01T13:12:46Z
rayon-packed,cpu,Apple M1 Pro,f32,64,10,13.273113924050634,5.0997868015873466e-8,0.0395,0.031834,0.05532695223125886,,0.12587500000000001,32,5,Pauls-MacBook-Pro,d1a525a,2026-10-01T13:12:46Z
rayon-packed,cpu,Apple M1 Pro,f32,64,10,14.043177800396421,9.35095247668139e-8,0.037334,0.03675,0.01582998210674921,,0.104875,64,5,Pauls-MacBook-Pro,d1a525a,2026-10-01T13:12:46Z
rayon-packed,cpu,Apple M1 Pro,f32,64,10,9.151155484186274,9.35095247668139e-8,0.057292,0.020999999999999998,0.028978937466718823,,0.12545800000000001,128,5,Pauls-MacBook-Pro,d1a525a,2026-10-01T13:12:46Z
rayon-packed,cpu,Apple M1 Pro,f32,64,10,7.384338028169014,9.35095247668139e-8,0.07100000000000001,0.035459,0.02207734299457251,,0.12804200000000002,256,5,Pauls-MacBook-Pro,d1a525a,2026-10-01T13:12:46Z
rayon-packed,cpu,Apple M1 Pro,f32,128,1,45.14081536011021,3.6874787589676756e-8,0.092916,0.08954200000000001,0.007409302915929404,,0.013125000000000001,16,5,Pauls-MacBook-Pro,d1a525a,2026-10-01T13:12:46Z
rayon-packed,cpu,Apple M1 Pro,f32,128,1,51.80839447614812,4.205602285560216e-8,0.080958,0.078,0.0019402498550444432,,0.013458999999999999,32,5,Pauls-MacBook-Pro,d1a525a,2026-10-01T13:12:46Z
rayon-packed,cpu,Apple M1 Pro,f32,128,1,57.22809076148504,6.796106280284855e-8,0.073291,0.073041,0.0010506481332967774,,0.012083,64,5,Pauls-MacBook-Pro,d1a525a,2026-10-01T13:12:46Z
rayon-packed,cpu,Apple M1 Pro,f32,128,1,59.563798514563246,1.4165008669846908e-7,0.070417,0.07025,0.00784737253480425,,0.009916,128,5,Pauls-MacBook-Pro,d1a525a,2026-10-01T13:12:46Z
rayon-packed,cpu,Apple M1 Pro,f32,128,1,53.51584051036683,1.4165008669846908e-7,0.078375,0.073458,0.0041732338419983115,,0.012583,256,5,Pauls-MacBook-Pro,d1a525a,2026-10-01T13:12:46Z
rayon-packed,cpu,Apple M1 Pro,f32,128,2,59.388375221238945,3.6874787589676756e-8,0.070625,0.07054200000000001,0.0035773686978001025,,0.023375,16,5,Pauls-MacBook-Pro,d1a525a,2026-10-01T13:12:46Z
rayon-packed,cpu,Apple M1 Pro,f32,128,2,64.90218955512573,4.205602285560216e-8,0.064625,0.060792,0.02449620475298163,,0.028666999999999998,32,5,Pauls-MacBook-Pro,d1a525a,2026-10-01T13:12:46Z
rayon-packed,cpu,Apple M1 Pro,f32,128,2,61.19319541303143,6.796106280284855e-8,0.06854199999999999,0.059709,0.010538804092495507,,0.018792,64,5,Pauls-MacBook-Pro,d1a525a,2026-10-01T13:12:46Z
rayon-packed,cpu,Apple M1 Pro,f32,128,2,58.01892325568527,1.4165008669846908e-7,0.07229200000000001,0.047542,0.01950573690738189,,0.022667000000000003,128,5,Pauls-MacBook-Pro,d1a525a,2026-10-01T13:12:46Z
rayon-packed,cpu,Apple M1 Pro,f32,128,2,76.95970642201834,1.4165008669846908e-7,0.05450000000000001,0.052917,0.0009585456692302159,,0.025125,256,5,Pauls-MacBook-Pro,d1a525a,2026-10-01T13:12:46Z
rayon-packed,cpu,Apple M1 Pro,f32,128,4,44.95888179050723,3.6874787589676756e-8,0.093292,0.0745,0.046405046780495764,,0.048541999999999995,16,5,Pauls-MacBook-Pro,d1a525a,2026-10-01T13:12:46Z
rayon-packed,cpu,Apple M1 Pro,f32,128,4,45.92270129415114,4.205602285560216e-8,0.091334,0.060875000000000005,0.017661081628824432,,0.046125000000000006,32,5,Pauls-MacBook-Pro,d1a525a,2026-10-01T13:12:46Z
rayon-packed,cpu,Apple M1 Pro,f32,128,4,37.36573719376391,6.796106280284855e-8,0.11225,0.069541,0.023332010382733845,,0.047708,64,5,Pauls-MacBook-Pro,d1a525a,2026-10-01T13:12:46Z
rayon-packed,cpu,Apple M1 Pro,f32,128,4,60.604323199630095,1.4165008669846908e-7,0.069208,0.063292,0.007100934530046027,,0.04075,128,5,Pauls-MacBook-Pro,d1a525a,2026-10-01T13:12:46Z
rayon-packed,cpu,Apple M1 Pro,f32,128,4,57.19531452415693,1.4165008669846908e-7,0.073333,0.065042,0.007427719952986919,,0.038417,256,5,Pauls-MacBook-Pro,d1a525a,2026-10-01T13:12:46Z
rayon-packed,cpu,Apple M1 Pro,f32,128,8,17.260510288065845,3.6874787589676756e-8,0.243,0.209416,0.10117751964146977,,0.07375000000000001,16,5,Pauls-MacBook-Pro,d1a525a,2026-10-01T13:12:46Z
rayon-packed,cpu,Apple M1 Pro,f32,128,8,20.262338164251208,4.205602285560216e-8,0.207,0.170708,0.05149228476480724,,0.10041599999999999,32,5,Pauls-MacBook-Pro,d1a525a,2026-10-01T13:12:46Z
rayon-packed,cpu,Apple M1 Pro,f32,128,8,24.053356272401437,6.796106280284855e-8,0.174375,0.156917,0.03592102340273729,,0.092833,64,5,Pauls-MacBook-Pro,d1a525a,2026-10-01T13:12:46Z
rayon-packed,cpu,Apple M1 Pro,f32,128,8,45.52840162822252,1.4165008669846908e-7,0.092125,0.045333,0.02313990327983244,,0.094167,128,5,Pauls-MacBook-Pro,d1a525a,2026-10-01T13:12:46Z
rayon-packed,cpu,Apple M1 Pro,f32,128,8,48.1644408208261,1.4165008669846908e-7,0.08708300000000001,0.057166999999999996,0.01705397905182248,,0.118584,256,5,Pauls-MacBook-Pro,d1a525a,2026-10-01T13:12:46Z
rayon-packed,cpu,Apple M1 Pro,f32,128,10,22.18715417737857,3.6874787589676756e-8,0.189042,0.115667,0.06187440220882946,,0.110667,16,5,Pauls-MacBook-Pro,d1a525a,2026-10-01T13:12:46Z
rayon-packed,cpu,Apple M1 Pro,f32,128,10,27.213651257096515,4.205602285560216e-8,0.15412499999999998,0.1275,0.04892157307875535,,0.12466699999999999,32,5,Pauls-MacBook-Pro,d1a525a,2026-10-01T13:12:46Z
rayon-packed,cpu,Apple M1 Pro,f32,128,10,39.94575238095238,6.796106280284855e-8,0.10500000000000001,0.096,0.03576073937574557,,0.109042,64,5,Pauls-MacBook-Pro,d1a525a,2026-10-01T13:12:46Z
rayon-packed,cpu,Apple M1 Pro,f32,128,10,41.30609993894152,1.4165008669846908e-7,0.101542,0.051666000000000004,0.09657912293192562,,0.125917,128,5,Pauls-MacBook-Pro,d1a525a,2026-10-01T13:12:46Z
rayon-packed,cpu,Apple M1 Pro,f32,128,10,48.02601506858726,1.4165008669846908e-7,0.087334,0.055833,0.017464586831643057,,0.11299999999999999,256,5,Pauls-MacBook-Pro,d1a525a,2026-10-01T13:12:46Z
rayon-packed,cpu,Apple M1 Pro,f32,256,1,49.98172593671704,4.709906400246513e-8,0.671334,0.632958,0.02994037092789599,,0.012209,16,5,Pauls-MacBook-Pro,d1a525a,2026-10-01T13:12:46Z
rayon-packed,cpu,Apple M1 Pro,f32,256,1,63.34502906312712,4.310581641543812e-8,0.529709,0.520375,0.0069245892441357,,0.025707999999999998,32,5,Pauls-MacBook-Pro,d1a525a,2026-10-01T13:12:46Z
rayon-packed,cpu,Apple M1 Pro,f32,256,1,67.6955133184174,5.9535138201256465e-8,0.49566699999999997,0.470041,0.014184602824894345,,0.016084,64,5,Pauls-MacBook-Pro,d1a525a,2026-10-01T13:12:46Z
rayon-packed,cpu,Apple M1 Pro,f32,256,1,73.11671852800947,1.1715340825701369e-7,0.45891600000000005,0.45016700000000004,0.0243009996975433,,0.021208,128,5,Pauls-MacBook-Pro,d1a525a,2026-10-01T13:12:46Z
rayon-packed,cpu,Apple M1 Pro,f32,256,1,77.3664124249495,2.0261864064850236e-7,0.433708,0.432667,0.0020614888551723854,,0.016042,256,5,Pauls-MacBook-Pro,d1a525a,2026-10-01T13:12:46Z
rayon-packed,cpu,Apple M1 Pro,f32,256,2,82.3253962996494,4.709906400246513e-8,0.407583,0.39554199999999995,0.04323596837356603,,0.01875,16,5,Pauls-MacBook-Pro,d1a525a,2026-10-01T13:12:46Z
rayon-packed,cpu,Apple M1 Pro,f32,256,2,68.71205363542167,4.310581641543812e-8,0.488334,0.45829200000000003,0.0285983917607267,,0.023166000000000003,32,5,Pauls-MacBook-Pro,d1a525a,2026-10-01T13:12:46Z
rayon-packed,cpu,Apple M1 Pro,f32,256,2,93.55342296175272,5.9535138201256465e-8,0.358666,0.355958,0.005099921715085442,,0.030125,64,5,Pauls-MacBook-Pro,d1a525a,2026-10-01T13:12:46Z
rayon-packed,cpu,Apple M1 Pro,f32,256,2,116.69442618617866,1.1715340825701369e-7,0.287541,0.273125,0.00802188292734318,,0.024791999999999998,128,5,Pauls-MacBook-Pro,d1a525a,2026-10-01T13:12:46Z
rayon-packed,cpu,Apple M1 Pro,f32,256,2,129.179718960539,2.0261864064850236e-7,0.25975,0.253459,0.005325624254488881,,0.0195,256,5,Pauls-MacBook-Pro,d1a525a,2026-10-01T13:12:46Z
rayon-packed,cpu,Apple M1 Pro,f32,256,4,61.15627876289262,4.709906400246513e-8,0.548667,0.38291699999999995,0.12560116028644006,,0.037833,16,5,Pauls-MacBook-Pro,d1a525a,2026-10-01T13:12:46Z
rayon-packed,cpu,Apple M1 Pro,f32,256,4,69.76582570619472,4.310581641543812e-8,0.48095800000000005,0.364125,0.078494757291809,,0.050542,32,5,Pauls-MacBook-Pro,d1a525a,2026-10-01T13:12:46Z
rayon-packed,cpu,Apple M1 Pro,f32,256,4,101.37290634441088,5.9535138201256465e-8,0.331,0.3125,0.047768676323507224,,0.03825,64,5,Pauls-MacBook-Pro,d1a525a,2026-10-01T13:12:46Z
rayon-packed,cpu,Apple M1 Pro,f32,256,4,143.34416424943288,1.1715340825701369e-7,0.234083,0.209625,0.020206482185180095,,0.037375,128,5,Pauls-MacBook-Pro,d1a525a,2026-10-01T13:12:46Z
rayon-packed,cpu,Apple M1 Pro,f32,256,4,169.324869049181,2.0261864064850236e-7,0.198166,0.186167,0.00725556023336586,,0.039667,256,5,Pauls-MacBook-Pro,d1a525a,2026-10-01T13:12:46Z
rayon-packed,cpu,Apple M1 Pro,f32,256,8,35.82483064193247,4.709906400246513e-8,0.9366249999999999,0.778458,0.10829492553808794,,0.09050000000000001,16,5,Pauls-MacBook-Pro,d1a525a,2026-10-01T13:12:46Z
rayon-packed,cpu,Apple M1 Pro,f32,256,8,50.55913884523414,4.310581641543812e-8,0.6636669999999999,0.528958,0.06767234723799666,,0.102667,32,5,Pauls-MacBook-Pro,d1a525a,2026-10-01T13:12:46Z
rayon-packed,cpu,Apple M1 Pro,f32,256,8,90.51445342425845,5.9535138201256465e-8,0.370708,0.349667,0.01668691045999829,,0.12483399999999999,64,5,Pauls-MacBook-Pro,d1a525a,2026-10-01T13:12:46Z
rayon-packed,cpu,Apple M1 Pro,f32,256,8,153.6846560071084,1.1715340825701369e-7,0.218333,0.206417,0.011347577331747958,,0.103459,128,5,Pauls-MacBook-Pro,d1a525a,2026-10-01T13:12:46Z
rayon-packed,cpu,Apple M1 Pro,f32,256,8,193.25806767458602,2.0261864064850236e-7,0.173625,0.155708,0.022503187336464146,,0.07375000000000001,256,5,Pauls-MacBook-Pro,d1a525a,2026-10-01T13:12:46Z
rayon-packed,cpu,Apple M1 Pro,f32,256,10,44.22085630844816,4.709906400246513e-8,0.758792,0.5153329999999999,0.17021021475134804,,0.092292,16,5,Pauls-MacBook-Pro,d1a525a,2026-10-01T13:12:46Z
rayon-packed,cpu,Apple M1 Pro,f32,256,10,58.618860026868525,4.310581641543812e-8,0.572417,0.51125,0.1430931563464864,,0.13591699999999998,32,5,Pauls-MacBook-Pro,d1a525a,2026-10-01T13:12:46Z
rayon-packed,cpu,Apple M1 Pro,f32,256,10,76.86415510993214,5.9535138201256465e-8,0.436542,0.36633299999999996,0.04508423589792779,,0.108584,64,5,Pauls-MacBook-Pro,d1a525a,2026-10-01T13:12:46Z
rayon-packed,cpu,Apple M1 Pro,f32,256,10,157.286645760384,1.1715340825701369e-7,0.21333300000000002,0.187792,0.0273264863401792,,0.1115,128,5,Pauls-MacBook-Pro,d1a525a,2026-10-01T13:12:46Z
rayon-packed,cpu,Apple M1 Pro,f32,256,10,163.78002196461256,2.0261864064850236e-7,0.204875,0.18025,0.04322761800631626,,0.113083,256,5,Pauls-MacBook-Pro,d1a525a,2026-10-01T13:12:46Z
rayon-packed,cpu,Apple M1 Pro,f32,512,1,58.3043021762182,6.161468376723522e-8,4.604042,4.5014590000000005,0.2252064609268572,,0.027875,16,5,Pauls-MacBook-Pro,d1a525a,2026-10-01T13:12:46Z
rayon-packed,cpu,Apple M1 Pro,f32,512,1,69.36616024515787,4.9527104977653896e-8,3.869833,3.776459,0.07091413054744443,,0.025417000000000002,32,5,Pauls-MacBook-Pro,d1a525a,2026-10-01T13:12:46Z
rayon-packed,cpu,Apple M1 Pro,f32,512,1,75.84619383771737,5.514692093699056e-8,3.539208,3.4689579999999998,0.05742557160098635,,0.020792,64,5,Pauls-MacBook-Pro,d1a525a,2026-10-01T13:12:46Z
rayon-packed,cpu,Apple M1 Pro,f32,512,1,80.71931011546388,9.485598201664946e-8,3.325542,3.238042,0.0882031329443576,,0.025375,128,5,Pauls-MacBook-Pro,d1a525a,2026-10-01T13:12:46Z
rayon-packed,cpu,Apple M1 Pro,f32,512,1,82.14687659704691,1.2092867544406702e-7,3.26775,3.172833,0.08249536862575989,,0.033917,256,5,Pauls-MacBook-Pro,d1a525a,2026-10-01T13:12:46Z
rayon-packed,cpu,Apple M1 Pro,f32,512,2,84.20294621196388,6.161468376723522e-8,3.187958,3.012166,0.14793238081366772,,0.045583,16,5,Pauls-MacBook-Pro,d1a525a,2026-10-01T13:12:46Z
rayon-packed,cpu,Apple M1 Pro,f32,512,2,108.11659745137914,4.9527104977653896e-8,2.482833,2.4665,0.0693713656107475,,0.040583,32,5,Pauls-MacBook-Pro,d1a525a,2026-10-01T13:12:46Z
rayon-packed,cpu,Apple M1 Pro,f32,512,2,127.73772114408186,5.514692093699056e-8,2.101458,2.066333,0.10158445275582267,,0.034249999999999996,64,5,Pauls-MacBook-Pro,d1a525a,2026-10-01T13:12:46Z
rayon-packed,cpu,Apple M1 Pro,f32,512,2,142.1139334259811,9.485598201664946e-8,1.8888749999999999,1.846292,0.026241025212441642,,0.034332999999999995,128,5,Pauls-MacBook-Pro,d1a525a,2026-10-01T13:12:46Z
rayon-packed,cpu,Apple M1 Pro,f32,512,2,150.36640303740347,1.2092867544406702e-7,1.785209,1.7318749999999998,0.08259989548903802,,0.035333,256,5,Pauls-MacBook-Pro,d1a525a,2026-10-01T13:12:46Z
rayon-packed,cpu,Apple M1 Pro,f32,512,4,92.34636320696785,6.161468376723522e-8,2.9068330000000002,2.841333,0.08245603567659543,,0.050875000000000004,16,5,Pauls-MacBook-Pro,d1a525a,2026-10-01T13:12:46Z
rayon-packed,cpu,Apple M1 Pro,f32,512,4,133.05898383923602,4.9527104977653896e-8,2.017417,2.000459,0.019085737405193353,,0.054709,32,5,Pauls-MacBook-Pro,d1a525a,2026-10-01T13:12:46Z
rayon-packed,cpu,Apple M1 Pro,f32,512,4,193.07264009942935,5.514692093699056e-8,1.390334,1.373167,0.016280423873474528,,0.04675,64,5,Pauls-MacBook-Pro,d1a525a,2026-10-01T13:12:46Z
rayon-packed,cpu,Apple M1 Pro,f32,512,4,238.7950236850884,9.485598201664946e-8,1.1241249999999998,1.09775,0.019857280888883055,,0.059833000000000004,128,5,Pauls-MacBook-Pro,d1a525a,2026-10-01T13:12:46Z
rayon-packed,cpu,Apple M1 Pro,f32,512,4,251.0892090799226,1.2092867544406702e-7,1.0690840000000001,1.053292,0.013012782984435025,,0.06925,256,5,Pauls-MacBook-Pro,d1a525a,2026-10-01T13:12:46Z
rayon-packed,cpu,Apple M1 Pro,f32,512,8,91.38486500214303,6.161468376723522e-8,2.937417,2.810416,0.1505680286823866,,0.100334,16,5,Pauls-MacBook-Pro,d1a525a,2026-10-01T13:12:46Z
rayon-packed,cpu,Apple M1 Pro,f32,512,8,136.63737088226864,4.9527104977653896e-8,1.9645830000000002,1.853333,0.10709599338350623,,0.112125,32,5,Pauls-MacBook-Pro,d1a525a,2026-10-01T13:12:46Z
rayon-packed,cpu,Apple M1 Pro,f32,512,8,235.28044196028284,5.514692093699056e-8,1.140917,1.08125,0.05391163809883729,,0.107709,64,5,Pauls-MacBook-Pro,d1a525a,2026-10-01T13:12:46Z
rayon-packed,cpu,Apple M1 Pro,f32,512,8,278.7491754932502,9.485598201664946e-8,0.963,0.853416,0.07805793430010817,,0.108541,128,5,Pauls-MacBook-Pro,d1a525a,2026-10-01T13:12:46Z
rayon-packed,cpu,Apple M1 Pro,f32,512,8,339.12976948791095,1.2092867544406702e-7,0.791542,0.761417,0.01778858740035305,,0.105166,256,5,Pauls-MacBook-Pro,d1a525a,2026-10-01T13:12:46Z
rayon-packed,cpu,Apple M1 Pro,f32,512,10,86.69580992225859,6.161468376723522e-8,3.0962910000000003,2.786916,0.24048799143366809,,0.113041,16,5,Pauls-MacBook-Pro,d1a525a,2026-10-01T13:12:46Z
rayon-packed,cpu,Apple M1 Pro,f32,512,10,133.2158118788591,4.9527104977653896e-8,2.0150419999999998,1.760083,0.3053577030487358,,0.133542,32,5,Pauls-MacBook-Pro,d1a525a,2026-10-01T13:12:46Z
rayon-packed,cpu,Apple M1 Pro,f32,512,10,224.56171159677925,5.514692093699056e-8,1.195375,1.00475,0.1383282747073063,,0.12770800000000002,64,5,Pauls-MacBook-Pro,d1a525a,2026-10-01T13:12:46Z
rayon-packed,cpu,Apple M1 Pro,f32,512,10,290.5274541402811,9.485598201664946e-8,0.923959,0.795334,0.134946795087175,,0.127083,128,5,Pauls-MacBook-Pro,d1a525a,2026-10-01T13:12:46Z
rayon-packed,cpu,Apple M1 Pro,f32,512,10,327.4769259297213,1.2092867544406702e-7,0.819708,0.687083,0.10269146146101922,,0.10124999999999999,256,5,Pauls-MacBook-Pro,d1a525a,2026-10-01T13:12:46Z
rayon-packed,cpu,Apple M1 Pro,f32,1024,1,59.27963086962183,8.100024598024453e-8,36.226333,36.165707999999995,0.13997103840331004,,0.040125,16,5,Pauls-MacBook-Pro,d1a525a,2026-10-01T13:12:46Z
rayon-packed,cpu,Apple M1 Pro,f32,1024,1,71.0226961823034,5.809850155458592e-8,30.236583,29.71825,0.3519396970029078,,0.056584,32,5,Pauls-MacBook-Pro,d1a525a,2026-10-01T13:12:46Z
rayon-packed,cpu,Apple M1 Pro,f32,1024,1,79.71628611114937,6.063141314742624e-8,26.939083,26.712957999999997,0.16190239633032052,,0.052625,64,5,Pauls-MacBook-Pro,d1a525a,2026-10-01T13:12:46Z
rayon-packed,cpu,Apple M1 Pro,f32,1024,1,83.18555365627212,7.842680129694291e-8,25.815583999999998,25.558708,0.21634476093379318,,0.051125000000000004,128,5,Pauls-MacBook-Pro,d1a525a,2026-10-01T13:12:46Z
rayon-packed,cpu,Apple M1 Pro,f32,1024,1,85.2718846945391,8.792428527315714e-8,25.183958999999998,24.947459000000002,0.11603695365141062,,0.035708,256,5,Pauls-MacBook-Pro,d1a525a,2026-10-01T13:12:46Z
rayon-packed,cpu,Apple M1 Pro,f32,1024,2,100.78770582437697,8.100024598024453e-8,21.307,21.18225,0.11706409851530024,,0.039959,16,5,Pauls-MacBook-Pro,d1a525a,2026-10-01T13:12:46Z
rayon-packed,cpu,Apple M1 Pro,f32,1024,2,124.89333231440536,5.809850155458592e-8,17.194542,17.131666,0.12521477085591884,,0.052500000000000005,32,5,Pauls-MacBook-Pro,d1a525a,2026-10-01T13:12:46Z
rayon-packed,cpu,Apple M1 Pro,f32,1024,2,145.7605219535683,6.063141314742624e-8,14.732958,14.660791,0.12616845813950495,,0.057042,64,5,Pauls-MacBook-Pro,d1a525a,2026-10-01T13:12:46Z
rayon-packed,cpu,Apple M1 Pro,f32,1024,2,153.53242354223696,7.842680129694291e-8,13.987167,13.824209,0.11194885709242425,,0.048625,128,5,Pauls-MacBook-Pro,d1a525a,2026-10-01T13:12:46Z
rayon-packed,cpu,Apple M1 Pro,f32,1024,2,158.1741058288946,8.792428527315714e-8,13.576708,13.449,0.10836903734139185,,0.051958,256,5,Pauls-MacBook-Pro,d1a525a,2026-10-01T13:12:46Z
rayon-packed,cpu,Apple M1 Pro,f32,1024,4,158.03490128943477,8.100024598024453e-8,13.588667000000001,13.415125,0.42636503612597076,,0.075,16,5,Pauls-MacBook-Pro,d1a525a,2026-10-01T13:12:46Z
rayon-packed,cpu,Apple M1 Pro,f32,1024,4,218.12660052564087,5.809850155458592e-8,9.845125,9.673959,0.10724837535739186,,0.062375,32,5,Pauls-MacBook-Pro,d1a525a,2026-10-01T13:12:46Z
rayon-packed,cpu,Apple M1 Pro,f32,1024,4,258.0451084308395,6.063141314742624e-8,8.322125,8.23875,0.056154646612724735,,0.076417,64,5,Pauls-MacBook-Pro,d1a525a,2026-10-01T13:12:46Z
rayon-packed,cpu,Apple M1 Pro,f32,1024,4,282.01630362126133,7.842680129694291e-8,7.61475,7.570875,0.06955545726109495,,0.081625,128,5,Pauls-MacBook-Pro,d1a525a,2026-10-01T13:12:46Z
rayon-packed,cpu,Apple M1 Pro,f32,1024,4,287.1287584738726,8.792428527315714e-8,7.479166,7.445667,0.03914011880794434,,0.085666,256,5,Pauls-MacBook-Pro,d1a525a,2026-10-01T13:12:46Z
rayon-packed,cpu,Apple M1 Pro,f32,1024,8,196.06798730912325,8.100024598024453e-8,10.95275,10.771708,1.0732308347074264,,0.128458,16,5,Pauls-MacBook-Pro,d1a525a,2026-10-01T13:12:46Z
rayon-packed,cpu,Apple M1 Pro,f32,1024,8,309.11645682333534,5.809850155458592e-8,6.947166999999999,6.564457999999999,0.23750656111716198,,0.13825,32,5,Pauls-MacBook-Pro,d1a525a,2026-10-01T13:12:46Z
rayon-packed,cpu,Apple M1 Pro,f32,1024,8,378.58352938438765,6.063141314742624e-8,5.672417,5.428375,0.20603542404450736,,0.103,64,5,Pauls-MacBook-Pro,d1a525a,2026-10-01T13:12:46Z
rayon-packed,cpu,Apple M1 Pro,f32,1024,8,442.22930737199295,7.842680129694291e-8,4.856041,4.8006660000000005,0.18226816051576306,,0.131042,128,5,Pauls-MacBook-Pro,d1a525a,2026-10-01T13:12:46Z
rayon-packed,cpu,Apple M1 Pro,f32,1024,8,474.0189604613305,8.792428527315714e-8,4.530374999999999,4.494834,0.2045747877615913,,0.110375,256,5,Pauls-MacBook-Pro,d1a525a,2026-10-01T13:12:46Z
rayon-packed,cpu,Apple M1 Pro,f32,1024,10,180.08940284666699,8.100024598024453e-8,11.924542,11.669583000000001,0.27591307019729905,,0.148125,16,5,Pauls-MacBook-Pro,d1a525a,2026-10-01T13:12:46Z
rayon-packed,cpu,Apple M1 Pro,f32,1024,10,321.0030330720097,5.809850155458592e-8,6.689917,6.307042,0.2726910268356845,,0.157666,32,5,Pauls-MacBook-Pro,d1a525a,2026-10-01T13:12:46Z
rayon-packed,cpu,Apple M1 Pro,f32,1024,10,397.99539415280543,6.063141314742624e-8,5.3957500000000005,5.2333750000000006,0.27103283664844013,,0.129458,64,5,Pauls-MacBook-Pro,d1a525a,2026-10-01T13:12:46Z
rayon-packed,cpu,Apple M1 Pro,f32,1024,10,419.0449931888816,7.842680129694291e-8,5.124709,4.6579999999999995,0.2924991750113152,,0.169834,128,5,Pauls-MacBook-Pro,d1a525a,2026-10-01T13:12:46Z
rayon-packed,cpu,Apple M1 Pro,f32,1024,10,467.89540851120756,8.792428527315714e-8,4.589666,4.420542,0.13184526329868662,,0.12487500000000001,256,5,Pauls-MacBook-Pro,d1a525a,2026-10-01T13:12:46Z
rayon-packed,cpu,Apple M1 Pro,f32,2048,1,60.85511001380585,1.132928191192533e-7,282.30775,281.53000000000003,0.8172701432539178,,0.0375,16,5,Pauls-MacBook-Pro,d1a525a,2026-10-01T13:12:46Z
rayon-packed,cpu,Apple M1 Pro,f32,2048,1,73.76999167612237,8.545485807537869e-8,232.88424999999998,230.996875,1.074353009678761,,0.029459,32,5,Pauls-MacBook-Pro,d1a525a,2026-10-01T13:12:46Z
rayon-packed,cpu,Apple M1 Pro,f32,2048,1,81.85889327172427,8.294078083327892e-8,209.87175,209.229375,0.6412228148462141,,0.04025,64,5,Pauls-MacBook-Pro,d1a525a,2026-10-01T13:12:46Z
rayon-packed,cpu,Apple M1 Pro,f32,2048,1,86.24241089995509,5.3149731431384165e-8,199.204417,198.493625,1.3828533509670091,,0.052833,128,5,Pauls-MacBook-Pro,d1a525a,2026-10-01T13:12:46Z
rayon-packed,cpu,Apple M1 Pro,f32,2048,1,88.20374233872401,7.38664680016712e-8,194.774833,194.045416,1.2222608110384185,,0.051082999999999996,256,5,Pauls-MacBook-Pro,d1a525a,2026-10-01T13:12:46Z
rayon-packed,cpu,Apple M1 Pro,f32,2048,2,108.71457054392857,1.132928191192533e-7,158.02729200000002,156.953167,0.4789640501935378,,0.049499999999999995,16,5,Pauls-MacBook-Pro,d1a525a,2026-10-01T13:12:46Z
rayon-packed,cpu,Apple M1 Pro,f32,2048,2,135.52021383390937,8.545485807537869e-8,126.769791,126.615375,0.26201985734538835,,0.04025,32,5,Pauls-MacBook-Pro,d1a525a,2026-10-01T13:12:46Z
rayon-packed,cpu,Apple M1 Pro,f32,2048,2,154.93743211797158,8.294078083327892e-8,110.882625,110.670042,0.15753721302060558,,0.048042,64,5,Pauls-MacBook-Pro,d1a525a,2026-10-01T13:12:46Z
rayon-packed,cpu,Apple M1 Pro,f32,2048,2,165.47678848178776,5.3149731431384165e-8,103.82041699999999,103.548792,0.14590295539055947,,0.04975,128,5,Pauls-MacBook-Pro,d1a525a,2026-10-01T13:12:46Z
rayon-packed,cpu,Apple M1 Pro,f32,2048,2,167.7514089541287,7.38664680016712e-8,102.412667,102.35600000000001,0.5582498364059759,,0.050416,256,5,Pauls-MacBook-Pro,d1a525a,2026-10-01T13:12:46Z
rayon-packed,cpu,Apple M1 Pro,f32,2048,4,206.0144269476213,1.132928191192533e-7,83.39158300000001,82.79025,0.3019306316949321,,0.06525,16,5,Pauls-MacBook-Pro,d1a525a,2026-10-01T13:12:46Z
rayon-packed,cpu,Apple M1 Pro,f32,2048,4,257.99618460082934,8.545485807537869e-8,66.589625,66.242083,0.17553383830561065,,0.069084,32,5,Pauls-MacBook-Pro,d1a525a,2026-10-01T13:12:46Z
rayon-packed,cpu,Apple M1 Pro,f32,2048,4,294.2052274502006,8.294078083327892e-8,58.394166999999996,58.109916,0.1713185617503265,,0.077625,64,5,Pauls-MacBook-Pro,d1a525a,2026-10-01T13:12:46Z
rayon-packed,cpu,Apple M1 Pro,f32,2048,4,313.4057023379496,5.3149731431384165e-8,54.816708999999996,54.609208,0.25425308605737557,,0.06854199999999999,128,5,Pauls-MacBook-Pro,d1a525a,2026-10-01T13:12:46Z
rayon-packed,cpu,Apple M1 Pro,f32,2048,4,318.112588901619,7.38664680016712e-8,54.005625,53.884208,0.1146852101654783,,0.067583,256,5,Pauls-MacBook-Pro,d1a525a,2026-10-01T13:12:46Z
rayon-packed,cpu,Apple M1 Pro,f32,2048,8,337.28867557999024,1.132928191192533e-7,50.935209,50.111834,0.49378524884325836,,0.117834,16,5,Pauls-MacBook-Pro,d1a525a,2026-10-01T13:12:46Z
rayon-packed,cpu,Apple M1 Pro,f32,2048,8,429.549080894234,8.545485807537869e-8,39.995125,39.848667,0.2562666065218009,,0.11900000000000001,32,5,Pauls-MacBook-Pro,d1a525a,2026-10-01T13:12:46Z
rayon-packed,cpu,Apple M1 Pro,f32,2048,8,507.43879582852594,8.294078083327892e-8,33.856042,33.517166,0.2534215286971478,,0.14416700000000002,64,5,Pauls-MacBook-Pro,d1a525a,2026-10-01T13:12:46Z
rayon-packed,cpu,Apple M1 Pro,f32,2048,8,560.2154029626165,5.3149731431384165e-8,30.666542,30.456875,0.16975203495775854,,0.122,128,5,Pauls-MacBook-Pro,d1a525a,2026-10-01T13:12:46Z
rayon-packed,cpu,Apple M1 Pro,f32,2048,8,576.0876271497613,7.38664680016712e-8,29.821625,29.76925,0.1869869128481992,,0.111334,256,5,Pauls-MacBook-Pro,d1a525a,2026-10-01T13:12:46Z
rayon-packed,cpu,Apple M1 Pro,f32,2048,10,343.52753766104274,1.132928191192533e-7,50.010166000000005,48.816083000000006,1.150401339194195,,0.129708,16,5,Pauls-MacBook-Pro,d1a525a,2026-10-01T13:12:46Z
rayon-packed,cpu,Apple M1 Pro,f32,2048,10,402.05324830957903,8.545485807537869e-8,42.730333,40.127542000000005,1.6056825497039229,,0.141667,32,5,Pauls-MacBook-Pro,d1a525a,2026-10-01T13:12:46Z
rayon-packed,cpu,Apple M1 Pro,f32,2048,10,491.3798837039685,8.294078083327892e-8,34.9625,34.341334,0.5329580083198843,,0.133875,64,5,Pauls-MacBook-Pro,d1a525a,2026-10-01T13:12:46Z
rayon-packed,cpu,Apple M1 Pro,f32,2048,10,552.451778567409,5.3149731431384165e-8,31.0975,30.065208,0.6564301206887906,,0.154208,128,5,Pauls-MacBook-Pro,d1a525a,2026-10-01T13:12:46Z
rayon-packed,cpu,Apple M1 Pro,f32,2048,10,567.4215440106962,7.38664680016712e-8,30.277083,28.87275,1.543850548136281,,0.136875,256,5,Pauls-MacBook-Pro,d1a525a,2026-10-01T13:12:46Z
rayon-packed,cpu,Apple M1 Pro,f32,4096,1,59.333300835325254,1.2795144344572184e-7,2316.388125,2315.335084,6.7513046534840635,,0.03875,16,5,Pauls-MacBook-Pro,d1a525a,2026-10-01T13:12:46Z
rayon-packed,cpu,Apple M1 Pro,f32,4096,1,71.88439072195519,1.6518271083374624e-7,1911.9443330000001,1907.9169160000001,2.577574519858786,,0.045125,32,5,Pauls-MacBook-Pro,d1a525a,2026-10-01T13:12:46Z
rayon-packed,cpu,Apple M1 Pro,f32,4096,1,80.2430098842725,1.0440585204536811e-7,1712.784125,1711.1736250000001,3.645643539777994,,0.043084000000000004,64,5,Pauls-MacBook-Pro,d1a525a,2026-10-01T13:12:46Z
rayon-packed,cpu,Apple M1 Pro,f32,4096,1,85.76614482543675,5.338774594367461e-8,1602.484917,1601.0856250000002,0.8257890960300682,,0.044125000000000004,128,5,Pauls-MacBook-Pro,d1a525a,2026-10-01T13:12:46Z
rayon-packed,cpu,Apple M1 Pro,f32,4096,1,89.51114874405667,7.87853605624347e-8,1535.4395,1532.093541,1.5843452347399531,,0.042709000000000004,256,5,Pauls-MacBook-Pro,d1a525a,2026-10-01T13:12:46Z
rayon-packed,cpu,Apple M1 Pro,f32,4096,2,109.12274289610576,1.2795144344572184e-7,1259.489542,1252.469792,3.368048316274056,,0.049166999999999995,16,5,Pauls-MacBook-Pro,d1a525a,2026-10-01T13:12:46Z
rayon-packed,cpu,Apple M1 Pro,f32,4096,2,138.06967299695924,1.6518271083374624e-7,995.431875,994.0057089999999,1.3878471089375373,,0.05325,32,5,Pauls-MacBook-Pro,d1a525a,2026-10-01T13:12:46Z
rayon-packed,cpu,Apple M1 Pro,f32,4096,2,156.26709365929116,1.0440585204536811e-7,879.5130839999999,878.413292,1.1702045487590742,,0.052959,64,5,Pauls-MacBook-Pro,d1a525a,2026-10-01T13:12:46Z
rayon-packed,cpu,Apple M1 Pro,f32,4096,2,167.38670960061285,5.338774594367461e-8,821.086416,819.008917,1.3804394411408463,,0.054333000000000006,128,5,Pauls-MacBook-Pro,d1a525a,2026-10-01T13:12:46Z
rayon-packed,cpu,Apple M1 Pro,f32,4096,2,173.50315254371685,7.87853605624347e-8,792.140958,789.915083,1.5757713205553823,,0.047917,256,5,Pauls-MacBook-Pro,d1a525a,2026-10-01T13:12:46Z
rayon-packed,cpu,Apple M1 Pro,f32,4096,4,219.5751585689323,1.2795144344572184e-7,625.9312500000001,624.691917,0.8606834221162357,,0.066375,16,5,Pauls-MacBook-Pro,d1a525a,2026-10-01T13:12:46Z
rayon-packed,cpu,Apple M1 Pro,f32,4096,4,266.11212923246904,1.6518271083374624e-7,516.4700829999999,515.327791,0.7926284078770237,,0.072875,32,5,Pauls-MacBook-Pro,d1a525a,2026-10-01T13:12:46Z
rayon-packed,cpu,Apple M1 Pro,f32,4096,4,301.46186973365803,1.0440585204536811e-7,455.90825,455.30725,0.4260883229628512,,0.066542,64,5,Pauls-MacBook-Pro,d1a525a,2026-10-01T13:12:46Z
rayon-packed,cpu,Apple M1 Pro,f32,4096,4,322.6523400737518,5.338774594367461e-8,425.96608299999997,425.72195800000003,0.1234441754004309,,0.084125,128,5,Pauls-MacBook-Pro,d1a525a,2026-10-01T13:12:46Z
rayon-packed,cpu,Apple M1 Pro,f32,4096,4,332.50384348483635,7.87853605624347e-8,413.345458,412.620416,0.5308760324075507,,0.066833,256,5,Pauls-MacBook-Pro,d1a525a,2026-10-01T13:12:46Z
rayon-packed,cpu,Apple M1 Pro,f32,4096,8,360.90152172407375,1.2795144344572184e-7,380.821208,376.866042,5.423446760729338,,0.13937500000000003,16,5,Pauls-MacBook-Pro,d1a525a,2026-10-01T13:12:46Z
rayon-packed,cpu,Apple M1 Pro,f32,4096,8,455.0777280830336,1.6518271083374624e-7,302.012041,287.92820800000004,9.090916232098508,,0.137708,32,5,Pauls-MacBook-Pro,d1a525a,2026-10-01T13:12:46Z
rayon-packed,cpu,Apple M1 Pro,f32,4096,8,554.1286268532027,1.0440585204536811e-7,248.027167,246.385625,1.4578177408611421,,0.127792,64,5,Pauls-MacBook-Pro,d1a525a,2026-10-01T13:12:46Z
rayon-packed,cpu,Apple M1 Pro,f32,4096,8,598.1747716955069,5.338774594367461e-8,229.763875,228.648458,5.1832543733844,,0.14558400000000002,128,5,Pauls-MacBook-Pro,d1a525a,2026-10-01T13:12:46Z
rayon-packed,cpu,Apple M1 Pro,f32,4096,8,616.6332932083441,7.87853605624347e-8,222.886041,222.05704200000002,1.7227592342115805,,0.152,256,5,Pauls-MacBook-Pro,d1a525a,2026-10-01T13:12:46Z
rayon-packed,cpu,Apple M1 Pro,f32,4096,10,352.17922090131947,1.2795144344572184e-7,390.252875,374.97658299999995,9.091585415070812,,0.177125,16,5,Pauls-MacBook-Pro,d1a525a,2026-10-01T13:12:46Z
rayon-packed,cpu,Apple M1 Pro,f32,4096,10,463.51870096357044,1.6518271083374624e-7,296.512208,288.081417,8.596864550745632,,0.17737499999999998,32,5,Pauls-MacBook-Pro,d1a525a,2026-10-01T13:12:46Z
rayon-packed,cpu,Apple M1 Pro,f32,4096,10,554.4349677987374,1.0440585204536811e-7,247.89012499999998,244.144416,7.5306578624784635,,0.189708,64,5,Pauls-MacBook-Pro,d1a525a,2026-10-01T13:12:46Z
rayon-packed,cpu,Apple M1 Pro,f32,4096,10,603.8699026378468,5.338774594367461e-8,227.596959,224.366417,6.735558099118252,,0.17975,128,5,Pauls-MacBook-Pro,d1a525a,2026-10-01T13:12:46Z
rayon-packed,cpu,Apple M1 Pro,f32,4096,10,632.0746936962211,7.87853605624347e-8,217.441,214.216167,9.512511222423951,,0.15187499999999998,256,5,Pauls-MacBook-Pro,d1a525a,2026-10-01T13:12:46Z
rayon-packed,cpu,Apple M1 Pro,f64,64,1,17.379520668279905,1.4934200314468882e-16,0.030167,0.029416,0.007560487120549838,,0.036125,16,5,Pauls-MacBook-Pro,d1a525a,2026-10-01T13:12:46Z
rayon-packed,cpu,Apple M1 Pro,f64,64,1,20.4936090372513,1.611195320963587e-16,0.025582999999999998,0.024834,0.0013160626884765022,,0.017583,32,5,Pauls-MacBook-Pro,d1a525a,2026-10-01T13:12:46Z
rayon-packed,cpu,Apple M1 Pro,f64,64,1,19.239926605504586,5.356541370317511e-17,0.027250000000000003,0.024958,0.0029876305494488434,,0.013708,64,5,Pauls-MacBook-Pro,d1a525a,2026-10-01T13:12:46Z
rayon-packed,cpu,Apple M1 Pro,f64,64,1,19.97287619047619,5.356541370317511e-17,0.026250000000000002,0.024749999999999998,0.0018376786171689552,,0.014417,128,5,Pauls-MacBook-Pro,d1a525a,2026-10-01T13:12:46Z
rayon-packed,cpu,Apple M1 Pro,f64,64,1,21.5463773476349,5.356541370317511e-17,0.024333,0.02425,0.0006996855007787422,,0.011459,256,5,Pauls-MacBook-Pro,d1a525a,2026-10-01T13:12:46Z
rayon-packed,cpu,Apple M1 Pro,f64,64,2,20.036994573110142,1.4934200314468882e-16,0.026166,0.025958000000000002,0.0011371230364388887,,0.021083,16,5,Pauls-MacBook-Pro,d1a525a,2026-10-01T13:12:46Z
rayon-packed,cpu,Apple M1 Pro,f64,64,2,22.96185345771471,1.611195320963587e-16,0.022833,0.022708,0.00013350018726578615,,0.025125,32,5,Pauls-MacBook-Pro,d1a525a,2026-10-01T13:12:46Z
rayon-packed,cpu,Apple M1 Pro,f64,64,2,16.666285205671052,5.356541370317511e-17,0.031458,0.0255,0.006977510107481037,,0.022334,64,5,Pauls-MacBook-Pro,d1a525a,2026-10-01T13:12:46Z
rayon-packed,cpu,Apple M1 Pro,f64,64,2,12.122265895953756,5.356541370317511e-17,0.043250000000000004,0.030167,0.015853006859898853,,0.031916,128,5,Pauls-MacBook-Pro,d1a525a,2026-10-01T13:12:46Z
rayon-packed,cpu,Apple M1 Pro,f64,64,2,19.59955140186916,5.356541370317511e-17,0.02675,0.022667000000000003,0.010918954221902387,,0.021083,256,5,Pauls-MacBook-Pro,d1a525a,2026-10-01T13:12:46Z
rayon-packed,cpu,Apple M1 Pro,f64,64,4,10.172053858988784,1.4934200314468882e-16,0.051542000000000004,0.036875000000000005,0.010607642362938147,,0.041167,16,5,Pauls-MacBook-Pro,d1a525a,2026-10-01T13:12:46Z
rayon-packed,cpu,Apple M1 Pro,f64,64,4,10.708715455789537,1.611195320963587e-16,0.048959,0.028416,0.010532075754569941,,0.038875,32,5,Pauls-MacBook-Pro,d1a525a,2026-10-01T13:12:46Z
rayon-packed,cpu,Apple M1 Pro,f64,64,4,11.522813186813186,5.356541370317511e-17,0.0455,0.023667,0.014098343686405152,,0.049332999999999995,64,5,Pauls-MacBook-Pro,d1a525a,2026-10-01T13:12:46Z
rayon-packed,cpu,Apple M1 Pro,f64,64,4,12.312143343587817,5.356541370317511e-17,0.042583,0.024583,0.01118727172728007,,0.044166,128,5,Pauls-MacBook-Pro,d1a525a,2026-10-01T13:12:46Z
rayon-packed,cpu,Apple M1 Pro,f64,64,4,16.867355145899687,5.356541370317511e-17,0.031083,0.021875,0.00988215015571004,,0.038167,256,5,Pauls-MacBook-Pro,d1a525a,2026-10-01T13:12:46Z
rayon-packed,cpu,Apple M1 Pro,f64,64,8,3.816473157415833,1.4934200314468882e-16,0.137375,0.089708,0.0421416435156485,,0.089458,16,5,Pauls-MacBook-Pro,d1a525a,2026-10-01T13:12:46Z
rayon-packed,cpu,Apple M1 Pro,f64,64,8,5.260449902674934,1.611195320963587e-16,0.099666,0.09125,0.014479197964666414,,0.111666,32,5,Pauls-MacBook-Pro,d1a525a,2026-10-01T13:12:46Z
rayon-packed,cpu,Apple M1 Pro,f64,64,8,6.9212937293729375,5.356541370317511e-17,0.07575,0.053917,0.020456338193821495,,0.08904200000000001,64,5,Pauls-MacBook-Pro,d1a525a,2026-10-01T13:12:46Z
rayon-packed,cpu,Apple M1 Pro,f64,64,8,8.490493927125506,5.356541370317511e-17,0.06175,0.033042,0.018702134463745038,,0.125291,128,5,Pauls-MacBook-Pro,d1a525a,2026-10-01T13:12:46Z
rayon-packed,cpu,Apple M1 Pro,f64,64,8,6.838598596509535,5.356541370317511e-17,0.076666,0.06995799999999999,0.0040190743337241265,,0.110959,256,5,Pauls-MacBook-Pro,d1a525a,2026-10-01T13:12:46Z
rayon-packed,cpu,Apple M1 Pro,f64,64,10,4.878958486492523,1.4934200314468882e-16,0.107459,0.100042,0.03414861204060862,,0.12241699999999998,16,5,Pauls-MacBook-Pro,d1a525a,2026-10-01T13:12:46Z
rayon-packed,cpu,Apple M1 Pro,f64,64,10,6.959606015955822,1.611195320963587e-16,0.07533300000000001,0.054083,0.025970042972625212,,0.12895800000000002,32,5,Pauls-MacBook-Pro,d1a525a,2026-10-01T13:12:46Z
rayon-packed,cpu,Apple M1 Pro,f64,64,10,7.153413742291109,5.356541370317511e-17,0.073292,0.056459,0.022740732303512128,,0.14225,64,5,Pauls-MacBook-Pro,d1a525a,2026-10-01T13:12:46Z
rayon-packed,cpu,Apple M1 Pro,f64,64,10,10.074518168367248,5.356541370317511e-17,0.052041,0.034917,0.03462212521351051,,0.122875,128,5,Pauls-MacBook-Pro,d1a525a,2026-10-01T13:12:46Z
rayon-packed,cpu,Apple M1 Pro,f64,64,10,6.982779057842654,5.356541370317511e-17,0.075083,0.037125,0.027201974297833605,,0.125417,256,5,Pauls-MacBook-Pro,d1a525a,2026-10-01T13:12:46Z
rayon-packed,cpu,Apple M1 Pro,f64,128,1,24.73917223562442,2.0663653172270942e-16,0.169541,0.168042,0.013085854863171917,,0.014792,16,5,Pauls-MacBook-Pro,d1a525a,2026-10-01T13:12:46Z
rayon-packed,cpu,Apple M1 Pro,f64,128,1,28.951192407247625,2.216067106225684e-16,0.144875,0.143458,0.0017825427063607776,,0.013917,32,5,Pauls-MacBook-Pro,d1a525a,2026-10-01T13:12:46Z
rayon-packed,cpu,Apple M1 Pro,f64,128,1,30.26564585843862,2.1465201190079995e-16,0.138583,0.131416,0.008445281155769766,,0.016666,64,5,Pauls-MacBook-Pro,d1a525a,2026-10-01T13:12:46Z
rayon-packed,cpu,Apple M1 Pro,f64,128,1,33.1021245698772,5.4262586891532086e-17,0.12670800000000002,0.126375,0.0015988876445829536,,0.0155,128,5,Pauls-MacBook-Pro,d1a525a,2026-10-01T13:12:46Z
rayon-packed,cpu,Apple M1 Pro,f64,128,1,33.200383114467314,5.4262586891532086e-17,0.126333,0.12625,0.0012967545257295177,,0.011167,256,5,Pauls-MacBook-Pro,d1a525a,2026-10-01T13:12:46Z
rayon-packed,cpu,Apple M1 Pro,f64,128,2,33.88186635646891,2.0663653172270942e-16,0.12379200000000001,0.123583,0.0011185469592288016,,0.02025,16,5,Pauls-MacBook-Pro,d1a525a,2026-10-01T13:12:46Z
rayon-packed,cpu,Apple M1 Pro,f64,128,2,31.21342511627907,2.216067106225684e-16,0.134375,0.123834,0.0099986670761657,,0.020458,32,5,Pauls-MacBook-Pro,d1a525a,2026-10-01T13:12:46Z
rayon-packed,cpu,Apple M1 Pro,f64,128,2,31.339833972189222,2.1465201190079995e-16,0.133833,0.131792,0.0016437296918897567,,0.018917,64,5,Pauls-MacBook-Pro,d1a525a,2026-10-01T13:12:46Z
rayon-packed,cpu,Apple M1 Pro,f64,128,2,41.2046526249607,5.4262586891532086e-17,0.10179200000000001,0.098375,0.005213203353025854,,0.021625000000000002,128,5,Pauls-MacBook-Pro,d1a525a,2026-10-01T13:12:46Z
rayon-packed,cpu,Apple M1 Pro,f64,128,2,38.74645727482679,5.4262586891532086e-17,0.10825,0.103625,0.020144039820750956,,0.018791,256,5,Pauls-MacBook-Pro,d1a525a,2026-10-01T13:12:46Z
rayon-packed,cpu,Apple M1 Pro,f64,128,4,21.49547213324792,2.0663653172270942e-16,0.19512500000000002,0.147833,0.02392154509014834,,0.067333,16,5,Pauls-MacBook-Pro,d1a525a,2026-10-01T13:12:46Z
rayon-packed,cpu,Apple M1 Pro,f64,128,4,24.480421168134573,2.216067106225684e-16,0.17133299999999999,0.153291,0.053361081065698056,,0.035500000000000004,32,5,Pauls-MacBook-Pro,d1a525a,2026-10-01T13:12:46Z
rayon-packed,cpu,Apple M1 Pro,f64,128,4,28.260457093574814,2.1465201190079995e-16,0.14841600000000002,0.14275,0.004236904672045388,,0.049,64,5,Pauls-MacBook-Pro,d1a525a,2026-10-01T13:12:46Z
rayon-packed,cpu,Apple M1 Pro,f64,128,4,43.91941361256544,5.4262586891532086e-17,0.0955,0.093084,0.007092049069204187,,0.053416,128,5,Pauls-MacBook-Pro,d1a525a,2026-10-01T13:12:46Z
rayon-packed,cpu,Apple M1 Pro,f64,128,4,41.18806280871623,5.4262586891532086e-17,0.10183299999999999,0.078916,0.018108903390321573,,0.048875,256,5,Pauls-MacBook-Pro,d1a525a,2026-10-01T13:12:46Z
rayon-packed,cpu,Apple M1 Pro,f64,128,8,12.937077431772195,2.0663653172270942e-16,0.324208,0.293375,0.0685966981217026,,0.07216700000000001,16,5,Pauls-MacBook-Pro,d1a525a,2026-10-01T13:12:46Z
rayon-packed,cpu,Apple M1 Pro,f64,128,8,14.104427070197561,2.216067106225684e-16,0.297375,0.2475,0.03523218119418666,,0.09775,32,5,Pauls-MacBook-Pro,d1a525a,2026-10-01T13:12:46Z
rayon-packed,cpu,Apple M1 Pro,f64,128,8,23.11446174872422,2.1465201190079995e-16,0.181458,0.148958,0.021129504485434575,,0.098916,64,5,Pauls-MacBook-Pro,d1a525a,2026-10-01T13:12:46Z
rayon-packed,cpu,Apple M1 Pro,f64,128,8,37.04953713518479,5.4262586891532086e-17,0.113208,0.059416000000000004,0.03346350547536824,,0.098583,128,5,Pauls-MacBook-Pro,d1a525a,2026-10-01T13:12:46Z
rayon-packed,cpu,Apple M1 Pro,f64,128,8,35.49471510658644,5.4262586891532086e-17,0.118167,0.105584,0.027468828728214822,,0.094542,256,5,Pauls-MacBook-Pro,d1a525a,2026-10-01T13:12:46Z
rayon-packed,cpu,Apple M1 Pro,f64,128,10,14.337491155085953,2.0663653172270942e-16,0.292541,0.22924999999999998,0.11503871930441507,,0.100667,16,5,Pauls-MacBook-Pro,d1a525a,2026-10-01T13:12:46Z
rayon-packed,cpu,Apple M1 Pro,f64,128,10,19.534921847346162,2.216067106225684e-16,0.214708,0.175542,0.03127546680387041,,0.10825,32,5,Pauls-MacBook-Pro,d1a525a,2026-10-01T13:12:46Z
rayon-packed,cpu,Apple M1 Pro,f64,128,10,32.66159464868359,2.1465201190079995e-16,0.128417,0.12475,0.051114753931717216,,0.141541,64,5,Pauls-MacBook-Pro,d1a525a,2026-10-01T13:12:46Z
rayon-packed,cpu,Apple M1 Pro,f64,128,10,55.036859163615844,5.4262586891532086e-17,0.076209,0.07341700000000001,0.018711109929664776,,0.127208,128,5,Pauls-MacBook-Pro,d1a525a,2026-10-01T13:12:46Z
rayon-packed,cpu,Apple M1 Pro,f64,128,10,59.52913792614039,5.4262586891532086e-17,0.07045799999999999,0.065583,0.05527222922680069,,0.113041,256,5,Pauls-MacBook-Pro,d1a525a,2026-10-01T13:12:46Z
rayon-packed,cpu,Apple M1 Pro,f64,256,1,28.251415331040963,3.4479640107777895e-16,1.187708,1.15675,0.028364801423595393,,0.02425,16,5,Pauls-MacBook-Pro,d1a525a,2026-10-01T13:12:46Z
rayon-packed,cpu,Apple M1 Pro,f64,256,1,32.57974380459785,3.7104058405539094e-16,1.029917,1.019166,0.03133584143596594,,0.019625,32,5,Pauls-MacBook-Pro,d1a525a,2026-10-01T13:12:46Z
rayon-packed,cpu,Apple M1 Pro,f64,256,1,36.8224219478738,3.5858030520503407e-16,0.91125,0.900958,0.006985713599912296,,0.026125000000000002,64,5,Pauls-MacBook-Pro,d1a525a,2026-10-01T13:12:46Z
rayon-packed,cpu,Apple M1 Pro,f64,256,1,39.48741629891145,3.0268068092144746e-16,0.84975,0.8444579999999999,0.05345290879362885,,0.013875,128,5,Pauls-MacBook-Pro,d1a525a,2026-10-01T13:12:46Z
rayon-packed,cpu,Apple M1 Pro,f64,256,1,40.73791075508762,4.306914586639693e-17,0.823666,0.819375,0.023461552180109514,,0.015291999999999998,256,5,Pauls-MacBook-Pro,d1a525a,2026-10-01T13:12:46Z
rayon-packed,cpu,Apple M1 Pro,f64,256,2,32.92742791759319,3.4479640107777895e-16,1.019042,0.9929159999999999,0.04503634267233519,,0.0275,16,5,Pauls-MacBook-Pro,d1a525a,2026-10-01T13:12:46Z
rayon-packed,cpu,Apple M1 Pro,f64,256,2,40.594147230223705,3.7104058405539094e-16,0.826583,0.790833,0.027542382543999325,,0.024958,32,5,Pauls-MacBook-Pro,d1a525a,2026-10-01T13:12:46Z
rayon-packed,cpu,Apple M1 Pro,f64,256,2,57.51777501607028,3.5858030520503407e-16,0.583375,0.57925,0.010834832656760319,,0.036167,64,5,Pauls-MacBook-Pro,d1a525a,2026-10-01T13:12:46Z
rayon-packed,cpu,Apple M1 Pro,f64,256,2,64.97545975442327,3.0268068092144746e-16,0.516417,0.512375,0.004110893734943748,,0.018625,128,5,Pauls-MacBook-Pro,d1a525a,2026-10-01T13:12:46Z
rayon-packed,cpu,Apple M1 Pro,f64,256,2,65.00705586962334,4.306914586639693e-17,0.516166,0.5045,0.012182613073556933,,0.022583,256,5,Pauls-MacBook-Pro,d1a525a,2026-10-01T13:12:46Z
rayon-packed,cpu,Apple M1 Pro,f64,256,4,37.400430466122806,3.4479640107777895e-16,0.897167,0.8366250000000001,0.04393486683375739,,0.054625,16,5,Pauls-MacBook-Pro,d1a525a,2026-10-01T13:12:46Z
rayon-packed,cpu,Apple M1 Pro,f64,256,4,45.64967988223802,3.7104058405539094e-16,0.735042,0.64875,0.05189920994774388,,0.041625,32,5,Pauls-MacBook-Pro,d1a525a,2026-10-01T13:12:46Z
rayon-packed,cpu,Apple M1 Pro,f64,256,4,73.22298308783415,3.5858030520503407e-16,0.45825,0.42000000000000004,0.017787414989255724,,0.053458000000000006,64,5,Pauls-MacBook-Pro,d1a525a,2026-10-01T13:12:46Z
rayon-packed,cpu,Apple M1 Pro,f64,256,4,94.35341159929702,3.0268068092144746e-16,0.35562499999999997,0.348458,0.023060084503314374,,0.042667000000000004,128,5,Pauls-MacBook-Pro,d1a525a,2026-10-01T13:12:46Z
rayon-packed,cpu,Apple M1 Pro,f64,256,4,96.81499669631803,4.306914586639693e-17,0.34658300000000003,0.30675,0.019549797740641722,,0.053334,256,5,Pauls-MacBook-Pro,d1a525a,2026-10-01T13:12:46Z
rayon-packed,cpu,Apple M1 Pro,f64,256,8,25.49568074353973,3.4479640107777895e-16,1.3160830000000001,1.14,0.08559945348131615,,0.10012499999999999,16,5,Pauls-MacBook-Pro,d1a525a,2026-10-01T13:12:46Z
rayon-packed,cpu,Apple M1 Pro,f64,256,8,39.70158761710718,3.7104058405539094e-16,0.845166,0.754833,0.0584831385854077,,0.091959,32,5,Pauls-MacBook-Pro,d1a525a,2026-10-01T13:12:46Z
rayon-packed,cpu,Apple M1 Pro,f64,256,8,63.082082354953876,3.5858030520503407e-16,0.531917,0.4095,0.07879328700149525,,0.10087499999999999,64,5,Pauls-MacBook-Pro,d1a525a,2026-10-01T13:12:46Z
rayon-packed,cpu,Apple M1 Pro,f64,256,8,104.93958405003909,3.0268068092144746e-16,0.31975,0.289667,0.06273537440312286,,0.107833,128,5,Pauls-MacBook-Pro,d1a525a,2026-10-01T13:12:46Z
rayon-packed,cpu,Apple M1 Pro,f64,256,8,114.94511111034987,4.306914586639693e-17,0.291917,0.253834,0.022651161213059247,,0.08633300000000001,256,5,Pauls-MacBook-Pro,d1a525a,2026-10-01T13:12:46Z
rayon-packed,cpu,Apple M1 Pro,f64,256,10,23.419600069795848,3.4479640107777895e-16,1.43275,0.867333,0.29981398765651346,,0.12475,16,5,Pauls-MacBook-Pro,d1a525a,2026-10-01T13:12:46Z
rayon-packed,cpu,Apple M1 Pro,f64,256,10,38.47985321100917,3.7104058405539094e-16,0.8720000000000001,0.796417,0.10156812533221239,,0.136375,32,5,Pauls-MacBook-Pro,d1a525a,2026-10-01T13:12:46Z
rayon-packed,cpu,Apple M1 Pro,f64,256,10,70.44928741192378,3.5858030520503407e-16,0.476292,0.351541,0.13634106596950166,,0.106083,64,5,Pauls-MacBook-Pro,d1a525a,2026-10-01T13:12:46Z
rayon-packed,cpu,Apple M1 Pro,f64,256,10,95.12241530829199,3.0268068092144746e-16,0.35275,0.29916699999999996,0.055033290482216335,,0.106666,128,5,Pauls-MacBook-Pro,d1a525a,2026-10-01T13:12:46Z
rayon-packed,cpu,Apple M1 Pro,f64,256,10,131.82328976471373,4.306914586639693e-17,0.254541,0.245958,0.019115782610188876,,0.12595900000000002,256,5,Pauls-MacBook-Pro,d1a525a,2026-10-01T13:12:46Z
rayon-packed,cpu,Apple M1 Pro,f64,512,1,29.084636055049376,4.545280887581109e-16,9.229459,9.141375,0.11724124963851254,,0.027792,16,5,Pauls-MacBook-Pro,d1a525a,2026-10-01T13:12:46Z
rayon-packed,cpu,Apple M1 Pro,f64,512,1,35.077565671909966,4.647361809835669e-16,7.652625,7.505541999999999,0.11173891703072861,,0.0385,32,5,Pauls-MacBook-Pro,d1a525a,2026-10-01T13:12:46Z
rayon-packed,cpu,Apple M1 Pro,f64,512,1,38.84317273812538,4.453705936239516e-16,6.91075,6.803916999999999,0.14319889105261951,,0.0235,64,5,Pauls-MacBook-Pro,d1a525a,2026-10-01T13:12:46Z
rayon-packed,cpu,Apple M1 Pro,f64,512,1,40.137384500642646,3.807898617187968e-16,6.687916,6.571917,0.10021699631449757,,0.034,128,5,Pauls-MacBook-Pro,d1a525a,2026-10-01T13:12:46Z
rayon-packed,cpu,Apple M1 Pro,f64,512,1,42.34832672056794,3.461314835920781e-16,6.33875,6.302124999999999,0.065416698864281,,0.044333,256,5,Pauls-MacBook-Pro,d1a525a,2026-10-01T13:12:46Z
rayon-packed,cpu,Apple M1 Pro,f64,512,2,45.340319279353054,4.545280887581109e-16,5.920458,5.772832999999999,0.08722238440733009,,0.039666,16,5,Pauls-MacBook-Pro,d1a525a,2026-10-01T13:12:46Z
rayon-packed,cpu,Apple M1 Pro,f64,512,2,58.59596845752953,4.647361809835669e-16,4.581125,4.488708999999999,0.07602263334494562,,0.033791999999999996,32,5,Pauls-MacBook-Pro,d1a525a,2026-10-01T13:12:46Z
rayon-packed,cpu,Apple M1 Pro,f64,512,2,68.39628731615193,4.453705936239516e-16,3.924708,3.8558749999999997,0.09788238455258441,,0.04725,64,5,Pauls-MacBook-Pro,d1a525a,2026-10-01T13:12:46Z
rayon-packed,cpu,Apple M1 Pro,f64,512,2,71.21012196173359,3.807898617187968e-16,3.769625,3.640875,0.07772693285985244,,0.045583,128,5,Pauls-MacBook-Pro,d1a525a,2026-10-01T13:12:46Z
rayon-packed,cpu,Apple M1 Pro,f64,512,2,74.7098018893183,3.461314835920781e-16,3.593042,3.367417,0.10249566504394218,,0.04075,256,5,Pauls-MacBook-Pro,d1a525a,2026-10-01T13:12:46Z
rayon-packed,cpu,Apple M1 Pro,f64,512,4,60.22896908983701,4.545280887581109e-16,4.456916,4.198124999999999,0.15948666878770798,,0.051125000000000004,16,5,Pauls-MacBook-Pro,d1a525a,2026-10-01T13:12:46Z
rayon-packed,cpu,Apple M1 Pro,f64,512,4,93.83669956576546,4.647361809835669e-16,2.860666,2.7566669999999998,0.08020100645440806,,0.074791,32,5,Pauls-MacBook-Pro,d1a525a,2026-10-01T13:12:46Z
rayon-packed,cpu,Apple M1 Pro,f64,512,4,114.17722694873167,4.453705936239516e-16,2.3510419999999996,2.283167,0.07063680731247696,,0.0725,64,5,Pauls-MacBook-Pro,d1a525a,2026-10-01T13:12:46Z
rayon-packed,cpu,Apple M1 Pro,f64,512,4,123.37838194354116,3.807898617187968e-16,2.175709,2.083708,0.05113519102633724,,0.06275,128,5,Pauls-MacBook-Pro,d1a525a,2026-10-01T13:12:46Z
rayon-packed,cpu,Apple M1 Pro,f64,512,4,132.5825214714321,3.461314835920781e-16,2.024667,1.960916,0.04690918713535763,,0.043000000000000003,256,5,Pauls-MacBook-Pro,d1a525a,2026-10-01T13:12:46Z
rayon-packed,cpu,Apple M1 Pro,f64,512,8,62.88814206719569,4.545280887581109e-16,4.268459,3.738042,4.459839249495804,,0.118125,16,5,Pauls-MacBook-Pro,d1a525a,2026-10-01T13:12:46Z
rayon-packed,cpu,Apple M1 Pro,f64,512,8,111.23017668925091,4.647361809835669e-16,2.413333,2.34525,0.17218894926010778,,0.085791,32,5,Pauls-MacBook-Pro,d1a525a,2026-10-01T13:12:46Z
rayon-packed,cpu,Apple M1 Pro,f64,512,8,143.06066537872226,4.453705936239516e-16,1.876375,1.823334,0.06491552298025488,,0.09320800000000001,64,5,Pauls-MacBook-Pro,d1a525a,2026-10-01T13:12:46Z
rayon-packed,cpu,Apple M1 Pro,f64,512,8,170.51640844846753,3.807898617187968e-16,1.57425,1.5133340000000002,0.06388592077836863,,0.107334,128,5,Pauls-MacBook-Pro,d1a525a,2026-10-01T13:12:46Z
rayon-packed,cpu,Apple M1 Pro,f64,512,8,196.52413179141323,3.461314835920781e-16,1.365916,1.266083,0.09987119376827332,,0.122667,256,5,Pauls-MacBook-Pro,d1a525a,2026-10-01T13:12:46Z
rayon-packed,cpu,Apple M1 Pro,f64,512,10,59.95599400340569,4.545280887581109e-16,4.477208,4.0211250000000005,0.2597523398543309,,0.120834,16,5,Pauls-MacBook-Pro,d1a525a,2026-10-01T13:12:46Z
rayon-packed,cpu,Apple M1 Pro,f64,512,10,122.10630852334111,4.647361809835669e-16,2.198375,1.940625,0.19789231524948114,,0.119916,32,5,Pauls-MacBook-Pro,d1a525a,2026-10-01T13:12:46Z
rayon-packed,cpu,Apple M1 Pro,f64,512,10,144.6668714585819,4.453705936239516e-16,1.855542,1.5195,0.25320678929128265,,0.13966599999999998,64,5,Pauls-MacBook-Pro,d1a525a,2026-10-01T13:12:46Z
rayon-packed,cpu,Apple M1 Pro,f64,512,10,175.4815010446438,3.807898617187968e-16,1.529708,1.3788749999999999,0.14882461928121982,,0.11775000000000001,128,5,Pauls-MacBook-Pro,d1a525a,2026-10-01T13:12:46Z
rayon-packed,cpu,Apple M1 Pro,f64,512,10,186.51596536708703,3.461314835920781e-16,1.4392090000000002,1.3504159999999998,0.045459180717430485,,0.14375,256,5,Pauls-MacBook-Pro,d1a525a,2026-10-01T13:12:46Z
rayon-packed,cpu,Apple M1 Pro,f64,1024,1,30.460418770898343,8.574210789648094e-16,70.500792,70.431458,0.34429233219126626,,0.030875,16,5,Pauls-MacBook-Pro,d1a525a,2026-10-01T13:12:46Z
rayon-packed,cpu,Apple M1 Pro,f64,1024,1,36.483930273590104,8.760063737624588e-16,58.861083,58.519707999999994,0.5394570398301446,,0.041792,32,5,Pauls-MacBook-Pro,d1a525a,2026-10-01T13:12:46Z
rayon-packed,cpu,Apple M1 Pro,f64,1024,1,40.65593272453032,8.442149167755458e-16,52.820917,52.7935,0.05081742734830335,,0.036833,64,5,Pauls-MacBook-Pro,d1a525a,2026-10-01T13:12:46Z
rayon-packed,cpu,Apple M1 Pro,f64,1024,1,41.75753053942506,7.765736686349931e-16,51.427458,51.157125,0.2754277176478446,,0.041999999999999996,128,5,Pauls-MacBook-Pro,d1a525a,2026-10-01T13:12:46Z
rayon-packed,cpu,Apple M1 Pro,f64,1024,1,43.675820157812566,6.426676015462902e-16,49.168707999999995,49.113208,0.24615013869181637,,0.034459000000000004,256,5,Pauls-MacBook-Pro,d1a525a,2026-10-01T13:12:46Z
rayon-packed,cpu,Apple M1 Pro,f64,1024,2,52.767994109007546,8.574210789648094e-16,40.696708,40.355583,0.16134325628981305,,0.049875,16,5,Pauls-MacBook-Pro,d1a525a,2026-10-01T13:12:46Z
rayon-packed,cpu,Apple M1 Pro,f64,1024,2,65.6493617503638,8.760063737624588e-16,32.711417,32.635042000000006,0.05700519738760546,,0.040625,32,5,Pauls-MacBook-Pro,d1a525a,2026-10-01T13:12:46Z
rayon-packed,cpu,Apple M1 Pro,f64,1024,2,74.5367181602747,8.442149167755458e-16,28.811084,28.780333000000002,0.06371459805805853,,0.060375,64,5,Pauls-MacBook-Pro,d1a525a,2026-10-01T13:12:46Z
rayon-packed,cpu,Apple M1 Pro,f64,1024,2,78.58779809658354,7.765736686349931e-16,27.325917,27.125041,0.19919383063062038,,0.046875,128,5,Pauls-MacBook-Pro,d1a525a,2026-10-01T13:12:46Z
rayon-packed,cpu,Apple M1 Pro,f64,1024,2,81.81786188011068,6.426676015462902e-16,26.247125,26.161165999999998,0.09710413044098547,,0.045916,256,5,Pauls-MacBook-Pro,d1a525a,2026-10-01T13:12:46Z
rayon-packed,cpu,Apple M1 Pro,f64,1024,4,95.52527079674375,8.574210789648094e-16,22.480791,22.268832999999997,0.11295162109151045,,0.06658299999999999,16,5,Pauls-MacBook-Pro,d1a525a,2026-10-01T13:12:46Z
rayon-packed,cpu,Apple M1 Pro,f64,1024,4,119.76763552124861,8.760063737624588e-16,17.930417000000002,17.675,0.11826400950120017,,0.06404199999999999,32,5,Pauls-MacBook-Pro,d1a525a,2026-10-01T13:12:46Z
rayon-packed,cpu,Apple M1 Pro,f64,1024,4,136.61996813215575,8.442149167755458e-16,15.718665999999999,15.628791999999999,0.0754844360348549,,0.074042,64,5,Pauls-MacBook-Pro,d1a525a,2026-10-01T13:12:46Z
rayon-packed,cpu,Apple M1 Pro,f64,1024,4,145.3002798108883,7.765736686349931e-16,14.779625,14.70275,0.11702800238276288,,0.07575,128,5,Pauls-MacBook-Pro,d1a525a,2026-10-01T13:12:46Z
rayon-packed,cpu,Apple M1 Pro,f64,1024,4,149.77045353419115,6.426676015462902e-16,14.3385,14.187708,0.0849127700867187,,0.0805,256,5,Pauls-MacBook-Pro,d1a525a,2026-10-01T13:12:46Z
rayon-packed,cpu,Apple M1 Pro,f64,1024,8,142.41237646253984,8.574210789648094e-16,15.079333,14.915542,0.30425254608186925,,0.13475,16,5,Pauls-MacBook-Pro,d1a525a,2026-10-01T13:12:46Z
rayon-packed,cpu,Apple M1 Pro,f64,1024,8,177.30092096455078,8.760063737624588e-16,12.112084000000001,11.614792000000001,0.3277436094347221,,0.120375,32,5,Pauls-MacBook-Pro,d1a525a,2026-10-01T13:12:46Z
rayon-packed,cpu,Apple M1 Pro,f64,1024,8,216.2740048852616,8.442149167755458e-16,9.929458,9.898125,0.037639528832067295,,0.141417,64,5,Pauls-MacBook-Pro,d1a525a,2026-10-01T13:12:46Z
rayon-packed,cpu,Apple M1 Pro,f64,1024,8,245.73680843871773,7.765736686349931e-16,8.738958,8.591541,0.10396013375953311,,0.108083,128,5,Pauls-MacBook-Pro,d1a525a,2026-10-01T13:12:46Z
rayon-packed,cpu,Apple M1 Pro,f64,1024,8,242.45604800067923,6.426676015462902e-16,8.857208,8.309291,4.350779171160206,,0.10658300000000001,256,5,Pauls-MacBook-Pro,d1a525a,2026-10-01T13:12:46Z
rayon-packed,cpu,Apple M1 Pro,f64,1024,10,136.7134578060223,8.574210789648094e-16,15.707916999999998,15.045333,0.6504013015322155,,0.150542,16,5,Pauls-MacBook-Pro,d1a525a,2026-10-01T13:12:46Z
rayon-packed,cpu,Apple M1 Pro,f64,1024,10,185.31294205239593,8.760063737624588e-16,11.588417,11.385875,0.7517233498177373,,0.127292,32,5,Pauls-MacBook-Pro,d1a525a,2026-10-01T13:12:46Z
rayon-packed,cpu,Apple M1 Pro,f64,1024,10,213.5418533286929,8.442149167755458e-16,10.0565,9.817541,0.3390721295193698,,0.1595,64,5,Pauls-MacBook-Pro,d1a525a,2026-10-01T13:12:46Z
rayon-packed,cpu,Apple M1 Pro,f64,1024,10,232.9621114479701,7.765736686349931e-16,9.218167,8.796792,0.4506087714307167,,0.12625,128,5,Pauls-MacBook-Pro,d1a525a,2026-10-01T13:12:46Z
rayon-packed,cpu,Apple M1 Pro,f64,1024,10,252.50524715190147,6.426676015462902e-16,8.504708999999998,8.074917,0.7600079195466979,,0.138583,256,5,Pauls-MacBook-Pro,d1a525a,2026-10-01T13:12:46Z
rayon-packed,cpu,Apple M1 Pro,f64,2048,1,29.611884781499022,5.401101639570447e-16,580.168041,577.447042,3.1093580473445686,,0.07308300000000001,16,5,Pauls-MacBook-Pro,d1a525a,2026-10-01T13:12:46Z
rayon-packed,cpu,Apple M1 Pro,f64,2048,1,35.69873850378101,5.579835866321972e-16,481.245834,480.547291,1.1571195471413946,,0.068584,32,5,Pauls-MacBook-Pro,d1a525a,2026-10-01T13:12:46Z
rayon-packed,cpu,Apple M1 Pro,f64,2048,1,39.81399340938051,5.419109953249368e-16,431.503291,425.528625,3.2972404586247297,,0.044166,64,5,Pauls-MacBook-Pro,d1a525a,2026-10-01T13:12:46Z
rayon-packed,cpu,Apple M1 Pro,f64,2048,1,43.22692864317285,5.590641312932122e-16,397.434417,397.11045900000005,1.8423016589348056,,0.054625,128,5,Pauls-MacBook-Pro,d1a525a,2026-10-01T13:12:46Z
rayon-packed,cpu,Apple M1 Pro,f64,2048,1,45.0797276188646,6.695510598733513e-16,381.09966699999995,379.82712499999997,2.8779701038791767,,0.049708,256,5,Pauls-MacBook-Pro,d1a525a,2026-10-01T13:12:46Z
rayon-packed,cpu,Apple M1 Pro,f64,2048,2,54.862126511174885,5.401101639570447e-16,313.14625,312.627625,0.8712106175142263,,0.066625,16,5,Pauls-MacBook-Pro,d1a525a,2026-10-01T13:12:46Z
rayon-packed,cpu,Apple M1 Pro,f64,2048,2,68.90105388814516,5.579835866321972e-16,249.341167,247.863167,1.069719858834453,,0.06958400000000001,32,5,Pauls-MacBook-Pro,d1a525a,2026-10-01T13:12:46Z
rayon-packed,cpu,Apple M1 Pro,f64,2048,2,77.62097220782066,5.419109953249368e-16,221.33025,221.03637500000002,0.5819184901936845,,0.064125,64,5,Pauls-MacBook-Pro,d1a525a,2026-10-01T13:12:46Z
rayon-packed,cpu,Apple M1 Pro,f64,2048,2,82.58131498151681,5.590641312932122e-16,208.035791,207.60083300000002,0.8095072823929901,,0.061417,128,5,Pauls-MacBook-Pro,d1a525a,2026-10-01T13:12:46Z
rayon-packed,cpu,Apple M1 Pro,f64,2048,2,86.10515532330531,6.695510598733513e-16,199.521958,199.396042,0.46793989384032475,,0.06325,256,5,Pauls-MacBook-Pro,d1a525a,2026-10-01T13:12:46Z
rayon-packed,cpu,Apple M1 Pro,f64,2048,4,108.77853022180891,5.401101639570447e-16,157.934375,156.985084,0.726711815568112,,0.086875,16,5,Pauls-MacBook-Pro,d1a525a,2026-10-01T13:12:46Z
rayon-packed,cpu,Apple M1 Pro,f64,2048,4,125.55431636188295,5.579835866321972e-16,136.832167,136.200292,0.5252583328813628,,0.092875,32,5,Pauls-MacBook-Pro,d1a525a,2026-10-01T13:12:46Z
rayon-packed,cpu,Apple M1 Pro,f64,2048,4,144.13065135301792,5.419109953249368e-16,119.1965,118.846042,1.0336128856245959,,0.097042,64,5,Pauls-MacBook-Pro,d1a525a,2026-10-01T13:12:46Z
rayon-packed,cpu,Apple M1 Pro,f64,2048,4,154.4306489103028,5.590641312932122e-16,111.2465,110.439042,0.42245117323567755,,0.086209,128,5,Pauls-MacBook-Pro,d1a525a,2026-10-01T13:12:46Z
rayon-packed,cpu,Apple M1 Pro,f64,2048,4,160.68479314677694,6.695510598733513e-16,106.916584,106.835125,0.07472457609313903,,0.102375,256,5,Pauls-MacBook-Pro,d1a525a,2026-10-01T13:12:46Z
rayon-packed,cpu,Apple M1 Pro,f64,2048,8,179.82762107975944,5.401101639570447e-16,95.535208,94.75125,0.5873179338303905,,0.13833399999999998,16,5,Pauls-MacBook-Pro,d1a525a,2026-10-01T13:12:46Z
rayon-packed,cpu,Apple M1 Pro,f64,2048,8,232.3462965341242,5.579835866321972e-16,73.940792,72.776666,0.9921058847360967,,0.143375,32,5,Pauls-MacBook-Pro,d1a525a,2026-10-01T13:12:46Z
rayon-packed,cpu,Apple M1 Pro,f64,2048,8,269.6206620894941,5.419109953249368e-16,63.718667,63.6205,0.27762925076565426,,0.180083,64,5,Pauls-MacBook-Pro,d1a525a,2026-10-01T13:12:46Z
rayon-packed,cpu,Apple M1 Pro,f64,2048,8,292.0666111429871,5.590641312932122e-16,58.82175,58.532167,0.43177231761160795,,0.1605,128,5,Pauls-MacBook-Pro,d1a525a,2026-10-01T13:12:46Z
rayon-packed,cpu,Apple M1 Pro,f64,2048,8,295.7960091167159,6.695510598733513e-16,58.080125,57.936417,2.0764220492696785,,0.14720799999999998,256,5,Pauls-MacBook-Pro,d1a525a,2026-10-01T13:12:46Z
rayon-packed,cpu,Apple M1 Pro,f64,2048,10,187.7859254754403,5.401101639570447e-16,91.48645800000001,87.702458,2.8388878867950784,,0.172708,16,5,Pauls-MacBook-Pro,d1a525a,2026-10-01T13:12:46Z
rayon-packed,cpu,Apple M1 Pro,f64,2048,10,234.87186629088524,5.579835866321972e-16,73.145709,71.681875,5.341352489876904,,0.16658299999999998,32,5,Pauls-MacBook-Pro,d1a525a,2026-10-01T13:12:46Z
rayon-packed,cpu,Apple M1 Pro,f64,2048,10,277.55950031606966,5.419109953249368e-16,61.896167000000005,61.542291,0.7171928629126149,,0.16712500000000002,64,5,Pauls-MacBook-Pro,d1a525a,2026-10-01T13:12:46Z
rayon-packed,cpu,Apple M1 Pro,f64,2048,10,298.8762755181481,5.590641312932122e-16,57.481542,56.655291000000005,4.1771494085768355,,0.177541,128,5,Pauls-MacBook-Pro,d1a525a,2026-10-01T13:12:46Z
rayon-packed,cpu,Apple M1 Pro,f64,2048,10,311.78870045915687,6.695510598733513e-16,55.101,54.654374999999995,5.094195974586205,,0.17495799999999997,256,5,Pauls-MacBook-Pro,d1a525a,2026-10-01T13:12:46Z
rayon-packed,cpu,Apple M1 Pro,f64,4096,1,30.789565994811557,6.9962494883110616e-15,4463.815875,4460.05525,5.263958240350298,,0.037416000000000005,16,5,Pauls-MacBook-Pro,d1a525a,2026-10-01T13:12:46Z
rayon-packed,cpu,Apple M1 Pro,f64,4096,1,36.94533740309287,7.01244841485858e-15,3720.062209,3716.4120000000003,6.98515545964065,,0.058208,32,5,Pauls-MacBook-Pro,d1a525a,2026-10-01T13:12:46Z
rayon-packed,cpu,Apple M1 Pro,f64,4096,1,41.12744288259068,7.126187996471869e-15,3341.7821249999997,3338.545917,3.8918411485981763,,0.060666,64,5,Pauls-MacBook-Pro,d1a525a,2026-10-01T13:12:46Z
rayon-packed,cpu,Apple M1 Pro,f64,4096,1,43.71760687921376,7.110873303442093e-15,3143.7895,3139.72775,1.998009398642765,,0.057416,128,5,Pauls-MacBook-Pro,d1a525a,2026-10-01T13:12:46Z
rayon-packed,cpu,Apple M1 Pro,f64,4096,1,45.074280882238035,7.281189348828089e-15,3049.1657499999997,3037.8228329999997,13.898658627671185,,0.051125000000000004,256,5,Pauls-MacBook-Pro,d1a525a,2026-10-01T13:12:46Z
rayon-packed,cpu,Apple M1 Pro,f64,4096,2,56.621420777590274,6.9962494883110616e-15,2427.331416,2421.978208,3.7966001476855165,,0.057083,16,5,Pauls-MacBook-Pro,d1a525a,2026-10-01T13:12:46Z
rayon-packed,cpu,Apple M1 Pro,f64,4096,2,70.72247423101621,7.01244841485858e-15,1943.356125,1942.085916,2.348237282356437,,0.050709,32,5,Pauls-MacBook-Pro,d1a525a,2026-10-01T13:12:46Z
rayon-packed,cpu,Apple M1 Pro,f64,4096,2,79.22911674825126,7.126187996471869e-15,1734.702583,1732.8486669999998,2.864195931326721,,0.055708999999999995,64,5,Pauls-MacBook-Pro,d1a525a,2026-10-01T13:12:46Z
rayon-packed,cpu,Apple M1 Pro,f64,4096,2,84.08365570342265,7.110873303442093e-15,1634.550167,1631.265958,6.145537310773018,,0.072708,128,5,Pauls-MacBook-Pro,d1a525a,2026-10-01T13:12:46Z
rayon-packed,cpu,Apple M1 Pro,f64,4096,2,84.67380718811846,7.281189348828089e-15,1623.157834,1612.622458,6.798536470140739,,0.077542,256,5,Pauls-MacBook-Pro,d1a525a,2026-10-01T13:12:46Z
rayon-packed,cpu,Apple M1 Pro,f64,4096,4,115.79321612341451,6.9962494883110616e-15,1186.934417,1183.40175,1.9509001706157476,,0.070625,16,5,Pauls-MacBook-Pro,d1a525a,2026-10-01T13:12:46Z
rayon-packed,cpu,Apple M1 Pro,f64,4096,4,131.22035522758702,7.01244841485858e-15,1047.3905000000002,1046.878708,2.3691310496425726,,0.07212500000000001,32,5,Pauls-MacBook-Pro,d1a525a,2026-10-01T13:12:46Z
rayon-packed,cpu,Apple M1 Pro,f64,4096,4,149.76147761133856,7.126187996471869e-15,917.7189999999999,917.434625,1.47424066747711,,0.073291,64,5,Pauls-MacBook-Pro,d1a525a,2026-10-01T13:12:46Z
rayon-packed,cpu,Apple M1 Pro,f64,4096,4,159.5427583396864,7.110873303442093e-15,861.455292,856.440375,2.8876013639608464,,0.079042,128,5,Pauls-MacBook-Pro,d1a525a,2026-10-01T13:12:46Z
rayon-packed,cpu,Apple M1 Pro,f64,4096,4,161.5356584600932,7.281189348828089e-15,850.8273330000001,847.514333,3.063875024191846,,0.074,256,5,Pauls-MacBook-Pro,d1a525a,2026-10-01T13:12:46Z
rayon-packed,cpu,Apple M1 Pro,f64,4096,8,201.77726585835308,6.9962494883110616e-15,681.1419159999999,673.976041,4.333603702622994,,0.128917,16,5,Pauls-MacBook-Pro,d1a525a,2026-10-01T13:12:46Z
rayon-packed,cpu,Apple M1 Pro,f64,4096,8,259.1349209758138,7.01244841485858e-15,530.376041,529.324833,1.432217003287916,,0.16725,32,5,Pauls-MacBook-Pro,d1a525a,2026-10-01T13:12:46Z
rayon-packed,cpu,Apple M1 Pro,f64,4096,8,291.9475190090104,7.126187996471869e-15,470.765958,467.561583,3.90134575609548,,0.15070799999999998,64,5,Pauls-MacBook-Pro,d1a525a,2026-10-01T13:12:46Z
rayon-packed,cpu,Apple M1 Pro,f64,4096,8,310.34939466379643,7.110873303442093e-15,442.852333,439.53725,7.505654270960951,,0.147167,128,5,Pauls-MacBook-Pro,d1a525a,2026-10-01T13:12:46Z
rayon-packed,cpu,Apple M1 Pro,f64,4096,8,311.06312923996484,7.281189348828089e-15,441.836208,440.234208,1.7260764831544382,,0.153834,256,5,Pauls-MacBook-Pro,d1a525a,2026-10-01T13:12:46Z
rayon-packed,cpu,Apple M1 Pro,f64,4096,10,198.84758738232713,6.9962494883110616e-15,691.177375,676.515,14.34671487014778,,0.185,16,5,Pauls-MacBook-Pro,d1a525a,2026-10-01T13:12:46Z
rayon-packed,cpu,Apple M1 Pro,f64,4096,10,260.2959335259274,7.01244841485858e-15,528.0103750000001,520.05925,6.235823313023581,,0.197584,32,5,Pauls-MacBook-Pro,d1a525a,2026-10-01T13:12:46Z
rayon-packed,cpu,Apple M1 Pro,f64,4096,10,296.92321832895055,7.126187996471869e-15,462.87708399999997,454.722292,5.2220158555586265,,0.181458,64,5,Pauls-MacBook-Pro,d1a525a,2026-10-01T13:12:46Z
rayon-packed,cpu,Apple M1 Pro,f64,4096,10,314.4711628491501,7.110873303442093e-15,437.047875,434.055459,4.0165956071542945,,0.183417,128,5,Pauls-MacBook-Pro,d1a525a,2026-10-01T13:12:46Z
rayon-packed,cpu,Apple M1 Pro,f64,4096,10,324.12477736769245,7.281189348828089e-15,424.031,414.42616599999997,8.715619884243686,,0.171667,256,5,Pauls-MacBook-Pro,d1a525a,2026-10-01T13:12:46Z
rayon-packed,cpu,Apple M1 Pro,i32,64,1,24.43321838009134,0.0,0.021458,0.020416,0.003492936558255818,,0.049875,16,5,Pauls-MacBook-Pro,d1a525a,2026-10-01T13:12:46Z
rayon-packed,cpu,Apple M1 Pro,i32,64,1,28.149691275167786,0.0,0.018625,0.01825,0.00044807778342604784,,0.012083,32,5,Pauls-MacBook-Pro,d1a525a,2026-10-01T13:12:46Z
rayon-packed,cpu,Apple M1 Pro,i32,64,1,27.001493536591646,0.0,0.019417,0.017915999999999998,0.0025339763811053967,,0.015666,64,5,Pauls-MacBook-Pro,d1a525a,2026-10-01T13:12:46Z
rayon-packed,cpu,Apple M1 Pro,i32,64,1,29.263674927439162,0.0,0.017915999999999998,0.017834,0.014117801521483434,,0.015416,128,5,Pauls-MacBook-Pro,d1a525a,2026-10-01T13:12:46Z
rayon-packed,cpu,Apple M1 Pro,i32,64,1,27.594105263157893,0.0,0.019,0.018708000000000002,0.0014261545147704004,,0.019,256,5,Pauls-MacBook-Pro,d1a525a,2026-10-01T13:12:46Z
rayon-packed,cpu,Apple M1 Pro,i32,64,2,28.728109589041097,0.0,0.01825,0.017292,0.000571421298167999,,0.021625000000000002,16,5,Pauls-MacBook-Pro,d1a525a,2026-10-01T13:12:46Z
rayon-packed,cpu,Apple M1 Pro,i32,64,2,32.097955185502634,0.0,0.016334,0.016291,0.00010389754568804667,,0.022583,32,5,Pauls-MacBook-Pro,d1a525a,2026-10-01T13:12:46Z
rayon-packed,cpu,Apple M1 Pro,i32,64,2,15.55335370375864,0.0,0.033708999999999996,0.019125,0.019976553411437118,,0.024167,64,5,Pauls-MacBook-Pro,d1a525a,2026-10-01T13:12:46Z
rayon-packed,cpu,Apple M1 Pro,i32,64,2,33.91693621425799,0.0,0.015458,0.015125,0.0004087990949109355,,0.025125,128,5,Pauls-MacBook-Pro,d1a525a,2026-10-01T13:12:46Z
rayon-packed,cpu,Apple M1 Pro,i32,64,2,34.37954098360656,0.0,0.01525,0.015042,0.0001330101499886384,,0.01875,256,5,Pauls-MacBook-Pro,d1a525a,2026-10-01T13:12:46Z
rayon-packed,cpu,Apple M1 Pro,i32,64,4,14.46311724137931,0.0,0.03625,0.029458,0.013362189932791705,,0.037208,16,5,Pauls-MacBook-Pro,d1a525a,2026-10-01T13:12:46Z
rayon-packed,cpu,Apple M1 Pro,i32,64,4,12.608229324483565,0.0,0.041582999999999995,0.030208,0.0077812738224534925,,0.051958,32,5,Pauls-MacBook-Pro,d1a525a,2026-10-01T13:12:46Z
rayon-packed,cpu,Apple M1 Pro,i32,64,4,18.315737991266378,0.0,0.028625,0.017542,0.006994173274948228,,0.056958,64,5,Pauls-MacBook-Pro,d1a525a,2026-10-01T13:12:46Z
rayon-packed,cpu,Apple M1 Pro,i32,64,4,13.501094429995108,0.0,0.038833,0.033374999999999995,0.011201704298900238,,0.06175,128,5,Pauls-MacBook-Pro,d1a525a,2026-10-01T13:12:46Z
rayon-packed,cpu,Apple M1 Pro,i32,64,4,14.299023618611248,0.0,0.036666,0.017542,0.01065429459420003,,0.06179199999999999,256,5,Pauls-MacBook-Pro,d1a525a,2026-10-01T13:12:46Z
rayon-packed,cpu,Apple M1 Pro,i32,64,8,9.2522500264709,0.0,0.056666,0.045792,0.012338079498041827,,0.10225000000000001,16,5,Pauls-MacBook-Pro,d1a525a,2026-10-01T13:12:46Z
rayon-packed,cpu,Apple M1 Pro,i32,64,8,8.461853806549493,0.0,0.06195899999999999,0.029834,0.020802635753673138,,0.109792,32,5,Pauls-MacBook-Pro,d1a525a,2026-10-01T13:12:46Z
rayon-packed,cpu,Apple M1 Pro,i32,64,8,9.071982281284606,0.0,0.057791999999999996,0.039334,0.015981249738365268,,0.11574999999999999,64,5,Pauls-MacBook-Pro,d1a525a,2026-10-01T13:12:46Z
rayon-packed,cpu,Apple M1 Pro,i32,64,8,8.636225868089872,0.0,0.060708000000000005,0.028458,0.01728451032861504,,0.112917,128,5,Pauls-MacBook-Pro,d1a525a,2026-10-01T13:12:46Z
rayon-packed,cpu,Apple M1 Pro,i32,64,8,11.184810666666666,0.0,0.046875,0.029458,0.021972916982048608,,0.10787500000000001,256,5,Pauls-MacBook-Pro,d1a525a,2026-10-01T13:12:46Z
rayon-packed,cpu,Apple M1 Pro,i32,64,10,10.114750935679284,0.0,0.051834,0.0455,0.021643828258882482,,0.117959,16,5,Pauls-MacBook-Pro,d1a525a,2026-10-01T13:12:46Z
rayon-packed,cpu,Apple M1 Pro,i32,64,10,13.012210860716769,0.0,0.040292,0.029166,0.03199003349795058,,0.13908299999999998,32,5,Pauls-MacBook-Pro,d1a525a,2026-10-01T13:12:46Z
rayon-packed,cpu,Apple M1 Pro,i32,64,10,9.876759037733361,0.0,0.053083,0.03375,0.026723660059954364,,0.151792,64,5,Pauls-MacBook-Pro,d1a525a,2026-10-01T13:12:46Z
rayon-packed,cpu,Apple M1 Pro,i32,64,10,9.792088453924022,0.0,0.053542000000000006,0.037125,0.02391201261500169,,0.14200000000000002,128,5,Pauls-MacBook-Pro,d1a525a,2026-10-01T13:12:46Z
rayon-packed,cpu,Apple M1 Pro,i32,64,10,6.619045815500764,0.0,0.07920899999999999,0.027083000000000003,0.03663126294847067,,0.139458,256,5,Pauls-MacBook-Pro,d1a525a,2026-10-01T13:12:46Z
rayon-packed,cpu,Apple M1 Pro,i32,128,1,39.97735352707378,0.0,0.104917,0.10466600000000001,0.0025448295031298266,,0.015041,16,5,Pauls-MacBook-Pro,d1a525a,2026-10-01T13:12:46Z
rayon-packed,cpu,Apple M1 Pro,i32,128,1,44.67966977363515,0.0,0.093875,0.093417,0.00029060540256505913,,0.010334,32,5,Pauls-MacBook-Pro,d1a525a,2026-10-01T13:12:46Z
rayon-packed,cpu,Apple M1 Pro,i32,128,1,47.21560681278354,0.0,0.088833,0.088542,0.0013434186614752668,,0.013417,64,5,Pauls-MacBook-Pro,d1a525a,2026-10-01T13:12:46Z
rayon-packed,cpu,Apple M1 Pro,i32,128,1,48.32592865701908,0.0,0.08679200000000001,0.085084,0.00230117122352944,,0.014833,128,5,Pauls-MacBook-Pro,d1a525a,2026-10-01T13:12:46Z
rayon-packed,cpu,Apple M1 Pro,i32,128,1,47.01660146397784,0.0,0.08920900000000001,0.086917,0.0031811183568047257,,0.011042,256,5,Pauls-MacBook-Pro,d1a525a,2026-10-01T13:12:46Z
rayon-packed,cpu,Apple M1 Pro,i32,128,2,55.4010672584139,0.0,0.075708,0.075625,0.00034052268646890527,,0.022541,16,5,Pauls-MacBook-Pro,d1a525a,2026-10-01T13:12:46Z
rayon-packed,cpu,Apple M1 Pro,i32,128,2,61.79453406998159,0.0,0.06787499999999999,0.067833,0.0005750085216759813,,0.0255,32,5,Pauls-MacBook-Pro,d1a525a,2026-10-01T13:12:46Z
rayon-packed,cpu,Apple M1 Pro,i32,128,2,47.549615118638684,0.0,0.088209,0.07004200000000001,0.010147270100869488,,0.022,64,5,Pauls-MacBook-Pro,d1a525a,2026-10-01T13:12:46Z
rayon-packed,cpu,Apple M1 Pro,i32,128,2,62.32990548653628,0.0,0.067292,0.05875,0.010193063685663894,,0.02225,128,5,Pauls-MacBook-Pro,d1a525a,2026-10-01T13:12:46Z
rayon-packed,cpu,Apple M1 Pro,i32,128,2,68.90027104722792,0.0,0.060875000000000005,0.058208,0.001270330783693758,,0.020584,256,5,Pauls-MacBook-Pro,d1a525a,2026-10-01T13:12:46Z
rayon-packed,cpu,Apple M1 Pro,i32,128,4,41.751401069092864,0.0,0.10045899999999999,0.078334,0.01262704246844842,,0.045792,16,5,Pauls-MacBook-Pro,d1a525a,2026-10-01T13:12:46Z
rayon-packed,cpu,Apple M1 Pro,i32,128,4,52.1841866251944,0.0,0.080375,0.058332999999999996,0.012435743737308196,,0.04475,32,5,Pauls-MacBook-Pro,d1a525a,2026-10-01T13:12:46Z
rayon-packed,cpu,Apple M1 Pro,i32,128,4,54.26639582875109,0.0,0.077291,0.069541,0.009696308436719616,,0.046584,64,5,Pauls-MacBook-Pro,d1a525a,2026-10-01T13:12:46Z
rayon-packed,cpu,Apple M1 Pro,i32,128,4,51.542906298003075,0.0,0.081375,0.067958,0.008140237865074954,,0.046791,128,5,Pauls-MacBook-Pro,d1a525a,2026-10-01T13:12:46Z
rayon-packed,cpu,Apple M1 Pro,i32,128,4,53.008581358609796,0.0,0.079125,0.054,0.012016838423645383,,0.042792,256,5,Pauls-MacBook-Pro,d1a525a,2026-10-01T13:12:46Z
rayon-packed,cpu,Apple M1 Pro,i32,128,8,18.262545337379773,0.0,0.22966699999999998,0.111,0.06481263623167939,,0.082583,16,5,Pauls-MacBook-Pro,d1a525a,2026-10-01T13:12:46Z
rayon-packed,cpu,Apple M1 Pro,i32,128,8,26.275984338292876,0.0,0.159625,0.140292,0.04660474731505363,,0.10804200000000001,32,5,Pauls-MacBook-Pro,d1a525a,2026-10-01T13:12:46Z
rayon-packed,cpu,Apple M1 Pro,i32,128,8,25.705589978365722,0.0,0.163167,0.084125,0.0403315401478793,,0.156625,64,5,Pauls-MacBook-Pro,d1a525a,2026-10-01T13:12:46Z
rayon-packed,cpu,Apple M1 Pro,i32,128,8,55.89349822097253,0.0,0.075041,0.052500000000000005,0.0310472915276035,,0.11429199999999999,128,5,Pauls-MacBook-Pro,d1a525a,2026-10-01T13:12:46Z
rayon-packed,cpu,Apple M1 Pro,i32,128,8,39.39867365533826,0.0,0.106458,0.049458,0.03553241452814599,,0.097125,256,5,Pauls-MacBook-Pro,d1a525a,2026-10-01T13:12:46Z
rayon-packed,cpu,Apple M1 Pro,i32,128,10,21.969253654729542,0.0,0.190917,0.150208,0.09157717370174732,,0.141125,16,5,Pauls-MacBook-Pro,d1a525a,2026-10-01T13:12:46Z
rayon-packed,cpu,Apple M1 Pro,i32,128,10,28.951192407247625,0.0,0.144875,0.113792,0.06098744500878849,,0.144958,32,5,Pauls-MacBook-Pro,d1a525a,2026-10-01T13:12:46Z
rayon-packed,cpu,Apple M1 Pro,i32,128,10,25.330523060942248,0.0,0.16558299999999998,0.079166,0.05879401360938033,,0.127292,64,5,Pauls-MacBook-Pro,d1a525a,2026-10-01T13:12:46Z
rayon-packed,cpu,Apple M1 Pro,i32,128,10,45.10004301075269,0.0,0.093,0.0665,0.03991442302351369,,0.117625,128,5,Pauls-MacBook-Pro,d1a525a,2026-10-01T13:12:46Z
rayon-packed,cpu,Apple M1 Pro,i32,128,10,50.38203003003003,0.0,0.08325,0.058,0.025814860629102765,,0.12387499999999999,256,5,Pauls-MacBook-Pro,d1a525a,2026-10-01T13:12:46Z
rayon-packed,cpu,Apple M1 Pro,i32,256,1,44.0202453263365,0.0,0.76225,0.743208,0.01682434611805165,,0.012917,16,5,Pauls-MacBook-Pro,d1a525a,2026-10-01T13:12:46Z
rayon-packed,cpu,Apple M1 Pro,i32,256,1,51.546152676282226,0.0,0.650959,0.645416,0.0047567077164778464,,0.011958,32,5,Pauls-MacBook-Pro,d1a525a,2026-10-01T13:12:46Z
rayon-packed,cpu,Apple M1 Pro,i32,256,1,52.81384594559712,0.0,0.635334,0.594167,0.0239358189916284,,0.010458,64,5,Pauls-MacBook-Pro,d1a525a,2026-10-01T13:12:46Z
rayon-packed,cpu,Apple M1 Pro,i32,256,1,58.790069207183535,0.0,0.57075,0.5670000000000001,0.022072045861224524,,0.019708,128,5,Pauls-MacBook-Pro,d1a525a,2026-10-01T13:12:46Z
rayon-packed,cpu,Apple M1 Pro,i32,256,1,60.36772129808541,0.0,0.5558339999999999,0.548875,0.009210511060739258,,0.012125,256,5,Pauls-MacBook-Pro,d1a525a,2026-10-01T13:12:46Z
rayon-packed,cpu,Apple M1 Pro,i32,256,2,73.69207151688983,0.0,0.455333,0.45379200000000003,0.003172318442401388,,0.035042000000000004,16,5,Pauls-MacBook-Pro,d1a525a,2026-10-01T13:12:46Z
rayon-packed,cpu,Apple M1 Pro,i32,256,2,62.01335097692779,0.0,0.541084,0.480917,0.03424473439085197,,0.02325,32,5,Pauls-MacBook-Pro,d1a525a,2026-10-01T13:12:46Z
rayon-packed,cpu,Apple M1 Pro,i32,256,2,80.3056524840008,0.0,0.41783400000000004,0.415084,0.0039462693395154735,,0.018916,64,5,Pauls-MacBook-Pro,d1a525a,2026-10-01T13:12:46Z
rayon-packed,cpu,Apple M1 Pro,i32,256,2,97.8502956992383,0.0,0.342916,0.341125,0.0015004934854906905,,0.026250000000000002,128,5,Pauls-MacBook-Pro,d1a525a,2026-10-01T13:12:46Z
rayon-packed,cpu,Apple M1 Pro,i32,256,2,98.93188901042849,0.0,0.339167,0.321042,0.02055575855569432,,0.024709000000000002,256,5,Pauls-MacBook-Pro,d1a525a,2026-10-01T13:12:46Z
rayon-packed,cpu,Apple M1 Pro,i32,256,4,37.48399125526299,0.0,0.8951669999999999,0.351625,0.24891305348916515,,0.038459,16,5,Pauls-MacBook-Pro,d1a525a,2026-10-01T13:12:46Z
rayon-packed,cpu,Apple M1 Pro,i32,256,4,66.4499463321702,0.0,0.504958,0.446083,0.028831351378317324,,0.051834,32,5,Pauls-MacBook-Pro,d1a525a,2026-10-01T13:12:46Z
rayon-packed,cpu,Apple M1 Pro,i32,256,4,97.62482106904699,0.0,0.343708,0.322083,0.0320024149916846,,0.039125,64,5,Pauls-MacBook-Pro,d1a525a,2026-10-01T13:12:46Z
rayon-packed,cpu,Apple M1 Pro,i32,256,4,131.43601615411433,0.0,0.255291,0.22737500000000002,0.014145382101590602,,0.055416,128,5,Pauls-MacBook-Pro,d1a525a,2026-10-01T13:12:46Z
rayon-packed,cpu,Apple M1 Pro,i32,256,4,145.73043213897938,0.0,0.23025,0.205542,0.011906966687616122,,0.04725,256,5,Pauls-MacBook-Pro,d1a525a,2026-10-01T13:12:46Z
rayon-packed,cpu,Apple M1 Pro,i32,256,8,46.26863704118399,0.0,0.725209,0.661584,0.18924732429204913,,0.087542,16,5,Pauls-MacBook-Pro,d1a525a,2026-10-01T13:12:46Z
rayon-packed,cpu,Apple M1 Pro,i32,256,8,50.137365707881955,0.0,0.66925,0.620125,0.028284584780406435,,0.099583,32,5,Pauls-MacBook-Pro,d1a525a,2026-10-01T13:12:46Z
rayon-packed,cpu,Apple M1 Pro,i32,256,8,79.74909566250743,0.0,0.42075,0.40045800000000004,0.015308501634712637,,0.0925,64,5,Pauls-MacBook-Pro,d1a525a,2026-10-01T13:12:46Z
rayon-packed,cpu,Apple M1 Pro,i32,256,8,126.24319768841802,0.0,0.265792,0.224333,0.02387117046355289,,0.099333,128,5,Pauls-MacBook-Pro,d1a525a,2026-10-01T13:12:46Z
rayon-packed,cpu,Apple M1 Pro,i32,256,8,178.20423597391283,0.0,0.18829200000000001,0.17066699999999999,0.038390059225012915,,0.097292,256,5,Pauls-MacBook-Pro,d1a525a,2026-10-01T13:12:46Z
rayon-packed,cpu,Apple M1 Pro,i32,256,10,54.467855223921774,0.0,0.6160410000000001,0.545542,0.042533133557263327,,0.118167,16,5,Pauls-MacBook-Pro,d1a525a,2026-10-01T13:12:46Z
rayon-packed,cpu,Apple M1 Pro,i32,256,10,50.19676928094211,0.0,0.668458,0.34912499999999996,0.14244888880682785,,0.114208,32,5,Pauls-MacBook-Pro,d1a525a,2026-10-01T13:12:46Z
rayon-packed,cpu,Apple M1 Pro,i32,256,10,80.09020474606046,0.0,0.418958,0.337041,0.10743604363666785,,0.10170799999999999,64,5,Pauls-MacBook-Pro,d1a525a,2026-10-01T13:12:46Z
rayon-packed,cpu,Apple M1 Pro,i32,256,10,134.12813040888688,0.0,0.250167,0.19837500000000002,0.050884441563212625,,0.095542,128,5,Pauls-MacBook-Pro,d1a525a,2026-10-01T13:12:46Z
rayon-packed,cpu,Apple M1 Pro,i32,256,10,197.37901176470587,0.0,0.17,0.130417,0.042217539094551684,,0.106375,256,5,Pauls-MacBook-Pro,d1a525a,2026-10-01T13:12:46Z
rayon-packed,cpu,Apple M1 Pro,i32,512,1,49.148628231315186,0.0,5.461708,5.442083,0.20290742207913465,,0.024,16,5,Pauls-MacBook-Pro,d1a525a,2026-10-01T13:12:46Z
rayon-packed,cpu,Apple M1 Pro,i32,512,1,55.95999597241311,0.0,4.7969170000000005,4.788792,0.06153615541858319,,0.024749999999999998,32,5,Pauls-MacBook-Pro,d1a525a,2026-10-01T13:12:46Z
rayon-packed,cpu,Apple M1 Pro,i32,512,1,61.728230220486004,0.0,4.348666000000001,4.3430420000000005,0.004013006827803638,,0.030375,64,5,Pauls-MacBook-Pro,d1a525a,2026-10-01T13:12:46Z
rayon-packed,cpu,Apple M1 Pro,i32,512,1,64.69883248975657,0.0,4.149,4.137625,0.0831044362203367,,0.024542,128,5,Pauls-MacBook-Pro,d1a525a,2026-10-01T13:12:46Z
rayon-packed,cpu,Apple M1 Pro,i32,512,1,63.969039642697645,0.0,4.196334,4.0952910000000005,0.11623255184026508,,0.028583,256,5,Pauls-MacBook-Pro,d1a525a,2026-10-01T13:12:46Z
rayon-packed,cpu,Apple M1 Pro,i32,512,2,73.65242130534692,0.0,3.644625,3.5756249999999996,0.056285285587798196,,0.028875,16,5,Pauls-MacBook-Pro,d1a525a,2026-10-01T13:12:46Z
rayon-packed,cpu,Apple M1 Pro,i32,512,2,91.41987785955892,0.0,2.936292,2.926291,0.018209103539164072,,0.045458,32,5,Pauls-MacBook-Pro,d1a525a,2026-10-01T13:12:46Z
rayon-packed,cpu,Apple M1 Pro,i32,512,2,106.41643448959366,0.0,2.5225,2.5139590000000003,0.05433236787311962,,0.028166,64,5,Pauls-MacBook-Pro,d1a525a,2026-10-01T13:12:46Z
rayon-packed,cpu,Apple M1 Pro,i32,512,2,114.77319724272864,0.0,2.3388340000000003,2.3055,0.06992682683562865,,0.029625,128,5,Pauls-MacBook-Pro,d1a525a,2026-10-01T13:12:46Z
rayon-packed,cpu,Apple M1 Pro,i32,512,2,120.83299655509397,0.0,2.221541,2.213125,0.02324675742549916,,0.034666999999999996,256,5,Pauls-MacBook-Pro,d1a525a,2026-10-01T13:12:46Z
rayon-packed,cpu,Apple M1 Pro,i32,512,4,98.7848405170431,0.0,2.717375,2.681209,0.10014410379647912,,0.052125,16,5,Pauls-MacBook-Pro,d1a525a,2026-10-01T13:12:46Z
rayon-packed,cpu,Apple M1 Pro,i32,512,4,129.39504526782298,0.0,2.074542,2.0166250000000003,0.13793200936874644,,0.054,32,5,Pauls-MacBook-Pro,d1a525a,2026-10-01T13:12:46Z
rayon-packed,cpu,Apple M1 Pro,i32,512,4,173.1516573340102,0.0,1.550291,1.505459,0.03464416257178111,,0.048875,64,5,Pauls-MacBook-Pro,d1a525a,2026-10-01T13:12:46Z
rayon-packed,cpu,Apple M1 Pro,i32,512,4,197.89426440460053,0.0,1.3564589999999999,1.316375,0.026126525875056615,,0.040707999999999994,128,5,Pauls-MacBook-Pro,d1a525a,2026-10-01T13:12:46Z
rayon-packed,cpu,Apple M1 Pro,i32,512,4,208.48691886316632,0.0,1.2875409999999998,1.274583,0.035687726454623106,,0.052792,256,5,Pauls-MacBook-Pro,d1a525a,2026-10-01T13:12:46Z
rayon-packed,cpu,Apple M1 Pro,i32,512,8,86.63400225915765,0.0,3.0985,2.986958,0.14667274535236594,,0.113458,16,5,Pauls-MacBook-Pro,d1a525a,2026-10-01T13:12:46Z
rayon-packed,cpu,Apple M1 Pro,i32,512,8,133.67187888258297,0.0,2.008167,1.995125,0.03285936559338911,,0.09579199999999999,32,5,Pauls-MacBook-Pro,d1a525a,2026-10-01T13:12:46Z
rayon-packed,cpu,Apple M1 Pro,i32,512,8,200.62440657698056,0.0,1.338,1.274583,0.04178564533066353,,0.106084,64,5,Pauls-MacBook-Pro,d1a525a,2026-10-01T13:12:46Z
rayon-packed,cpu,Apple M1 Pro,i32,512,8,268.3348304385855,0.0,1.000375,0.95525,0.09593588678018247,,0.094791,128,5,Pauls-MacBook-Pro,d1a525a,2026-10-01T13:12:46Z
rayon-packed,cpu,Apple M1 Pro,i32,512,8,312.6490314284916,0.0,0.858584,0.84475,0.034673643150093136,,0.106334,256,5,Pauls-MacBook-Pro,d1a525a,2026-10-01T13:12:46Z
rayon-packed,cpu,Apple M1 Pro,i32,512,10,97.23572455497168,0.0,2.760667,2.108292,0.6568676746659102,,0.129916,16,5,Pauls-MacBook-Pro,d1a525a,2026-10-01T13:12:46Z
rayon-packed,cpu,Apple M1 Pro,i32,512,10,118.1949280642853,0.0,2.271125,1.744958,0.25310994964876427,,0.114833,32,5,Pauls-MacBook-Pro,d1a525a,2026-10-01T13:12:46Z
rayon-packed,cpu,Apple M1 Pro,i32,512,10,210.38629942229784,0.0,1.275917,1.0645,0.09940507958499907,,0.11675,64,5,Pauls-MacBook-Pro,d1a525a,2026-10-01T13:12:46Z
rayon-packed,cpu,Apple M1 Pro,i32,512,10,286.0513566996336,0.0,0.938417,0.891833,0.03307157822360467,,0.12283300000000001,128,5,Pauls-MacBook-Pro,d1a525a,2026-10-01T13:12:46Z
rayon-packed,cpu,Apple M1 Pro,i32,512,10,331.4017975308642,0.0,0.8099999999999999,0.7853330000000001,0.050506940585428435,,0.129208,256,5,Pauls-MacBook-Pro,d1a525a,2026-10-01T13:12:46Z
rayon-packed,cpu,Apple M1 Pro,i32,1024,1,50.403414586838124,0.0,42.605916,42.542249999999996,0.21608991305750572,,0.043833,16,5,Pauls-MacBook-Pro,d1a525a,2026-10-01T13:12:46Z
rayon-packed,cpu,Apple M1 Pro,i32,1024,1,58.04742041381274,0.0,36.995332999999995,36.924792,0.31957649760847523,,0.042375,32,5,Pauls-MacBook-Pro,d1a525a,2026-10-01T13:12:46Z
rayon-packed,cpu,Apple M1 Pro,i32,1024,1,63.595306769808225,0.0,33.767958,33.688,0.13947639687344993,,0.045083000000000005,64,5,Pauls-MacBook-Pro,d1a525a,2026-10-01T13:12:46Z
rayon-packed,cpu,Apple M1 Pro,i32,1024,1,66.51396105377376,0.0,32.28620900000001,32.17225,0.1674857825025764,,0.045791000000000005,128,5,Pauls-MacBook-Pro,d1a525a,2026-10-01T13:12:46Z
rayon-packed,cpu,Apple M1 Pro,i32,1024,1,68.1719198755595,0.0,31.501,31.425375,0.5881689735787674,,0.051542000000000004,256,5,Pauls-MacBook-Pro,d1a525a,2026-10-01T13:12:46Z
rayon-packed,cpu,Apple M1 Pro,i32,1024,2,88.44129738831992,0.0,24.281457999999997,24.200666,0.2067375413755337,,0.057959,16,5,Pauls-MacBook-Pro,d1a525a,2026-10-01T13:12:46Z
rayon-packed,cpu,Apple M1 Pro,i32,1024,2,105.09279130389803,0.0,20.434167,20.349583000000003,0.08977602381203978,,0.057624999999999996,32,5,Pauls-MacBook-Pro,d1a525a,2026-10-01T13:12:46Z
rayon-packed,cpu,Apple M1 Pro,i32,1024,2,117.18527331961042,0.0,18.325542,18.090917,0.13144633134933742,,0.045958000000000006,64,5,Pauls-MacBook-Pro,d1a525a,2026-10-01T13:12:46Z
rayon-packed,cpu,Apple M1 Pro,i32,1024,2,123.90787992031984,0.0,17.331292,17.312459,0.2064571039724712,,0.043875000000000004,128,5,Pauls-MacBook-Pro,d1a525a,2026-10-01T13:12:46Z
rayon-packed,cpu,Apple M1 Pro,i32,1024,2,128.60049841680953,0.0,16.698874999999997,16.638875000000002,0.31856730556948204,,0.047625,256,5,Pauls-MacBook-Pro,d1a525a,2026-10-01T13:12:46Z
rayon-packed,cpu,Apple M1 Pro,i32,1024,4,142.04460783649034,0.0,15.118375,14.459583,0.42247684069686003,,0.07475,16,5,Pauls-MacBook-Pro,d1a525a,2026-10-01T13:12:46Z
rayon-packed,cpu,Apple M1 Pro,i32,1024,4,183.47244150324323,0.0,11.704666000000001,11.623833,0.11230120891513141,,0.083125,32,5,Pauls-MacBook-Pro,d1a525a,2026-10-01T13:12:46Z
rayon-packed,cpu,Apple M1 Pro,i32,1024,4,205.6024876606452,0.0,10.444833000000001,10.1625,0.16655300416774232,,0.083292,64,5,Pauls-MacBook-Pro,d1a525a,2026-10-01T13:12:46Z
rayon-packed,cpu,Apple M1 Pro,i32,1024,4,223.97132477726808,0.0,9.588208000000002,9.456083000000001,0.06894046846228917,,0.07195800000000001,128,5,Pauls-MacBook-Pro,d1a525a,2026-10-01T13:12:46Z
rayon-packed,cpu,Apple M1 Pro,i32,1024,4,233.92005482975338,0.0,9.180417,9.100708000000001,0.06722849901120746,,0.095791,256,5,Pauls-MacBook-Pro,d1a525a,2026-10-01T13:12:46Z
rayon-packed,cpu,Apple M1 Pro,i32,1024,8,182.15029299065915,0.0,11.789625,11.357709,0.2618397213100024,,0.134,16,5,Pauls-MacBook-Pro,d1a525a,2026-10-01T13:12:46Z
rayon-packed,cpu,Apple M1 Pro,i32,1024,8,262.77083932398307,0.0,8.172458,7.976334,0.1837081475280835,,0.149,32,5,Pauls-MacBook-Pro,d1a525a,2026-10-01T13:12:46Z
rayon-packed,cpu,Apple M1 Pro,i32,1024,8,318.4582865404934,0.0,6.743375,6.657125,0.21560290096772788,,0.131458,64,5,Pauls-MacBook-Pro,d1a525a,2026-10-01T13:12:46Z
rayon-packed,cpu,Apple M1 Pro,i32,1024,8,369.9581764049818,0.0,5.804666,5.648083,0.13326252520945273,,0.136333,128,5,Pauls-MacBook-Pro,d1a525a,2026-10-01T13:12:46Z
rayon-packed,cpu,Apple M1 Pro,i32,1024,8,411.68785407102484,0.0,5.216291,5.08475,0.32094010031110165,,0.138416,256,5,Pauls-MacBook-Pro,d1a525a,2026-10-01T13:12:46Z
rayon-packed,cpu,Apple M1 Pro,i32,1024,10,166.02596890130172,0.0,12.934625,12.326167,0.3126379407893416,,0.159333,16,5,Pauls-MacBook-Pro,d1a525a,2026-10-01T13:12:46Z
rayon-packed,cpu,Apple M1 Pro,i32,1024,10,291.03130870220735,0.0,7.378875,7.093833,0.25939891473982707,,0.143792,32,5,Pauls-MacBook-Pro,d1a525a,2026-10-01T13:12:46Z
rayon-packed,cpu,Apple M1 Pro,i32,1024,10,331.24629579755924,0.0,6.483041999999999,6.362958,0.15494302999231682,,0.154458,64,5,Pauls-MacBook-Pro,d1a525a,2026-10-01T13:12:46Z
rayon-packed,cpu,Apple M1 Pro,i32,1024,10,362.4725777068637,0.0,5.9245410000000005,5.676416,0.21533657376372456,,0.16683299999999998,128,5,Pauls-MacBook-Pro,d1a525a,2026-10-01T13:12:46Z
rayon-packed,cpu,Apple M1 Pro,i32,1024,10,389.13967638553805,0.0,5.518542,5.487625,0.5070926707454958,,0.163292,256,5,Pauls-MacBook-Pro,d1a525a,2026-10-01T13:12:46Z
rayon-packed,cpu,Apple M1 Pro,i32,2048,1,51.2912999064491,0.0,334.94704199999995,334.181916,1.0522221053693974,,0.051708,16,5,Pauls-MacBook-Pro,d1a525a,2026-10-01T13:12:46Z
rayon-packed,cpu,Apple M1 Pro,i32,2048,1,59.10066603655291,0.0,290.68825,290.20125,1.775540463761482,,0.055291,32,5,Pauls-MacBook-Pro,d1a525a,2026-10-01T13:12:46Z
rayon-packed,cpu,Apple M1 Pro,i32,2048,1,64.56270389009225,0.0,266.095875,264.857959,1.7195785118566917,,0.051375000000000004,64,5,Pauls-MacBook-Pro,d1a525a,2026-10-01T13:12:46Z
rayon-packed,cpu,Apple M1 Pro,i32,2048,1,67.70371785699155,0.0,253.75075000000004,252.43387499999997,3.165332354006167,,0.044916000000000005,128,5,Pauls-MacBook-Pro,d1a525a,2026-10-01T13:12:46Z
rayon-packed,cpu,Apple M1 Pro,i32,2048,1,68.92390503834373,0.0,249.2585,248.715042,1.9034931806006652,,0.03675,256,5,Pauls-MacBook-Pro,d1a525a,2026-10-01T13:12:46Z
rayon-packed,cpu,Apple M1 Pro,i32,2048,2,93.43546104956243,0.0,183.868833,183.079542,0.666342826777096,,0.063542,16,5,Pauls-MacBook-Pro,d1a525a,2026-10-01T13:12:46Z
rayon-packed,cpu,Apple M1 Pro,i32,2048,2,111.35795549074187,0.0,154.276083,153.938917,1.2120648403494307,,0.051415999999999996,32,5,Pauls-MacBook-Pro,d1a525a,2026-10-01T13:12:46Z
rayon-packed,cpu,Apple M1 Pro,i32,2048,2,122.99881046787128,0.0,139.675084,139.37125,0.5821187492734584,,0.054875,64,5,Pauls-MacBook-Pro,d1a525a,2026-10-01T13:12:46Z
rayon-packed,cpu,Apple M1 Pro,i32,2048,2,130.5854796217337,0.0,131.560333,131.45058300000002,0.3692593756144779,,0.06820799999999999,128,5,Pauls-MacBook-Pro,d1a525a,2026-10-01T13:12:46Z
rayon-packed,cpu,Apple M1 Pro,i32,2048,2,132.25219891932196,0.0,129.902333,129.53162500000002,0.20534424959490363,,0.05575,256,5,Pauls-MacBook-Pro,d1a525a,2026-10-01T13:12:46Z
rayon-packed,cpu,Apple M1 Pro,i32,2048,4,173.65506447928354,0.0,98.93100000000001,98.652,0.4512568434785251,,0.07279200000000001,16,5,Pauls-MacBook-Pro,d1a525a,2026-10-01T13:12:46Z
rayon-packed,cpu,Apple M1 Pro,i32,2048,4,208.8870185590234,0.0,82.24479099999999,82.082458,0.2653201395226127,,0.09575,32,5,Pauls-MacBook-Pro,d1a525a,2026-10-01T13:12:46Z
rayon-packed,cpu,Apple M1 Pro,i32,2048,4,231.5443768218001,0.0,74.19687499999999,74.14975,0.057142315526240245,,0.097417,64,5,Pauls-MacBook-Pro,d1a525a,2026-10-01T13:12:46Z
rayon-packed,cpu,Apple M1 Pro,i32,2048,4,245.89302117945095,0.0,69.86725000000001,69.802791,2.8579958078103087,,0.094709,128,5,Pauls-MacBook-Pro,d1a525a,2026-10-01T13:12:46Z
rayon-packed,cpu,Apple M1 Pro,i32,2048,4,251.126220273694,0.0,68.411292,68.390459,0.246088280625667,,0.07645800000000001,256,5,Pauls-MacBook-Pro,d1a525a,2026-10-01T13:12:46Z
rayon-packed,cpu,Apple M1 Pro,i32,2048,8,289.4800494997804,0.0,59.347334000000004,58.379875,0.538105073678274,,0.148458,16,5,Pauls-MacBook-Pro,d1a525a,2026-10-01T13:12:46Z
rayon-packed,cpu,Apple M1 Pro,i32,2048,8,354.7263335493987,0.0,48.431333,47.859625,4.605172601937087,,0.141042,32,5,Pauls-MacBook-Pro,d1a525a,2026-10-01T13:12:46Z
rayon-packed,cpu,Apple M1 Pro,i32,2048,8,417.35855510048225,0.0,41.163333,40.899458,0.19262296517471497,,0.137959,64,5,Pauls-MacBook-Pro,d1a525a,2026-10-01T13:12:46Z
rayon-packed,cpu,Apple M1 Pro,i32,2048,8,458.4991996352475,0.0,37.469791,37.232416,0.1292254003835924,,0.153458,128,5,Pauls-MacBook-Pro,d1a525a,2026-10-01T13:12:46Z
rayon-packed,cpu,Apple M1 Pro,i32,2048,8,479.4036436684458,0.0,35.835917,35.738875,0.4219336890059863,,0.152584,256,5,Pauls-MacBook-Pro,d1a525a,2026-10-01T13:12:46Z
rayon-packed,cpu,Apple M1 Pro,i32,2048,10,315.57026900586476,0.0,54.440709,54.110792,5.42120167381749,,0.174375,16,5,Pauls-MacBook-Pro,d1a525a,2026-10-01T13:12:46Z
rayon-packed,cpu,Apple M1 Pro,i32,2048,10,369.94485634918925,0.0,46.439,46.010834,0.5489647143931017,,0.16054200000000002,32,5,Pauls-MacBook-Pro,d1a525a,2026-10-01T13:12:46Z
rayon-packed,cpu,Apple M1 Pro,i32,2048,10,417.4274209917831,0.0,41.156541999999995,41.067709,0.575983701515242,,0.155458,64,5,Pauls-MacBook-Pro,d1a525a,2026-10-01T13:12:46Z
rayon-packed,cpu,Apple M1 Pro,i32,2048,10,481.47721428166454,0.0,35.681583,35.579083999999995,0.27559512571832817,,0.142333,128,5,Pauls-MacBook-Pro,d1a525a,2026-10-01T13:12:46Z
rayon-packed,cpu,Apple M1 Pro,i32,2048,10,489.2029324037989,0.0,35.118083,33.839292,5.334412135308381,,0.174125,256,5,Pauls-MacBook-Pro,d1a525a,2026-10-01T13:12:46Z
rayon-packed,cpu,Apple M1 Pro,i32,4096,1,49.94264391135204,0.0,2751.935875,2749.9804169999998,5.397296305925296,,0.039459,16,5,Pauls-MacBook-Pro,d1a525a,2026-10-01T13:12:46Z
rayon-packed,cpu,Apple M1 Pro,i32,4096,1,57.88775515955029,0.0,2374.231875,2368.8052079999998,5.4703717748851695,,0.051667,32,5,Pauls-MacBook-Pro,d1a525a,2026-10-01T13:12:46Z
rayon-packed,cpu,Apple M1 Pro,i32,4096,1,63.33562044467184,0.0,2170.010375,2162.854584,11.455660638752024,,0.051625000000000004,64,5,Pauls-MacBook-Pro,d1a525a,2026-10-01T13:12:46Z
rayon-packed,cpu,Apple M1 Pro,i32,4096,1,67.29106408452867,0.0,2042.45475,2042.3410830000003,2.54008554603428,,0.046208,128,5,Pauls-MacBook-Pro,d1a525a,2026-10-01T13:12:46Z
rayon-packed,cpu,Apple M1 Pro,i32,4096,1,69.29488269765557,0.0,1983.392541,1980.04425,2.9300295916732026,,0.050040999999999995,256,5,Pauls-MacBook-Pro,d1a525a,2026-10-01T13:12:46Z
rayon-packed,cpu,Apple M1 Pro,i32,4096,2,93.75106602028853,0.0,1465.998834,1464.613875,1.5133386147421932,,0.050708,16,5,Pauls-MacBook-Pro,d1a525a,2026-10-01T13:12:46Z
rayon-packed,cpu,Apple M1 Pro,i32,4096,2,110.92617796959757,0.0,1239.012792,1236.361917,1.522366712801946,,0.059708,32,5,Pauls-MacBook-Pro,d1a525a,2026-10-01T13:12:46Z
rayon-packed,cpu,Apple M1 Pro,i32,4096,2,122.98726789848888,0.0,1117.5055419999999,1116.886542,2.5842762398937866,,0.063458,64,5,Pauls-MacBook-Pro,d1a525a,2026-10-01T13:12:46Z
rayon-packed,cpu,Apple M1 Pro,i32,4096,2,129.83594956621675,0.0,1058.5585420000002,1056.607666,1.1409577702326104,,0.053916,128,5,Pauls-MacBook-Pro,d1a525a,2026-10-01T13:12:46Z
rayon-packed,cpu,Apple M1 Pro,i32,4096,2,133.65110851315606,0.0,1028.341291,1023.3202910000001,2.2769237054179996,,0.065917,256,5,Pauls-MacBook-Pro,d1a525a,2026-10-01T13:12:46Z
rayon-packed,cpu,Apple M1 Pro,i32,4096,4,187.6538383852025,0.0,732.406833,730.6422500000001,2.431399557704174,,0.07291700000000001,16,5,Pauls-MacBook-Pro,d1a525a,2026-10-01T13:12:46Z
rayon-packed,cpu,Apple M1 Pro,i32,4096,4,210.7036501239003,0.0,652.2855840000001,651.525125,0.43773409402248814,,0.07150000000000001,32,5,Pauls-MacBook-Pro,d1a525a,2026-10-01T13:12:46Z
rayon-packed,cpu,Apple M1 Pro,i32,4096,4,235.24666572155346,0.0,584.233375,582.706459,1.1408884838112987,,0.08708300000000001,64,5,Pauls-MacBook-Pro,d1a525a,2026-10-01T13:12:46Z
rayon-packed,cpu,Apple M1 Pro,i32,4096,4,249.16363795872826,0.0,551.6011669999999,549.964333,1.8077462971966198,,0.066,128,5,Pauls-MacBook-Pro,d1a525a,2026-10-01T13:12:46Z
rayon-packed,cpu,Apple M1 Pro,i32,4096,4,256.23350298435906,0.0,536.381667,534.719125,1.4574845480003806,,0.08591599999999999,256,5,Pauls-MacBook-Pro,d1a525a,2026-10-01T13:12:46Z
rayon-packed,cpu,Apple M1 Pro,i32,4096,8,330.3532795451413,0.0,416.03629199999995,414.941708,9.161295191852737,,0.181333,16,5,Pauls-MacBook-Pro,d1a525a,2026-10-01T13:12:46Z
rayon-packed,cpu,Apple M1 Pro,i32,4096,8,405.8141452788203,0.0,338.674625,337.761084,1.0233104933717505,,0.135375,32,5,Pauls-MacBook-Pro,d1a525a,2026-10-01T13:12:46Z
rayon-packed,cpu,Apple M1 Pro,i32,4096,8,455.4524811597435,0.0,301.76354100000003,300.428875,2.2142536685821073,,0.175,64,5,Pauls-MacBook-Pro,d1a525a,2026-10-01T13:12:46Z
rayon-packed,cpu,Apple M1 Pro,i32,4096,8,482.5021681237122,0.0,284.846292,281.71829199999996,5.531230793197417,,0.143208,128,5,Pauls-MacBook-Pro,d1a525a,2026-10-01T13:12:46Z
rayon-packed,cpu,Apple M1 Pro,i32,4096,8,496.8275345622474,0.0,276.633125,275.452542,0.8282940814996038,,0.12845900000000002,256,5,Pauls-MacBook-Pro,d1a525a,2026-10-01T13:12:46Z
rayon-packed,cpu,Apple M1 Pro,i32,4096,10,337.00204307082697,0.0,407.82825,395.095167,5.850272400020512,,0.157333,16,5,Pauls-MacBook-Pro,d1a525a,2026-10-01T13:12:46Z
rayon-packed,cpu,Apple M1 Pro,i32,4096,10,387.8489713410106,0.0,354.362042,336.35833399999996,52.332393884224956,,0.165291,32,5,Pauls-MacBook-Pro,d1a525a,2026-10-01T13:12:46Z
rayon-packed,cpu,Apple M1 Pro,i32,4096,10,460.98739049348814,0.0,298.140375,294.199708,4.8180135996415085,,0.135417,64,5,Pauls-MacBook-Pro,d1a525a,2026-10-01T13:12:46Z
rayon-packed,cpu,Apple M1 Pro,i32,4096,10,496.9802397756268,0.0,276.54812499999997,272.46083300000004,5.919636259550588,,0.19924999999999998,128,5,Pauls-MacBook-Pro,d1a525a,2026-10-01T13:12:46Z
rayon-packed,cpu,Apple M1 Pro,i32,4096,10,511.21323362898295,0.0,268.84858299999996,260.154375,8.384865741272161,,0.189291,256,5,Pauls-MacBook-Pro,d1a525a,2026-10-01T13:12:46Z
rayon-packed,cpu,Apple M1 Pro,i64,64,1,8.144279611650486,0.0,0.064375,0.061500000000000006,0.011315889461284078,,0.030667000000000003,16,5,Pauls-MacBook-Pro,d1a525a,2026-10-01T13:12:46Z
rayon-packed,cpu,Apple M1 Pro,i64,64,1,8.924051063829788,0.0,0.05875,0.057874999999999996,0.0006526793240175461,,0.02175,32,5,Pauls-MacBook-Pro,d1a525a,2026-10-01T13:12:46Z
rayon-packed,cpu,Apple M1 Pro,i64,64,1,9.020008602150538,0.0,0.058125,0.057459,0.0016030791309227337,,0.010750000000000001,64,5,Pauls-MacBook-Pro,d1a525a,2026-10-01T13:12:46Z
rayon-packed,cpu,Apple M1 Pro,i64,64,1,9.104909435076324,0.0,0.057583,0.057333999999999996,0.0010890453158615577,,0.015833,128,5,Pauls-MacBook-Pro,d1a525a,2026-10-01T13:12:46Z
rayon-packed,cpu,Apple M1 Pro,i64,64,1,8.811563025210083,0.0,0.059500000000000004,0.057457999999999995,0.025609951272893894,,0.016167,256,5,Pauls-MacBook-Pro,d1a525a,2026-10-01T13:12:46Z
rayon-packed,cpu,Apple M1 Pro,i64,64,2,11.949584045584045,0.0,0.043875000000000004,0.043207999999999996,0.0005837356422217195,,0.031416,16,5,Pauls-MacBook-Pro,d1a525a,2026-10-01T13:12:46Z
rayon-packed,cpu,Apple M1 Pro,i64,64,2,13.052704956805337,0.0,0.040166999999999994,0.039958,0.0007919578902946777,,0.028583,32,5,Pauls-MacBook-Pro,d1a525a,2026-10-01T13:12:46Z
rayon-packed,cpu,Apple M1 Pro,i64,64,2,11.983725714285715,0.0,0.04375,0.037375,0.00492237466066938,,0.025833000000000002,64,5,Pauls-MacBook-Pro,d1a525a,2026-10-01T13:12:46Z
rayon-packed,cpu,Apple M1 Pro,i64,64,2,12.620976866228544,0.0,0.041541,0.039791,0.0035905951874306294,,0.019625,128,5,Pauls-MacBook-Pro,d1a525a,2026-10-01T13:12:46Z
rayon-packed,cpu,Apple M1 Pro,i64,64,2,13.053029925807898,0.0,0.040166,0.03975,0.001772766623106379,,0.022792,256,5,Pauls-MacBook-Pro,d1a525a,2026-10-01T13:12:46Z
rayon-packed,cpu,Apple M1 Pro,i64,64,4,6.671773793314076,0.0,0.078583,0.049084,0.01683440426032356,,0.045833,16,5,Pauls-MacBook-Pro,d1a525a,2026-10-01T13:12:46Z
rayon-packed,cpu,Apple M1 Pro,i64,64,4,7.672544744120705,0.0,0.06833299999999999,0.047875,0.02079555374833765,,0.043875000000000004,32,5,Pauls-MacBook-Pro,d1a525a,2026-10-01T13:12:46Z
rayon-packed,cpu,Apple M1 Pro,i64,64,4,9.21825054945055,0.0,0.056875,0.045542,0.016402534020693266,,0.043292,64,5,Pauls-MacBook-Pro,d1a525a,2026-10-01T13:12:46Z
rayon-packed,cpu,Apple M1 Pro,i64,64,4,7.6866056767534605,0.0,0.06820799999999999,0.047083,0.011635997787040008,,0.046083,128,5,Pauls-MacBook-Pro,d1a525a,2026-10-01T13:12:46Z
rayon-packed,cpu,Apple M1 Pro,i64,64,4,9.42540224719101,0.0,0.055624999999999994,0.0455,0.019012610691328008,,0.063125,256,5,Pauls-MacBook-Pro,d1a525a,2026-10-01T13:12:46Z
rayon-packed,cpu,Apple M1 Pro,i64,64,8,3.5879418306244655,0.0,0.14612499999999998,0.125292,0.013741676527993234,,0.104291,16,5,Pauls-MacBook-Pro,d1a525a,2026-10-01T13:12:46Z
rayon-packed,cpu,Apple M1 Pro,i64,64,8,4.128251968503937,0.0,0.127,0.066209,0.042397721279568784,,0.1015,32,5,Pauls-MacBook-Pro,d1a525a,2026-10-01T13:12:46Z
rayon-packed,cpu,Apple M1 Pro,i64,64,8,7.244048359240069,0.0,0.072375,0.051125000000000004,0.01777473976462103,,0.109875,64,5,Pauls-MacBook-Pro,d1a525a,2026-10-01T13:12:46Z
rayon-packed,cpu,Apple M1 Pro,i64,64,8,7.328394509518883,0.0,0.071542,0.058084000000000004,0.012748970554519297,,0.11491699999999999,128,5,Pauls-MacBook-Pro,d1a525a,2026-10-01T13:12:46Z
rayon-packed,cpu,Apple M1 Pro,i64,64,8,4.932525495804011,0.0,0.10629200000000001,0.028666,0.040707940720454035,,0.105292,256,5,Pauls-MacBook-Pro,d1a525a,2026-10-01T13:12:46Z
rayon-packed,cpu,Apple M1 Pro,i64,64,10,5.533382585751979,0.0,0.09475,0.079792,0.009242809675634348,,0.135334,16,5,Pauls-MacBook-Pro,d1a525a,2026-10-01T13:12:46Z
rayon-packed,cpu,Apple M1 Pro,i64,64,10,6.940351062984829,0.0,0.075542,0.06916599999999999,0.006182068626277133,,0.12233400000000001,32,5,Pauls-MacBook-Pro,d1a525a,2026-10-01T13:12:46Z
rayon-packed,cpu,Apple M1 Pro,i64,64,10,9.664294930875576,0.0,0.05425,0.044625,0.022977678696944132,,0.136291,64,5,Pauls-MacBook-Pro,d1a525a,2026-10-01T13:12:46Z
rayon-packed,cpu,Apple M1 Pro,i64,64,10,7.380076293971087,0.0,0.07104099999999999,0.040584,0.022499849850610112,,0.131416,128,5,Pauls-MacBook-Pro,d1a525a,2026-10-01T13:12:46Z
rayon-packed,cpu,Apple M1 Pro,i64,64,10,8.73202091869025,0.0,0.060042,0.042209,0.010686744139353199,,0.129875,256,5,Pauls-MacBook-Pro,d1a525a,2026-10-01T13:12:46Z
rayon-packed,cpu,Apple M1 Pro,i64,128,1,10.029205492947305,0.0,0.418209,0.417292,0.0012731921693130133,,0.01475,16,5,Pauls-MacBook-Pro,d1a525a,2026-10-01T13:12:46Z
rayon-packed,cpu,Apple M1 Pro,i64,128,1,10.698636112039303,0.0,0.392041,0.390583,0.0044308780958180255,,0.010166000000000001,32,5,Pauls-MacBook-Pro,d1a525a,2026-10-01T13:12:46Z
rayon-packed,cpu,Apple M1 Pro,i64,128,1,10.207180525507583,0.0,0.41091700000000003,0.39995800000000004,0.052564502743771856,,0.010916,64,5,Pauls-MacBook-Pro,d1a525a,2026-10-01T13:12:46Z
rayon-packed,cpu,Apple M1 Pro,i64,128,1,10.661244077515912,0.0,0.393416,0.383083,0.0064356268770027255,,0.019125,128,5,Pauls-MacBook-Pro,d1a525a,2026-10-01T13:12:46Z
rayon-packed,cpu,Apple M1 Pro,i64,128,1,10.923861464014294,0.0,0.383958,0.383542,0.0009250301076181101,,0.015833,256,5,Pauls-MacBook-Pro,d1a525a,2026-10-01T13:12:46Z
rayon-packed,cpu,Apple M1 Pro,i64,128,2,16.394630893469987,0.0,0.25583399999999995,0.252,0.006791311360849262,,0.018583000000000002,16,5,Pauls-MacBook-Pro,d1a525a,2026-10-01T13:12:46Z
rayon-packed,cpu,Apple M1 Pro,i64,128,2,13.725580284243561,0.0,0.305583,0.289625,0.015799484130818945,,0.021167,32,5,Pauls-MacBook-Pro,d1a525a,2026-10-01T13:12:46Z
rayon-packed,cpu,Apple M1 Pro,i64,128,2,16.448250980392157,0.0,0.255,0.252,0.003823445592655913,,0.026167,64,5,Pauls-MacBook-Pro,d1a525a,2026-10-01T13:12:46Z
rayon-packed,cpu,Apple M1 Pro,i64,128,2,18.246020663404025,0.0,0.229875,0.226583,0.005295596312031349,,0.019,128,5,Pauls-MacBook-Pro,d1a525a,2026-10-01T13:12:46Z
rayon-packed,cpu,Apple M1 Pro,i64,128,2,18.872008998875142,0.0,0.22225,0.22020800000000001,0.015423492821018195,,0.02325,256,5,Pauls-MacBook-Pro,d1a525a,2026-10-01T13:12:46Z
rayon-packed,cpu,Apple M1 Pro,i64,128,4,8.922475392643427,0.0,0.470083,0.216666,0.13567062283965528,,0.039792,16,5,Pauls-MacBook-Pro,d1a525a,2026-10-01T13:12:46Z
rayon-packed,cpu,Apple M1 Pro,i64,128,4,13.940353967594517,0.0,0.300875,0.25212500000000004,0.025360810539097504,,0.045291,32,5,Pauls-MacBook-Pro,d1a525a,2026-10-01T13:12:46Z
rayon-packed,cpu,Apple M1 Pro,i64,128,4,17.998060435457983,0.0,0.233042,0.22179200000000002,0.01992967776207133,,0.042833,64,5,Pauls-MacBook-Pro,d1a525a,2026-10-01T13:12:46Z
rayon-packed,cpu,Apple M1 Pro,i64,128,4,24.606084783348393,0.0,0.170458,0.16483399999999998,0.026621410064081884,,0.054292,128,5,Pauls-MacBook-Pro,d1a525a,2026-10-01T13:12:46Z
rayon-packed,cpu,Apple M1 Pro,i64,128,4,24.082082139555713,0.0,0.174167,0.16325,0.01578528837874051,,0.070334,256,5,Pauls-MacBook-Pro,d1a525a,2026-10-01T13:12:46Z
rayon-packed,cpu,Apple M1 Pro,i64,128,8,8.776236828229228,0.0,0.477916,0.43358300000000005,0.05030206450236411,,0.10108299999999999,16,5,Pauls-MacBook-Pro,d1a525a,2026-10-01T13:12:46Z
rayon-packed,cpu,Apple M1 Pro,i64,128,8,13.040976292265837,0.0,0.32162500000000005,0.236791,0.04903763676707921,,0.11620799999999999,32,5,Pauls-MacBook-Pro,d1a525a,2026-10-01T13:12:46Z
rayon-packed,cpu,Apple M1 Pro,i64,128,8,15.399005048187243,0.0,0.272375,0.20708400000000002,0.04964667801273314,,0.094709,64,5,Pauls-MacBook-Pro,d1a525a,2026-10-01T13:12:46Z
rayon-packed,cpu,Apple M1 Pro,i64,128,8,27.096387410202077,0.0,0.154792,0.132791,0.028757750529205168,,0.097834,128,5,Pauls-MacBook-Pro,d1a525a,2026-10-01T13:12:46Z
rayon-packed,cpu,Apple M1 Pro,i64,128,8,24.180516320953775,0.0,0.173458,0.11299999999999999,0.03985051372943642,,0.10041699999999999,256,5,Pauls-MacBook-Pro,d1a525a,2026-10-01T13:12:46Z
rayon-packed,cpu,Apple M1 Pro,i64,128,10,15.572872344375387,0.0,0.26933399999999996,0.265084,0.019700057817174054,,0.13379200000000002,16,5,Pauls-MacBook-Pro,d1a525a,2026-10-01T13:12:46Z
rayon-packed,cpu,Apple M1 Pro,i64,128,10,17.084741344195518,0.0,0.2455,0.191667,0.06908569738737534,,0.13475,32,5,Pauls-MacBook-Pro,d1a525a,2026-10-01T13:12:46Z
rayon-packed,cpu,Apple M1 Pro,i64,128,10,17.97237921799679,0.0,0.233375,0.22737500000000002,0.059144249274971784,,0.122791,64,5,Pauls-MacBook-Pro,d1a525a,2026-10-01T13:12:46Z
rayon-packed,cpu,Apple M1 Pro,i64,128,10,35.407221063828,0.0,0.118459,0.110666,0.06058885402613257,,0.12825,128,5,Pauls-MacBook-Pro,d1a525a,2026-10-01T13:12:46Z
rayon-packed,cpu,Apple M1 Pro,i64,128,10,21.192237149916377,0.0,0.197917,0.168917,0.038907225479337365,,0.13070900000000002,256,5,Pauls-MacBook-Pro,d1a525a,2026-10-01T13:12:46Z
rayon-packed,cpu,Apple M1 Pro,i64,256,1,10.663625948436817,0.0,3.1466250000000002,3.135583,0.04800432503952106,,0.023,16,5,Pauls-MacBook-Pro,d1a525a,2026-10-01T13:12:46Z
rayon-packed,cpu,Apple M1 Pro,i64,256,1,11.241170146725633,0.0,2.984959,2.9568749999999997,0.09594440686407947,,0.017124999999999998,32,5,Pauls-MacBook-Pro,d1a525a,2026-10-01T13:12:46Z
rayon-packed,cpu,Apple M1 Pro,i64,256,1,11.31477213946051,0.0,2.9655419999999997,2.892625,0.05206735412232905,,0.018833000000000003,64,5,Pauls-MacBook-Pro,d1a525a,2026-10-01T13:12:46Z
rayon-packed,cpu,Apple M1 Pro,i64,256,1,11.803681629037653,0.0,2.842709,2.8409590000000002,0.00721161228159133,,0.030375,128,5,Pauls-MacBook-Pro,d1a525a,2026-10-01T13:12:46Z
rayon-packed,cpu,Apple M1 Pro,i64,256,1,11.868570905079183,0.0,2.8271669999999998,2.810292,0.013316673447224,,0.015333000000000001,256,5,Pauls-MacBook-Pro,d1a525a,2026-10-01T13:12:46Z
rayon-packed,cpu,Apple M1 Pro,i64,256,2,16.370011952677157,0.0,2.04975,1.950625,0.11637120874039236,,0.028708,16,5,Pauls-MacBook-Pro,d1a525a,2026-10-01T13:12:46Z
rayon-packed,cpu,Apple M1 Pro,i64,256,2,18.947051257003274,0.0,1.770958,1.752583,0.026270055647067025,,0.026042,32,5,Pauls-MacBook-Pro,d1a525a,2026-10-01T13:12:46Z
rayon-packed,cpu,Apple M1 Pro,i64,256,2,19.99568078832764,0.0,1.6780840000000001,1.6661670000000002,0.015919903777975454,,0.03125,64,5,Pauls-MacBook-Pro,d1a525a,2026-10-01T13:12:46Z
rayon-packed,cpu,Apple M1 Pro,i64,256,2,20.937705605447203,0.0,1.602584,1.587375,0.057636382812421526,,0.030583999999999997,128,5,Pauls-MacBook-Pro,d1a525a,2026-10-01T13:12:46Z
rayon-packed,cpu,Apple M1 Pro,i64,256,2,21.81397574320248,0.0,1.5382079999999998,1.5140419999999999,0.02711941204746146,,0.026292,256,5,Pauls-MacBook-Pro,d1a525a,2026-10-01T13:12:46Z
rayon-packed,cpu,Apple M1 Pro,i64,256,4,22.193919470855725,0.0,1.511875,1.417375,0.07909756940766252,,0.050457999999999996,16,5,Pauls-MacBook-Pro,d1a525a,2026-10-01T13:12:46Z
rayon-packed,cpu,Apple M1 Pro,i64,256,4,29.12711111111111,0.0,1.1520000000000001,1.106291,0.03422945578445561,,0.042166,32,5,Pauls-MacBook-Pro,d1a525a,2026-10-01T13:12:46Z
rayon-packed,cpu,Apple M1 Pro,i64,256,4,33.39856091620407,0.0,1.0046670000000002,0.970458,0.03960453344631139,,0.045125,64,5,Pauls-MacBook-Pro,d1a525a,2026-10-01T13:12:46Z
rayon-packed,cpu,Apple M1 Pro,i64,256,4,36.93046762874979,0.0,0.9085840000000001,0.873792,0.024412642847508333,,0.049249999999999995,128,5,Pauls-MacBook-Pro,d1a525a,2026-10-01T13:12:46Z
rayon-packed,cpu,Apple M1 Pro,i64,256,4,37.83445468639887,0.0,0.886875,0.872625,0.008013506829097976,,0.045292,256,5,Pauls-MacBook-Pro,d1a525a,2026-10-01T13:12:46Z
rayon-packed,cpu,Apple M1 Pro,i64,256,8,20.768173620042756,0.0,1.615666,1.4888329999999999,0.10117124162675882,,0.09575,16,5,Pauls-MacBook-Pro,d1a525a,2026-10-01T13:12:46Z
rayon-packed,cpu,Apple M1 Pro,i64,256,8,27.898093535647472,0.0,1.20275,0.847209,0.16556211305941948,,0.098458,32,5,Pauls-MacBook-Pro,d1a525a,2026-10-01T13:12:46Z
rayon-packed,cpu,Apple M1 Pro,i64,256,8,41.40820131970437,0.0,0.810333,0.767833,0.04819629191338273,,0.09883299999999999,64,5,Pauls-MacBook-Pro,d1a525a,2026-10-01T13:12:46Z
rayon-packed,cpu,Apple M1 Pro,i64,256,8,49.64282892722036,0.0,0.675917,0.632875,0.03625632581081542,,0.093875,128,5,Pauls-MacBook-Pro,d1a525a,2026-10-01T13:12:46Z
rayon-packed,cpu,Apple M1 Pro,i64,256,8,59.75856099732858,0.0,0.5615,0.553042,0.02109978334485927,,0.091375,256,5,Pauls-MacBook-Pro,d1a525a,2026-10-01T13:12:46Z
rayon-packed,cpu,Apple M1 Pro,i64,256,10,25.49163255569433,0.0,1.316292,1.1238750000000002,0.20282971276590617,,0.111125,16,5,Pauls-MacBook-Pro,d1a525a,2026-10-01T13:12:46Z
rayon-packed,cpu,Apple M1 Pro,i64,256,10,26.89645630885077,0.0,1.247541,1.086541,0.10251580798930471,,0.113792,32,5,Pauls-MacBook-Pro,d1a525a,2026-10-01T13:12:46Z
rayon-packed,cpu,Apple M1 Pro,i64,256,10,39.52811898100427,0.0,0.848875,0.811042,0.044050065189509095,,0.118416,64,5,Pauls-MacBook-Pro,d1a525a,2026-10-01T13:12:46Z
rayon-packed,cpu,Apple M1 Pro,i64,256,10,49.97249567359388,0.0,0.671458,0.64725,0.03784077056165742,,0.128709,128,5,Pauls-MacBook-Pro,d1a525a,2026-10-01T13:12:46Z
rayon-packed,cpu,Apple M1 Pro,i64,256,10,57.72805505376344,0.0,0.5812499999999999,0.539875,0.03201756462474935,,0.109208,256,5,Pauls-MacBook-Pro,d1a525a,2026-10-01T13:12:46Z
rayon-packed,cpu,Apple M1 Pro,i64,512,1,10.749224328063999,0.0,24.972542,24.759375,0.19359855796467068,,0.03375,16,5,Pauls-MacBook-Pro,d1a525a,2026-10-01T13:12:46Z
rayon-packed,cpu,Apple M1 Pro,i64,512,1,11.401215717039834,0.0,23.544459,23.489708,0.2173876129628823,,0.026625,32,5,Pauls-MacBook-Pro,d1a525a,2026-10-01T13:12:46Z
rayon-packed,cpu,Apple M1 Pro,i64,512,1,11.869774816248407,0.0,22.615042,22.485875,0.19196727524945434,,0.035584,64,5,Pauls-MacBook-Pro,d1a525a,2026-10-01T13:12:46Z
rayon-packed,cpu,Apple M1 Pro,i64,512,1,12.048923298893406,0.0,22.278792,22.242834,0.28455788042628427,,0.0255,128,5,Pauls-MacBook-Pro,d1a525a,2026-10-01T13:12:46Z
rayon-packed,cpu,Apple M1 Pro,i64,512,1,12.200664421144031,0.0,22.001707999999997,21.967750000000002,0.2652461573685843,,0.033125,256,5,Pauls-MacBook-Pro,d1a525a,2026-10-01T13:12:46Z
rayon-packed,cpu,Apple M1 Pro,i64,512,2,19.24182292908024,0.0,13.950624999999999,13.871625,0.14859568150690047,,0.0425,16,5,Pauls-MacBook-Pro,d1a525a,2026-10-01T13:12:46Z
rayon-packed,cpu,Apple M1 Pro,i64,512,2,20.181473643913055,0.0,13.301083,13.170334,0.08450275262794728,,0.047833,32,5,Pauls-MacBook-Pro,d1a525a,2026-10-01T13:12:46Z
rayon-packed,cpu,Apple M1 Pro,i64,512,2,21.26193308967715,0.0,12.625167,12.506124999999999,0.10941961281324326,,0.044708,64,5,Pauls-MacBook-Pro,d1a525a,2026-10-01T13:12:46Z
rayon-packed,cpu,Apple M1 Pro,i64,512,2,21.91279971938342,0.0,12.250167,11.977791999999999,0.12287208810913951,,0.036416,128,5,Pauls-MacBook-Pro,d1a525a,2026-10-01T13:12:46Z
rayon-packed,cpu,Apple M1 Pro,i64,512,2,23.071871419669524,0.0,11.634749999999999,11.505958,0.28572736121834774,,0.051667,256,5,Pauls-MacBook-Pro,d1a525a,2026-10-01T13:12:46Z
rayon-packed,cpu,Apple M1 Pro,i64,512,4,32.51004674821363,0.0,8.257,8.162041,0.12483139896796747,,0.06179199999999999,16,5,Pauls-MacBook-Pro,d1a525a,2026-10-01T13:12:46Z
rayon-packed,cpu,Apple M1 Pro,i64,512,4,37.559400237135854,0.0,7.146958,7.048208000000001,0.12185089203202366,,0.071875,32,5,Pauls-MacBook-Pro,d1a525a,2026-10-01T13:12:46Z
rayon-packed,cpu,Apple M1 Pro,i64,512,4,40.03959518216057,0.0,6.70425,6.602666,0.08288486250395762,,0.074166,64,5,Pauls-MacBook-Pro,d1a525a,2026-10-01T13:12:46Z
rayon-packed,cpu,Apple M1 Pro,i64,512,4,40.87668232384005,0.0,6.5669580000000005,6.440792,0.08144917416585629,,0.078375,128,5,Pauls-MacBook-Pro,d1a525a,2026-10-01T13:12:46Z
rayon-packed,cpu,Apple M1 Pro,i64,512,4,42.582610854434776,0.0,6.303875,6.1871670000000005,0.06114580426488794,,0.064,256,5,Pauls-MacBook-Pro,d1a525a,2026-10-01T13:12:46Z
rayon-packed,cpu,Apple M1 Pro,i64,512,8,39.90394231282372,0.0,6.727041,6.4250419999999995,0.15196050123732824,,0.100333,16,5,Pauls-MacBook-Pro,d1a525a,2026-10-01T13:12:46Z
rayon-packed,cpu,Apple M1 Pro,i64,512,8,52.71450851784574,0.0,5.092250000000001,4.849958,0.14836060574222548,,0.109084,32,5,Pauls-MacBook-Pro,d1a525a,2026-10-01T13:12:46Z
rayon-packed,cpu,Apple M1 Pro,i64,512,8,61.640815158698395,0.0,4.354833,4.144416,0.14417762135747722,,0.11225,64,5,Pauls-MacBook-Pro,d1a525a,2026-10-01T13:12:46Z
rayon-packed,cpu,Apple M1 Pro,i64,512,8,73.62464509051014,0.0,3.646,3.534125,0.14225854790310485,,0.109292,128,5,Pauls-MacBook-Pro,d1a525a,2026-10-01T13:12:46Z
rayon-packed,cpu,Apple M1 Pro,i64,512,8,76.72324573061807,0.0,3.4987500000000002,3.353834,0.1341087446403104,,0.122166,256,5,Pauls-MacBook-Pro,d1a525a,2026-10-01T13:12:46Z
rayon-packed,cpu,Apple M1 Pro,i64,512,10,37.856683148977964,0.0,7.090834,6.757875,0.23779019333710966,,0.14475,16,5,Pauls-MacBook-Pro,d1a525a,2026-10-01T13:12:46Z
rayon-packed,cpu,Apple M1 Pro,i64,512,10,52.87197454286753,0.0,5.077084,4.960958,0.1413277756380533,,0.153166,32,5,Pauls-MacBook-Pro,d1a525a,2026-10-01T13:12:46Z
rayon-packed,cpu,Apple M1 Pro,i64,512,10,59.77130830662461,0.0,4.491042,4.428416,0.11626658488706039,,0.16858399999999998,64,5,Pauls-MacBook-Pro,d1a525a,2026-10-01T13:12:46Z
rayon-packed,cpu,Apple M1 Pro,i64,512,10,72.32696523375445,0.0,3.711416,3.670792,0.02877811920018394,,0.137792,128,5,Pauls-MacBook-Pro,d1a525a,2026-10-01T13:12:46Z
rayon-packed,cpu,Apple M1 Pro,i64,512,10,78.06667304534103,0.0,3.438541,3.3761669999999997,0.040836289862082355,,0.11349999999999999,256,5,Pauls-MacBook-Pro,d1a525a,2026-10-01T13:12:46Z
rayon-packed,cpu,Apple M1 Pro,i64,1024,1,10.881110099558484,0.0,197.35887499999998,195.730625,1.0767171262241086,,0.038416,16,5,Pauls-MacBook-Pro,d1a525a,2026-10-01T13:12:46Z
rayon-packed,cpu,Apple M1 Pro,i64,1024,1,11.684797237189049,0.0,183.78441700000002,183.617541,0.44785284954715227,,0.05275,32,5,Pauls-MacBook-Pro,d1a525a,2026-10-01T13:12:46Z
rayon-packed,cpu,Apple M1 Pro,i64,1024,1,12.002577463450253,0.0,178.91854099999998,178.114458,1.2922337401531865,,0.056584,64,5,Pauls-MacBook-Pro,d1a525a,2026-10-01T13:12:46Z
rayon-packed,cpu,Apple M1 Pro,i64,1024,1,12.247411876890782,0.0,175.341833,174.70233399999998,0.7396494985935538,,0.063333,128,5,Pauls-MacBook-Pro,d1a525a,2026-10-01T13:12:46Z
rayon-packed,cpu,Apple M1 Pro,i64,1024,1,12.228897920708214,0.0,175.607292,174.352375,1.2636604881053675,,0.043792,256,5,Pauls-MacBook-Pro,d1a525a,2026-10-01T13:12:46Z
rayon-packed,cpu,Apple M1 Pro,i64,1024,2,20.187670602391517,0.0,106.376,106.077,0.15710500224117882,,0.06499999999999999,16,5,Pauls-MacBook-Pro,d1a525a,2026-10-01T13:12:46Z
rayon-packed,cpu,Apple M1 Pro,i64,1024,2,21.668134221809947,0.0,99.107917,98.838042,0.23370306762364462,,0.06758399999999999,32,5,Pauls-MacBook-Pro,d1a525a,2026-10-01T13:12:46Z
rayon-packed,cpu,Apple M1 Pro,i64,1024,2,22.86869291821631,0.0,93.904958,93.163458,0.4244002812583878,,0.055291,64,5,Pauls-MacBook-Pro,d1a525a,2026-10-01T13:12:46Z
rayon-packed,cpu,Apple M1 Pro,i64,1024,2,23.474587529773466,0.0,91.48120899999999,91.072292,0.7780311495211472,,0.076917,128,5,Pauls-MacBook-Pro,d1a525a,2026-10-01T13:12:46Z
rayon-packed,cpu,Apple M1 Pro,i64,1024,2,23.684730553560428,0.0,90.66954100000001,90.458417,0.52379163861816,,0.06679199999999999,256,5,Pauls-MacBook-Pro,d1a525a,2026-10-01T13:12:46Z
rayon-packed,cpu,Apple M1 Pro,i64,1024,4,38.1643415801224,0.0,56.269375000000004,56.141416,0.1720820736924692,,0.104,16,5,Pauls-MacBook-Pro,d1a525a,2026-10-01T13:12:46Z
rayon-packed,cpu,Apple M1 Pro,i64,1024,4,41.19326149455162,0.0,52.131916000000004,51.954417,0.16452836883103097,,0.084375,32,5,Pauls-MacBook-Pro,d1a525a,2026-10-01T13:12:46Z
rayon-packed,cpu,Apple M1 Pro,i64,1024,4,43.13533520709166,0.0,49.784791,49.50275,0.15177497135331605,,0.116791,64,5,Pauls-MacBook-Pro,d1a525a,2026-10-01T13:12:46Z
rayon-packed,cpu,Apple M1 Pro,i64,1024,4,44.01017199121733,0.0,48.795166,48.39475,0.19537435467711659,,0.052792,128,5,Pauls-MacBook-Pro,d1a525a,2026-10-01T13:12:46Z
rayon-packed,cpu,Apple M1 Pro,i64,1024,4,44.09915446440446,0.0,48.696708,47.699208999999996,0.48423965527897644,,0.083917,256,5,Pauls-MacBook-Pro,d1a525a,2026-10-01T13:12:46Z
rayon-packed,cpu,Apple M1 Pro,i64,1024,8,61.63078650407801,0.0,34.844333,34.320375,0.26505922483909095,,0.14441700000000002,16,5,Pauls-MacBook-Pro,d1a525a,2026-10-01T13:12:46Z
rayon-packed,cpu,Apple M1 Pro,i64,1024,8,72.93306371497943,0.0,29.444583,29.007291000000002,0.2787492924059167,,0.136333,32,5,Pauls-MacBook-Pro,d1a525a,2026-10-01T13:12:46Z
rayon-packed,cpu,Apple M1 Pro,i64,1024,8,78.22222558951688,0.0,27.453625,26.590708,2.9575901039989154,,0.135166,64,5,Pauls-MacBook-Pro,d1a525a,2026-10-01T13:12:46Z
rayon-packed,cpu,Apple M1 Pro,i64,1024,8,84.99513705377262,0.0,25.265959000000002,25.202291000000002,0.6167730573081142,,0.129875,128,5,Pauls-MacBook-Pro,d1a525a,2026-10-01T13:12:46Z
rayon-packed,cpu,Apple M1 Pro,i64,1024,8,86.12916955086274,0.0,24.933291,24.651125,0.28135352911825995,,0.14325000000000002,256,5,Pauls-MacBook-Pro,d1a525a,2026-10-01T13:12:46Z
rayon-packed,cpu,Apple M1 Pro,i64,1024,10,65.04429900324116,0.0,33.015708999999994,32.763667000000005,1.0623199933081362,,0.15,16,5,Pauls-MacBook-Pro,d1a525a,2026-10-01T13:12:46Z
rayon-packed,cpu,Apple M1 Pro,i64,1024,10,74.00426963949566,0.0,29.018375,28.909333,0.3582892663369924,,0.174125,32,5,Pauls-MacBook-Pro,d1a525a,2026-10-01T13:12:46Z
rayon-packed,cpu,Apple M1 Pro,i64,1024,10,84.95282868766719,0.0,25.278542,25.149250000000002,0.19946641663523182,,0.15120899999999998,64,5,Pauls-MacBook-Pro,d1a525a,2026-10-01T13:12:46Z
rayon-packed,cpu,Apple M1 Pro,i64,1024,10,87.50758838170731,0.0,24.540542,24.446165999999998,5.3107806639971775,,0.147083,128,5,Pauls-MacBook-Pro,d1a525a,2026-10-01T13:12:46Z
rayon-packed,cpu,Apple M1 Pro,i64,1024,10,89.23077697849199,0.0,24.066625000000002,23.476332999999997,0.3397780370945132,,0.16804100000000002,256,5,Pauls-MacBook-Pro,d1a525a,2026-10-01T13:12:46Z
rayon-packed,cpu,Apple M1 Pro,i64,2048,1,10.788367424455108,0.0,1592.443834,1587.457541,7.161742931351816,,0.037959,16,5,Pauls-MacBook-Pro,d1a525a,2026-10-01T13:12:46Z
rayon-packed,cpu,Apple M1 Pro,i64,2048,1,11.504815815289016,0.0,1493.276334,1490.4955420000001,1.7065173001645748,,0.052333000000000005,32,5,Pauls-MacBook-Pro,d1a525a,2026-10-01T13:12:46Z
rayon-packed,cpu,Apple M1 Pro,i64,2048,1,12.010081543342181,0.0,1430.4540000000002,1427.982709,2.9612913876261864,,0.053084,64,5,Pauls-MacBook-Pro,d1a525a,2026-10-01T13:12:46Z
rayon-packed,cpu,Apple M1 Pro,i64,2048,1,12.136327520656465,0.0,1415.573958,1411.988875,2.817529646018249,,0.048915999999999994,128,5,Pauls-MacBook-Pro,d1a525a,2026-10-01T13:12:46Z
rayon-packed,cpu,Apple M1 Pro,i64,2048,1,12.210677136195178,0.0,1406.954667,1404.921667,2.8722018083927865,,0.049,256,5,Pauls-MacBook-Pro,d1a525a,2026-10-01T13:12:46Z
rayon-packed,cpu,Apple M1 Pro,i64,2048,2,20.161141726967635,0.0,852.127792,850.5906669999999,1.78443461534782,,0.066333,16,5,Pauls-MacBook-Pro,d1a525a,2026-10-01T13:12:46Z
rayon-packed,cpu,Apple M1 Pro,i64,2048,2,21.97559268992537,0.0,781.770459,778.54525,2.751364734085543,,0.055875,32,5,Pauls-MacBook-Pro,d1a525a,2026-10-01T13:12:46Z
rayon-packed,cpu,Apple M1 Pro,i64,2048,2,23.052936021409337,0.0,745.2356249999999,740.881,4.613552700710123,,0.06145799999999999,64,5,Pauls-MacBook-Pro,d1a525a,2026-10-01T13:12:46Z
rayon-packed,cpu,Apple M1 Pro,i64,2048,2,23.19548479033613,0.0,740.6557499999999,740.217,0.7820608937326059,,0.063334,128,5,Pauls-MacBook-Pro,d1a525a,2026-10-01T13:12:46Z
rayon-packed,cpu,Apple M1 Pro,i64,2048,2,23.512451219418313,0.0,730.671125,728.982292,1.5778793592808353,,0.061708,256,5,Pauls-MacBook-Pro,d1a525a,2026-10-01T13:12:46Z
rayon-packed,cpu,Apple M1 Pro,i64,2048,4,38.78847380570937,0.0,442.91170800000003,435.51800000000003,3.7666309174063195,,0.077333,16,5,Pauls-MacBook-Pro,d1a525a,2026-10-01T13:12:46Z
rayon-packed,cpu,Apple M1 Pro,i64,2048,4,42.13017088424155,0.0,407.780667,406.74320800000004,0.7738696523642083,,0.079333,32,5,Pauls-MacBook-Pro,d1a525a,2026-10-01T13:12:46Z
rayon-packed,cpu,Apple M1 Pro,i64,2048,4,44.18644231161533,0.0,388.80408300000005,387.91312500000004,1.712303364827663,,0.090917,64,5,Pauls-MacBook-Pro,d1a525a,2026-10-01T13:12:46Z
rayon-packed,cpu,Apple M1 Pro,i64,2048,4,44.61422501065387,0.0,385.07604200000003,383.80095800000004,2.1704092934507266,,0.082458,128,5,Pauls-MacBook-Pro,d1a525a,2026-10-01T13:12:46Z
rayon-packed,cpu,Apple M1 Pro,i64,2048,4,44.46909384797964,0.0,386.332792,380.92900000000003,2.4673333924980954,,0.090709,256,5,Pauls-MacBook-Pro,d1a525a,2026-10-01T13:12:46Z
rayon-packed,cpu,Apple M1 Pro,i64,2048,8,73.31851490279726,0.0,234.318292,231.90754099999998,1.4701886531563695,,0.13525,16,5,Pauls-MacBook-Pro,d1a525a,2026-10-01T13:12:46Z
rayon-packed,cpu,Apple M1 Pro,i64,2048,8,81.76560092881861,0.0,210.111208,208.386125,1.188446650252886,,0.143125,32,5,Pauls-MacBook-Pro,d1a525a,2026-10-01T13:12:46Z
rayon-packed,cpu,Apple M1 Pro,i64,2048,8,86.92242283678901,0.0,197.646,197.432792,1.2766820658041726,,0.14737499999999998,64,5,Pauls-MacBook-Pro,d1a525a,2026-10-01T13:12:46Z
rayon-packed,cpu,Apple M1 Pro,i64,2048,8,88.14080312182121,0.0,194.913917,193.47958300000002,2.951262424012639,,0.131,128,5,Pauls-MacBook-Pro,d1a525a,2026-10-01T13:12:46Z
rayon-packed,cpu,Apple M1 Pro,i64,2048,8,88.2515058027836,0.0,194.669417,192.18975,1.5565927387067149,,0.146583,256,5,Pauls-MacBook-Pro,d1a525a,2026-10-01T13:12:46Z
rayon-packed,cpu,Apple M1 Pro,i64,2048,10,74.34863493265621,0.0,231.07174999999998,228.782375,7.649534631729424,,0.207125,16,5,Pauls-MacBook-Pro,d1a525a,2026-10-01T13:12:46Z
rayon-packed,cpu,Apple M1 Pro,i64,2048,10,76.65023357618821,0.0,224.133292,200.115209,15.37229497869156,,0.13433299999999998,32,5,Pauls-MacBook-Pro,d1a525a,2026-10-01T13:12:46Z
rayon-packed,cpu,Apple M1 Pro,i64,2048,10,86.27774587759104,0.0,199.12283299999999,188.958,7.147550687067187,,0.189166,64,5,Pauls-MacBook-Pro,d1a525a,2026-10-01T13:12:46Z
rayon-packed,cpu,Apple M1 Pro,i64,2048,10,90.38969918300033,0.0,190.064458,186.784708,4.2816636886625385,,0.14945799999999998,128,5,Pauls-MacBook-Pro,d1a525a,2026-10-01T13:12:46Z
rayon-packed,cpu,Apple M1 Pro,i64,2048,10,89.72638203587692,0.0,191.469541,187.726958,6.602974022769764,,0.17175,256,5,Pauls-MacBook-Pro,d1a525a,2026-10-01T13:12:46Z
rayon-packed,cpu,Apple M1 Pro,i64,4096,1,10.84570390848994,0.0,12672.20225,12648.80325,10.547817901504441,,0.04,16,5,Pauls-MacBook-Pro,d1a525a,2026-10-01T13:12:46Z
rayon-packed,cpu,Apple M1 Pro,i64,4096,1,11.613091701409433,0.0,11834.828915999999,11826.003916,10.52358529472099,,0.051625000000000004,32,5,Pauls-MacBook-Pro,d1a525a,2026-10-01T13:12:46Z
rayon-packed,cpu,Apple M1 Pro,i64,4096,1,11.979853268081396,0.0,11472.507249999999,11463.063417000001,4.954753307402755,,0.055791999999999994,64,5,Pauls-MacBook-Pro,d1a525a,2026-10-01T13:12:46Z
rayon-packed,cpu,Apple M1 Pro,i64,4096,1,12.09414719105007,0.0,11364.088042000001,11328.256334000002,37.20135144279687,,0.043833,128,5,Pauls-MacBook-Pro,d1a525a,2026-10-01T13:12:46Z
rayon-packed,cpu,Apple M1 Pro,i64,4096,1,12.204534330874612,0.0,11261.302541,11215.612041,21.089987450400095,,0.050917000000000004,256,5,Pauls-MacBook-Pro,d1a525a,2026-10-01T13:12:46Z
rayon-packed,cpu,Apple M1 Pro,i64,4096,2,20.61417636670217,0.0,6667.205666,6655.8215,7.863324692414344,,0.063833,16,5,Pauls-MacBook-Pro,d1a525a,2026-10-01T13:12:46Z
rayon-packed,cpu,Apple M1 Pro,i64,4096,2,22.128893975481887,0.0,6210.8369999999995,6185.494042,12.108983997086371,,0.036125,32,5,Pauls-MacBook-Pro,d1a525a,2026-10-01T13:12:46Z
rayon-packed,cpu,Apple M1 Pro,i64,4096,2,22.867976695508087,0.0,6010.105542,5994.087208,14.225015113631036,,0.039541,64,5,Pauls-MacBook-Pro,d1a525a,2026-10-01T13:12:46Z
rayon-packed,cpu,Apple M1 Pro,i64,4096,2,23.227862137164628,0.0,5916.986792000001,5901.696417,10.544304096262955,,0.07391700000000001,128,5,Pauls-MacBook-Pro,d1a525a,2026-10-01T13:12:46Z
rayon-packed,cpu,Apple M1 Pro,i64,4096,2,23.312070630293302,0.0,5895.613292,5858.042708,23.4504634984404,,0.06804199999999999,256,5,Pauls-MacBook-Pro,d1a525a,2026-10-01T13:12:46Z
rayon-packed,cpu,Apple M1 Pro,i64,4096,4,39.485948107167836,0.0,3480.705417,3468.21475,6.0018577940806574,,0.075875,16,5,Pauls-MacBook-Pro,d1a525a,2026-10-01T13:12:46Z
rayon-packed,cpu,Apple M1 Pro,i64,4096,4,42.82170964796603,0.0,3209.5625,3206.006125,2.719672916402906,,0.07470900000000001,32,5,Pauls-MacBook-Pro,d1a525a,2026-10-01T13:12:46Z
rayon-packed,cpu,Apple M1 Pro,i64,4096,4,44.3653815177773,0.0,3097.887334,3079.4025,8.334765930347645,,0.076125,64,5,Pauls-MacBook-Pro,d1a525a,2026-10-01T13:12:46Z
rayon-packed,cpu,Apple M1 Pro,i64,4096,4,44.6946474328165,0.0,3075.065167,3067.195209,5.167026449990076,,0.094875,128,5,Pauls-MacBook-Pro,d1a525a,2026-10-01T13:12:46Z
rayon-packed,cpu,Apple M1 Pro,i64,4096,4,45.094327467400575,0.0,3047.81025,3032.3066249999997,8.183011396134983,,0.085917,256,5,Pauls-MacBook-Pro,d1a525a,2026-10-01T13:12:46Z
rayon-packed,cpu,Apple M1 Pro,i64,4096,8,78.97959968012765,0.0,1740.182959,1737.63425,2.650884981882939,,0.194375,16,5,Pauls-MacBook-Pro,d1a525a,2026-10-01T13:12:46Z
rayon-packed,cpu,Apple M1 Pro,i64,4096,8,84.90401000213919,0.0,1618.756917,1606.897958,9.259134823605395,,0.16916699999999998,32,5,Pauls-MacBook-Pro,d1a525a,2026-10-01T13:12:46Z
rayon-packed,cpu,Apple M1 Pro,i64,4096,8,88.7147094992739,0.0,1549.223959,1547.773334,3.3369073578038635,,0.15895800000000002,64,5,Pauls-MacBook-Pro,d1a525a,2026-10-01T13:12:46Z
rayon-packed,cpu,Apple M1 Pro,i64,4096,8,89.72144440417878,0.0,1531.840625,1531.0634589999997,2.27820343269531,,0.1885,128,5,Pauls-MacBook-Pro,d1a525a,2026-10-01T13:12:46Z
rayon-packed,cpu,Apple M1 Pro,i64,4096,8,89.70611852204522,0.0,1532.102333,1526.770167,13.400466130685613,,0.169375,256,5,Pauls-MacBook-Pro,d1a525a,2026-10-01T13:12:46Z
rayon-packed,cpu,Apple M1 Pro,i64,4096,10,81.24912626714686,0.0,1691.574541,1686.763167,5.717033869267882,,0.18475,16,5,Pauls-MacBook-Pro,d1a525a,2026-10-01T13:12:46Z
rayon-packed,cpu,Apple M1 Pro,i64,4096,10,89.06558095311516,0.0,1543.1208330000002,1533.619584,13.880476039970949,,0.176083,32,5,Pauls-MacBook-Pro,d1a525a,2026-10-01T13:12:46Z
rayon-packed,cpu,Apple M1 Pro,i64,4096,10,92.36239492207362,0.0,1488.040166,1458.599375,44.99072757967941,,0.178459,64,5,Pauls-MacBook-Pro,d1a525a,2026-10-01T13:12:46Z
rayon-packed,cpu,Apple M1 Pro,i64,4096,10,91.68087054264329,0.0,1499.1017499999998,1475.091584,16.249048542888172,,0.189834,128,5,Pauls-MacBook-Pro,d1a525a,2026-10-01T13:12:46Z
rayon-packed,cpu,Apple M1 Pro,i64,4096,10,92.65423543242701,0.0,1483.353166,1427.5877500000001,35.26926968255218,,0.163709,256,5,Pauls-MacBook-Pro,d1a525a,2026-10-01T13:12:46Z
