kernel,backend,device,precision,n,threads,gops,mean_rel_error_f64,median_ms,min_ms,stddev_ms,gpu_ms,setup_ms,block_size,repetitions,host,commit,timestamp
static-tiled,cpu,Apple M1 Pro,f16,64,1,3.6157793103448275,0.0007464432646251799,0.145,0.14325000000000002,0.0035066910328684473,,0.056625,16,5,Pauls-MacBook-Pro,936381b-dirty,2026-09-29T09:40:48Z
static-tiled,cpu,Apple M1 Pro,f16,64,1,9.265658136575711,0.0007464432646251799,0.056584,0.053208000000000005,0.008290420688963858,,0.0205,32,5,Pauls-MacBook-Pro,936381b-dirty,2026-09-29T09:40:48Z
static-tiled,cpu,Apple M1 Pro,f16,64,1,11.565261509275803,0.0007464432646251799,0.045333,0.038917,0.011515423600545485,,0.027667,64,5,Pauls-MacBook-Pro,936381b-dirty,2026-09-29T09:40:48Z
static-tiled,cpu,Apple M1 Pro,f16,64,1,13.857954695636083,0.0007464432646251799,0.037833,0.037709,0.004832509730978305,,0.022166,128,5,Pauls-MacBook-Pro,936381b-dirty,2026-09-29T09:40:48Z
static-tiled,cpu,Apple M1 Pro,f16,64,1,14.202188752844295,0.0007464432646251799,0.036916,0.036041000000000004,0.0018438618440653307,,0.021707999999999998,256,5,Pauls-MacBook-Pro,936381b-dirty,2026-09-29T09:40:48Z
static-tiled,cpu,Apple M1 Pro,f16,64,2,6.2445717552614965,0.0007464432646251799,0.083959,0.081875,0.0043866899480131906,,0.040958,16,5,Pauls-MacBook-Pro,936381b-dirty,2026-09-29T09:40:48Z
static-tiled,cpu,Apple M1 Pro,f16,64,2,14.21797966101695,0.0007464432646251799,0.036875000000000005,0.035457999999999996,0.005578383260407984,,0.037750000000000006,32,5,Pauls-MacBook-Pro,936381b-dirty,2026-09-29T09:40:48Z
static-tiled,cpu,Apple M1 Pro,f16,64,2,12.608229324483565,0.0007464432646251799,0.041582999999999995,0.034999999999999996,0.00552953485385525,,0.025292000000000002,64,5,Pauls-MacBook-Pro,936381b-dirty,2026-09-29T09:40:48Z
static-tiled,cpu,Apple M1 Pro,f16,64,2,13.647291563630684,0.0007464432646251799,0.038417,0.030667000000000003,0.006387441678794412,,0.030666000000000002,128,5,Pauls-MacBook-Pro,936381b-dirty,2026-09-29T09:40:48Z
static-tiled,cpu,Apple M1 Pro,f16,64,2,18.558867256637168,0.0007464432646251799,0.028249999999999997,0.024042,0.009363590107432086,,0.029292,256,5,Pauls-MacBook-Pro,936381b-dirty,2026-09-29T09:40:48Z
static-tiled,cpu,Apple M1 Pro,f16,64,4,7.771950369854282,0.0007464432646251799,0.067459,0.058499999999999996,0.0172276316364148,,0.042042,16,5,Pauls-MacBook-Pro,936381b-dirty,2026-09-29T09:40:48Z
static-tiled,cpu,Apple M1 Pro,f16,64,4,12.6206730537769,0.0007464432646251799,0.041542,0.038959,0.0019182214939886392,,0.054125,32,5,Pauls-MacBook-Pro,936381b-dirty,2026-09-29T09:40:48Z
static-tiled,cpu,Apple M1 Pro,f16,64,4,17.143118726089657,0.0007464432646251799,0.030583000000000003,0.019458,0.010298960709702702,,0.06741699999999999,64,5,Pauls-MacBook-Pro,936381b-dirty,2026-09-29T09:40:48Z
static-tiled,cpu,Apple M1 Pro,f16,64,4,13.721943048576216,0.0007464432646251799,0.038208,0.036209,0.0010711229154490168,,0.06133400000000001,128,5,Pauls-MacBook-Pro,936381b-dirty,2026-09-29T09:40:48Z
static-tiled,cpu,Apple M1 Pro,f16,64,4,13.706875816993463,0.0007464432646251799,0.03825,0.033417,0.004794408493234592,,0.06983299999999999,256,5,Pauls-MacBook-Pro,936381b-dirty,2026-09-29T09:40:48Z
static-tiled,cpu,Apple M1 Pro,f16,64,8,8.45625806451613,0.0007464432646251799,0.062,0.059458,0.0028308489362733552,,0.09825,16,5,Pauls-MacBook-Pro,936381b-dirty,2026-09-29T09:40:48Z
static-tiled,cpu,Apple M1 Pro,f16,64,8,9.830461440384003,0.0007464432646251799,0.053333,0.051334,0.014852450562112643,,0.12108300000000001,32,5,Pauls-MacBook-Pro,936381b-dirty,2026-09-29T09:40:48Z
static-tiled,cpu,Apple M1 Pro,f16,64,8,9.286336745899607,0.0007464432646251799,0.056458,0.040707999999999994,0.01578283359222925,,0.115167,64,5,Pauls-MacBook-Pro,936381b-dirty,2026-09-29T09:40:48Z
static-tiled,cpu,Apple M1 Pro,f16,64,8,10.13939815889224,0.0007464432646251799,0.051708,0.035833000000000004,0.012483008844024741,,0.11837500000000001,128,5,Pauls-MacBook-Pro,936381b-dirty,2026-09-29T09:40:48Z
static-tiled,cpu,Apple M1 Pro,f16,64,8,9.231722777856035,0.0007464432646251799,0.056792,0.039083,0.01386707332136093,,0.10787500000000001,256,5,Pauls-MacBook-Pro,936381b-dirty,2026-09-29T09:40:48Z
static-tiled,cpu,Apple M1 Pro,f16,64,10,7.354093025865455,0.0007464432646251799,0.071292,0.05625,0.013660523829634062,,0.15712500000000001,16,5,Pauls-MacBook-Pro,936381b-dirty,2026-09-29T09:40:48Z
static-tiled,cpu,Apple M1 Pro,f16,64,10,8.714024532127778,0.0007464432646251799,0.060166,0.056625,0.008468691445554028,,0.14516600000000002,32,5,Pauls-MacBook-Pro,936381b-dirty,2026-09-29T09:40:48Z
static-tiled,cpu,Apple M1 Pro,f16,64,10,13.751816393442622,0.0007464432646251799,0.038125,0.036000000000000004,0.018852406310601307,,0.155667,64,5,Pauls-MacBook-Pro,936381b-dirty,2026-09-29T09:40:48Z
static-tiled,cpu,Apple M1 Pro,f16,64,10,10.94158649331135,0.0007464432646251799,0.047917,0.03825,0.010536202147832966,,0.143625,128,5,Pauls-MacBook-Pro,936381b-dirty,2026-09-29T09:40:48Z
static-tiled,cpu,Apple M1 Pro,f16,64,10,9.597949656750572,0.0007464432646251799,0.054625,0.036917,0.03649648879686922,,0.15325000000000003,256,5,Pauls-MacBook-Pro,936381b-dirty,2026-09-29T09:40:48Z
static-tiled,cpu,Apple M1 Pro,f16,128,1,4.271907471120373,0.0011165557453931836,0.981834,0.9520000000000001,0.013162239448513288,,0.021333,16,5,Pauls-MacBook-Pro,936381b-dirty,2026-09-29T09:40:48Z
static-tiled,cpu,Apple M1 Pro,f16,128,1,14.012120240266725,0.0011165557453931836,0.299334,0.298875,0.0021061959073172608,,0.018416000000000002,32,5,Pauls-MacBook-Pro,936381b-dirty,2026-09-29T09:40:48Z
static-tiled,cpu,Apple M1 Pro,f16,128,1,20.004693178674653,0.0011165557453931836,0.20966600000000002,0.20637499999999998,0.009585945665399958,,0.013125000000000001,64,5,Pauls-MacBook-Pro,936381b-dirty,2026-09-29T09:40:48Z
static-tiled,cpu,Apple M1 Pro,f16,128,1,31.695072279779044,0.0011165557453931836,0.132333,0.131791,0.0008425088723568322,,0.011667,128,5,Pauls-MacBook-Pro,936381b-dirty,2026-09-29T09:40:48Z
static-tiled,cpu,Apple M1 Pro,f16,128,1,31.825179070049778,0.0011165557453931836,0.131792,0.131417,0.0008479190409467178,,0.010958,256,5,Pauls-MacBook-Pro,936381b-dirty,2026-09-29T09:40:48Z
static-tiled,cpu,Apple M1 Pro,f16,128,2,9.21825054945055,0.0011165557453931836,0.455,0.44783300000000004,0.015087235870098916,,0.019333,16,5,Pauls-MacBook-Pro,936381b-dirty,2026-09-29T09:40:48Z
static-tiled,cpu,Apple M1 Pro,f16,128,2,27.243170215253514,0.0011165557453931836,0.15395799999999998,0.153708,0.0017383141833397157,,0.026834,32,5,Pauls-MacBook-Pro,936381b-dirty,2026-09-29T09:40:48Z
static-tiled,cpu,Apple M1 Pro,f16,128,2,39.09278504254784,0.0011165557453931836,0.107291,0.107125,0.0005933158518023943,,0.026959,64,5,Pauls-MacBook-Pro,936381b-dirty,2026-09-29T09:40:48Z
static-tiled,cpu,Apple M1 Pro,f16,128,2,64.56947566119646,0.0011165557453931836,0.064958,0.06425,0.0011062367739322367,,0.023417,128,5,Pauls-MacBook-Pro,936381b-dirty,2026-09-29T09:40:48Z
static-tiled,cpu,Apple M1 Pro,f16,128,2,63.83247093200219,0.0011165557453931836,0.065708,0.065042,0.0007711266432953788,,0.022542,256,5,Pauls-MacBook-Pro,936381b-dirty,2026-09-29T09:40:48Z
static-tiled,cpu,Apple M1 Pro,f16,128,4,17.848102127659576,0.0011165557453931836,0.235,0.227833,0.012854793102185664,,0.042083999999999996,16,5,Pauls-MacBook-Pro,936381b-dirty,2026-09-29T09:40:48Z
static-tiled,cpu,Apple M1 Pro,f16,128,4,40.50823820285488,0.0011165557453931836,0.10354200000000001,0.090417,0.00679186257958743,,0.036292,32,5,Pauls-MacBook-Pro,936381b-dirty,2026-09-29T09:40:48Z
static-tiled,cpu,Apple M1 Pro,f16,128,4,57.35800341880341,0.0011165557453931836,0.073125,0.065583,0.008486563733337536,,0.044208000000000004,64,5,Pauls-MacBook-Pro,936381b-dirty,2026-09-29T09:40:48Z
static-tiled,cpu,Apple M1 Pro,f16,128,4,73.26295196506551,0.0011165557453931836,0.05725,0.048167,0.004590134061223049,,0.037291,128,5,Pauls-MacBook-Pro,936381b-dirty,2026-09-29T09:40:48Z
static-tiled,cpu,Apple M1 Pro,f16,128,4,71.9545727470793,0.0011165557453931836,0.058291,0.055125,0.007930013316508364,,0.039125,256,5,Pauls-MacBook-Pro,936381b-dirty,2026-09-29T09:40:48Z
static-tiled,cpu,Apple M1 Pro,f16,128,8,26.651653693407468,0.0011165557453931836,0.157375,0.133833,0.019515742189319875,,0.082083,16,5,Pauls-MacBook-Pro,936381b-dirty,2026-09-29T09:40:48Z
static-tiled,cpu,Apple M1 Pro,f16,128,8,47.7526242685065,0.0011165557453931836,0.087834,0.079333,0.0228265464711594,,0.08600000000000001,32,5,Pauls-MacBook-Pro,936381b-dirty,2026-09-29T09:40:48Z
static-tiled,cpu,Apple M1 Pro,f16,128,8,60.97081055936737,0.0011165557453931836,0.068792,0.043791000000000004,0.019145533643646503,,0.0965,64,5,Pauls-MacBook-Pro,936381b-dirty,2026-09-29T09:40:48Z
static-tiled,cpu,Apple M1 Pro,f16,128,8,56.39400336134454,0.0011165557453931836,0.07437500000000001,0.057416,0.01228064964486814,,0.079792,128,5,Pauls-MacBook-Pro,936381b-dirty,2026-09-29T09:40:48Z
static-tiled,cpu,Apple M1 Pro,f16,128,8,60.56756678700361,0.0011165557453931836,0.06925,0.058209,0.019912628362423683,,0.08366599999999999,256,5,Pauls-MacBook-Pro,936381b-dirty,2026-09-29T09:40:48Z
static-tiled,cpu,Apple M1 Pro,f16,128,10,17.09922867439623,0.0011165557453931836,0.24529199999999998,0.212541,0.026733157058230147,,0.09624999999999999,16,5,Pauls-MacBook-Pro,936381b-dirty,2026-09-29T09:40:48Z
static-tiled,cpu,Apple M1 Pro,f16,128,10,56.425108294992874,0.0011165557453931836,0.074334,0.073916,0.01753080008727497,,0.096042,32,5,Pauls-MacBook-Pro,936381b-dirty,2026-09-29T09:40:48Z
static-tiled,cpu,Apple M1 Pro,f16,128,10,63.42992816635161,0.0011165557453931836,0.06612499999999999,0.047166,0.008821052953020972,,0.104,64,5,Pauls-MacBook-Pro,936381b-dirty,2026-09-29T09:40:48Z
static-tiled,cpu,Apple M1 Pro,f16,128,10,75.57304504504505,0.0011165557453931836,0.0555,0.052875,0.0018096520383764389,,0.10425,128,5,Pauls-MacBook-Pro,936381b-dirty,2026-09-29T09:40:48Z
static-tiled,cpu,Apple M1 Pro,f16,128,10,76.95970642201834,0.0011165557453931836,0.05450000000000001,0.048083,0.01618091923532158,,0.111625,256,5,Pauls-MacBook-Pro,936381b-dirty,2026-09-29T09:40:48Z
static-tiled,cpu,Apple M1 Pro,f16,256,1,6.318060959823005,0.0017059664673413303,5.310874999999999,5.303999999999999,0.01781956435213869,,0.011667,16,5,Pauls-MacBook-Pro,936381b-dirty,2026-09-29T09:40:48Z
static-tiled,cpu,Apple M1 Pro,f16,256,1,18.45635689384514,0.0017059664673413303,1.818042,1.802041,0.020002229225763814,,0.010667,32,5,Pauls-MacBook-Pro,936381b-dirty,2026-09-29T09:40:48Z
static-tiled,cpu,Apple M1 Pro,f16,256,1,27.01734276252276,0.0017059664673413303,1.241959,1.23275,0.006063081600968323,,0.012625,64,5,Pauls-MacBook-Pro,936381b-dirty,2026-09-29T09:40:48Z
static-tiled,cpu,Apple M1 Pro,f16,256,1,42.246688070506764,0.0017059664673413303,0.79425,0.789834,0.002538228063039272,,0.014709,128,5,Pauls-MacBook-Pro,936381b-dirty,2026-09-29T09:40:48Z
static-tiled,cpu,Apple M1 Pro,f16,256,1,58.8932549363756,0.0017059664673413303,0.5697500000000001,0.5681660000000001,0.006383177006788968,,0.018583000000000002,256,5,Pauls-MacBook-Pro,936381b-dirty,2026-09-29T09:40:48Z
static-tiled,cpu,Apple M1 Pro,f16,256,2,12.093321439834211,0.0017059664673413303,2.7746250000000003,2.76425,0.017467399955345388,,0.021333,16,5,Pauls-MacBook-Pro,936381b-dirty,2026-09-29T09:40:48Z
static-tiled,cpu,Apple M1 Pro,f16,256,2,34.717467149508536,0.0017059664673413303,0.9665,0.9525,0.008756670485978113,,0.020959000000000002,32,5,Pauls-MacBook-Pro,936381b-dirty,2026-09-29T09:40:48Z
static-tiled,cpu,Apple M1 Pro,f16,256,2,50.34106177855259,0.0017059664673413303,0.666542,0.662959,0.0036020615624944804,,0.024666999999999998,64,5,Pauls-MacBook-Pro,936381b-dirty,2026-09-29T09:40:48Z
static-tiled,cpu,Apple M1 Pro,f16,256,2,76.61546400462143,0.0017059664673413303,0.43795900000000004,0.435917,0.0046072993499446015,,0.016834,128,5,Pauls-MacBook-Pro,936381b-dirty,2026-09-29T09:40:48Z
static-tiled,cpu,Apple M1 Pro,f16,256,2,107.11710135674382,0.0017059664673413303,0.31325,0.31083299999999997,0.015202681006980332,,0.024375,256,5,Pauls-MacBook-Pro,936381b-dirty,2026-09-29T09:40:48Z
static-tiled,cpu,Apple M1 Pro,f16,256,4,23.233778490509337,0.0017059664673413303,1.4442089999999999,1.4200409999999999,0.020574910869794842,,0.038209,16,5,Pauls-MacBook-Pro,936381b-dirty,2026-09-29T09:40:48Z
static-tiled,cpu,Apple M1 Pro,f16,256,4,64.97558557442062,0.0017059664673413303,0.516416,0.49324999999999997,0.018017094627047953,,0.033624999999999995,32,5,Pauls-MacBook-Pro,936381b-dirty,2026-09-29T09:40:48Z
static-tiled,cpu,Apple M1 Pro,f16,256,4,90.8411018612521,0.0017059664673413303,0.369375,0.34204199999999996,0.01679723555529302,,0.050124999999999996,64,5,Pauls-MacBook-Pro,936381b-dirty,2026-09-29T09:40:48Z
static-tiled,cpu,Apple M1 Pro,f16,256,4,138.20237899107056,0.0017059664673413303,0.242792,0.239792,0.003667440088126865,,0.037583000000000005,128,5,Pauls-MacBook-Pro,936381b-dirty,2026-09-29T09:40:48Z
static-tiled,cpu,Apple M1 Pro,f16,256,4,170.68750254344198,0.0017059664673413303,0.196584,0.180709,0.009050414592713416,,0.048124999999999994,256,5,Pauls-MacBook-Pro,936381b-dirty,2026-09-29T09:40:48Z
static-tiled,cpu,Apple M1 Pro,f16,256,8,42.961165931109896,0.0017059664673413303,0.781041,0.768417,0.01136229052612191,,0.08366699999999999,16,5,Pauls-MacBook-Pro,936381b-dirty,2026-09-29T09:40:48Z
static-tiled,cpu,Apple M1 Pro,f16,256,8,109.83447463175122,0.0017059664673413303,0.3055,0.30025,0.040164443525337185,,0.084125,32,5,Pauls-MacBook-Pro,936381b-dirty,2026-09-29T09:40:48Z
static-tiled,cpu,Apple M1 Pro,f16,256,8,138.46414644311753,0.0017059664673413303,0.24233300000000002,0.23291699999999999,0.005781408677822404,,0.104,64,5,Pauls-MacBook-Pro,936381b-dirty,2026-09-29T09:40:48Z
static-tiled,cpu,Apple M1 Pro,f16,256,8,196.22474853801168,0.0017059664673413303,0.171,0.16866599999999998,0.00929686895142661,,0.08545799999999999,128,5,Pauls-MacBook-Pro,936381b-dirty,2026-09-29T09:40:48Z
static-tiled,cpu,Apple M1 Pro,f16,256,8,214.4053162939297,0.0017059664673413303,0.1565,0.154333,0.005280921387409588,,0.088125,256,5,Pauls-MacBook-Pro,936381b-dirty,2026-09-29T09:40:48Z
static-tiled,cpu,Apple M1 Pro,f16,256,10,32.051994746268655,0.0017059664673413303,1.046875,0.969,0.11728427109932513,,0.103458,16,5,Pauls-MacBook-Pro,936381b-dirty,2026-09-29T09:40:48Z
static-tiled,cpu,Apple M1 Pro,f16,256,10,97.30604290760192,0.0017059664673413303,0.34483400000000003,0.33387500000000003,0.034408860759984464,,0.092125,32,5,Pauls-MacBook-Pro,936381b-dirty,2026-09-29T09:40:48Z
static-tiled,cpu,Apple M1 Pro,f16,256,10,111.21455442164469,0.0017059664673413303,0.301709,0.262167,0.030703531536290726,,0.119959,64,5,Pauls-MacBook-Pro,936381b-dirty,2026-09-29T09:40:48Z
static-tiled,cpu,Apple M1 Pro,f16,256,10,150.38400896358544,0.0017059664673413303,0.223125,0.205208,0.010452658623527322,,0.111125,128,5,Pauls-MacBook-Pro,936381b-dirty,2026-09-29T09:40:48Z
static-tiled,cpu,Apple M1 Pro,f16,256,10,155.3445925925926,0.0017059664673413303,0.216,0.180291,0.03040610874150126,,0.108625,256,5,Pauls-MacBook-Pro,936381b-dirty,2026-09-29T09:40:48Z
static-tiled,cpu,Apple M1 Pro,f16,512,1,6.318916133588348,0.0018356578962918102,42.481249999999996,42.358624999999996,0.11605263604718519,,0.016625,16,5,Pauls-MacBook-Pro,936381b-dirty,2026-09-29T09:40:48Z
static-tiled,cpu,Apple M1 Pro,f16,512,1,18.64275320150814,0.0018356578962918102,14.398917,14.382249999999999,0.027635855863352526,,0.02,32,5,Pauls-MacBook-Pro,936381b-dirty,2026-09-29T09:40:48Z
static-tiled,cpu,Apple M1 Pro,f16,512,1,27.295629462980617,0.0018356578962918102,9.834375,9.831375,0.019429236135267813,,0.033209,64,5,Pauls-MacBook-Pro,936381b-dirty,2026-09-29T09:40:48Z
static-tiled,cpu,Apple M1 Pro,f16,512,1,41.34759585629819,0.0018356578962918102,6.492166,6.468166,0.02839827264113092,,0.021625000000000002,128,5,Pauls-MacBook-Pro,936381b-dirty,2026-09-29T09:40:48Z
static-tiled,cpu,Apple M1 Pro,f16,512,1,50.92001605551749,0.0018356578962918102,5.271708,5.265333,0.06505199230461736,,0.022375,256,5,Pauls-MacBook-Pro,936381b-dirty,2026-09-29T09:40:48Z
static-tiled,cpu,Apple M1 Pro,f16,512,2,12.271078210111074,0.0018356578962918102,21.875458000000002,21.821,0.05561266709752341,,0.027042,16,5,Pauls-MacBook-Pro,936381b-dirty,2026-09-29T09:40:48Z
static-tiled,cpu,Apple M1 Pro,f16,512,2,36.17789464108223,0.0018356578962918102,7.419875,7.403207999999999,0.018507533757905384,,0.027666,32,5,Pauls-MacBook-Pro,936381b-dirty,2026-09-29T09:40:48Z
static-tiled,cpu,Apple M1 Pro,f16,512,2,52.625807588682086,0.0018356578962918102,5.100833,5.090624999999999,0.09784671952753461,,0.029834,64,5,Pauls-MacBook-Pro,936381b-dirty,2026-09-29T09:40:48Z
static-tiled,cpu,Apple M1 Pro,f16,512,2,79.15239570970478,0.0018356578962918102,3.391375,3.355709,0.01821365403207165,,0.031791,128,5,Pauls-MacBook-Pro,936381b-dirty,2026-09-29T09:40:48Z
static-tiled,cpu,Apple M1 Pro,f16,512,2,97.14483162942187,0.0018356578962918102,2.76325,2.73075,0.037578515287328695,,0.038333,256,5,Pauls-MacBook-Pro,936381b-dirty,2026-09-29T09:40:48Z
static-tiled,cpu,Apple M1 Pro,f16,512,4,23.212441885763518,0.0018356578962918102,11.564292,11.340541,0.10459142561080259,,0.047625,16,5,Pauls-MacBook-Pro,936381b-dirty,2026-09-29T09:40:48Z
static-tiled,cpu,Apple M1 Pro,f16,512,4,68.62724172312413,0.0018356578962918102,3.9115,3.859833,0.04435145184433102,,0.042707999999999996,32,5,Pauls-MacBook-Pro,936381b-dirty,2026-09-29T09:40:48Z
static-tiled,cpu,Apple M1 Pro,f16,512,4,99.21230365747151,0.0018356578962918102,2.705667,2.6731670000000003,0.024387028144076818,,0.047208,64,5,Pauls-MacBook-Pro,936381b-dirty,2026-09-29T09:40:48Z
static-tiled,cpu,Apple M1 Pro,f16,512,4,148.76921704191201,0.0018356578962918102,1.804375,1.7855,0.011233243267195808,,0.038375,128,5,Pauls-MacBook-Pro,936381b-dirty,2026-09-29T09:40:48Z
static-tiled,cpu,Apple M1 Pro,f16,512,4,184.154169642312,0.0018356578962918102,1.457667,1.4537499999999999,0.010008309612517053,,0.045375,256,5,Pauls-MacBook-Pro,936381b-dirty,2026-09-29T09:40:48Z
static-tiled,cpu,Apple M1 Pro,f16,512,8,45.0436022873221,0.0018356578962918102,5.959458,5.687916,0.16274543741315742,,0.116834,16,5,Pauls-MacBook-Pro,936381b-dirty,2026-09-29T09:40:48Z
static-tiled,cpu,Apple M1 Pro,f16,512,8,128.45848453366017,0.0018356578962918102,2.089667,1.98125,0.09079019491828409,,0.0765,32,5,Pauls-MacBook-Pro,936381b-dirty,2026-09-29T09:40:48Z
static-tiled,cpu,Apple M1 Pro,f16,512,8,189.89720164999156,0.0018356578962918102,1.413583,1.389792,0.012842564922942827,,0.076959,64,5,Pauls-MacBook-Pro,936381b-dirty,2026-09-29T09:40:48Z
static-tiled,cpu,Apple M1 Pro,f16,512,8,286.8154505153769,0.0018356578962918102,0.935917,0.919375,0.01124803088544837,,0.073791,128,5,Pauls-MacBook-Pro,936381b-dirty,2026-09-29T09:40:48Z
static-tiled,cpu,Apple M1 Pro,f16,512,8,351.39348384706716,0.0018356578962918102,0.7639170000000001,0.753958,0.0056576773237787,,0.08445799999999999,256,5,Pauls-MacBook-Pro,936381b-dirty,2026-09-29T09:40:48Z
static-tiled,cpu,Apple M1 Pro,f16,512,10,37.21916600425578,0.0018356578962918102,7.2122910000000005,7.185582999999999,0.13593281546227157,,0.105833,16,5,Pauls-MacBook-Pro,936381b-dirty,2026-09-29T09:40:48Z
static-tiled,cpu,Apple M1 Pro,f16,512,10,122.6176114832396,0.0018356578962918102,2.1892080000000003,2.130541,0.11135263599574088,,0.103458,32,5,Pauls-MacBook-Pro,936381b-dirty,2026-09-29T09:40:48Z
static-tiled,cpu,Apple M1 Pro,f16,512,10,161.1539693631777,0.0018356578962918102,1.665708,1.6532499999999999,0.012024975459434446,,0.12029200000000001,64,5,Pauls-MacBook-Pro,936381b-dirty,2026-09-29T09:40:48Z
static-tiled,cpu,Apple M1 Pro,f16,512,10,221.04823962943902,0.0018356578962918102,1.214375,1.174625,0.034625623341681504,,0.11,128,5,Pauls-MacBook-Pro,936381b-dirty,2026-09-29T09:40:48Z
static-tiled,cpu,Apple M1 Pro,f16,512,10,249.7559581351165,0.0018356578962918102,1.074791,1.0561660000000002,0.014022861751440045,,0.119541,256,5,Pauls-MacBook-Pro,936381b-dirty,2026-09-29T09:40:48Z
static-tiled,cpu,Apple M1 Pro,f16,1024,1,6.253720676899493,0.003689507053755073,343.392959,341.488083,3.0036743931546703,,0.045000000000000005,16,5,Pauls-MacBook-Pro,936381b-dirty,2026-09-29T09:40:48Z
static-tiled,cpu,Apple M1 Pro,f16,1024,1,18.67062525770115,0.003689507053755073,115.019375,114.976417,0.10263683370018567,,0.073625,32,5,Pauls-MacBook-Pro,936381b-dirty,2026-09-29T09:40:48Z
static-tiled,cpu,Apple M1 Pro,f16,1024,1,26.165053067639768,0.003689507053755073,82.0745,81.94200000000001,0.44817761665069467,,0.093583,64,5,Pauls-MacBook-Pro,936381b-dirty,2026-09-29T09:40:48Z
static-tiled,cpu,Apple M1 Pro,f16,1024,1,41.183649696169745,0.003689507053755073,52.144083,52.121916999999996,0.2753833128317694,,0.041999999999999996,128,5,Pauls-MacBook-Pro,936381b-dirty,2026-09-29T09:40:48Z
static-tiled,cpu,Apple M1 Pro,f16,1024,1,49.54954901491401,0.003689507053755073,43.340125,43.070875,0.49849768525891935,,0.060208,256,5,Pauls-MacBook-Pro,936381b-dirty,2026-09-29T09:40:48Z
static-tiled,cpu,Apple M1 Pro,f16,1024,2,12.24410368510245,0.003689507053755073,175.389208,175.30308399999998,0.14644535618277463,,0.049583,16,5,Pauls-MacBook-Pro,936381b-dirty,2026-09-29T09:40:48Z
static-tiled,cpu,Apple M1 Pro,f16,1024,2,36.16994759924208,0.003689507053755073,59.372042,59.304207999999996,0.07235470617520441,,0.118792,32,5,Pauls-MacBook-Pro,936381b-dirty,2026-09-29T09:40:48Z
static-tiled,cpu,Apple M1 Pro,f16,1024,2,50.81704005939545,0.003689507053755073,42.259125000000004,42.216125,0.0494245644067809,,0.0885,64,5,Pauls-MacBook-Pro,936381b-dirty,2026-09-29T09:40:48Z
static-tiled,cpu,Apple M1 Pro,f16,1024,2,77.96580450050004,0.003689507053755073,27.543917,27.132375,0.32268625751912566,,0.104,128,5,Pauls-MacBook-Pro,936381b-dirty,2026-09-29T09:40:48Z
static-tiled,cpu,Apple M1 Pro,f16,1024,2,96.17141472698977,0.003689507053755073,22.32975,22.268708,0.082069581488516,,0.0505,256,5,Pauls-MacBook-Pro,936381b-dirty,2026-09-29T09:40:48Z
static-tiled,cpu,Apple M1 Pro,f16,1024,4,23.73576729278763,0.003689507053755073,90.474583,90.43487499999999,0.09271497188319132,,0.05725,16,5,Pauls-MacBook-Pro,936381b-dirty,2026-09-29T09:40:48Z
static-tiled,cpu,Apple M1 Pro,f16,1024,4,70.18866589041822,0.003689507053755073,30.595875000000003,30.563334,0.06594862104926666,,0.146584,32,5,Pauls-MacBook-Pro,936381b-dirty,2026-09-29T09:40:48Z
static-tiled,cpu,Apple M1 Pro,f16,1024,4,98.06980924763101,0.003689507053755073,21.8975,21.851375,0.11080071194807373,,0.12233400000000001,64,5,Pauls-MacBook-Pro,936381b-dirty,2026-09-29T09:40:48Z
static-tiled,cpu,Apple M1 Pro,f16,1024,4,153.1979156649575,0.003689507053755073,14.017708,13.976541000000001,0.06994692199089216,,0.06112499999999999,128,5,Pauls-MacBook-Pro,936381b-dirty,2026-09-29T09:40:48Z
static-tiled,cpu,Apple M1 Pro,f16,1024,4,183.6803569661402,0.003689507053755073,11.691417000000001,11.526167000000001,0.1474629224544255,,0.065625,256,5,Pauls-MacBook-Pro,936381b-dirty,2026-09-29T09:40:48Z
static-tiled,cpu,Apple M1 Pro,f16,1024,8,43.33051263504166,0.003689507053755073,49.560541,48.48975,0.8177853092882617,,0.13470800000000002,16,5,Pauls-MacBook-Pro,936381b-dirty,2026-09-29T09:40:48Z
static-tiled,cpu,Apple M1 Pro,f16,1024,8,127.93904728859796,0.003689507053755073,16.785209,16.527542,0.2375231415574062,,0.097792,32,5,Pauls-MacBook-Pro,936381b-dirty,2026-09-29T09:40:48Z
static-tiled,cpu,Apple M1 Pro,f16,1024,8,171.1182162963473,0.003689507053755073,12.549707999999999,12.324084000000001,0.127836777915434,,0.11699999999999999,64,5,Pauls-MacBook-Pro,936381b-dirty,2026-09-29T09:40:48Z
static-tiled,cpu,Apple M1 Pro,f16,1024,8,266.03558226681884,0.003689507053755073,8.072167,7.983125,0.0945393523671486,,0.14579099999999998,128,5,Pauls-MacBook-Pro,936381b-dirty,2026-09-29T09:40:48Z
static-tiled,cpu,Apple M1 Pro,f16,1024,8,296.6376502417253,0.003689507053755073,7.2394169999999995,7.195167,0.1089220751601806,,0.112834,256,5,Pauls-MacBook-Pro,936381b-dirty,2026-09-29T09:40:48Z
static-tiled,cpu,Apple M1 Pro,f16,1024,10,39.79662017286486,0.003689507053755073,53.961458,49.1815,3.321329542233019,,0.1315,16,5,Pauls-MacBook-Pro,936381b-dirty,2026-09-29T09:40:48Z
static-tiled,cpu,Apple M1 Pro,f16,1024,10,113.07529755879236,0.003689507053755073,18.991625000000003,18.011,0.5589774967022385,,0.171792,32,5,Pauls-MacBook-Pro,936381b-dirty,2026-09-29T09:40:48Z
static-tiled,cpu,Apple M1 Pro,f16,1024,10,147.94119728362048,0.003689507053755073,14.515792,12.851625,0.7999791030908243,,0.123542,64,5,Pauls-MacBook-Pro,936381b-dirty,2026-09-29T09:40:48Z
static-tiled,cpu,Apple M1 Pro,f16,1024,10,210.822677879737,0.003689507053755073,10.186208,8.85375,1.1787437225236876,,0.160209,128,5,Pauls-MacBook-Pro,936381b-dirty,2026-09-29T09:40:48Z
static-tiled,cpu,Apple M1 Pro,f16,1024,10,230.26947126831675,0.003689507053755073,9.325959,8.387834,0.45293816750578697,,0.134583,256,5,Pauls-MacBook-Pro,936381b-dirty,2026-09-29T09:40:48Z
static-tiled,cpu,Apple M1 Pro,f16,2048,1,6.167266456264378,0.01681188043957227,2785.653791,2784.807625,2.5565331168599865,,0.048374999999999994,16,5,Pauls-MacBook-Pro,936381b-dirty,2026-09-29T09:40:48Z
static-tiled,cpu,Apple M1 Pro,f16,2048,1,17.48029278508659,0.01681188043957227,982.813583,979.375,2.0889858776373407,,0.048541,32,5,Pauls-MacBook-Pro,936381b-dirty,2026-09-29T09:40:48Z
static-tiled,cpu,Apple M1 Pro,f16,2048,1,24.469958062132182,0.01681188043957227,702.0800419999999,699.082542,2.366609425334204,,0.049499999999999995,64,5,Pauls-MacBook-Pro,936381b-dirty,2026-09-29T09:40:48Z
static-tiled,cpu,Apple M1 Pro,f16,2048,1,36.852272478150404,0.01681188043957227,466.182084,465.94425,2.1153933294645686,,0.051958,128,5,Pauls-MacBook-Pro,936381b-dirty,2026-09-29T09:40:48Z
static-tiled,cpu,Apple M1 Pro,f16,2048,1,44.403173776937955,0.01681188043957227,386.906334,386.16575,1.8276868304890868,,0.039542,256,5,Pauls-MacBook-Pro,936381b-dirty,2026-09-29T09:40:48Z
static-tiled,cpu,Apple M1 Pro,f16,2048,2,11.96582448695329,0.01681188043957227,1435.7447080000002,1433.989125,1.9891313657389942,,0.052833,16,5,Pauls-MacBook-Pro,936381b-dirty,2026-09-29T09:40:48Z
static-tiled,cpu,Apple M1 Pro,f16,2048,2,33.996993237905,0.01681188043957227,505.334959,505.081958,0.3337544098130993,,0.058708,32,5,Pauls-MacBook-Pro,936381b-dirty,2026-09-29T09:40:48Z
static-tiled,cpu,Apple M1 Pro,f16,2048,2,45.997896032718195,0.01681188043957227,373.4925,369.692541,6.630063123163364,,0.051708,64,5,Pauls-MacBook-Pro,936381b-dirty,2026-09-29T09:40:48Z
static-tiled,cpu,Apple M1 Pro,f16,2048,2,64.21672818885395,0.01681188043957227,267.5295,253.04070899999996,8.754329845950226,,0.049957999999999995,128,5,Pauls-MacBook-Pro,936381b-dirty,2026-09-29T09:40:48Z
static-tiled,cpu,Apple M1 Pro,f16,2048,2,69.878990281902,0.01681188043957227,245.851709,208.203292,18.99282580300241,,0.046709,256,5,Pauls-MacBook-Pro,936381b-dirty,2026-09-29T09:40:48Z
static-tiled,cpu,Apple M1 Pro,f16,2048,4,23.3604626253133,0.01681188043957227,735.425041,734.421083,2.8317528787970576,,0.09079100000000001,16,5,Pauls-MacBook-Pro,936381b-dirty,2026-09-29T09:40:48Z
static-tiled,cpu,Apple M1 Pro,f16,2048,4,66.16439517202357,0.01681188043957227,259.654292,259.31674999999996,1.005351700232209,,0.14075000000000001,32,5,Pauls-MacBook-Pro,936381b-dirty,2026-09-29T09:40:48Z
static-tiled,cpu,Apple M1 Pro,f16,2048,4,91.58198911219391,0.01681188043957227,187.590042,186.67008399999997,0.6218566619497656,,0.077166,64,5,Pauls-MacBook-Pro,936381b-dirty,2026-09-29T09:40:48Z
static-tiled,cpu,Apple M1 Pro,f16,2048,4,137.29049631587577,0.01681188043957227,125.135167,123.726917,0.9362444224689351,,0.177417,128,5,Pauls-MacBook-Pro,936381b-dirty,2026-09-29T09:40:48Z
static-tiled,cpu,Apple M1 Pro,f16,2048,4,160.01182107040154,0.01681188043957227,107.36625,106.230458,0.9720866401180455,,0.17124999999999999,256,5,Pauls-MacBook-Pro,936381b-dirty,2026-09-29T09:40:48Z
static-tiled,cpu,Apple M1 Pro,f16,2048,8,46.290652549774705,0.01681188043957227,371.13041699999997,370.08908299999996,1.8498239460377912,,0.16229100000000002,16,5,Pauls-MacBook-Pro,936381b-dirty,2026-09-29T09:40:48Z
static-tiled,cpu,Apple M1 Pro,f16,2048,8,130.48431386978385,0.01681188043957227,131.662333,130.578292,2.6227562911441735,,0.174625,32,5,Pauls-MacBook-Pro,936381b-dirty,2026-09-29T09:40:48Z
static-tiled,cpu,Apple M1 Pro,f16,2048,8,181.40339767349744,0.01681188043957227,94.705333,94.089083,1.7371941387619,,0.21000000000000002,64,5,Pauls-MacBook-Pro,936381b-dirty,2026-09-29T09:40:48Z
static-tiled,cpu,Apple M1 Pro,f16,2048,8,248.1647862551832,0.01681188043957227,69.22766700000001,67.064625,3.3977152717026167,,0.157959,128,5,Pauls-MacBook-Pro,936381b-dirty,2026-09-29T09:40:48Z
static-tiled,cpu,Apple M1 Pro,f16,2048,8,326.4704686589574,0.01681188043957227,52.623042000000005,52.142917,0.5972725055711171,,0.148083,256,5,Pauls-MacBook-Pro,936381b-dirty,2026-09-29T09:40:48Z
static-tiled,cpu,Apple M1 Pro,f16,2048,10,48.24841998631594,0.01681188043957227,356.071125,351.24920799999995,2.6177043561437348,,0.176417,16,5,Pauls-MacBook-Pro,936381b-dirty,2026-09-29T09:40:48Z
static-tiled,cpu,Apple M1 Pro,f16,2048,10,133.96327626919572,0.01681188043957227,128.24312500000002,119.51112499999999,5.994532566623052,,0.24433400000000002,32,5,Pauls-MacBook-Pro,936381b-dirty,2026-09-29T09:40:48Z
static-tiled,cpu,Apple M1 Pro,f16,2048,10,182.82988662672844,0.01681188043957227,93.966416,88.43158399999999,3.4560496140851815,,0.162916,64,5,Pauls-MacBook-Pro,936381b-dirty,2026-09-29T09:40:48Z
static-tiled,cpu,Apple M1 Pro,f16,2048,10,267.2280570068671,0.01681188043957227,64.28916699999999,61.457125000000005,1.6395578695863366,,0.183083,128,5,Pauls-MacBook-Pro,936381b-dirty,2026-09-29T09:40:48Z
static-tiled,cpu,Apple M1 Pro,f16,2048,10,296.8914174967463,0.01681188043957227,57.865832999999995,55.725542000000004,4.629063465087867,,0.125083,256,5,Pauls-MacBook-Pro,936381b-dirty,2026-09-29T09:40:48Z
static-tiled,cpu,Apple M1 Pro,f16,4096,1,5.564672860724281,0.06571254066853494,24698.478583,24589.6705,656.8376097912538,,0.040958999999999995,16,5,Pauls-MacBook-Pro,936381b-dirty,2026-09-29T09:40:48Z
static-tiled,cpu,Apple M1 Pro,f16,4096,1,15.865756043571855,0.06571254066853494,8662.616082999999,8566.587875,87.25940647151546,,0.052166000000000004,32,5,Pauls-MacBook-Pro,936381b-dirty,2026-09-29T09:40:48Z
static-tiled,cpu,Apple M1 Pro,f16,4096,1,22.40324367220487,0.06571254066853494,6134.779208,6122.712417,7.2664628801026545,,0.055459,64,5,Pauls-MacBook-Pro,936381b-dirty,2026-09-29T09:40:48Z
static-tiled,cpu,Apple M1 Pro,f16,4096,1,29.635341390229854,0.06571254066853494,4637.670667,4632.3212920000005,4.319439948106893,,0.04975,128,5,Pauls-MacBook-Pro,936381b-dirty,2026-09-29T09:40:48Z
static-tiled,cpu,Apple M1 Pro,f16,4096,1,36.92403117401481,0.06571254066853494,3722.208792,3716.968209,5.299307283824867,,0.045958000000000006,256,5,Pauls-MacBook-Pro,936381b-dirty,2026-09-29T09:40:48Z
static-tiled,cpu,Apple M1 Pro,f16,4096,2,10.86560324870451,0.06571254066853494,12648.994292,12641.774958999998,10.394149047086184,,0.062959,16,5,Pauls-MacBook-Pro,936381b-dirty,2026-09-29T09:40:48Z
static-tiled,cpu,Apple M1 Pro,f16,4096,2,29.136788708178813,0.06571254066853494,4717.0247500000005,4664.067625000001,39.58701609942965,,0.06241699999999999,32,5,Pauls-MacBook-Pro,936381b-dirty,2026-09-29T09:40:48Z
static-tiled,cpu,Apple M1 Pro,f16,4096,2,34.81841660296816,0.06571254066853494,3947.30625,3906.7452080000003,45.753489165034225,,0.062,64,5,Pauls-MacBook-Pro,936381b-dirty,2026-09-29T09:40:48Z
static-tiled,cpu,Apple M1 Pro,f16,4096,2,47.50714400581537,0.06571254066853494,2893.016542,2474.0208749999997,211.56072320454527,,0.054625,128,5,Pauls-MacBook-Pro,936381b-dirty,2026-09-29T09:40:48Z
static-tiled,cpu,Apple M1 Pro,f16,4096,2,56.19129888560743,0.06571254066853494,2445.911666,2153.211958,145.6304966421279,,0.058125,256,5,Pauls-MacBook-Pro,936381b-dirty,2026-09-29T09:40:48Z
static-tiled,cpu,Apple M1 Pro,f16,4096,4,20.97077455769803,0.06571254066853494,6553.832959,6548.184333,4.7124218268269,,0.115792,16,5,Pauls-MacBook-Pro,936381b-dirty,2026-09-29T09:40:48Z
static-tiled,cpu,Apple M1 Pro,f16,4096,4,58.86144737847415,0.06571254066853494,2334.957083,2334.638875,3.7158683989605317,,0.10404100000000001,32,5,Pauls-MacBook-Pro,936381b-dirty,2026-09-29T09:40:48Z
static-tiled,cpu,Apple M1 Pro,f16,4096,4,69.17114268172962,0.06571254066853494,1986.940625,1901.6585,65.3530903590025,,0.084917,64,5,Pauls-MacBook-Pro,936381b-dirty,2026-09-29T09:40:48Z
static-tiled,cpu,Apple M1 Pro,f16,4096,4,86.64481625787872,0.06571254066853494,1586.2340000000002,1464.6601660000001,91.19555663395752,,0.072542,128,5,Pauls-MacBook-Pro,936381b-dirty,2026-09-29T09:40:48Z
static-tiled,cpu,Apple M1 Pro,f16,4096,4,115.94328158936659,0.06571254066853494,1185.398167,1176.614209,42.699285261637726,,0.07325000000000001,256,5,Pauls-MacBook-Pro,936381b-dirty,2026-09-29T09:40:48Z
static-tiled,cpu,Apple M1 Pro,f16,4096,8,41.704481925255365,0.06571254066853494,3295.543959,3290.687042,5.4485156355284685,,0.185167,16,5,Pauls-MacBook-Pro,936381b-dirty,2026-09-29T09:40:48Z
static-tiled,cpu,Apple M1 Pro,f16,4096,8,118.45599525103678,0.06571254066853494,1160.25325,1156.511458,2.4493430995201213,,0.169375,32,5,Pauls-MacBook-Pro,936381b-dirty,2026-09-29T09:40:48Z
static-tiled,cpu,Apple M1 Pro,f16,4096,8,161.14444232393595,0.06571254066853494,852.892917,848.711416,2.8523422609045332,,0.217125,64,5,Pauls-MacBook-Pro,936381b-dirty,2026-09-29T09:40:48Z
static-tiled,cpu,Apple M1 Pro,f16,4096,8,213.32229956106073,0.06571254066853494,644.278417,631.143166,6.150161938580385,,0.150334,128,5,Pauls-MacBook-Pro,936381b-dirty,2026-09-29T09:40:48Z
static-tiled,cpu,Apple M1 Pro,f16,4096,8,272.3782913641512,0.06571254066853494,504.5885,499.579625,2.3857830205357073,,0.230875,256,5,Pauls-MacBook-Pro,936381b-dirty,2026-09-29T09:40:48Z
static-tiled,cpu,Apple M1 Pro,f16,4096,10,45.24484994714039,0.06571254066853494,3037.670666,3020.992083,33.55935928136792,,0.19574999999999998,16,5,Pauls-MacBook-Pro,936381b-dirty,2026-09-29T09:40:48Z
static-tiled,cpu,Apple M1 Pro,f16,4096,10,134.56326912907707,0.06571254066853494,1021.3705,1015.9290000000001,3.435306541662037,,0.194083,32,5,Pauls-MacBook-Pro,936381b-dirty,2026-09-29T09:40:48Z
static-tiled,cpu,Apple M1 Pro,f16,4096,10,181.18119800000537,0.06571254066853494,758.571833,755.646666,12.919851455354387,,0.155708,64,5,Pauls-MacBook-Pro,936381b-dirty,2026-09-29T09:40:48Z
static-tiled,cpu,Apple M1 Pro,f16,4096,10,241.0118463362491,0.06571254066853494,570.258083,556.383125,8.370415052126972,,0.18454199999999998,128,5,Pauls-MacBook-Pro,936381b-dirty,2026-09-29T09:40:48Z
static-tiled,cpu,Apple M1 Pro,f16,4096,10,294.07932664085655,0.06571254066853494,467.35333299999996,459.177708,11.079040171404364,,0.205,256,5,Pauls-MacBook-Pro,936381b-dirty,2026-09-29T09:40:48Z
static-tiled,cpu,Apple M1 Pro,f32,64,1,7.463174377224197,9.631142459149073e-8,0.07025,0.0665,0.0023348831234132434,,0.030708,16,5,Pauls-MacBook-Pro,936381b-dirty,2026-09-29T09:40:48Z
static-tiled,cpu,Apple M1 Pro,f32,64,1,11.397565217391303,9.631142459149073e-8,0.046,0.044917,0.01000203451803682,,0.01675,32,5,Pauls-MacBook-Pro,936381b-dirty,2026-09-29T09:40:48Z
static-tiled,cpu,Apple M1 Pro,f32,64,1,16.8896333999098,9.631142459149073e-8,0.031042,0.030000000000000002,0.0014286478922393723,,0.015041,64,5,Pauls-MacBook-Pro,936381b-dirty,2026-09-29T09:40:48Z
static-tiled,cpu,Apple M1 Pro,f32,64,1,16.935460947089606,9.631142459149073e-8,0.030957999999999996,0.029875000000000002,0.002220831646028126,,0.01275,128,5,Pauls-MacBook-Pro,936381b-dirty,2026-09-29T09:40:48Z
static-tiled,cpu,Apple M1 Pro,f32,64,1,17.672430646846664,9.631142459149073e-8,0.029667,0.029417,0.0014341980337456896,,0.014792,256,5,Pauls-MacBook-Pro,936381b-dirty,2026-09-29T09:40:48Z
static-tiled,cpu,Apple M1 Pro,f32,64,2,14.106277073748219,9.631142459149073e-8,0.037167,0.036875000000000005,0.0020861797621489864,,0.018792,16,5,Pauls-MacBook-Pro,936381b-dirty,2026-09-29T09:40:48Z
static-tiled,cpu,Apple M1 Pro,f32,64,2,10.356306172839506,9.631142459149073e-8,0.050624999999999996,0.049332999999999995,0.004174064110671996,,0.020208999999999998,32,5,Pauls-MacBook-Pro,936381b-dirty,2026-09-29T09:40:48Z
static-tiled,cpu,Apple M1 Pro,f32,64,2,28.33989189189189,9.631142459149073e-8,0.0185,0.018125,0.002270961316271152,,0.026459,64,5,Pauls-MacBook-Pro,936381b-dirty,2026-09-29T09:40:48Z
static-tiled,cpu,Apple M1 Pro,f32,64,2,24.916262712669898,9.631142459149073e-8,0.021041999999999998,0.019333,0.03179550232658701,,0.053959,128,5,Pauls-MacBook-Pro,936381b-dirty,2026-09-29T09:40:48Z
static-tiled,cpu,Apple M1 Pro,f32,64,2,21.95970680628272,9.631142459149073e-8,0.023875,0.018792,0.0037875888372419734,,0.025167000000000002,256,5,Pauls-MacBook-Pro,936381b-dirty,2026-09-29T09:40:48Z
static-tiled,cpu,Apple M1 Pro,f32,64,4,9.71659438822788,9.631142459149073e-8,0.053958,0.039208,0.029483663015303918,,0.037042000000000005,16,5,Pauls-MacBook-Pro,936381b-dirty,2026-09-29T09:40:48Z
static-tiled,cpu,Apple M1 Pro,f32,64,4,10.31372703308809,9.631142459149073e-8,0.050834000000000004,0.034167,0.013827809851889056,,0.050834000000000004,32,5,Pauls-MacBook-Pro,936381b-dirty,2026-09-29T09:40:48Z
static-tiled,cpu,Apple M1 Pro,f32,64,4,16.777216,9.631142459149073e-8,0.03125,0.02025,0.008206291214671825,,0.050832999999999996,64,5,Pauls-MacBook-Pro,936381b-dirty,2026-09-29T09:40:48Z
static-tiled,cpu,Apple M1 Pro,f32,64,4,15.709003745318354,9.631142459149073e-8,0.033374999999999995,0.030167,0.004219263715389217,,0.052959,128,5,Pauls-MacBook-Pro,936381b-dirty,2026-09-29T09:40:48Z
static-tiled,cpu,Apple M1 Pro,f32,64,4,11.234662609552789,9.631142459149073e-8,0.046667,0.037125,0.013640992713142255,,0.052542,256,5,Pauls-MacBook-Pro,936381b-dirty,2026-09-29T09:40:48Z
static-tiled,cpu,Apple M1 Pro,f32,64,8,7.603004727515299,9.631142459149073e-8,0.068958,0.037084,0.021209999123055146,,0.11220799999999999,16,5,Pauls-MacBook-Pro,936381b-dirty,2026-09-29T09:40:48Z
static-tiled,cpu,Apple M1 Pro,f32,64,8,8.659905520134783,9.631142459149073e-8,0.060542,0.049792,0.01402173437203829,,0.10337500000000001,32,5,Pauls-MacBook-Pro,936381b-dirty,2026-09-29T09:40:48Z
static-tiled,cpu,Apple M1 Pro,f32,64,8,8.911309786857938,9.631142459149073e-8,0.058834,0.028917,0.025001935819052086,,0.14125,64,5,Pauls-MacBook-Pro,936381b-dirty,2026-09-29T09:40:48Z
static-tiled,cpu,Apple M1 Pro,f32,64,8,12.93197178234917,9.631142459149073e-8,0.040542,0.031542,0.005427889691215178,,0.094334,128,5,Pauls-MacBook-Pro,936381b-dirty,2026-09-29T09:40:48Z
static-tiled,cpu,Apple M1 Pro,f32,64,8,8.213303255318483,9.631142459149073e-8,0.063834,0.029082999999999998,0.02096180442376085,,0.097666,256,5,Pauls-MacBook-Pro,936381b-dirty,2026-09-29T09:40:48Z
static-tiled,cpu,Apple M1 Pro,f32,64,10,10.13939815889224,9.631142459149073e-8,0.051708,0.039083,0.012306127201520384,,0.11529199999999999,16,5,Pauls-MacBook-Pro,936381b-dirty,2026-09-29T09:40:48Z
static-tiled,cpu,Apple M1 Pro,f32,64,10,8.565677689190956,9.631142459149073e-8,0.061208,0.045208,0.029341106216364782,,0.133042,32,5,Pauls-MacBook-Pro,936381b-dirty,2026-09-29T09:40:48Z
static-tiled,cpu,Apple M1 Pro,f32,64,10,13.428820244864504,9.631142459149073e-8,0.039042,0.0365,0.013143813765418316,,0.127333,64,5,Pauls-MacBook-Pro,936381b-dirty,2026-09-29T09:40:48Z
static-tiled,cpu,Apple M1 Pro,f32,64,10,8.490493927125506,9.631142459149073e-8,0.06175,0.035834000000000005,0.014874263383441885,,0.145583,128,5,Pauls-MacBook-Pro,936381b-dirty,2026-09-29T09:40:48Z
static-tiled,cpu,Apple M1 Pro,f32,64,10,11.938156067126625,9.631142459149073e-8,0.043917,0.024666999999999998,0.04018180498061281,,0.14024999999999999,256,5,Pauls-MacBook-Pro,936381b-dirty,2026-09-29T09:40:48Z
static-tiled,cpu,Apple M1 Pro,f32,128,1,9.006295790495331,1.477530979147487e-7,0.465708,0.4605,0.016444154654466168,,0.013542,16,5,Pauls-MacBook-Pro,936381b-dirty,2026-09-29T09:40:48Z
static-tiled,cpu,Apple M1 Pro,f32,128,1,12.750272071206657,1.477530979147487e-7,0.32895800000000003,0.31283299999999997,0.013746396302304112,,0.013667,32,5,Pauls-MacBook-Pro,936381b-dirty,2026-09-29T09:40:48Z
static-tiled,cpu,Apple M1 Pro,f32,128,1,20.100466293184834,1.477530979147487e-7,0.208667,0.203833,0.0023218578337185075,,0.012875,64,5,Pauls-MacBook-Pro,936381b-dirty,2026-09-29T09:40:48Z
static-tiled,cpu,Apple M1 Pro,f32,128,1,29.563376211453747,1.477530979147487e-7,0.141875,0.139209,0.006222734423065156,,0.011250000000000001,128,5,Pauls-MacBook-Pro,936381b-dirty,2026-09-29T09:40:48Z
static-tiled,cpu,Apple M1 Pro,f32,128,1,29.58068156172422,1.477530979147487e-7,0.14179199999999997,0.13899999999999998,0.0024849921931466845,,0.011,256,5,Pauls-MacBook-Pro,936381b-dirty,2026-09-29T09:40:48Z
static-tiled,cpu,Apple M1 Pro,f32,128,2,15.869962011714316,1.477530979147487e-7,0.264292,0.25425,0.00519997129799773,,0.019583,16,5,Pauls-MacBook-Pro,936381b-dirty,2026-09-29T09:40:48Z
static-tiled,cpu,Apple M1 Pro,f32,128,2,21.91198227943328,1.477530979147487e-7,0.191416,0.17737499999999998,0.01108858334955373,,0.02225,32,5,Pauls-MacBook-Pro,936381b-dirty,2026-09-29T09:40:48Z
static-tiled,cpu,Apple M1 Pro,f32,128,2,37.63091360948869,1.477530979147487e-7,0.111459,0.108792,0.0021148535883129134,,0.020541,64,5,Pauls-MacBook-Pro,936381b-dirty,2026-09-29T09:40:48Z
static-tiled,cpu,Apple M1 Pro,f32,128,2,39.30600043107892,1.477530979147487e-7,0.106709,0.09466699999999999,0.0094624949775416,,0.020916,128,5,Pauls-MacBook-Pro,936381b-dirty,2026-09-29T09:40:48Z
static-tiled,cpu,Apple M1 Pro,f32,128,2,40.329846153846155,1.477530979147487e-7,0.104,0.093792,0.008508727390156533,,0.021417,256,5,Pauls-MacBook-Pro,936381b-dirty,2026-09-29T09:40:48Z
static-tiled,cpu,Apple M1 Pro,f32,128,4,27.923120452169975,1.477530979147487e-7,0.150209,0.135458,0.01482671430897621,,0.041333,16,5,Pauls-MacBook-Pro,936381b-dirty,2026-09-29T09:40:48Z
static-tiled,cpu,Apple M1 Pro,f32,128,4,37.117734513274335,1.477530979147487e-7,0.11299999999999999,0.109958,0.007749571323628161,,0.042459000000000004,32,5,Pauls-MacBook-Pro,936381b-dirty,2026-09-29T09:40:48Z
static-tiled,cpu,Apple M1 Pro,f32,128,4,43.59620821553301,1.477530979147487e-7,0.096208,0.079,0.022728011202038767,,0.03925,64,5,Pauls-MacBook-Pro,936381b-dirty,2026-09-29T09:40:48Z
static-tiled,cpu,Apple M1 Pro,f32,128,4,47.730344238975825,1.477530979147487e-7,0.087875,0.061416,0.017907059175085116,,0.03675,128,5,Pauls-MacBook-Pro,936381b-dirty,2026-09-29T09:40:48Z
static-tiled,cpu,Apple M1 Pro,f32,128,4,50.68645317220544,1.477530979147487e-7,0.08275,0.056,0.015555148176729143,,0.050958,256,5,Pauls-MacBook-Pro,936381b-dirty,2026-09-29T09:40:48Z
static-tiled,cpu,Apple M1 Pro,f32,128,8,33.28812698412698,1.477530979147487e-7,0.126,0.11729099999999999,0.010183514805802561,,0.076833,16,5,Pauls-MacBook-Pro,936381b-dirty,2026-09-29T09:40:48Z
static-tiled,cpu,Apple M1 Pro,f32,128,8,34.15779529611049,1.477530979147487e-7,0.12279200000000001,0.10124999999999999,0.009968463958905605,,0.087,32,5,Pauls-MacBook-Pro,936381b-dirty,2026-09-29T09:40:48Z
static-tiled,cpu,Apple M1 Pro,f32,128,8,44.93913192547116,1.477530979147487e-7,0.093333,0.07875,0.020751808627201627,,0.09075,64,5,Pauls-MacBook-Pro,936381b-dirty,2026-09-29T09:40:48Z
static-tiled,cpu,Apple M1 Pro,f32,128,8,49.90723685776159,1.477530979147487e-7,0.084042,0.069834,0.009651854034329365,,0.08937500000000001,128,5,Pauls-MacBook-Pro,936381b-dirty,2026-09-29T09:40:48Z
static-tiled,cpu,Apple M1 Pro,f32,128,8,49.661417509294566,1.477530979147487e-7,0.08445799999999999,0.074167,0.029234085084024777,,0.089875,256,5,Pauls-MacBook-Pro,936381b-dirty,2026-09-29T09:40:48Z
static-tiled,cpu,Apple M1 Pro,f32,128,10,36.183995306946414,1.477530979147487e-7,0.115916,0.111458,0.010332375902956683,,0.09883399999999999,16,5,Pauls-MacBook-Pro,936381b-dirty,2026-09-29T09:40:48Z
static-tiled,cpu,Apple M1 Pro,f32,128,10,34.05407336440251,1.477530979147487e-7,0.123166,0.090916,0.019390782470029413,,0.1155,32,5,Pauls-MacBook-Pro,936381b-dirty,2026-09-29T09:40:48Z
static-tiled,cpu,Apple M1 Pro,f32,128,10,36.80537737256382,1.477530979147487e-7,0.11395899999999999,0.071875,0.020803563834112658,,0.109791,64,5,Pauls-MacBook-Pro,936381b-dirty,2026-09-29T09:40:48Z
static-tiled,cpu,Apple M1 Pro,f32,128,10,57.19531452415693,1.477530979147487e-7,0.073333,0.064667,0.0180394519456662,,0.113875,128,5,Pauls-MacBook-Pro,936381b-dirty,2026-09-29T09:40:48Z
static-tiled,cpu,Apple M1 Pro,f32,128,10,50.50883298611529,1.477530979147487e-7,0.083041,0.07404100000000001,0.007434599969063569,,0.11275,256,5,Pauls-MacBook-Pro,936381b-dirty,2026-09-29T09:40:48Z
static-tiled,cpu,Apple M1 Pro,f32,256,1,9.180522134448019,2.1227173452103736e-7,3.6549590000000003,3.635167,0.018716529948150137,,0.013291,16,5,Pauls-MacBook-Pro,936381b-dirty,2026-09-29T09:40:48Z
static-tiled,cpu,Apple M1 Pro,f32,256,1,13.759570249628377,2.1227173452103736e-7,2.438625,2.400833,0.04037720432620369,,0.014167,32,5,Pauls-MacBook-Pro,936381b-dirty,2026-09-29T09:40:48Z
static-tiled,cpu,Apple M1 Pro,f32,256,1,20.652579631183187,2.1227173452103736e-7,1.624709,1.6136659999999998,0.022459377068387337,,0.011458,64,5,Pauls-MacBook-Pro,936381b-dirty,2026-09-29T09:40:48Z
static-tiled,cpu,Apple M1 Pro,f32,256,1,26.39657763030163,2.1227173452103736e-7,1.271166,1.262709,0.01768079027362744,,0.010709,128,5,Pauls-MacBook-Pro,936381b-dirty,2026-09-29T09:40:48Z
static-tiled,cpu,Apple M1 Pro,f32,256,1,25.56202905992152,2.1227173452103736e-7,1.312667,1.290958,0.030584026855533585,,0.010417000000000001,256,5,Pauls-MacBook-Pro,936381b-dirty,2026-09-29T09:40:48Z
static-tiled,cpu,Apple M1 Pro,f32,256,2,17.086559618615222,2.1227173452103736e-7,1.9637909999999998,1.894875,0.04019221091455405,,0.021542000000000002,16,5,Pauls-MacBook-Pro,936381b-dirty,2026-09-29T09:40:48Z
static-tiled,cpu,Apple M1 Pro,f32,256,2,26.534849771696,2.1227173452103736e-7,1.264542,1.245875,0.009934579694179291,,0.022209,32,5,Pauls-MacBook-Pro,936381b-dirty,2026-09-29T09:40:48Z
static-tiled,cpu,Apple M1 Pro,f32,256,2,37.8753675570059,2.1227173452103736e-7,0.885917,0.861667,0.018563078131064382,,0.025666,64,5,Pauls-MacBook-Pro,936381b-dirty,2026-09-29T09:40:48Z
static-tiled,cpu,Apple M1 Pro,f32,256,2,48.1556621712967,2.1227173452103736e-7,0.6967909999999999,0.674834,0.02190440183616067,,0.022542,128,5,Pauls-MacBook-Pro,936381b-dirty,2026-09-29T09:40:48Z
static-tiled,cpu,Apple M1 Pro,f32,256,2,35.73737827731312,2.1227173452103736e-7,0.938917,0.901458,0.02218960298653405,,0.027083000000000003,256,5,Pauls-MacBook-Pro,936381b-dirty,2026-09-29T09:40:48Z
static-tiled,cpu,Apple M1 Pro,f32,256,4,33.60483925888833,2.1227173452103736e-7,0.9985,0.9798330000000001,0.00988419474211221,,0.031625,16,5,Pauls-MacBook-Pro,936381b-dirty,2026-09-29T09:40:48Z
static-tiled,cpu,Apple M1 Pro,f32,256,4,49.96937006701415,2.1227173452103736e-7,0.6715,0.6563749999999999,0.007523995793459757,,0.038208,32,5,Pauls-MacBook-Pro,936381b-dirty,2026-09-29T09:40:48Z
static-tiled,cpu,Apple M1 Pro,f32,256,4,73.65147151787596,2.1227173452103736e-7,0.455584,0.443,0.013374391530084658,,0.040584,64,5,Pauls-MacBook-Pro,936381b-dirty,2026-09-29T09:40:48Z
static-tiled,cpu,Apple M1 Pro,f32,256,4,89.81787715179759,2.1227173452103736e-7,0.373583,0.36025,0.011185078484302202,,0.031291,128,5,Pauls-MacBook-Pro,936381b-dirty,2026-09-29T09:40:48Z
static-tiled,cpu,Apple M1 Pro,f32,256,4,85.63430432274893,2.1227173452103736e-7,0.39183399999999996,0.37679100000000004,0.008905447394712947,,0.034708,256,5,Pauls-MacBook-Pro,936381b-dirty,2026-09-29T09:40:48Z
static-tiled,cpu,Apple M1 Pro,f32,256,8,61.73291484374712,2.1227173452103736e-7,0.5435420000000001,0.530291,0.007458067423937682,,0.070333,16,5,Pauls-MacBook-Pro,936381b-dirty,2026-09-29T09:40:48Z
static-tiled,cpu,Apple M1 Pro,f32,256,8,88.76833862433863,2.1227173452103736e-7,0.378,0.368292,0.010454772436547823,,0.07245800000000001,32,5,Pauls-MacBook-Pro,936381b-dirty,2026-09-29T09:40:48Z
static-tiled,cpu,Apple M1 Pro,f32,256,8,80.95978844659773,2.1227173452103736e-7,0.414458,0.336291,0.06962152316417676,,0.08125,64,5,Pauls-MacBook-Pro,936381b-dirty,2026-09-29T09:40:48Z
static-tiled,cpu,Apple M1 Pro,f32,256,8,84.94792911392405,2.1227173452103736e-7,0.395,0.334958,0.04084982643169982,,0.077334,128,5,Pauls-MacBook-Pro,936381b-dirty,2026-09-29T09:40:48Z
static-tiled,cpu,Apple M1 Pro,f32,256,8,131.75806837949165,2.1227173452103736e-7,0.254667,0.232125,0.060559554023291814,,0.114542,256,5,Pauls-MacBook-Pro,936381b-dirty,2026-09-29T09:40:48Z
static-tiled,cpu,Apple M1 Pro,f32,256,10,52.16390516906335,2.1227173452103736e-7,0.6432500000000001,0.5843750000000001,0.08930120523822731,,0.110458,16,5,Pauls-MacBook-Pro,936381b-dirty,2026-09-29T09:40:48Z
static-tiled,cpu,Apple M1 Pro,f32,256,10,69.82026413751632,2.1227173452103736e-7,0.480583,0.4625,0.04769615754439765,,0.110541,32,5,Pauls-MacBook-Pro,936381b-dirty,2026-09-29T09:40:48Z
static-tiled,cpu,Apple M1 Pro,f32,256,10,87.98277810553917,2.1227173452103736e-7,0.38137499999999996,0.348334,0.03396011040470866,,0.10375,64,5,Pauls-MacBook-Pro,936381b-dirty,2026-09-29T09:40:48Z
static-tiled,cpu,Apple M1 Pro,f32,256,10,95.72184708778715,2.1227173452103736e-7,0.350541,0.304375,0.027627877908011685,,0.104542,128,5,Pauls-MacBook-Pro,936381b-dirty,2026-09-29T09:40:48Z
static-tiled,cpu,Apple M1 Pro,f32,256,10,89.48826938411932,2.1227173452103736e-7,0.374959,0.33145800000000003,0.023132755341722686,,0.121208,256,5,Pauls-MacBook-Pro,936381b-dirty,2026-09-29T09:40:48Z
static-tiled,cpu,Apple M1 Pro,f32,512,1,9.121059892983732,1.243084139673532e-7,29.430292,28.744249999999997,0.4883559358436237,,0.01875,16,5,Pauls-MacBook-Pro,936381b-dirty,2026-09-29T09:40:48Z
static-tiled,cpu,Apple M1 Pro,f32,512,1,13.758953145522462,1.243084139673532e-7,19.509875,19.142166,0.28794570003422576,,0.046667,32,5,Pauls-MacBook-Pro,936381b-dirty,2026-09-29T09:40:48Z
static-tiled,cpu,Apple M1 Pro,f32,512,1,19.69108562040807,1.243084139673532e-7,13.632334,13.431583,0.18917403666676916,,0.03175,64,5,Pauls-MacBook-Pro,936381b-dirty,2026-09-29T09:40:48Z
static-tiled,cpu,Apple M1 Pro,f32,512,1,23.07955815877997,1.243084139673532e-7,11.630875000000001,11.507083,0.1572716856980306,,0.025582999999999998,128,5,Pauls-MacBook-Pro,936381b-dirty,2026-09-29T09:40:48Z
static-tiled,cpu,Apple M1 Pro,f32,512,1,21.61374020736627,1.243084139673532e-7,12.419667,12.277208,0.08851353455093759,,0.016291,256,5,Pauls-MacBook-Pro,936381b-dirty,2026-09-29T09:40:48Z
static-tiled,cpu,Apple M1 Pro,f32,512,2,17.403375303165458,1.243084139673532e-7,15.424333,14.852208000000001,0.31216735831489445,,0.03375,16,5,Pauls-MacBook-Pro,936381b-dirty,2026-09-29T09:40:48Z
static-tiled,cpu,Apple M1 Pro,f32,512,2,27.132391614651254,1.243084139673532e-7,9.893542,9.878292,0.03633200171749416,,0.036834,32,5,Pauls-MacBook-Pro,936381b-dirty,2026-09-29T09:40:48Z
static-tiled,cpu,Apple M1 Pro,f32,512,2,38.68642853539903,1.243084139673532e-7,6.93875,6.921291,0.020833621533473342,,0.037750000000000006,64,5,Pauls-MacBook-Pro,936381b-dirty,2026-09-29T09:40:48Z
static-tiled,cpu,Apple M1 Pro,f32,512,2,45.37288253339258,1.243084139673532e-7,5.916209,5.893042,0.011533244109963068,,0.031916,128,5,Pauls-MacBook-Pro,936381b-dirty,2026-09-29T09:40:48Z
static-tiled,cpu,Apple M1 Pro,f32,512,2,42.68700106019615,1.243084139673532e-7,6.288459,6.263125,0.02020199151569008,,0.027875,256,5,Pauls-MacBook-Pro,936381b-dirty,2026-09-29T09:40:48Z
static-tiled,cpu,Apple M1 Pro,f32,512,4,34.846663905091475,1.243084139673532e-7,7.703333,7.690958999999999,0.01674387823952421,,0.047041,16,5,Pauls-MacBook-Pro,936381b-dirty,2026-09-29T09:40:48Z
static-tiled,cpu,Apple M1 Pro,f32,512,4,52.15081172779784,1.243084139673532e-7,5.147292,5.129791,0.03762820455456248,,0.046542,32,5,Pauls-MacBook-Pro,936381b-dirty,2026-09-29T09:40:48Z
static-tiled,cpu,Apple M1 Pro,f32,512,4,73.70129767437773,1.243084139673532e-7,3.642208,3.6387910000000003,0.010110130379970265,,0.047416,64,5,Pauls-MacBook-Pro,936381b-dirty,2026-09-29T09:40:48Z
static-tiled,cpu,Apple M1 Pro,f32,512,4,86.5304505694009,1.243084139673532e-7,3.102208,3.077209,0.012843552215022182,,0.056584,128,5,Pauls-MacBook-Pro,936381b-dirty,2026-09-29T09:40:48Z
static-tiled,cpu,Apple M1 Pro,f32,512,4,81.81618173716335,1.243084139673532e-7,3.280958,3.2484580000000003,0.023259882430915136,,0.04425,256,5,Pauls-MacBook-Pro,936381b-dirty,2026-09-29T09:40:48Z
static-tiled,cpu,Apple M1 Pro,f32,512,8,68.57464708136416,1.243084139673532e-7,3.9144999999999994,3.896625,0.045440418987945146,,0.082,16,5,Pauls-MacBook-Pro,936381b-dirty,2026-09-29T09:40:48Z
static-tiled,cpu,Apple M1 Pro,f32,512,8,101.95851322797745,1.243084139673532e-7,2.632791,2.628667,0.2870844641007242,,0.096541,32,5,Pauls-MacBook-Pro,936381b-dirty,2026-09-29T09:40:48Z
static-tiled,cpu,Apple M1 Pro,f32,512,8,137.7121744260613,1.243084139673532e-7,1.94925,1.901916,0.13073624812499413,,0.090584,64,5,Pauls-MacBook-Pro,936381b-dirty,2026-09-29T09:40:48Z
static-tiled,cpu,Apple M1 Pro,f32,512,8,157.51331762320092,1.243084139673532e-7,1.704208,1.675708,0.052711855271845603,,0.085833,128,5,Pauls-MacBook-Pro,936381b-dirty,2026-09-29T09:40:48Z
static-tiled,cpu,Apple M1 Pro,f32,512,8,152.10246861884383,1.243084139673532e-7,1.7648329999999999,1.731417,0.18938738905956765,,0.087084,256,5,Pauls-MacBook-Pro,936381b-dirty,2026-09-29T09:40:48Z
static-tiled,cpu,Apple M1 Pro,f32,512,10,60.12328932191052,1.243084139673532e-7,4.4647499999999996,4.325959,0.09319379272086727,,0.11474999999999999,16,5,Pauls-MacBook-Pro,936381b-dirty,2026-09-29T09:40:48Z
static-tiled,cpu,Apple M1 Pro,f32,512,10,81.24252442023227,1.243084139673532e-7,3.3041250000000004,3.217334,0.13771185387358634,,0.11325,32,5,Pauls-MacBook-Pro,936381b-dirty,2026-09-29T09:40:48Z
static-tiled,cpu,Apple M1 Pro,f32,512,10,108.62884556629066,1.243084139673532e-7,2.471125,2.274,0.09911416298541798,,0.118459,64,5,Pauls-MacBook-Pro,936381b-dirty,2026-09-29T09:40:48Z
static-tiled,cpu,Apple M1 Pro,f32,512,10,124.19425783838003,1.243084139673532e-7,2.161416,2.1360419999999998,0.04886968151113739,,0.108375,128,5,Pauls-MacBook-Pro,936381b-dirty,2026-09-29T09:40:48Z
static-tiled,cpu,Apple M1 Pro,f32,512,10,116.23098332972505,1.243084139673532e-7,2.3095,2.238125,0.04864488659458466,,0.10195800000000001,256,5,Pauls-MacBook-Pro,936381b-dirty,2026-09-29T09:40:48Z
static-tiled,cpu,Apple M1 Pro,f32,1024,1,9.21289523771673,1.531109965128801e-7,233.095416,232.830291,0.29565802811778896,,0.045541000000000005,16,5,Pauls-MacBook-Pro,936381b-dirty,2026-09-29T09:40:48Z
static-tiled,cpu,Apple M1 Pro,f32,1024,1,12.8149993217099,1.531109965128801e-7,167.575791,166.934834,0.9126960927766083,,0.043334000000000004,32,5,Pauls-MacBook-Pro,936381b-dirty,2026-09-29T09:40:48Z
static-tiled,cpu,Apple M1 Pro,f32,1024,1,18.07929608492914,1.531109965128801e-7,118.781375,118.397792,0.366213008807033,,0.080541,64,5,Pauls-MacBook-Pro,936381b-dirty,2026-09-29T09:40:48Z
static-tiled,cpu,Apple M1 Pro,f32,1024,1,21.878596794838085,1.531109965128801e-7,98.15454199999999,97.90525,0.9705654378620261,,0.047,128,5,Pauls-MacBook-Pro,936381b-dirty,2026-09-29T09:40:48Z
static-tiled,cpu,Apple M1 Pro,f32,1024,1,21.44890132647208,1.531109965128801e-7,100.12091600000001,99.842458,0.5954483591939783,,0.036375000000000005,256,5,Pauls-MacBook-Pro,936381b-dirty,2026-09-29T09:40:48Z
static-tiled,cpu,Apple M1 Pro,f32,1024,2,17.88761037614245,1.531109965128801e-7,120.05425,120.031166,0.041465377778332764,,0.055875,16,5,Pauls-MacBook-Pro,936381b-dirty,2026-09-29T09:40:48Z
static-tiled,cpu,Apple M1 Pro,f32,1024,2,24.935161386992597,1.531109965128801e-7,86.122709,86.04787499999999,0.0790775356419265,,0.094291,32,5,Pauls-MacBook-Pro,936381b-dirty,2026-09-29T09:40:48Z
static-tiled,cpu,Apple M1 Pro,f32,1024,2,34.54043069020172,1.531109965128801e-7,62.173041999999995,61.899333,0.4214333365500407,,0.102375,64,5,Pauls-MacBook-Pro,936381b-dirty,2026-09-29T09:40:48Z
static-tiled,cpu,Apple M1 Pro,f32,1024,2,41.29332898738968,1.531109965128801e-7,52.005583,51.113,0.48207987823316295,,0.066333,128,5,Pauls-MacBook-Pro,936381b-dirty,2026-09-29T09:40:48Z
static-tiled,cpu,Apple M1 Pro,f32,1024,2,40.57514794737408,1.531109965128801e-7,52.926083,52.697458000000005,0.25688179051598614,,0.054833,256,5,Pauls-MacBook-Pro,936381b-dirty,2026-09-29T09:40:48Z
static-tiled,cpu,Apple M1 Pro,f32,1024,4,34.6416292216974,1.531109965128801e-7,61.991416,61.781209,0.0963411733850071,,0.092334,16,5,Pauls-MacBook-Pro,936381b-dirty,2026-09-29T09:40:48Z
static-tiled,cpu,Apple M1 Pro,f32,1024,4,47.957338970256195,1.531109965128801e-7,44.779041,44.748250000000006,0.05225054837702553,,0.127792,32,5,Pauls-MacBook-Pro,936381b-dirty,2026-09-29T09:40:48Z
static-tiled,cpu,Apple M1 Pro,f32,1024,4,69.77257599452913,1.531109965128801e-7,30.778334,30.739709,0.08873270481057083,,0.087584,64,5,Pauls-MacBook-Pro,936381b-dirty,2026-09-29T09:40:48Z
static-tiled,cpu,Apple M1 Pro,f32,1024,4,80.5961211484331,1.531109965128801e-7,26.645,26.249208,0.23310040062964357,,0.075917,128,5,Pauls-MacBook-Pro,936381b-dirty,2026-09-29T09:40:48Z
static-tiled,cpu,Apple M1 Pro,f32,1024,4,79.29267983605952,1.531109965128801e-7,27.083,26.8995,0.39524373657820333,,0.07245800000000001,256,5,Pauls-MacBook-Pro,936381b-dirty,2026-09-29T09:40:48Z
static-tiled,cpu,Apple M1 Pro,f32,1024,8,69.00395631050725,1.531109965128801e-7,31.121167000000003,31.068458,0.8351414587695308,,0.126834,16,5,Pauls-MacBook-Pro,936381b-dirty,2026-09-29T09:40:48Z
static-tiled,cpu,Apple M1 Pro,f32,1024,8,95.7223761617152,1.531109965128801e-7,22.4345,22.431417,0.27966784190303373,,0.16162500000000002,32,5,Pauls-MacBook-Pro,936381b-dirty,2026-09-29T09:40:48Z
static-tiled,cpu,Apple M1 Pro,f32,1024,8,140.66256127546905,1.531109965128801e-7,15.266917,15.22325,0.05419540126431407,,0.146916,64,5,Pauls-MacBook-Pro,936381b-dirty,2026-09-29T09:40:48Z
static-tiled,cpu,Apple M1 Pro,f32,1024,8,161.2557883947512,1.531109965128801e-7,13.31725,13.194041,0.0754038815797962,,0.12975,128,5,Pauls-MacBook-Pro,936381b-dirty,2026-09-29T09:40:48Z
static-tiled,cpu,Apple M1 Pro,f32,1024,8,160.10763251383943,1.531109965128801e-7,13.412749999999999,13.4055,0.032420434571424885,,0.129375,256,5,Pauls-MacBook-Pro,936381b-dirty,2026-09-29T09:40:48Z
static-tiled,cpu,Apple M1 Pro,f32,1024,10,71.6275554888472,1.531109965128801e-7,29.98125,29.477375,2.298268622685565,,0.13158399999999998,16,5,Pauls-MacBook-Pro,936381b-dirty,2026-09-29T09:40:48Z
static-tiled,cpu,Apple M1 Pro,f32,1024,10,91.2404060035667,1.531109965128801e-7,23.536542,23.12175,1.6791197696110909,,0.165292,32,5,Pauls-MacBook-Pro,936381b-dirty,2026-09-29T09:40:48Z
static-tiled,cpu,Apple M1 Pro,f32,1024,10,112.30874801595084,1.531109965128801e-7,19.12125,18.655667,0.49584154409327186,,0.132791,64,5,Pauls-MacBook-Pro,936381b-dirty,2026-09-29T09:40:48Z
static-tiled,cpu,Apple M1 Pro,f32,1024,10,122.68677385373259,1.531109965128801e-7,17.503791,17.365458,0.12272522151008713,,0.158875,128,5,Pauls-MacBook-Pro,936381b-dirty,2026-09-29T09:40:48Z
static-tiled,cpu,Apple M1 Pro,f32,1024,10,120.84910539185826,1.531109965128801e-7,17.769959,17.349083,0.25506845259106325,,0.177292,256,5,Pauls-MacBook-Pro,936381b-dirty,2026-09-29T09:40:48Z
static-tiled,cpu,Apple M1 Pro,f32,2048,1,8.25691332081215,3.668671531436935e-7,2080.6648339999997,2079.924,1.9601741611771109,,0.043332999999999997,16,5,Pauls-MacBook-Pro,936381b-dirty,2026-09-29T09:40:48Z
static-tiled,cpu,Apple M1 Pro,f32,2048,1,11.407793988237762,3.668671531436935e-7,1505.976458,1498.810333,3.5071288712200195,,0.050083,32,5,Pauls-MacBook-Pro,936381b-dirty,2026-09-29T09:40:48Z
static-tiled,cpu,Apple M1 Pro,f32,2048,1,14.839911353365038,3.668671531436935e-7,1157.6800409999998,1156.367792,1.9932279846604863,,0.058375,64,5,Pauls-MacBook-Pro,936381b-dirty,2026-09-29T09:40:48Z
static-tiled,cpu,Apple M1 Pro,f32,2048,1,18.384494016149954,3.668671531436935e-7,934.476041,933.1514589999999,2.7091162578946597,,0.055083,128,5,Pauls-MacBook-Pro,936381b-dirty,2026-09-29T09:40:48Z
static-tiled,cpu,Apple M1 Pro,f32,2048,1,19.384261996430585,3.668671531436935e-7,886.2792499999999,884.911417,2.0054136584083313,,0.053583,256,5,Pauls-MacBook-Pro,936381b-dirty,2026-09-29T09:40:48Z
static-tiled,cpu,Apple M1 Pro,f32,2048,2,15.97225428354903,3.668671531436935e-7,1075.6070419999999,1072.947875,1.7096481752810149,,0.061041,16,5,Pauls-MacBook-Pro,936381b-dirty,2026-09-29T09:40:48Z
static-tiled,cpu,Apple M1 Pro,f32,2048,2,18.892109923586705,3.668671531436935e-7,909.367416,884.133959,24.107512761011225,,0.067167,32,5,Pauls-MacBook-Pro,936381b-dirty,2026-09-29T09:40:48Z
static-tiled,cpu,Apple M1 Pro,f32,2048,2,23.30356558323365,3.668671531436935e-7,737.2206249999999,656.7255829999999,48.807682656688385,,0.066375,64,5,Pauls-MacBook-Pro,936381b-dirty,2026-09-29T09:40:48Z
static-tiled,cpu,Apple M1 Pro,f32,2048,2,27.53374632322722,3.668671531436935e-7,623.9568340000001,534.908917,40.184531553875004,,0.060625000000000005,128,5,Pauls-MacBook-Pro,936381b-dirty,2026-09-29T09:40:48Z
static-tiled,cpu,Apple M1 Pro,f32,2048,2,30.34316329140648,3.668671531436935e-7,566.185833,505.45175,36.27838454685068,,0.07983399999999999,256,5,Pauls-MacBook-Pro,936381b-dirty,2026-09-29T09:40:48Z
static-tiled,cpu,Apple M1 Pro,f32,2048,4,30.858601212998703,3.668671531436935e-7,556.728708,555.997333,0.35115580867571167,,0.068166,16,5,Pauls-MacBook-Pro,936381b-dirty,2026-09-29T09:40:48Z
static-tiled,cpu,Apple M1 Pro,f32,2048,4,38.44919833236276,3.668671531436935e-7,446.81995800000004,422.736166,17.94168020351719,,0.153541,32,5,Pauls-MacBook-Pro,936381b-dirty,2026-09-29T09:40:48Z
static-tiled,cpu,Apple M1 Pro,f32,2048,4,51.54281614384777,3.668671531436935e-7,333.312583,321.7005,7.938166572095535,,0.08141599999999999,64,5,Pauls-MacBook-Pro,936381b-dirty,2026-09-29T09:40:48Z
static-tiled,cpu,Apple M1 Pro,f32,2048,4,58.58197373726933,3.668671531436935e-7,293.26204099999995,266.66033300000004,14.14219372938401,,0.107792,128,5,Pauls-MacBook-Pro,936381b-dirty,2026-09-29T09:40:48Z
static-tiled,cpu,Apple M1 Pro,f32,2048,4,59.93784350851623,3.668671531436935e-7,286.628083,275.616041,7.140836234192652,,0.078917,256,5,Pauls-MacBook-Pro,936381b-dirty,2026-09-29T09:40:48Z
static-tiled,cpu,Apple M1 Pro,f32,2048,8,61.47226547060813,3.668671531436935e-7,279.4735,279.02358300000003,3.1950008203185596,,0.13549999999999998,16,5,Pauls-MacBook-Pro,936381b-dirty,2026-09-29T09:40:48Z
static-tiled,cpu,Apple M1 Pro,f32,2048,8,82.26409553816835,3.668671531436935e-7,208.838,208.520959,0.8635553475419419,,0.211084,32,5,Pauls-MacBook-Pro,936381b-dirty,2026-09-29T09:40:48Z
static-tiled,cpu,Apple M1 Pro,f32,2048,8,111.05035446663958,3.668671531436935e-7,154.703416,152.965458,0.9138341813814944,,0.14225,64,5,Pauls-MacBook-Pro,936381b-dirty,2026-09-29T09:40:48Z
static-tiled,cpu,Apple M1 Pro,f32,2048,8,133.9763350915587,3.668671531436935e-7,128.23062499999997,127.724958,1.44342121648488,,0.20925,128,5,Pauls-MacBook-Pro,936381b-dirty,2026-09-29T09:40:48Z
static-tiled,cpu,Apple M1 Pro,f32,2048,8,146.9529835318169,3.668671531436935e-7,116.90725,116.85,0.19243303060207506,,0.108416,256,5,Pauls-MacBook-Pro,936381b-dirty,2026-09-29T09:40:48Z
static-tiled,cpu,Apple M1 Pro,f32,2048,10,65.30122954485175,3.668671531436935e-7,263.08645800000005,255.706875,10.633950570793145,,0.18737499999999999,16,5,Pauls-MacBook-Pro,936381b-dirty,2026-09-29T09:40:48Z
static-tiled,cpu,Apple M1 Pro,f32,2048,10,91.58823462866633,3.668671531436935e-7,187.57725,183.94025,6.181002622158641,,0.25783300000000003,32,5,Pauls-MacBook-Pro,936381b-dirty,2026-09-29T09:40:48Z
static-tiled,cpu,Apple M1 Pro,f32,2048,10,116.72392014468548,3.668671531436935e-7,147.183792,139.545209,5.239485350723365,,0.22458299999999998,64,5,Pauls-MacBook-Pro,936381b-dirty,2026-09-29T09:40:48Z
static-tiled,cpu,Apple M1 Pro,f32,2048,10,138.09083390032325,3.668671531436935e-7,124.409917,119.26225,11.329581708311085,,0.164334,128,5,Pauls-MacBook-Pro,936381b-dirty,2026-09-29T09:40:48Z
static-tiled,cpu,Apple M1 Pro,f32,2048,10,151.63680854269325,3.668671531436935e-7,113.296167,111.774334,1.5499823276448355,,0.239959,256,5,Pauls-MacBook-Pro,936381b-dirty,2026-09-29T09:40:48Z
static-tiled,cpu,Apple M1 Pro,f32,4096,1,7.639332413033374,3.0532236166205797e-7,17990.963874999998,17988.862166,7.898905774364035,,0.045167000000000006,16,5,Pauls-MacBook-Pro,936381b-dirty,2026-09-29T09:40:48Z
static-tiled,cpu,Apple M1 Pro,f32,4096,1,11.237998838456322,3.0532236166205797e-7,12229.842292000001,12043.105875,175.21407477108696,,0.048584,32,5,Pauls-MacBook-Pro,936381b-dirty,2026-09-29T09:40:48Z
static-tiled,cpu,Apple M1 Pro,f32,4096,1,15.552960499491023,3.0532236166205797e-7,8836.8355,8659.428957999999,91.99001845644348,,0.038291000000000006,64,5,Pauls-MacBook-Pro,936381b-dirty,2026-09-29T09:40:48Z
static-tiled,cpu,Apple M1 Pro,f32,4096,1,19.527184656658903,3.0532236166205797e-7,7038.339417,6943.378958,79.57825370184982,,0.045584,128,5,Pauls-MacBook-Pro,936381b-dirty,2026-09-29T09:40:48Z
static-tiled,cpu,Apple M1 Pro,f32,4096,1,19.023115551405716,3.0532236166205797e-7,7224.839333,7087.781083000001,97.86145768518415,,0.040709,256,5,Pauls-MacBook-Pro,936381b-dirty,2026-09-29T09:40:48Z
static-tiled,cpu,Apple M1 Pro,f32,4096,2,14.760337119778804,3.0532236166205797e-7,9311.369541,9294.031583,49.00198973285144,,0.052709,16,5,Pauls-MacBook-Pro,936381b-dirty,2026-09-29T09:40:48Z
static-tiled,cpu,Apple M1 Pro,f32,4096,2,22.07715738885027,3.0532236166205797e-7,6225.39175,6220.273833,7.893504882950187,,0.059084,32,5,Pauls-MacBook-Pro,936381b-dirty,2026-09-29T09:40:48Z
static-tiled,cpu,Apple M1 Pro,f32,4096,2,30.40994601215063,3.0532236166205797e-7,4519.539542,4510.3339590000005,7.229136095020801,,0.056459,64,5,Pauls-MacBook-Pro,936381b-dirty,2026-09-29T09:40:48Z
static-tiled,cpu,Apple M1 Pro,f32,4096,2,39.28174699132803,3.0532236166205797e-7,3498.7994169999997,3494.801333,3.2199823753106895,,0.059417,128,5,Pauls-MacBook-Pro,936381b-dirty,2026-09-29T09:40:48Z
static-tiled,cpu,Apple M1 Pro,f32,4096,2,33.80697634480623,3.0532236166205797e-7,4065.4021250000005,4011.5993330000006,29.190453257074157,,0.059542,256,5,Pauls-MacBook-Pro,936381b-dirty,2026-09-29T09:40:48Z
static-tiled,cpu,Apple M1 Pro,f32,4096,4,28.96970047780449,3.0532236166205797e-7,4744.231083,4743.108916,0.8410588096501852,,0.08366699999999999,16,5,Pauls-MacBook-Pro,936381b-dirty,2026-09-29T09:40:48Z
static-tiled,cpu,Apple M1 Pro,f32,4096,4,43.26227102922066,3.0532236166205797e-7,3176.8779170000003,3172.996875,2.0209820796804174,,0.079917,32,5,Pauls-MacBook-Pro,936381b-dirty,2026-09-29T09:40:48Z
static-tiled,cpu,Apple M1 Pro,f32,4096,4,59.8177548789997,3.0532236166205797e-7,2297.628083,2294.0282500000003,5.034138430460005,,0.074125,64,5,Pauls-MacBook-Pro,936381b-dirty,2026-09-29T09:40:48Z
static-tiled,cpu,Apple M1 Pro,f32,4096,4,76.89397958858834,3.0532236166205797e-7,1787.3825000000002,1764.888541,108.65518157231178,,0.079291,128,5,Pauls-MacBook-Pro,936381b-dirty,2026-09-29T09:40:48Z
static-tiled,cpu,Apple M1 Pro,f32,4096,4,68.28625874075487,3.0532236166205797e-7,2012.688292,1880.6116670000001,115.24079182432232,,0.06925,256,5,Pauls-MacBook-Pro,936381b-dirty,2026-09-29T09:40:48Z
static-tiled,cpu,Apple M1 Pro,f32,4096,8,52.48861149602384,3.0532236166205797e-7,2618.4528330000003,2497.696333,182.98150165385525,,0.133209,16,5,Pauls-MacBook-Pro,936381b-dirty,2026-09-29T09:40:48Z
static-tiled,cpu,Apple M1 Pro,f32,4096,8,73.5726654225579,3.0532236166205797e-7,1868.070875,1833.462542,42.67079722353732,,0.188625,32,5,Pauls-MacBook-Pro,936381b-dirty,2026-09-29T09:40:48Z
static-tiled,cpu,Apple M1 Pro,f32,4096,8,99.99873528866996,3.0532236166205797e-7,1374.406917,1341.2961249999998,43.340909138154835,,0.11975,64,5,Pauls-MacBook-Pro,936381b-dirty,2026-09-29T09:40:48Z
static-tiled,cpu,Apple M1 Pro,f32,4096,8,125.41192388568285,3.0532236166205797e-7,1095.900208,1078.469875,59.56055513531631,,0.12320899999999999,128,5,Pauls-MacBook-Pro,936381b-dirty,2026-09-29T09:40:48Z
static-tiled,cpu,Apple M1 Pro,f32,4096,8,107.16706596995317,3.0532236166205797e-7,1282.473792,1095.3694169999999,117.52439495039563,,0.129583,256,5,Pauls-MacBook-Pro,936381b-dirty,2026-09-29T09:40:48Z
static-tiled,cpu,Apple M1 Pro,f32,4096,10,54.91743298749406,3.0532236166205797e-7,2502.6470830000003,2409.1217500000002,177.9096018191846,,0.143791,16,5,Pauls-MacBook-Pro,936381b-dirty,2026-09-29T09:40:48Z
static-tiled,cpu,Apple M1 Pro,f32,4096,10,78.38291991688574,3.0532236166205797e-7,1753.429875,1658.101667,61.624216351096024,,0.16141699999999998,32,5,Pauls-MacBook-Pro,936381b-dirty,2026-09-29T09:40:48Z
static-tiled,cpu,Apple M1 Pro,f32,4096,10,110.57074595254508,3.0532236166205797e-7,1242.995625,1212.248084,21.46613843971648,,0.14416700000000002,64,5,Pauls-MacBook-Pro,936381b-dirty,2026-09-29T09:40:48Z
static-tiled,cpu,Apple M1 Pro,f32,4096,10,136.22781436680373,3.0532236166205797e-7,1008.8905420000001,967.22725,25.897346342491318,,0.160167,128,5,Pauls-MacBook-Pro,936381b-dirty,2026-09-29T09:40:48Z
static-tiled,cpu,Apple M1 Pro,f32,4096,10,120.71804552995685,3.0532236166205797e-7,1138.5120829999998,1095.883917,62.99085258090571,,0.170541,256,5,Pauls-MacBook-Pro,936381b-dirty,2026-09-29T09:40:48Z
static-tiled,cpu,Apple M1 Pro,f64,64,1,6.8496773013508925,0.0,0.076542,0.075958,0.017823168719394426,,0.039625,16,5,Pauls-MacBook-Pro,936381b-dirty,2026-09-29T09:40:48Z
static-tiled,cpu,Apple M1 Pro,f64,64,1,9.231885333943758,0.0,0.056791,0.055917,0.0007641900941519727,,0.020041999999999997,32,5,Pauls-MacBook-Pro,936381b-dirty,2026-09-29T09:40:48Z
static-tiled,cpu,Apple M1 Pro,f64,64,1,13.400332268370606,0.0,0.039125,0.03825,0.0022373276022969895,,0.014375,64,5,Pauls-MacBook-Pro,936381b-dirty,2026-09-29T09:40:48Z
static-tiled,cpu,Apple M1 Pro,f64,64,1,13.69184163794004,0.0,0.038292,0.037209,0.0032122002895211897,,0.011459,128,5,Pauls-MacBook-Pro,936381b-dirty,2026-09-29T09:40:48Z
static-tiled,cpu,Apple M1 Pro,f64,64,1,12.48304761904762,0.0,0.041999999999999996,0.04025,0.002427427506641547,,0.014292,256,5,Pauls-MacBook-Pro,936381b-dirty,2026-09-29T09:40:48Z
static-tiled,cpu,Apple M1 Pro,f64,64,2,11.325916484845866,0.0,0.046291,0.043292,0.005210113309708338,,0.020874999999999998,16,5,Pauls-MacBook-Pro,936381b-dirty,2026-09-29T09:40:48Z
static-tiled,cpu,Apple M1 Pro,f64,64,2,8.484722941481099,0.0,0.06179199999999999,0.060792,0.006074254094125468,,0.028833,32,5,Pauls-MacBook-Pro,936381b-dirty,2026-09-29T09:40:48Z
static-tiled,cpu,Apple M1 Pro,f64,64,2,20.262338164251208,0.0,0.025875,0.021542000000000002,0.00207702111207373,,0.02425,64,5,Pauls-MacBook-Pro,936381b-dirty,2026-09-29T09:40:48Z
static-tiled,cpu,Apple M1 Pro,f64,64,2,12.774737457664285,0.0,0.041041,0.023375,0.008681209604657637,,0.01975,128,5,Pauls-MacBook-Pro,936381b-dirty,2026-09-29T09:40:48Z
static-tiled,cpu,Apple M1 Pro,f64,64,2,20.492808005003123,0.0,0.025584000000000003,0.02175,0.01205201862759928,,0.019958,256,5,Pauls-MacBook-Pro,936381b-dirty,2026-09-29T09:40:48Z
static-tiled,cpu,Apple M1 Pro,f64,64,4,9.627382570053987,0.0,0.054458,0.041916,0.016213713633834784,,0.036125,16,5,Pauls-MacBook-Pro,936381b-dirty,2026-09-29T09:40:48Z
static-tiled,cpu,Apple M1 Pro,f64,64,4,9.65681868415236,0.0,0.054292,0.035625,0.010493485488625788,,0.057083,32,5,Pauls-MacBook-Pro,936381b-dirty,2026-09-29T09:40:48Z
static-tiled,cpu,Apple M1 Pro,f64,64,4,18.2889036173998,0.0,0.028666999999999998,0.023125,0.009045866000555172,,0.051292000000000004,64,5,Pauls-MacBook-Pro,936381b-dirty,2026-09-29T09:40:48Z
static-tiled,cpu,Apple M1 Pro,f64,64,4,11.145104374813995,0.0,0.047042,0.043417000000000004,0.008635751200677333,,0.055916,128,5,Pauls-MacBook-Pro,936381b-dirty,2026-09-29T09:40:48Z
static-tiled,cpu,Apple M1 Pro,f64,64,4,11.028123093750658,0.0,0.047541,0.030583999999999997,0.010472436392740708,,0.047167,256,5,Pauls-MacBook-Pro,936381b-dirty,2026-09-29T09:40:48Z
static-tiled,cpu,Apple M1 Pro,f64,64,8,6.898526315789473,0.0,0.076,0.033374999999999995,0.02280768784861806,,0.088,16,5,Pauls-MacBook-Pro,936381b-dirty,2026-09-29T09:40:48Z
static-tiled,cpu,Apple M1 Pro,f64,64,8,7.5077398937465105,0.0,0.06983299999999999,0.025083,0.020975500261018805,,0.119709,32,5,Pauls-MacBook-Pro,936381b-dirty,2026-09-29T09:40:48Z
static-tiled,cpu,Apple M1 Pro,f64,64,8,11.814940845070423,0.0,0.044375,0.018917,0.022814132900463253,,0.10366600000000001,64,5,Pauls-MacBook-Pro,936381b-dirty,2026-09-29T09:40:48Z
static-tiled,cpu,Apple M1 Pro,f64,64,8,8.17603118908382,0.0,0.064125,0.048541999999999995,0.018276509136046743,,0.11029199999999999,128,5,Pauls-MacBook-Pro,936381b-dirty,2026-09-29T09:40:48Z
static-tiled,cpu,Apple M1 Pro,f64,64,8,9.313886766978735,0.0,0.056291,0.036625000000000005,0.010583567201090565,,0.09945899999999999,256,5,Pauls-MacBook-Pro,936381b-dirty,2026-09-29T09:40:48Z
static-tiled,cpu,Apple M1 Pro,f64,64,10,14.413415807560137,0.0,0.036375000000000005,0.032709,0.02373244453696247,,0.1015,16,5,Pauls-MacBook-Pro,936381b-dirty,2026-09-29T09:40:48Z
static-tiled,cpu,Apple M1 Pro,f64,64,10,17.355357674865104,0.0,0.030209000000000003,0.028084,0.0025815085318472227,,0.133083,32,5,Pauls-MacBook-Pro,936381b-dirty,2026-09-29T09:40:48Z
static-tiled,cpu,Apple M1 Pro,f64,64,10,10.39037634515151,0.0,0.050459,0.044083,0.011135365409361293,,0.12795800000000002,64,5,Pauls-MacBook-Pro,936381b-dirty,2026-09-29T09:40:48Z
static-tiled,cpu,Apple M1 Pro,f64,64,10,9.731563805104408,0.0,0.053875,0.023709,0.017155095213959026,,0.13070900000000002,128,5,Pauls-MacBook-Pro,936381b-dirty,2026-09-29T09:40:48Z
static-tiled,cpu,Apple M1 Pro,f64,64,10,11.60776673234884,0.0,0.045167000000000006,0.029040999999999997,0.04125615179945895,,0.121959,256,5,Pauls-MacBook-Pro,936381b-dirty,2026-09-29T09:40:48Z
static-tiled,cpu,Apple M1 Pro,f64,128,1,7.370285178084743,0.0,0.569083,0.566167,0.003896699115918494,,0.010708,16,5,Pauls-MacBook-Pro,936381b-dirty,2026-09-29T09:40:48Z
static-tiled,cpu,Apple M1 Pro,f64,128,1,10.183439150227617,0.0,0.41187500000000005,0.41108300000000003,0.0010793548999286427,,0.011250000000000001,32,5,Pauls-MacBook-Pro,936381b-dirty,2026-09-29T09:40:48Z
static-tiled,cpu,Apple M1 Pro,f64,128,1,15.015372278347783,0.0,0.279334,0.277959,0.002272792929415261,,0.008042,64,5,Pauls-MacBook-Pro,936381b-dirty,2026-09-29T09:40:48Z
static-tiled,cpu,Apple M1 Pro,f64,128,1,14.057156263091747,0.0,0.298375,0.297542,0.0012818487430270563,,0.012667,128,5,Pauls-MacBook-Pro,936381b-dirty,2026-09-29T09:40:48Z
static-tiled,cpu,Apple M1 Pro,f64,128,1,14.047363714612016,0.0,0.298583,0.29375,0.0034184040574513686,,0.0155,256,5,Pauls-MacBook-Pro,936381b-dirty,2026-09-29T09:40:48Z
static-tiled,cpu,Apple M1 Pro,f64,128,2,13.086751950078003,0.0,0.3205,0.315458,0.005143519388512092,,0.01925,16,5,Pauls-MacBook-Pro,936381b-dirty,2026-09-29T09:40:48Z
static-tiled,cpu,Apple M1 Pro,f64,128,2,17.506684531039348,0.0,0.239583,0.234416,0.002701492679982679,,0.028,32,5,Pauls-MacBook-Pro,936381b-dirty,2026-09-29T09:40:48Z
static-tiled,cpu,Apple M1 Pro,f64,128,2,28.02442772573597,0.0,0.14966600000000002,0.145917,0.0035357448720177787,,0.021333,64,5,Pauls-MacBook-Pro,936381b-dirty,2026-09-29T09:40:48Z
static-tiled,cpu,Apple M1 Pro,f64,128,2,24.836737231680235,0.0,0.168875,0.167917,0.0006598474823775501,,0.017959,128,5,Pauls-MacBook-Pro,936381b-dirty,2026-09-29T09:40:48Z
static-tiled,cpu,Apple M1 Pro,f64,128,2,25.17211702925731,0.0,0.166625,0.16612500000000002,0.0031033476601888955,,0.013333,256,5,Pauls-MacBook-Pro,936381b-dirty,2026-09-29T09:40:48Z
static-tiled,cpu,Apple M1 Pro,f64,128,4,21.5876309884092,0.0,0.194292,0.172625,0.019284971449291807,,0.037125,16,5,Pauls-MacBook-Pro,936381b-dirty,2026-09-29T09:40:48Z
static-tiled,cpu,Apple M1 Pro,f64,128,4,27.31698167276706,0.0,0.153542,0.1375,0.008553971142107037,,0.035042000000000004,32,5,Pauls-MacBook-Pro,936381b-dirty,2026-09-29T09:40:48Z
static-tiled,cpu,Apple M1 Pro,f64,128,4,37.786522522522525,0.0,0.111,0.09962499999999999,0.007956020437379484,,0.031833,64,5,Pauls-MacBook-Pro,936381b-dirty,2026-09-29T09:40:48Z
static-tiled,cpu,Apple M1 Pro,f64,128,4,37.70160898876404,0.0,0.11124999999999999,0.09929099999999999,0.012880298703834468,,0.034958,128,5,Pauls-MacBook-Pro,936381b-dirty,2026-09-29T09:40:48Z
static-tiled,cpu,Apple M1 Pro,f64,128,4,35.07441693217264,0.0,0.119583,0.118,0.018430164738818797,,0.034249999999999996,256,5,Pauls-MacBook-Pro,936381b-dirty,2026-09-29T09:40:48Z
static-tiled,cpu,Apple M1 Pro,f64,128,8,29.356458442694663,0.0,0.142875,0.13158399999999998,0.008477927889525847,,0.069917,16,5,Pauls-MacBook-Pro,936381b-dirty,2026-09-29T09:40:48Z
static-tiled,cpu,Apple M1 Pro,f64,128,8,32.917930888343,0.0,0.127417,0.10658300000000001,0.010996825050895363,,0.08620799999999999,32,5,Pauls-MacBook-Pro,936381b-dirty,2026-09-29T09:40:48Z
static-tiled,cpu,Apple M1 Pro,f64,128,8,40.00938635734931,0.0,0.10483300000000001,0.096625,0.009134119344523586,,0.0855,64,5,Pauls-MacBook-Pro,936381b-dirty,2026-09-29T09:40:48Z
static-tiled,cpu,Apple M1 Pro,f64,128,8,35.874201356517865,0.0,0.11691700000000001,0.08904200000000001,0.013513412733280952,,0.08858400000000001,128,5,Pauls-MacBook-Pro,936381b-dirty,2026-09-29T09:40:48Z
static-tiled,cpu,Apple M1 Pro,f64,128,8,36.524931640454916,0.0,0.114834,0.095167,0.011746760076719029,,0.086917,256,5,Pauls-MacBook-Pro,936381b-dirty,2026-09-29T09:40:48Z
static-tiled,cpu,Apple M1 Pro,f64,128,10,24.52207060254207,0.0,0.171042,0.14575,0.01496350802118274,,0.10825,16,5,Pauls-MacBook-Pro,936381b-dirty,2026-09-29T09:40:48Z
static-tiled,cpu,Apple M1 Pro,f64,128,10,30.831175895502096,0.0,0.136041,0.12758299999999997,0.005247536736412626,,0.105917,32,5,Pauls-MacBook-Pro,936381b-dirty,2026-09-29T09:40:48Z
static-tiled,cpu,Apple M1 Pro,f64,128,10,43.84274619252197,0.0,0.095667,0.092542,0.010985518890794374,,0.102667,64,5,Pauls-MacBook-Pro,936381b-dirty,2026-09-29T09:40:48Z
static-tiled,cpu,Apple M1 Pro,f64,128,10,38.304146118721455,0.0,0.1095,0.091,0.010766304370581395,,0.10775,128,5,Pauls-MacBook-Pro,936381b-dirty,2026-09-29T09:40:48Z
static-tiled,cpu,Apple M1 Pro,f64,128,10,24.041912666659023,0.0,0.174458,0.113708,0.03433499079947452,,0.11220799999999999,256,5,Pauls-MacBook-Pro,936381b-dirty,2026-09-29T09:40:48Z
static-tiled,cpu,Apple M1 Pro,f64,256,1,7.349832312341729,0.0,4.565333000000001,4.5494580000000004,0.048631078670948666,,0.014416,16,5,Pauls-MacBook-Pro,936381b-dirty,2026-09-29T09:40:48Z
static-tiled,cpu,Apple M1 Pro,f64,256,1,10.266920587673734,0.0,3.268208,3.263792,0.0032329606864296835,,0.014208,32,5,Pauls-MacBook-Pro,936381b-dirty,2026-09-29T09:40:48Z
static-tiled,cpu,Apple M1 Pro,f64,256,1,12.340348566042302,0.0,2.7190830000000004,2.710792,0.08641995035580602,,0.010750000000000001,64,5,Pauls-MacBook-Pro,936381b-dirty,2026-09-29T09:40:48Z
static-tiled,cpu,Apple M1 Pro,f64,256,1,10.530458505587939,0.0,3.186417,3.109375,0.071601381350502,,0.015125,128,5,Pauls-MacBook-Pro,936381b-dirty,2026-09-29T09:40:48Z
static-tiled,cpu,Apple M1 Pro,f64,256,1,12.928757889642677,0.0,2.595333,2.591875,0.003132474628787893,,0.024749999999999998,256,5,Pauls-MacBook-Pro,936381b-dirty,2026-09-29T09:40:48Z
static-tiled,cpu,Apple M1 Pro,f64,256,2,14.454288910609339,0.0,2.3214170000000003,2.314042,0.024687112589365276,,0.018791,16,5,Pauls-MacBook-Pro,936381b-dirty,2026-09-29T09:40:48Z
static-tiled,cpu,Apple M1 Pro,f64,256,2,20.18615250413596,0.0,1.66225,1.661958,0.006729726049401992,,0.022125,32,5,Pauls-MacBook-Pro,936381b-dirty,2026-09-29T09:40:48Z
static-tiled,cpu,Apple M1 Pro,f64,256,2,24.160163244968977,0.0,1.388833,1.386625,0.0022876240512811293,,0.019459,64,5,Pauls-MacBook-Pro,936381b-dirty,2026-09-29T09:40:48Z
static-tiled,cpu,Apple M1 Pro,f64,256,2,20.718482582410694,0.0,1.619541,1.6083749999999999,0.048092540282251676,,0.017708,128,5,Pauls-MacBook-Pro,936381b-dirty,2026-09-29T09:40:48Z
static-tiled,cpu,Apple M1 Pro,f64,256,2,24.493770060521914,0.0,1.369917,1.330209,0.022014500341820144,,0.023666,256,5,Pauls-MacBook-Pro,936381b-dirty,2026-09-29T09:40:48Z
static-tiled,cpu,Apple M1 Pro,f64,256,4,27.280957561152498,0.0,1.2299579999999999,1.201875,0.012855220787679991,,0.03808400000000001,16,5,Pauls-MacBook-Pro,936381b-dirty,2026-09-29T09:40:48Z
static-tiled,cpu,Apple M1 Pro,f64,256,4,37.06648108257387,0.0,0.90525,0.891917,0.014394202398882686,,0.046417,32,5,Pauls-MacBook-Pro,936381b-dirty,2026-09-29T09:40:48Z
static-tiled,cpu,Apple M1 Pro,f64,256,4,44.47240821736249,0.0,0.7545,0.7527919999999999,0.008652555501122218,,0.041375,64,5,Pauls-MacBook-Pro,936381b-dirty,2026-09-29T09:40:48Z
static-tiled,cpu,Apple M1 Pro,f64,256,4,39.2334779304297,0.0,0.85525,0.83875,0.007931890714073133,,0.033708,128,5,Pauls-MacBook-Pro,936381b-dirty,2026-09-29T09:40:48Z
static-tiled,cpu,Apple M1 Pro,f64,256,4,46.517191758602806,0.0,0.721334,0.708375,0.007226384829221334,,0.039,256,5,Pauls-MacBook-Pro,936381b-dirty,2026-09-29T09:40:48Z
static-tiled,cpu,Apple M1 Pro,f64,256,8,49.99416240667375,0.0,0.671167,0.653792,0.01578608231006032,,0.081916,16,5,Pauls-MacBook-Pro,936381b-dirty,2026-09-29T09:40:48Z
static-tiled,cpu,Apple M1 Pro,f64,256,8,63.275507221506686,0.0,0.530291,0.516833,0.020566857579610933,,0.082333,32,5,Pauls-MacBook-Pro,936381b-dirty,2026-09-29T09:40:48Z
static-tiled,cpu,Apple M1 Pro,f64,256,8,79.52078642898108,0.0,0.421958,0.417,0.00751972970258908,,0.078292,64,5,Pauls-MacBook-Pro,936381b-dirty,2026-09-29T09:40:48Z
static-tiled,cpu,Apple M1 Pro,f64,256,8,68.63011922269015,0.0,0.48891699999999993,0.469292,0.010397203965489939,,0.073542,128,5,Pauls-MacBook-Pro,936381b-dirty,2026-09-29T09:40:48Z
static-tiled,cpu,Apple M1 Pro,f64,256,8,83.78135330836454,0.0,0.40049999999999997,0.394666,0.011056109048847143,,0.07125,256,5,Pauls-MacBook-Pro,936381b-dirty,2026-09-29T09:40:48Z
static-tiled,cpu,Apple M1 Pro,f64,256,10,31.607921377791467,0.0,1.0615830000000002,0.902084,0.07388335217219104,,0.089583,16,5,Pauls-MacBook-Pro,936381b-dirty,2026-09-29T09:40:48Z
static-tiled,cpu,Apple M1 Pro,f64,256,10,43.38701406174236,0.0,0.7733749999999999,0.7354590000000001,0.02640385199549489,,0.09112500000000001,32,5,Pauls-MacBook-Pro,936381b-dirty,2026-09-29T09:40:48Z
static-tiled,cpu,Apple M1 Pro,f64,256,10,53.11346576968737,0.0,0.63175,0.603417,0.025218561810698082,,0.102,64,5,Pauls-MacBook-Pro,936381b-dirty,2026-09-29T09:40:48Z
static-tiled,cpu,Apple M1 Pro,f64,256,10,47.84665994572866,0.0,0.701291,0.686417,0.05264397623375347,,0.114,128,5,Pauls-MacBook-Pro,936381b-dirty,2026-09-29T09:40:48Z
static-tiled,cpu,Apple M1 Pro,f64,256,10,53.28925493833239,0.0,0.629666,0.5647920000000001,0.1454194466266462,,0.098917,256,5,Pauls-MacBook-Pro,936381b-dirty,2026-09-29T09:40:48Z
static-tiled,cpu,Apple M1 Pro,f64,512,1,7.2223895714290505,0.0,37.167125000000006,36.947458000000005,0.17448540529568474,,0.031083,16,5,Pauls-MacBook-Pro,936381b-dirty,2026-09-29T09:40:48Z
static-tiled,cpu,Apple M1 Pro,f64,512,1,9.034479251427346,0.0,29.712333,29.531416,0.1980448609045425,,0.04575,32,5,Pauls-MacBook-Pro,936381b-dirty,2026-09-29T09:40:48Z
static-tiled,cpu,Apple M1 Pro,f64,512,1,10.567146428116896,0.0,25.402833,25.351125,0.11449169068015298,,0.030042000000000003,64,5,Pauls-MacBook-Pro,936381b-dirty,2026-09-29T09:40:48Z
static-tiled,cpu,Apple M1 Pro,f64,512,1,10.405701943616762,0.0,25.796958,25.640125,0.22580729901909818,,0.0265,128,5,Pauls-MacBook-Pro,936381b-dirty,2026-09-29T09:40:48Z
static-tiled,cpu,Apple M1 Pro,f64,512,1,10.265201715546004,0.0,26.150042,25.794959,0.3605118655546584,,0.02775,256,5,Pauls-MacBook-Pro,936381b-dirty,2026-09-29T09:40:48Z
static-tiled,cpu,Apple M1 Pro,f64,512,2,14.110821870461997,0.0,19.023374999999998,18.868458,0.089854504431887,,0.039,16,5,Pauls-MacBook-Pro,936381b-dirty,2026-09-29T09:40:48Z
static-tiled,cpu,Apple M1 Pro,f64,512,2,17.815231603922282,0.0,15.06775,15.014291,0.07850971300609871,,0.040375,32,5,Pauls-MacBook-Pro,936381b-dirty,2026-09-29T09:40:48Z
static-tiled,cpu,Apple M1 Pro,f64,512,2,20.471592515372446,0.0,13.112583,12.961667,0.10738410246772978,,0.034332999999999995,64,5,Pauls-MacBook-Pro,936381b-dirty,2026-09-29T09:40:48Z
static-tiled,cpu,Apple M1 Pro,f64,512,2,20.28766865392547,0.0,13.231459,13.150875,0.08629387483187898,,0.0365,128,5,Pauls-MacBook-Pro,936381b-dirty,2026-09-29T09:40:48Z
static-tiled,cpu,Apple M1 Pro,f64,512,2,20.013764430336916,0.0,13.412542,13.15925,0.1771745918541934,,0.036208000000000004,256,5,Pauls-MacBook-Pro,936381b-dirty,2026-09-29T09:40:48Z
static-tiled,cpu,Apple M1 Pro,f64,512,4,27.41025257192454,0.0,9.79325,9.781,0.03332634276814604,,0.051458000000000004,16,5,Pauls-MacBook-Pro,936381b-dirty,2026-09-29T09:40:48Z
static-tiled,cpu,Apple M1 Pro,f64,512,4,34.02690838298844,0.0,7.888917,7.842791,0.03806894927365354,,0.053041000000000005,32,5,Pauls-MacBook-Pro,936381b-dirty,2026-09-29T09:40:48Z
static-tiled,cpu,Apple M1 Pro,f64,512,4,40.03487167341706,0.0,6.7050410000000005,6.63375,0.04876561103380125,,0.050167,64,5,Pauls-MacBook-Pro,936381b-dirty,2026-09-29T09:40:48Z
static-tiled,cpu,Apple M1 Pro,f64,512,4,39.75446949158617,0.0,6.752333999999999,6.674416,0.05675884154297033,,0.059416000000000004,128,5,Pauls-MacBook-Pro,936381b-dirty,2026-09-29T09:40:48Z
static-tiled,cpu,Apple M1 Pro,f64,512,4,39.61245366737194,0.0,6.776542,6.661292,0.0961852987009968,,0.062,256,5,Pauls-MacBook-Pro,936381b-dirty,2026-09-29T09:40:48Z
static-tiled,cpu,Apple M1 Pro,f64,512,8,40.45672930050301,0.0,6.635125,4.945416,0.9185971539626607,,0.094166,16,5,Pauls-MacBook-Pro,936381b-dirty,2026-09-29T09:40:48Z
static-tiled,cpu,Apple M1 Pro,f64,512,8,56.83528878210272,0.0,4.723042,4.455458,0.5646922281196194,,0.101166,32,5,Pauls-MacBook-Pro,936381b-dirty,2026-09-29T09:40:48Z
static-tiled,cpu,Apple M1 Pro,f64,512,8,78.72104465802805,0.0,3.409958,3.3815,0.11855483665038719,,0.09875,64,5,Pauls-MacBook-Pro,936381b-dirty,2026-09-29T09:40:48Z
static-tiled,cpu,Apple M1 Pro,f64,512,8,76.1446875671922,0.0,3.5253340000000004,3.486959,0.12069591827191166,,0.108584,128,5,Pauls-MacBook-Pro,936381b-dirty,2026-09-29T09:40:48Z
static-tiled,cpu,Apple M1 Pro,f64,512,8,72.56891270766864,0.0,3.699042,3.456125,0.2688935040304988,,0.096292,256,5,Pauls-MacBook-Pro,936381b-dirty,2026-09-29T09:40:48Z
static-tiled,cpu,Apple M1 Pro,f64,512,10,39.98368333054051,0.0,6.713625,6.5050419999999995,0.34413659645292044,,0.118334,16,5,Pauls-MacBook-Pro,936381b-dirty,2026-09-29T09:40:48Z
static-tiled,cpu,Apple M1 Pro,f64,512,10,42.88763342499274,0.0,6.259041,5.571708,0.3678365808231966,,0.110708,32,5,Pauls-MacBook-Pro,936381b-dirty,2026-09-29T09:40:48Z
static-tiled,cpu,Apple M1 Pro,f64,512,10,55.49866760833785,0.0,4.836791,4.5520830000000005,0.22260021000259606,,0.11787500000000001,64,5,Pauls-MacBook-Pro,936381b-dirty,2026-09-29T09:40:48Z
static-tiled,cpu,Apple M1 Pro,f64,512,10,55.71945844684881,0.0,4.817625,4.416083,0.42511999446897314,,0.11620799999999999,128,5,Pauls-MacBook-Pro,936381b-dirty,2026-09-29T09:40:48Z
static-tiled,cpu,Apple M1 Pro,f64,512,10,53.640606250623215,0.0,5.004333,4.929,0.24333426533227895,,0.115959,256,5,Pauls-MacBook-Pro,936381b-dirty,2026-09-29T09:40:48Z
static-tiled,cpu,Apple M1 Pro,f64,1024,1,6.141466865139797,0.0,349.6695,347.455833,1.1603031570875528,,0.037625,16,5,Pauls-MacBook-Pro,936381b-dirty,2026-09-29T09:40:48Z
static-tiled,cpu,Apple M1 Pro,f64,1024,1,7.2774819432013595,0.0,295.086084,293.36316600000004,1.0561133112352454,,0.050624999999999996,32,5,Pauls-MacBook-Pro,936381b-dirty,2026-09-29T09:40:48Z
static-tiled,cpu,Apple M1 Pro,f64,1024,1,9.005109170933393,0.0,238.473916,237.90533299999998,0.7245238409111953,,0.039916999999999994,64,5,Pauls-MacBook-Pro,936381b-dirty,2026-09-29T09:40:48Z
static-tiled,cpu,Apple M1 Pro,f64,1024,1,9.487117017687147,0.0,226.35787499999998,225.609,2.086611197402084,,0.048708,128,5,Pauls-MacBook-Pro,936381b-dirty,2026-09-29T09:40:48Z
static-tiled,cpu,Apple M1 Pro,f64,1024,1,9.996740958495753,0.0,214.818375,214.13570900000002,1.7683682951814559,,0.051958,256,5,Pauls-MacBook-Pro,936381b-dirty,2026-09-29T09:40:48Z
static-tiled,cpu,Apple M1 Pro,f64,1024,2,11.960079728976904,0.0,179.554292,178.81425000000002,0.4040881717162681,,0.051875,16,5,Pauls-MacBook-Pro,936381b-dirty,2026-09-29T09:40:48Z
static-tiled,cpu,Apple M1 Pro,f64,1024,2,14.096700068343422,0.0,152.339458,151.46658399999998,2.405816225808362,,0.064458,32,5,Pauls-MacBook-Pro,936381b-dirty,2026-09-29T09:40:48Z
static-tiled,cpu,Apple M1 Pro,f64,1024,2,15.995786346330785,0.0,134.253084,126.29199999999999,6.347751541065442,,0.04875,64,5,Pauls-MacBook-Pro,936381b-dirty,2026-09-29T09:40:48Z
static-tiled,cpu,Apple M1 Pro,f64,1024,2,16.572157176428018,0.0,129.583833,123.398959,4.924541438527988,,0.058582999999999996,128,5,Pauls-MacBook-Pro,936381b-dirty,2026-09-29T09:40:48Z
static-tiled,cpu,Apple M1 Pro,f64,1024,2,18.14980707051888,0.0,118.31991599999999,115.35387499999999,1.6058323103214436,,0.050457999999999996,256,5,Pauls-MacBook-Pro,936381b-dirty,2026-09-29T09:40:48Z
static-tiled,cpu,Apple M1 Pro,f64,1024,4,23.109351183264824,0.0,92.927042,92.696375,0.1709373834756423,,0.07358400000000001,16,5,Pauls-MacBook-Pro,936381b-dirty,2026-09-29T09:40:48Z
static-tiled,cpu,Apple M1 Pro,f64,1024,4,27.993829552453796,0.0,76.71275,76.464625,0.2178543918763156,,0.074125,32,5,Pauls-MacBook-Pro,936381b-dirty,2026-09-29T09:40:48Z
static-tiled,cpu,Apple M1 Pro,f64,1024,4,34.5774607436563,0.0,62.106459,61.562791999999995,0.7430384594166719,,0.0665,64,5,Pauls-MacBook-Pro,936381b-dirty,2026-09-29T09:40:48Z
static-tiled,cpu,Apple M1 Pro,f64,1024,4,36.6618328105945,0.0,58.575458,57.971125,0.9179909716635024,,0.072333,128,5,Pauls-MacBook-Pro,936381b-dirty,2026-09-29T09:40:48Z
static-tiled,cpu,Apple M1 Pro,f64,1024,4,39.03773438861389,0.0,55.010458,54.585333999999996,0.48602941673246625,,0.075375,256,5,Pauls-MacBook-Pro,936381b-dirty,2026-09-29T09:40:48Z
static-tiled,cpu,Apple M1 Pro,f64,1024,8,43.46931207159376,0.0,49.402292,47.851834000000004,0.7197969112776176,,0.11691700000000001,16,5,Pauls-MacBook-Pro,936381b-dirty,2026-09-29T09:40:48Z
static-tiled,cpu,Apple M1 Pro,f64,1024,8,58.92234121714317,0.0,36.446,35.215583,0.9831153875916596,,0.123333,32,5,Pauls-MacBook-Pro,936381b-dirty,2026-09-29T09:40:48Z
static-tiled,cpu,Apple M1 Pro,f64,1024,8,66.04229943846549,0.0,32.516791000000005,31.71925,1.0850497948891573,,0.098125,64,5,Pauls-MacBook-Pro,936381b-dirty,2026-09-29T09:40:48Z
static-tiled,cpu,Apple M1 Pro,f64,1024,8,70.9076879872877,0.0,30.285625,29.351583,2.147484173385615,,0.119125,128,5,Pauls-MacBook-Pro,936381b-dirty,2026-09-29T09:40:48Z
static-tiled,cpu,Apple M1 Pro,f64,1024,8,73.24514793671366,0.0,29.319125,28.446083,3.2093779862098204,,0.12275,256,5,Pauls-MacBook-Pro,936381b-dirty,2026-09-29T09:40:48Z
static-tiled,cpu,Apple M1 Pro,f64,1024,10,39.568754011261156,0.0,54.272208,50.438833,2.602884155526382,,0.13833399999999998,16,5,Pauls-MacBook-Pro,936381b-dirty,2026-09-29T09:40:48Z
static-tiled,cpu,Apple M1 Pro,f64,1024,10,50.563875634852245,0.0,42.470709,40.421375000000005,1.7203182215973267,,0.152083,32,5,Pauls-MacBook-Pro,936381b-dirty,2026-09-29T09:40:48Z
static-tiled,cpu,Apple M1 Pro,f64,1024,10,53.44996311115552,0.0,40.177458,37.283958,1.8215994965696507,,0.125541,64,5,Pauls-MacBook-Pro,936381b-dirty,2026-09-29T09:40:48Z
static-tiled,cpu,Apple M1 Pro,f64,1024,10,59.95912775012766,0.0,35.815792,33.909334,2.0188894158687822,,0.20604099999999997,128,5,Pauls-MacBook-Pro,936381b-dirty,2026-09-29T09:40:48Z
static-tiled,cpu,Apple M1 Pro,f64,1024,10,58.85411462594123,0.0,36.48825,36.127208,1.4850357065731754,,0.151292,256,5,Pauls-MacBook-Pro,936381b-dirty,2026-09-29T09:40:48Z
static-tiled,cpu,Apple M1 Pro,f64,2048,1,5.761791113694285,0.0,2981.6890000000003,2977.2545,5.926536208126624,,0.0455,16,5,Pauls-MacBook-Pro,936381b-dirty,2026-09-29T09:40:48Z
static-tiled,cpu,Apple M1 Pro,f64,2048,1,7.78701513796346,0.0,2206.2200829999997,2203.852625,1.7987290370590139,,0.044166,32,5,Pauls-MacBook-Pro,936381b-dirty,2026-09-29T09:40:48Z
static-tiled,cpu,Apple M1 Pro,f64,2048,1,10.164932422505851,0.0,1690.1115,1687.344417,10.217386300867105,,0.040667,64,5,Pauls-MacBook-Pro,936381b-dirty,2026-09-29T09:40:48Z
static-tiled,cpu,Apple M1 Pro,f64,2048,1,9.728856788574072,0.0,1765.867209,1747.645917,11.884064525876417,,0.049459,128,5,Pauls-MacBook-Pro,936381b-dirty,2026-09-29T09:40:48Z
static-tiled,cpu,Apple M1 Pro,f64,2048,1,9.917917502817557,0.0,1732.2052919999999,1718.123167,17.837930174573994,,0.045792,256,5,Pauls-MacBook-Pro,936381b-dirty,2026-09-29T09:40:48Z
static-tiled,cpu,Apple M1 Pro,f64,2048,2,11.102374688912791,0.0,1547.404917,1543.163375,3.1684398419175057,,0.058415999999999996,16,5,Pauls-MacBook-Pro,936381b-dirty,2026-09-29T09:40:48Z
static-tiled,cpu,Apple M1 Pro,f64,2048,2,15.069971457625142,0.0,1140.00675,1131.526625,3.8994476410197456,,0.056041,32,5,Pauls-MacBook-Pro,936381b-dirty,2026-09-29T09:40:48Z
static-tiled,cpu,Apple M1 Pro,f64,2048,2,19.703150717778456,0.0,871.9351250000001,869.3245830000001,1.3050994709748835,,0.057,64,5,Pauls-MacBook-Pro,936381b-dirty,2026-09-29T09:40:48Z
static-tiled,cpu,Apple M1 Pro,f64,2048,2,16.76018915361817,0.0,1025.040292,1007.4834589999999,14.905935808258466,,0.06025,128,5,Pauls-MacBook-Pro,936381b-dirty,2026-09-29T09:40:48Z
static-tiled,cpu,Apple M1 Pro,f64,2048,2,18.14962802075259,0.0,946.568666,926.585917,9.580661423644665,,0.058834,256,5,Pauls-MacBook-Pro,936381b-dirty,2026-09-29T09:40:48Z
static-tiled,cpu,Apple M1 Pro,f64,2048,4,22.07028118995887,0.0,778.416416,777.557167,0.8848347055266909,,0.05725,16,5,Pauls-MacBook-Pro,936381b-dirty,2026-09-29T09:40:48Z
static-tiled,cpu,Apple M1 Pro,f64,2048,4,29.88393868962367,0.0,574.8863749999999,573.757375,1.062910789092605,,0.069375,32,5,Pauls-MacBook-Pro,936381b-dirty,2026-09-29T09:40:48Z
static-tiled,cpu,Apple M1 Pro,f64,2048,4,39.327413389336854,0.0,436.842083,435.339208,0.7560344667786034,,0.08762500000000001,64,5,Pauls-MacBook-Pro,936381b-dirty,2026-09-29T09:40:48Z
static-tiled,cpu,Apple M1 Pro,f64,2048,4,36.45680038809515,0.0,471.239083,465.26099999999997,5.076191529142723,,0.068292,128,5,Pauls-MacBook-Pro,936381b-dirty,2026-09-29T09:40:48Z
static-tiled,cpu,Apple M1 Pro,f64,2048,4,37.643476055021665,0.0,456.383708,451.385292,3.3913433731395815,,0.07387500000000001,256,5,Pauls-MacBook-Pro,936381b-dirty,2026-09-29T09:40:48Z
static-tiled,cpu,Apple M1 Pro,f64,2048,8,38.429040672268705,0.0,447.054334,435.37395899999996,7.538667162828784,,0.13816699999999998,16,5,Pauls-MacBook-Pro,936381b-dirty,2026-09-29T09:40:48Z
static-tiled,cpu,Apple M1 Pro,f64,2048,8,52.62541457456332,0.0,326.45574999999997,311.574166,15.363782427859151,,0.127167,32,5,Pauls-MacBook-Pro,936381b-dirty,2026-09-29T09:40:48Z
static-tiled,cpu,Apple M1 Pro,f64,2048,8,67.59013560018158,0.0,254.17716699999997,243.649125,8.395786868100544,,0.143709,64,5,Pauls-MacBook-Pro,936381b-dirty,2026-09-29T09:40:48Z
static-tiled,cpu,Apple M1 Pro,f64,2048,8,68.21731760063238,0.0,251.84029200000003,232.080708,16.82014431414247,,0.134791,128,5,Pauls-MacBook-Pro,936381b-dirty,2026-09-29T09:40:48Z
static-tiled,cpu,Apple M1 Pro,f64,2048,8,69.6801451914907,0.0,246.553292,245.332042,5.095809915827075,,0.154667,256,5,Pauls-MacBook-Pro,936381b-dirty,2026-09-29T09:40:48Z
static-tiled,cpu,Apple M1 Pro,f64,2048,10,38.23193572401584,0.0,449.359125,422.350709,16.049476065802974,,0.140417,16,5,Pauls-MacBook-Pro,936381b-dirty,2026-09-29T09:40:48Z
static-tiled,cpu,Apple M1 Pro,f64,2048,10,52.77551101306737,0.0,325.52729200000005,323.21537500000005,2.3981375349308927,,0.12441700000000001,32,5,Pauls-MacBook-Pro,936381b-dirty,2026-09-29T09:40:48Z
static-tiled,cpu,Apple M1 Pro,f64,2048,10,67.84110404142368,0.0,253.23687499999997,249.136958,4.8718691180251055,,0.15670800000000001,64,5,Pauls-MacBook-Pro,936381b-dirty,2026-09-29T09:40:48Z
static-tiled,cpu,Apple M1 Pro,f64,2048,10,66.71561739333505,0.0,257.508959,247.208666,10.359669228431944,,0.144459,128,5,Pauls-MacBook-Pro,936381b-dirty,2026-09-29T09:40:48Z
static-tiled,cpu,Apple M1 Pro,f64,2048,10,61.861741871829146,0.0,277.713958,265.831541,8.807080230172465,,0.145334,256,5,Pauls-MacBook-Pro,936381b-dirty,2026-09-29T09:40:48Z
static-tiled,cpu,Apple M1 Pro,f64,4096,1,5.732702442984993,0.0,23974.548625,23766.310083,237.39974890091722,,0.040458,16,5,Pauls-MacBook-Pro,936381b-dirty,2026-09-29T09:40:48Z
static-tiled,cpu,Apple M1 Pro,f64,4096,1,7.8088039679395,0.0,17600.512708,17475.542916,122.70700640553142,,0.048042,32,5,Pauls-MacBook-Pro,936381b-dirty,2026-09-29T09:40:48Z
static-tiled,cpu,Apple M1 Pro,f64,4096,1,10.059849028063995,0.0,13662.128834000001,13655.8135,9.206836029354134,,0.046875,64,5,Pauls-MacBook-Pro,936381b-dirty,2026-09-29T09:40:48Z
static-tiled,cpu,Apple M1 Pro,f64,4096,1,9.69868637226012,0.0,14170.883375000001,14164.722,53.82153458362167,,0.049833,128,5,Pauls-MacBook-Pro,936381b-dirty,2026-09-29T09:40:48Z
static-tiled,cpu,Apple M1 Pro,f64,4096,1,9.645966205840786,0.0,14248.334541,14212.94125,55.253757797206575,,0.044541,256,5,Pauls-MacBook-Pro,936381b-dirty,2026-09-29T09:40:48Z
static-tiled,cpu,Apple M1 Pro,f64,4096,2,10.897579058672287,0.0,12611.879458000001,12590.639,14.674854885613895,,0.035125,16,5,Pauls-MacBook-Pro,936381b-dirty,2026-09-29T09:40:48Z
static-tiled,cpu,Apple M1 Pro,f64,4096,2,14.71668450337449,0.0,9338.988917,9333.818083,3.879474145081222,,0.049249999999999995,32,5,Pauls-MacBook-Pro,936381b-dirty,2026-09-29T09:40:48Z
static-tiled,cpu,Apple M1 Pro,f64,4096,2,19.16747237586667,0.0,7170.426584000001,7165.304334,5.050491476973268,,0.054875,64,5,Pauls-MacBook-Pro,936381b-dirty,2026-09-29T09:40:48Z
static-tiled,cpu,Apple M1 Pro,f64,4096,2,13.78108026278012,0.0,9973.017415999999,9884.533375,41.85107891400593,,0.056666,128,5,Pauls-MacBook-Pro,936381b-dirty,2026-09-29T09:40:48Z
static-tiled,cpu,Apple M1 Pro,f64,4096,2,14.268873727482115,0.0,9632.081417,8752.393791999999,456.53824361961705,,0.060958,256,5,Pauls-MacBook-Pro,936381b-dirty,2026-09-29T09:40:48Z
static-tiled,cpu,Apple M1 Pro,f64,4096,4,22.0494655058487,0.0,6233.210208,6223.155291,6.411830170268325,,0.14858300000000002,16,5,Pauls-MacBook-Pro,936381b-dirty,2026-09-29T09:40:48Z
static-tiled,cpu,Apple M1 Pro,f64,4096,4,29.599101246080718,0.0,4643.348875,4635.36125,4.157694646192059,,0.07454200000000001,32,5,Pauls-MacBook-Pro,936381b-dirty,2026-09-29T09:40:48Z
static-tiled,cpu,Apple M1 Pro,f64,4096,4,38.162327716308404,0.0,3601.430041,3587.887334,16.9547020405169,,0.075958,64,5,Pauls-MacBook-Pro,936381b-dirty,2026-09-29T09:40:48Z
static-tiled,cpu,Apple M1 Pro,f64,4096,4,36.288613897947585,0.0,3787.385042,3774.0706250000003,14.892263532357317,,0.064875,128,5,Pauls-MacBook-Pro,936381b-dirty,2026-09-29T09:40:48Z
static-tiled,cpu,Apple M1 Pro,f64,4096,4,37.250449288925445,0.0,3689.591833,3668.991125,322.89264947004557,,0.08320799999999999,256,5,Pauls-MacBook-Pro,936381b-dirty,2026-09-29T09:40:48Z
static-tiled,cpu,Apple M1 Pro,f64,4096,8,43.21285216654186,0.0,3180.511042,3175.577166,27.749056198049438,,0.13799999999999998,16,5,Pauls-MacBook-Pro,936381b-dirty,2026-09-29T09:40:48Z
static-tiled,cpu,Apple M1 Pro,f64,4096,8,52.797934954394194,0.0,2603.1122920000003,2430.556291,140.01914118218258,,0.133083,32,5,Pauls-MacBook-Pro,936381b-dirty,2026-09-29T09:40:48Z
static-tiled,cpu,Apple M1 Pro,f64,4096,8,75.22387178216293,0.0,1827.0656669999998,1820.270083,45.97776546399603,,0.133042,64,5,Pauls-MacBook-Pro,936381b-dirty,2026-09-29T09:40:48Z
static-tiled,cpu,Apple M1 Pro,f64,4096,8,72.5909837975701,0.0,1893.333666,1889.036584,7.588693946840073,,0.11770800000000001,128,5,Pauls-MacBook-Pro,936381b-dirty,2026-09-29T09:40:48Z
static-tiled,cpu,Apple M1 Pro,f64,4096,8,61.35297804462679,0.0,2240.1349999999998,2033.236792,146.0922429606102,,0.115625,256,5,Pauls-MacBook-Pro,936381b-dirty,2026-09-29T09:40:48Z
static-tiled,cpu,Apple M1 Pro,f64,4096,10,46.975294869271174,0.0,2925.770958,2909.738375,12.696167407089309,,0.14529199999999998,16,5,Pauls-MacBook-Pro,936381b-dirty,2026-09-29T09:40:48Z
static-tiled,cpu,Apple M1 Pro,f64,4096,10,60.909497298156396,0.0,2256.4453750000002,2216.578,26.57801931483378,,0.182542,32,5,Pauls-MacBook-Pro,936381b-dirty,2026-09-29T09:40:48Z
static-tiled,cpu,Apple M1 Pro,f64,4096,10,73.87401123278482,0.0,1860.4506669999998,1782.6985829999999,40.71397599061448,,0.167291,64,5,Pauls-MacBook-Pro,936381b-dirty,2026-09-29T09:40:48Z
static-tiled,cpu,Apple M1 Pro,f64,4096,10,64.53222155238596,0.0,2129.772541,2008.4645,65.9088558254603,,0.21975,128,5,Pauls-MacBook-Pro,936381b-dirty,2026-09-29T09:40:48Z
static-tiled,cpu,Apple M1 Pro,f64,4096,10,45.39687797823078,0.0,3027.4979160000003,2891.286625,168.1934725259701,,0.196875,256,5,Pauls-MacBook-Pro,936381b-dirty,2026-09-29T09:40:48Z
static-tiled,cpu,Apple M1 Pro,i32,64,1,7.938705672148027,0.0,0.066042,0.06275,0.009400486476773426,,0.035875,16,5,Pauls-MacBook-Pro,936381b-dirty,2026-09-29T09:40:48Z
static-tiled,cpu,Apple M1 Pro,i32,64,1,11.565261509275803,0.0,0.045333,0.043000000000000003,0.02242323983727597,,0.019083,32,5,Pauls-MacBook-Pro,936381b-dirty,2026-09-29T09:40:48Z
static-tiled,cpu,Apple M1 Pro,i32,64,1,18.105117756751156,0.0,0.028958,0.027958,0.000521826407917422,,0.015416,64,5,Pauls-MacBook-Pro,936381b-dirty,2026-09-29T09:40:48Z
static-tiled,cpu,Apple M1 Pro,i32,64,1,17.647446901612305,0.0,0.029709,0.028666,0.004896048610869791,,0.010917000000000001,128,5,Pauls-MacBook-Pro,936381b-dirty,2026-09-29T09:40:48Z
static-tiled,cpu,Apple M1 Pro,i32,64,1,17.92437606837607,0.0,0.029249999999999998,0.028334,0.0011559135780844518,,0.014959,256,5,Pauls-MacBook-Pro,936381b-dirty,2026-09-29T09:40:48Z
static-tiled,cpu,Apple M1 Pro,i32,64,2,14.331465434764782,0.0,0.036583,0.034999999999999996,0.00223100284625547,,0.02225,16,5,Pauls-MacBook-Pro,936381b-dirty,2026-09-29T09:40:48Z
static-tiled,cpu,Apple M1 Pro,i32,64,2,14.1382304560041,0.0,0.037083,0.027416999999999997,0.008831115303289842,,0.020375,32,5,Pauls-MacBook-Pro,936381b-dirty,2026-09-29T09:40:48Z
static-tiled,cpu,Apple M1 Pro,i32,64,2,14.768676056338029,0.0,0.035500000000000004,0.020166,0.016505167548377084,,0.02325,64,5,Pauls-MacBook-Pro,936381b-dirty,2026-09-29T09:40:48Z
static-tiled,cpu,Apple M1 Pro,i32,64,2,27.962026666666667,0.0,0.01875,0.017583,0.005550017900872032,,0.026125000000000002,128,5,Pauls-MacBook-Pro,936381b-dirty,2026-09-29T09:40:48Z
static-tiled,cpu,Apple M1 Pro,i32,64,2,28.46915725456125,0.0,0.018416000000000002,0.017167,0.0033968065443884194,,0.020458999999999998,256,5,Pauls-MacBook-Pro,936381b-dirty,2026-09-29T09:40:48Z
static-tiled,cpu,Apple M1 Pro,i32,64,4,10.837994832041344,0.0,0.048374999999999994,0.034,0.01224521590254741,,0.038416,16,5,Pauls-MacBook-Pro,936381b-dirty,2026-09-29T09:40:48Z
static-tiled,cpu,Apple M1 Pro,i32,64,4,16.028860558256135,0.0,0.032709,0.029292,0.017055413618555258,,0.05,32,5,Pauls-MacBook-Pro,936381b-dirty,2026-09-29T09:40:48Z
static-tiled,cpu,Apple M1 Pro,i32,64,4,17.648040931735558,0.0,0.029708000000000002,0.02275,0.018873646462726802,,0.056125,64,5,Pauls-MacBook-Pro,936381b-dirty,2026-09-29T09:40:48Z
static-tiled,cpu,Apple M1 Pro,i32,64,4,18.64135111111111,0.0,0.028125,0.024583,0.006835126297296928,,0.041832999999999995,128,5,Pauls-MacBook-Pro,936381b-dirty,2026-09-29T09:40:48Z
static-tiled,cpu,Apple M1 Pro,i32,64,4,12.972288202692003,0.0,0.040416,0.0245,0.01477989043599444,,0.050667000000000004,256,5,Pauls-MacBook-Pro,936381b-dirty,2026-09-29T09:40:48Z
static-tiled,cpu,Apple M1 Pro,i32,64,8,8.898755876911586,0.0,0.058917,0.042375,0.020481398743738184,,0.094833,16,5,Pauls-MacBook-Pro,936381b-dirty,2026-09-29T09:40:48Z
static-tiled,cpu,Apple M1 Pro,i32,64,8,9.978455330973317,0.0,0.052542,0.049375,0.012962757874001968,,0.105292,32,5,Pauls-MacBook-Pro,936381b-dirty,2026-09-29T09:40:48Z
static-tiled,cpu,Apple M1 Pro,i32,64,8,11.224800890639719,0.0,0.046708,0.042125,0.009180581871537336,,0.091167,64,5,Pauls-MacBook-Pro,936381b-dirty,2026-09-29T09:40:48Z
static-tiled,cpu,Apple M1 Pro,i32,64,8,8.762375906675135,0.0,0.059834,0.036875000000000005,0.011530846746878563,,0.09674999999999999,128,5,Pauls-MacBook-Pro,936381b-dirty,2026-09-29T09:40:48Z
static-tiled,cpu,Apple M1 Pro,i32,64,8,8.817787345689394,0.0,0.059458,0.030458,0.018023626624517054,,0.1075,256,5,Pauls-MacBook-Pro,936381b-dirty,2026-09-29T09:40:48Z
static-tiled,cpu,Apple M1 Pro,i32,64,10,8.133792547084925,0.0,0.064458,0.035584,0.02776834706639918,,0.165458,16,5,Pauls-MacBook-Pro,936381b-dirty,2026-09-29T09:40:48Z
static-tiled,cpu,Apple M1 Pro,i32,64,10,10.97985340314136,0.0,0.04775,0.038208,0.009545837663610252,,0.161125,32,5,Pauls-MacBook-Pro,936381b-dirty,2026-09-29T09:40:48Z
static-tiled,cpu,Apple M1 Pro,i32,64,10,9.525408331970713,0.0,0.055041,0.051833000000000004,0.007066770146254937,,0.13725,64,5,Pauls-MacBook-Pro,936381b-dirty,2026-09-29T09:40:48Z
static-tiled,cpu,Apple M1 Pro,i32,64,10,8.349598674990444,0.0,0.062792,0.023084,0.02826194187772666,,0.165375,128,5,Pauls-MacBook-Pro,936381b-dirty,2026-09-29T09:40:48Z
static-tiled,cpu,Apple M1 Pro,i32,64,10,14.027772575250836,0.0,0.037375,0.024583,0.015908924344530652,,0.13137500000000002,256,5,Pauls-MacBook-Pro,936381b-dirty,2026-09-29T09:40:48Z
static-tiled,cpu,Apple M1 Pro,i32,128,1,9.13873352521685,0.0,0.458959,0.455834,0.016316681356820097,,0.011666,16,5,Pauls-MacBook-Pro,936381b-dirty,2026-09-29T09:40:48Z
static-tiled,cpu,Apple M1 Pro,i32,128,1,13.7743973727422,0.0,0.3045,0.301292,0.015875785989991165,,0.008209000000000001,32,5,Pauls-MacBook-Pro,936381b-dirty,2026-09-29T09:40:48Z
static-tiled,cpu,Apple M1 Pro,i32,128,1,20.884535907943416,0.0,0.200833,0.19908299999999998,0.016366990835214645,,0.0115,64,5,Pauls-MacBook-Pro,936381b-dirty,2026-09-29T09:40:48Z
static-tiled,cpu,Apple M1 Pro,i32,128,1,29.288196190156974,0.0,0.143208,0.13899999999999998,0.006312161777077645,,0.011375,128,5,Pauls-MacBook-Pro,936381b-dirty,2026-09-29T09:40:48Z
static-tiled,cpu,Apple M1 Pro,i32,128,1,29.279609075043627,0.0,0.14325000000000002,0.139292,0.017128294091940378,,0.0115,256,5,Pauls-MacBook-Pro,936381b-dirty,2026-09-29T09:40:48Z
static-tiled,cpu,Apple M1 Pro,i32,128,2,17.415746946029216,0.0,0.240834,0.23970799999999998,0.0053983931683418635,,0.018040999999999998,16,5,Pauls-MacBook-Pro,936381b-dirty,2026-09-29T09:40:48Z
static-tiled,cpu,Apple M1 Pro,i32,128,2,23.162328876813397,0.0,0.181083,0.16037500000000002,0.014378217761600356,,0.018834,32,5,Pauls-MacBook-Pro,936381b-dirty,2026-09-29T09:40:48Z
static-tiled,cpu,Apple M1 Pro,i32,128,2,32.88566903451412,0.0,0.127542,0.12587500000000001,0.011541356861305346,,0.019667,64,5,Pauls-MacBook-Pro,936381b-dirty,2026-09-29T09:40:48Z
static-tiled,cpu,Apple M1 Pro,i32,128,2,54.85690370002224,0.0,0.076459,0.07375000000000001,0.0017200339531532477,,0.019625,128,5,Pauls-MacBook-Pro,936381b-dirty,2026-09-29T09:40:48Z
static-tiled,cpu,Apple M1 Pro,i32,128,2,41.374145499383474,0.0,0.10137499999999999,0.09674999999999999,0.00538232317870267,,0.017750000000000002,256,5,Pauls-MacBook-Pro,936381b-dirty,2026-09-29T09:40:48Z
static-tiled,cpu,Apple M1 Pro,i32,128,4,26.736599203187254,0.0,0.15687500000000001,0.147958,0.015917534146343136,,0.032334,16,5,Pauls-MacBook-Pro,936381b-dirty,2026-09-29T09:40:48Z
static-tiled,cpu,Apple M1 Pro,i32,128,4,34.46202386038716,0.0,0.121708,0.100291,0.012077771429365594,,0.044875,32,5,Pauls-MacBook-Pro,936381b-dirty,2026-09-29T09:40:48Z
static-tiled,cpu,Apple M1 Pro,i32,128,4,41.54503853087422,0.0,0.100958,0.086917,0.006713838119883445,,0.040417,64,5,Pauls-MacBook-Pro,936381b-dirty,2026-09-29T09:40:48Z
static-tiled,cpu,Apple M1 Pro,i32,128,4,52.29283861958906,0.0,0.080208,0.055541,0.01819452394265923,,0.043875000000000004,128,5,Pauls-MacBook-Pro,936381b-dirty,2026-09-29T09:40:48Z
static-tiled,cpu,Apple M1 Pro,i32,128,4,52.103155279503106,0.0,0.0805,0.060666,0.012661424852677523,,0.042624999999999996,256,5,Pauls-MacBook-Pro,936381b-dirty,2026-09-29T09:40:48Z
static-tiled,cpu,Apple M1 Pro,i32,128,8,34.14611589625022,0.0,0.122834,0.11541599999999999,0.010565001523899569,,0.078833,16,5,Pauls-MacBook-Pro,936381b-dirty,2026-09-29T09:40:48Z
static-tiled,cpu,Apple M1 Pro,i32,128,8,39.83497321733846,0.0,0.105292,0.0935,0.014238021818356653,,0.092666,32,5,Pauls-MacBook-Pro,936381b-dirty,2026-09-29T09:40:48Z
static-tiled,cpu,Apple M1 Pro,i32,128,8,39.80359667852906,0.0,0.105375,0.08791600000000001,0.016386393035076385,,0.115167,64,5,Pauls-MacBook-Pro,936381b-dirty,2026-09-29T09:40:48Z
static-tiled,cpu,Apple M1 Pro,i32,128,8,50.763134644478065,0.0,0.082625,0.07675,0.0045057232160886215,,0.092875,128,5,Pauls-MacBook-Pro,936381b-dirty,2026-09-29T09:40:48Z
static-tiled,cpu,Apple M1 Pro,i32,128,8,42.10091844416563,0.0,0.09962499999999999,0.077625,0.017751753200740482,,0.094666,256,5,Pauls-MacBook-Pro,936381b-dirty,2026-09-29T09:40:48Z
static-tiled,cpu,Apple M1 Pro,i32,128,10,27.169580566801624,0.0,0.15437499999999998,0.13691699999999998,0.022883844683531655,,0.13004100000000002,16,5,Pauls-MacBook-Pro,936381b-dirty,2026-09-29T09:40:48Z
static-tiled,cpu,Apple M1 Pro,i32,128,10,31.875486381322965,0.0,0.13158399999999998,0.087334,0.02446429691816219,,0.121875,32,5,Pauls-MacBook-Pro,936381b-dirty,2026-09-29T09:40:48Z
static-tiled,cpu,Apple M1 Pro,i32,128,10,46.64639612086702,0.0,0.089917,0.08375,0.029668853081978076,,0.162083,64,5,Pauls-MacBook-Pro,936381b-dirty,2026-09-29T09:40:48Z
static-tiled,cpu,Apple M1 Pro,i32,128,10,37.603249029504845,0.0,0.111541,0.079334,0.03226813971241602,,0.128083,128,5,Pauls-MacBook-Pro,936381b-dirty,2026-09-29T09:40:48Z
static-tiled,cpu,Apple M1 Pro,i32,128,10,45.59026086956521,0.0,0.092,0.048041,0.022392804216980065,,0.155042,256,5,Pauls-MacBook-Pro,936381b-dirty,2026-09-29T09:40:48Z
static-tiled,cpu,Apple M1 Pro,i32,256,1,9.135946713018326,0.0,3.672792,3.600083,0.04594174137208983,,0.048875,16,5,Pauls-MacBook-Pro,936381b-dirty,2026-09-29T09:40:48Z
static-tiled,cpu,Apple M1 Pro,i32,256,1,14.201184954572792,0.0,2.362791,2.357958,0.008442494459577687,,0.011625,32,5,Pauls-MacBook-Pro,936381b-dirty,2026-09-29T09:40:48Z
static-tiled,cpu,Apple M1 Pro,i32,256,1,21.636392828886155,0.0,1.550833,1.5479999999999998,0.00864421226601939,,0.013417,64,5,Pauls-MacBook-Pro,936381b-dirty,2026-09-29T09:40:48Z
static-tiled,cpu,Apple M1 Pro,i32,256,1,27.338370098788065,0.0,1.2273749999999999,1.225916,0.0013196333960611767,,0.011292,128,5,Pauls-MacBook-Pro,936381b-dirty,2026-09-29T09:40:48Z
static-tiled,cpu,Apple M1 Pro,i32,256,1,24.952950380305612,0.0,1.344708,1.334583,0.008696918120805728,,0.012834,256,5,Pauls-MacBook-Pro,936381b-dirty,2026-09-29T09:40:48Z
static-tiled,cpu,Apple M1 Pro,i32,256,2,17.37896257930856,0.0,1.93075,1.8882910000000002,0.026561080292412706,,0.0245,16,5,Pauls-MacBook-Pro,936381b-dirty,2026-09-29T09:40:48Z
static-tiled,cpu,Apple M1 Pro,i32,256,2,26.50952557772072,0.0,1.26575,1.263083,0.0037580271819133704,,0.025792,32,5,Pauls-MacBook-Pro,936381b-dirty,2026-09-29T09:40:48Z
static-tiled,cpu,Apple M1 Pro,i32,256,2,41.78202253067242,0.0,0.803083,0.7954169999999999,0.008274434288820038,,0.018459,64,5,Pauls-MacBook-Pro,936381b-dirty,2026-09-29T09:40:48Z
static-tiled,cpu,Apple M1 Pro,i32,256,2,49.0801531742108,0.0,0.683666,0.673834,0.0067787130268214995,,0.021665999999999998,128,5,Pauls-MacBook-Pro,936381b-dirty,2026-09-29T09:40:48Z
static-tiled,cpu,Apple M1 Pro,i32,256,2,36.62148103683492,0.0,0.91625,0.915625,0.0009467334366124256,,0.021500000000000002,256,5,Pauls-MacBook-Pro,936381b-dirty,2026-09-29T09:40:48Z
static-tiled,cpu,Apple M1 Pro,i32,256,4,33.42491047192131,0.0,1.003875,0.990417,0.014948257055590119,,0.035750000000000004,16,5,Pauls-MacBook-Pro,936381b-dirty,2026-09-29T09:40:48Z
static-tiled,cpu,Apple M1 Pro,i32,256,4,50.50214323556326,0.0,0.664416,0.6497919999999999,0.010213984565290891,,0.041916999999999996,32,5,Pauls-MacBook-Pro,936381b-dirty,2026-09-29T09:40:48Z
static-tiled,cpu,Apple M1 Pro,i32,256,4,75.17094819378325,0.0,0.446375,0.43916700000000003,0.005411308270649518,,0.038917,64,5,Pauls-MacBook-Pro,936381b-dirty,2026-09-29T09:40:48Z
static-tiled,cpu,Apple M1 Pro,i32,256,4,90.15961114230977,0.0,0.372167,0.36166600000000004,0.01435045049118667,,0.031292,128,5,Pauls-MacBook-Pro,936381b-dirty,2026-09-29T09:40:48Z
static-tiled,cpu,Apple M1 Pro,i32,256,4,87.56192981357383,0.0,0.383208,0.365875,0.011755242094487037,,0.032208,256,5,Pauls-MacBook-Pro,936381b-dirty,2026-09-29T09:40:48Z
static-tiled,cpu,Apple M1 Pro,i32,256,8,61.16096058327638,0.0,0.5486249999999999,0.542041,0.00737009913094795,,0.074791,16,5,Pauls-MacBook-Pro,936381b-dirty,2026-09-29T09:40:48Z
static-tiled,cpu,Apple M1 Pro,i32,256,8,84.46678917558214,0.0,0.39725,0.39129200000000003,0.01333709109213848,,0.087834,32,5,Pauls-MacBook-Pro,936381b-dirty,2026-09-29T09:40:48Z
static-tiled,cpu,Apple M1 Pro,i32,256,8,121.02590441839496,0.0,0.27725,0.274458,0.005638966616322548,,0.089416,64,5,Pauls-MacBook-Pro,936381b-dirty,2026-09-29T09:40:48Z
static-tiled,cpu,Apple M1 Pro,i32,256,8,132.27748189555598,0.0,0.25366700000000003,0.245417,0.0051698173371986685,,0.079333,128,5,Pauls-MacBook-Pro,936381b-dirty,2026-09-29T09:40:48Z
static-tiled,cpu,Apple M1 Pro,i32,256,8,129.90941225207226,0.0,0.258291,0.238875,0.0120199986189683,,0.083958,256,5,Pauls-MacBook-Pro,936381b-dirty,2026-09-29T09:40:48Z
static-tiled,cpu,Apple M1 Pro,i32,256,10,49.753315461080405,0.0,0.6744159999999999,0.639584,0.024277858404315646,,0.091333,16,5,Pauls-MacBook-Pro,936381b-dirty,2026-09-29T09:40:48Z
static-tiled,cpu,Apple M1 Pro,i32,256,10,72.8981429179738,0.0,0.460292,0.446459,0.047888257639007885,,0.095667,32,5,Pauls-MacBook-Pro,936381b-dirty,2026-09-29T09:40:48Z
static-tiled,cpu,Apple M1 Pro,i32,256,10,90.37208450491795,0.0,0.371292,0.34450000000000003,0.020729990996138897,,0.10054099999999999,64,5,Pauls-MacBook-Pro,936381b-dirty,2026-09-29T09:40:48Z
static-tiled,cpu,Apple M1 Pro,i32,256,10,103.15172829334875,0.0,0.32529199999999997,0.31012500000000004,0.017373559617994222,,0.087958,128,5,Pauls-MacBook-Pro,936381b-dirty,2026-09-29T09:40:48Z
static-tiled,cpu,Apple M1 Pro,i32,256,10,99.42053925925924,0.0,0.3375,0.310541,0.015736212574822436,,0.10450000000000001,256,5,Pauls-MacBook-Pro,936381b-dirty,2026-09-29T09:40:48Z
static-tiled,cpu,Apple M1 Pro,i32,512,1,9.199414180271335,0.0,29.179625,29.07225,0.1111290576752988,,0.02225,16,5,Pauls-MacBook-Pro,936381b-dirty,2026-09-29T09:40:48Z
static-tiled,cpu,Apple M1 Pro,i32,512,1,13.813796605949738,0.0,19.432417,19.008459,0.2813209011303639,,0.039958,32,5,Pauls-MacBook-Pro,936381b-dirty,2026-09-29T09:40:48Z
static-tiled,cpu,Apple M1 Pro,i32,512,1,19.843380415958123,0.0,13.527707999999999,13.207709,0.15040753067915186,,0.018708000000000002,64,5,Pauls-MacBook-Pro,936381b-dirty,2026-09-29T09:40:48Z
static-tiled,cpu,Apple M1 Pro,i32,512,1,23.836474259031316,0.0,11.261541999999999,11.098458,0.19984088939028488,,0.014624999999999999,128,5,Pauls-MacBook-Pro,936381b-dirty,2026-09-29T09:40:48Z
static-tiled,cpu,Apple M1 Pro,i32,512,1,21.720569097606095,0.0,12.358583,12.173041000000001,0.14152050116078535,,0.016625,256,5,Pauls-MacBook-Pro,936381b-dirty,2026-09-29T09:40:48Z
static-tiled,cpu,Apple M1 Pro,i32,512,2,17.818533314198422,0.0,15.064957999999999,15.054417,0.017442478287216286,,0.021459,16,5,Pauls-MacBook-Pro,936381b-dirty,2026-09-29T09:40:48Z
static-tiled,cpu,Apple M1 Pro,i32,512,2,26.864478401570505,0.0,9.992208000000002,9.912374999999999,0.037019978184759036,,0.023791,32,5,Pauls-MacBook-Pro,936381b-dirty,2026-09-29T09:40:48Z
static-tiled,cpu,Apple M1 Pro,i32,512,2,37.36942003749813,0.0,7.183292,6.871709,0.34126180325345534,,0.026958,64,5,Pauls-MacBook-Pro,936381b-dirty,2026-09-29T09:40:48Z
static-tiled,cpu,Apple M1 Pro,i32,512,2,35.14933298415608,0.0,7.637,7.452958,0.13603629016993982,,0.02375,128,5,Pauls-MacBook-Pro,936381b-dirty,2026-09-29T09:40:48Z
static-tiled,cpu,Apple M1 Pro,i32,512,2,35.409168681693174,0.0,7.580959,7.519292,0.6323236782342568,,0.020792,256,5,Pauls-MacBook-Pro,936381b-dirty,2026-09-29T09:40:48Z
static-tiled,cpu,Apple M1 Pro,i32,512,4,34.48979081569787,0.0,7.783041,7.755375,0.07794663330317726,,0.04675,16,5,Pauls-MacBook-Pro,936381b-dirty,2026-09-29T09:40:48Z
static-tiled,cpu,Apple M1 Pro,i32,512,4,51.38298563476308,0.0,5.224208999999999,5.156499999999999,0.03909081364336153,,0.032083,32,5,Pauls-MacBook-Pro,936381b-dirty,2026-09-29T09:40:48Z
static-tiled,cpu,Apple M1 Pro,i32,512,4,75.27370913807003,0.0,3.566125,3.535625,0.030108731270181426,,0.036625000000000005,64,5,Pauls-MacBook-Pro,936381b-dirty,2026-09-29T09:40:48Z
static-tiled,cpu,Apple M1 Pro,i32,512,4,89.41264782032164,0.0,3.002209,2.9881249999999997,0.012268330338721864,,0.037667,128,5,Pauls-MacBook-Pro,936381b-dirty,2026-09-29T09:40:48Z
static-tiled,cpu,Apple M1 Pro,i32,512,4,83.34348784926135,0.0,3.2208330000000003,3.204833,0.018365027152171733,,0.040791,256,5,Pauls-MacBook-Pro,936381b-dirty,2026-09-29T09:40:48Z
static-tiled,cpu,Apple M1 Pro,i32,512,8,68.58195291208695,0.0,3.9140829999999998,3.904875,0.006411723754186607,,0.088333,16,5,Pauls-MacBook-Pro,936381b-dirty,2026-09-29T09:40:48Z
static-tiled,cpu,Apple M1 Pro,i32,512,8,102.56228804428395,0.0,2.617292,2.602708,0.012502275020971244,,0.083959,32,5,Pauls-MacBook-Pro,936381b-dirty,2026-09-29T09:40:48Z
static-tiled,cpu,Apple M1 Pro,i32,512,8,143.17199063851393,0.0,1.8749159999999998,1.8395,0.022855592164719885,,0.08662500000000001,64,5,Pauls-MacBook-Pro,936381b-dirty,2026-09-29T09:40:48Z
static-tiled,cpu,Apple M1 Pro,i32,512,8,166.48450639584465,0.0,1.6123750000000001,1.5958750000000002,0.017886095278176212,,0.09033400000000001,128,5,Pauls-MacBook-Pro,936381b-dirty,2026-09-29T09:40:48Z
static-tiled,cpu,Apple M1 Pro,i32,512,8,160.79197919324716,0.0,1.6694579999999999,1.66075,0.005186975563852247,,0.076542,256,5,Pauls-MacBook-Pro,936381b-dirty,2026-09-29T09:40:48Z
static-tiled,cpu,Apple M1 Pro,i32,512,10,59.16802668293059,0.0,4.536833,4.524875000000001,0.05478357729922363,,0.10975,16,5,Pauls-MacBook-Pro,936381b-dirty,2026-09-29T09:40:48Z
static-tiled,cpu,Apple M1 Pro,i32,512,10,80.81145661172575,0.0,3.32175,3.2004170000000003,0.12079101675704186,,0.11204099999999999,32,5,Pauls-MacBook-Pro,936381b-dirty,2026-09-29T09:40:48Z
static-tiled,cpu,Apple M1 Pro,i32,512,10,110.57725152960784,0.0,2.4275830000000003,2.4031249999999997,0.055346818576138664,,0.104417,64,5,Pauls-MacBook-Pro,936381b-dirty,2026-09-29T09:40:48Z
static-tiled,cpu,Apple M1 Pro,i32,512,10,128.78203161843336,0.0,2.0844169999999997,2.049125,0.028338768842347397,,0.104125,128,5,Pauls-MacBook-Pro,936381b-dirty,2026-09-29T09:40:48Z
static-tiled,cpu,Apple M1 Pro,i32,512,10,120.85785859517246,0.0,2.221084,2.1601250000000003,0.06823003992890503,,0.097417,256,5,Pauls-MacBook-Pro,936381b-dirty,2026-09-29T09:40:48Z
static-tiled,cpu,Apple M1 Pro,i32,1024,1,9.212114662620815,0.0,233.115167,232.854209,0.49406949114248633,,0.032583,16,5,Pauls-MacBook-Pro,936381b-dirty,2026-09-29T09:40:48Z
static-tiled,cpu,Apple M1 Pro,i32,1024,1,12.939431862849148,0.0,165.964292,165.505291,1.0343196190667043,,0.108334,32,5,Pauls-MacBook-Pro,936381b-dirty,2026-09-29T09:40:48Z
static-tiled,cpu,Apple M1 Pro,i32,1024,1,18.579319247694063,0.0,115.584625,115.45970899999999,0.9628626146629167,,0.071208,64,5,Pauls-MacBook-Pro,936381b-dirty,2026-09-29T09:40:48Z
static-tiled,cpu,Apple M1 Pro,i32,1024,1,21.97539937893518,0.0,97.722167,97.71033299999999,0.3196063053067058,,0.045000000000000005,128,5,Pauls-MacBook-Pro,936381b-dirty,2026-09-29T09:40:48Z
static-tiled,cpu,Apple M1 Pro,i32,1024,1,21.72130069372951,0.0,98.865334,98.81587499999999,0.057372378700030084,,0.0445,256,5,Pauls-MacBook-Pro,936381b-dirty,2026-09-29T09:40:48Z
static-tiled,cpu,Apple M1 Pro,i32,1024,2,17.8674255880539,0.0,120.189875,120.063416,0.34602527133578403,,0.047792,16,5,Pauls-MacBook-Pro,936381b-dirty,2026-09-29T09:40:48Z
static-tiled,cpu,Apple M1 Pro,i32,1024,2,25.116767812865493,0.0,85.5,85.273667,0.5822343593506801,,0.125417,32,5,Pauls-MacBook-Pro,936381b-dirty,2026-09-29T09:40:48Z
static-tiled,cpu,Apple M1 Pro,i32,1024,2,35.79407868923502,0.0,59.9955,59.832375,0.12355175967787764,,0.1405,64,5,Pauls-MacBook-Pro,936381b-dirty,2026-09-29T09:40:48Z
static-tiled,cpu,Apple M1 Pro,i32,1024,2,41.613633144709915,0.0,51.605290999999994,51.234375,0.26100926675790626,,0.051082999999999996,128,5,Pauls-MacBook-Pro,936381b-dirty,2026-09-29T09:40:48Z
static-tiled,cpu,Apple M1 Pro,i32,1024,2,40.810068797653244,0.0,52.621416999999994,52.372334,0.2656879813856847,,0.04775,256,5,Pauls-MacBook-Pro,936381b-dirty,2026-09-29T09:40:48Z
static-tiled,cpu,Apple M1 Pro,i32,1024,4,34.63341158635538,0.0,62.006125000000004,61.948291000000005,0.04312179632505986,,0.067458,16,5,Pauls-MacBook-Pro,936381b-dirty,2026-09-29T09:40:48Z
static-tiled,cpu,Apple M1 Pro,i32,1024,4,48.03761650273244,0.0,44.704209,44.384541,0.3997146096752022,,0.179958,32,5,Pauls-MacBook-Pro,936381b-dirty,2026-09-29T09:40:48Z
static-tiled,cpu,Apple M1 Pro,i32,1024,4,71.69949832004876,0.0,29.951167,29.812959,0.09054969668474899,,0.152458,64,5,Pauls-MacBook-Pro,936381b-dirty,2026-09-29T09:40:48Z
static-tiled,cpu,Apple M1 Pro,i32,1024,4,81.85619660700719,0.0,26.234833,26.134291,0.13381511311806207,,0.070167,128,5,Pauls-MacBook-Pro,936381b-dirty,2026-09-29T09:40:48Z
static-tiled,cpu,Apple M1 Pro,i32,1024,4,81.06312017062076,0.0,26.491500000000002,26.439875,0.06727518310045603,,0.071708,256,5,Pauls-MacBook-Pro,936381b-dirty,2026-09-29T09:40:48Z
static-tiled,cpu,Apple M1 Pro,i32,1024,8,69.06961437119493,0.0,31.091583,31.081083,0.01755016840944859,,0.154,16,5,Pauls-MacBook-Pro,936381b-dirty,2026-09-29T09:40:48Z
static-tiled,cpu,Apple M1 Pro,i32,1024,8,96.43593632260817,0.0,22.2685,22.166458,0.051191594390095366,,0.22024999999999997,32,5,Pauls-MacBook-Pro,936381b-dirty,2026-09-29T09:40:48Z
static-tiled,cpu,Apple M1 Pro,i32,1024,8,145.07860232743656,0.0,14.802208,14.763874999999999,0.029077166801462176,,0.12362500000000001,64,5,Pauls-MacBook-Pro,936381b-dirty,2026-09-29T09:40:48Z
static-tiled,cpu,Apple M1 Pro,i32,1024,8,162.26405591446598,0.0,13.2345,13.151917000000001,0.06720286952429914,,0.120584,128,5,Pauls-MacBook-Pro,936381b-dirty,2026-09-29T09:40:48Z
static-tiled,cpu,Apple M1 Pro,i32,1024,8,162.0727085970887,0.0,13.250125,13.239832999999999,0.01276378242136757,,0.11395899999999999,256,5,Pauls-MacBook-Pro,936381b-dirty,2026-09-29T09:40:48Z
static-tiled,cpu,Apple M1 Pro,i32,1024,10,58.358970431764284,0.0,36.797833000000004,31.352416,6.264967693585483,,0.137375,16,5,Pauls-MacBook-Pro,936381b-dirty,2026-09-29T09:40:48Z
static-tiled,cpu,Apple M1 Pro,i32,1024,10,80.23102406949049,0.0,26.76625,23.612000000000002,1.7653365385796833,,0.273541,32,5,Pauls-MacBook-Pro,936381b-dirty,2026-09-29T09:40:48Z
static-tiled,cpu,Apple M1 Pro,i32,1024,10,110.90965501850773,0.0,19.362458999999998,18.955416999999997,0.42961142488032306,,0.13275,64,5,Pauls-MacBook-Pro,936381b-dirty,2026-09-29T09:40:48Z
static-tiled,cpu,Apple M1 Pro,i32,1024,10,121.78949103231204,0.0,17.632749999999998,17.467541,0.12512005596905643,,0.129875,128,5,Pauls-MacBook-Pro,936381b-dirty,2026-09-29T09:40:48Z
static-tiled,cpu,Apple M1 Pro,i32,1024,10,121.41049872137799,0.0,17.687792,17.529083,0.3458219170587655,,0.131833,256,5,Pauls-MacBook-Pro,936381b-dirty,2026-09-29T09:40:48Z
static-tiled,cpu,Apple M1 Pro,i32,2048,1,8.241917068196326,0.0,2084.450625,2079.202917,6.11294835015037,,0.042292,16,5,Pauls-MacBook-Pro,936381b-dirty,2026-09-29T09:40:48Z
static-tiled,cpu,Apple M1 Pro,i32,2048,1,11.469842028261391,0.0,1497.829625,1490.851792,6.866285995420239,,0.047292,32,5,Pauls-MacBook-Pro,936381b-dirty,2026-09-29T09:40:48Z
static-tiled,cpu,Apple M1 Pro,i32,2048,1,15.116695361402748,0.0,1136.483125,1132.451,1.9098757453802266,,0.049082999999999995,64,5,Pauls-MacBook-Pro,936381b-dirty,2026-09-29T09:40:48Z
static-tiled,cpu,Apple M1 Pro,i32,2048,1,18.291454598544497,0.0,939.22925,938.2217499999999,1.3881510320197008,,0.049208,128,5,Pauls-MacBook-Pro,936381b-dirty,2026-09-29T09:40:48Z
static-tiled,cpu,Apple M1 Pro,i32,2048,1,19.444861770297663,0.0,883.5171670000001,880.284542,2.883061883637263,,0.04675,256,5,Pauls-MacBook-Pro,936381b-dirty,2026-09-29T09:40:48Z
static-tiled,cpu,Apple M1 Pro,i32,2048,2,15.970857317826084,0.0,1075.7011249999998,1074.928041,2.3644223226140073,,0.058041,16,5,Pauls-MacBook-Pro,936381b-dirty,2026-09-29T09:40:48Z
static-tiled,cpu,Apple M1 Pro,i32,2048,2,18.965277830083867,0.0,905.8590829999999,876.698542,25.332574424321212,,0.129417,32,5,Pauls-MacBook-Pro,936381b-dirty,2026-09-29T09:40:48Z
static-tiled,cpu,Apple M1 Pro,i32,2048,2,23.194078187592613,0.0,740.7006670000001,595.9547080000001,79.23292119939114,,0.059958,64,5,Pauls-MacBook-Pro,936381b-dirty,2026-09-29T09:40:48Z
static-tiled,cpu,Apple M1 Pro,i32,2048,2,26.46600188020962,0.0,649.12975,507.69591599999995,80.14039393357939,,0.057083,128,5,Pauls-MacBook-Pro,936381b-dirty,2026-09-29T09:40:48Z
static-tiled,cpu,Apple M1 Pro,i32,2048,2,30.384646724139706,0.0,565.412833,527.866375,23.63356817517798,,0.057292,256,5,Pauls-MacBook-Pro,936381b-dirty,2026-09-29T09:40:48Z
static-tiled,cpu,Apple M1 Pro,i32,2048,4,30.759865203443233,0.0,558.51575,557.622042,1.8359060486477679,,0.073792,16,5,Pauls-MacBook-Pro,936381b-dirty,2026-09-29T09:40:48Z
static-tiled,cpu,Apple M1 Pro,i32,2048,4,40.220576904562066,0.0,427.141292,419.69795799999997,33.522185115377326,,0.170792,32,5,Pauls-MacBook-Pro,936381b-dirty,2026-09-29T09:40:48Z
static-tiled,cpu,Apple M1 Pro,i32,2048,4,52.39279146795375,0.0,327.905208,311.801042,13.397543917466786,,0.077042,64,5,Pauls-MacBook-Pro,936381b-dirty,2026-09-29T09:40:48Z
static-tiled,cpu,Apple M1 Pro,i32,2048,4,56.97243497076796,0.0,301.54704100000004,264.204834,23.71531306282033,,0.078417,128,5,Pauls-MacBook-Pro,936381b-dirty,2026-09-29T09:40:48Z
static-tiled,cpu,Apple M1 Pro,i32,2048,4,59.876113857548916,0.0,286.923584,283.765417,3.782068543960492,,0.076667,256,5,Pauls-MacBook-Pro,936381b-dirty,2026-09-29T09:40:48Z
static-tiled,cpu,Apple M1 Pro,i32,2048,8,60.512375015809766,0.0,283.906708,278.972625,2.5043798359213523,,0.124666,16,5,Pauls-MacBook-Pro,936381b-dirty,2026-09-29T09:40:48Z
static-tiled,cpu,Apple M1 Pro,i32,2048,8,82.57319443179428,0.0,208.05625,207.51541600000002,0.49009070842528746,,0.24729199999999998,32,5,Pauls-MacBook-Pro,936381b-dirty,2026-09-29T09:40:48Z
static-tiled,cpu,Apple M1 Pro,i32,2048,8,114.1189383201838,0.0,150.543542,149.918625,0.681804239485725,,0.124334,64,5,Pauls-MacBook-Pro,936381b-dirty,2026-09-29T09:40:48Z
static-tiled,cpu,Apple M1 Pro,i32,2048,8,135.46224290817037,0.0,126.82404199999999,126.598166,1.2376554194076717,,0.138792,128,5,Pauls-MacBook-Pro,936381b-dirty,2026-09-29T09:40:48Z
static-tiled,cpu,Apple M1 Pro,i32,2048,8,146.86028639461333,0.0,116.98104099999999,116.947084,0.02349229779735987,,0.129458,256,5,Pauls-MacBook-Pro,936381b-dirty,2026-09-29T09:40:48Z
static-tiled,cpu,Apple M1 Pro,i32,2048,10,63.029653285618856,0.0,272.568042,259.31225,20.75775688844614,,0.176792,16,5,Pauls-MacBook-Pro,936381b-dirty,2026-09-29T09:40:48Z
static-tiled,cpu,Apple M1 Pro,i32,2048,10,87.67461081068946,0.0,195.950333,192.116917,2.750917098803918,,0.267375,32,5,Pauls-MacBook-Pro,936381b-dirty,2026-09-29T09:40:48Z
static-tiled,cpu,Apple M1 Pro,i32,2048,10,117.03227052508241,0.0,146.79600000000002,137.011833,8.928000108974194,,0.14475,64,5,Pauls-MacBook-Pro,936381b-dirty,2026-09-29T09:40:48Z
static-tiled,cpu,Apple M1 Pro,i32,2048,10,136.01999290600457,0.0,126.304,121.49612499999999,2.845614142280838,,0.179459,128,5,Pauls-MacBook-Pro,936381b-dirty,2026-09-29T09:40:48Z
static-tiled,cpu,Apple M1 Pro,i32,2048,10,140.9066665354371,0.0,121.92375,115.757791,3.634735106214417,,0.17720799999999998,256,5,Pauls-MacBook-Pro,936381b-dirty,2026-09-29T09:40:48Z
static-tiled,cpu,Apple M1 Pro,i32,4096,1,7.675268774903388,0.0,17906.728416,17893.786208,8.031404139365653,,0.040375,16,5,Pauls-MacBook-Pro,936381b-dirty,2026-09-29T09:40:48Z
static-tiled,cpu,Apple M1 Pro,i32,4096,1,11.563910254672198,0.0,11885.162583,11880.496334,3.29203099218228,,0.047042,32,5,Pauls-MacBook-Pro,936381b-dirty,2026-09-29T09:40:48Z
static-tiled,cpu,Apple M1 Pro,i32,4096,1,16.542911102592512,0.0,8308.027083,8304.005541,6.765364400278689,,0.050457999999999996,64,5,Pauls-MacBook-Pro,936381b-dirty,2026-09-29T09:40:48Z
static-tiled,cpu,Apple M1 Pro,i32,4096,1,20.84984249719573,0.0,6591.846125,6587.886208000001,18.57739663415986,,0.049249999999999995,128,5,Pauls-MacBook-Pro,936381b-dirty,2026-09-29T09:40:48Z
static-tiled,cpu,Apple M1 Pro,i32,4096,1,19.956058798222003,0.0,6887.079,6883.452042,4.095248642686464,,0.04975,256,5,Pauls-MacBook-Pro,936381b-dirty,2026-09-29T09:40:48Z
static-tiled,cpu,Apple M1 Pro,i32,4096,2,14.904418921253491,0.0,9221.356042,9215.322959,3.836813090372307,,0.05575,16,5,Pauls-MacBook-Pro,936381b-dirty,2026-09-29T09:40:48Z
static-tiled,cpu,Apple M1 Pro,i32,4096,2,22.31480798210663,0.0,6159.091917,6131.700709000001,18.409624031717172,,0.059209000000000005,32,5,Pauls-MacBook-Pro,936381b-dirty,2026-09-29T09:40:48Z
static-tiled,cpu,Apple M1 Pro,i32,4096,2,31.691311459179666,0.0,4336.802333,4332.544417,15.414923088550136,,0.05525,64,5,Pauls-MacBook-Pro,936381b-dirty,2026-09-29T09:40:48Z
static-tiled,cpu,Apple M1 Pro,i32,4096,2,39.044508809120465,0.0,3520.058458,3492.050584,15.392137380232734,,0.053875,128,5,Pauls-MacBook-Pro,936381b-dirty,2026-09-29T09:40:48Z
static-tiled,cpu,Apple M1 Pro,i32,4096,2,31.21331996130353,0.0,4403.214834,4324.360875,63.96346242150786,,0.058542000000000004,256,5,Pauls-MacBook-Pro,936381b-dirty,2026-09-29T09:40:48Z
static-tiled,cpu,Apple M1 Pro,i32,4096,4,28.73981385944444,0.0,4782.179667,4777.763416,2.3866557617546538,,0.092625,16,5,Pauls-MacBook-Pro,936381b-dirty,2026-09-29T09:40:48Z
static-tiled,cpu,Apple M1 Pro,i32,4096,4,42.574186924918166,0.0,3228.222625,3210.645958,17.134635559755484,,0.07075,32,5,Pauls-MacBook-Pro,936381b-dirty,2026-09-29T09:40:48Z
static-tiled,cpu,Apple M1 Pro,i32,4096,4,58.53255709764423,0.0,2348.077041,2312.969125,24.077285379078283,,0.077875,64,5,Pauls-MacBook-Pro,936381b-dirty,2026-09-29T09:40:48Z
static-tiled,cpu,Apple M1 Pro,i32,4096,4,77.30519457121487,0.0,1777.87475,1776.260833,1.3291861267227896,,0.177958,128,5,Pauls-MacBook-Pro,936381b-dirty,2026-09-29T09:40:48Z
static-tiled,cpu,Apple M1 Pro,i32,4096,4,77.56469069155804,0.0,1771.9267909999999,1762.162083,214.74759235534663,,0.072584,256,5,Pauls-MacBook-Pro,936381b-dirty,2026-09-29T09:40:48Z
static-tiled,cpu,Apple M1 Pro,i32,4096,8,57.23649048518016,0.0,2401.247042,2398.842083,1.792781331942363,,0.162459,16,5,Pauls-MacBook-Pro,936381b-dirty,2026-09-29T09:40:48Z
static-tiled,cpu,Apple M1 Pro,i32,4096,8,86.02890453617437,0.0,1597.5904170000001,1596.2077080000001,1.297849336383595,,0.165834,32,5,Pauls-MacBook-Pro,936381b-dirty,2026-09-29T09:40:48Z
static-tiled,cpu,Apple M1 Pro,i32,4096,8,116.02091696800073,0.0,1184.604958,1182.79575,1.6599712789324812,,0.220333,64,5,Pauls-MacBook-Pro,936381b-dirty,2026-09-29T09:40:48Z
static-tiled,cpu,Apple M1 Pro,i32,4096,8,156.55406821641452,0.0,877.900875,877.149125,2.1049276755739714,,0.21241700000000002,128,5,Pauls-MacBook-Pro,936381b-dirty,2026-09-29T09:40:48Z
static-tiled,cpu,Apple M1 Pro,i32,4096,8,150.27823769651798,0.0,914.56325,913.040917,2.251749168679142,,0.11108299999999999,256,5,Pauls-MacBook-Pro,936381b-dirty,2026-09-29T09:40:48Z
static-tiled,cpu,Apple M1 Pro,i32,4096,10,64.10306014765925,0.0,2144.031083,2129.8642499999996,29.364802300519287,,0.143958,16,5,Pauls-MacBook-Pro,936381b-dirty,2026-09-29T09:40:48Z
static-tiled,cpu,Apple M1 Pro,i32,4096,10,95.09263159876018,0.0,1445.316542,1427.508708,19.09833054360244,,0.184584,32,5,Pauls-MacBook-Pro,936381b-dirty,2026-09-29T09:40:48Z
static-tiled,cpu,Apple M1 Pro,i32,4096,10,131.953867654916,0.0,1041.568208,1026.924292,16.941864395050352,,0.172041,64,5,Pauls-MacBook-Pro,936381b-dirty,2026-09-29T09:40:48Z
static-tiled,cpu,Apple M1 Pro,i32,4096,10,161.743716779229,0.0,849.732875,830.974708,10.439828956070064,,0.183375,128,5,Pauls-MacBook-Pro,936381b-dirty,2026-09-29T09:40:48Z
static-tiled,cpu,Apple M1 Pro,i32,4096,10,143.14937903198194,0.0,960.1086250000001,948.161167,27.02650429052351,,0.25675,256,5,Pauls-MacBook-Pro,936381b-dirty,2026-09-29T09:40:48Z
static-tiled,cpu,Apple M1 Pro,i64,64,1,5.071709794437726,0.0,0.10337500000000001,0.10204099999999999,0.03088444041908482,,0.031834,16,5,Pauls-MacBook-Pro,936381b-dirty,2026-09-29T09:40:48Z
static-tiled,cpu,Apple M1 Pro,i64,64,1,5.516382231013656,0.0,0.095042,0.09325,0.0009402431600389346,,0.012917,32,5,Pauls-MacBook-Pro,936381b-dirty,2026-09-29T09:40:48Z
static-tiled,cpu,Apple M1 Pro,i64,64,1,5.619860223813403,0.0,0.093292,0.091625,0.006234800301533327,,0.016334,64,5,Pauls-MacBook-Pro,936381b-dirty,2026-09-29T09:40:48Z
static-tiled,cpu,Apple M1 Pro,i64,64,1,5.5357780147610045,0.0,0.094709,0.091417,0.006689339593711773,,0.012833,128,5,Pauls-MacBook-Pro,936381b-dirty,2026-09-29T09:40:48Z
static-tiled,cpu,Apple M1 Pro,i64,64,1,5.7221064120054566,0.0,0.091625,0.091166,0.00038377167691219804,,0.010917000000000001,256,5,Pauls-MacBook-Pro,936381b-dirty,2026-09-29T09:40:48Z
static-tiled,cpu,Apple M1 Pro,i64,64,2,9.20481758488711,0.0,0.056958,0.05466699999999999,0.0021708181637345872,,0.019541000000000003,16,5,Pauls-MacBook-Pro,936381b-dirty,2026-09-29T09:40:48Z
static-tiled,cpu,Apple M1 Pro,i64,64,2,7.157515358361774,0.0,0.07325000000000001,0.053958,0.010696679134198615,,0.031459,32,5,Pauls-MacBook-Pro,936381b-dirty,2026-09-29T09:40:48Z
static-tiled,cpu,Apple M1 Pro,i64,64,2,6.605203149606298,0.0,0.079375,0.0725,0.00817011849363276,,0.023208,64,5,Pauls-MacBook-Pro,936381b-dirty,2026-09-29T09:40:48Z
static-tiled,cpu,Apple M1 Pro,i64,64,2,10.03422009569378,0.0,0.052250000000000005,0.051415999999999996,0.0034740402703480554,,0.02125,128,5,Pauls-MacBook-Pro,936381b-dirty,2026-09-29T09:40:48Z
static-tiled,cpu,Apple M1 Pro,i64,64,2,9.64207816091954,0.0,0.054375,0.052583,0.017142952554913053,,0.063334,256,5,Pauls-MacBook-Pro,936381b-dirty,2026-09-29T09:40:48Z
static-tiled,cpu,Apple M1 Pro,i64,64,4,7.525737088393192,0.0,0.06966599999999999,0.063667,0.008449696337739012,,0.04375,16,5,Pauls-MacBook-Pro,936381b-dirty,2026-09-29T09:40:48Z
static-tiled,cpu,Apple M1 Pro,i64,64,4,8.665917355371901,0.0,0.0605,0.04425,0.013719862579486722,,0.04025,32,5,Pauls-MacBook-Pro,936381b-dirty,2026-09-29T09:40:48Z
static-tiled,cpu,Apple M1 Pro,i64,64,4,8.300030078996944,0.0,0.063167,0.047875,0.009846222844319545,,0.050542,64,5,Pauls-MacBook-Pro,936381b-dirty,2026-09-29T09:40:48Z
static-tiled,cpu,Apple M1 Pro,i64,64,4,7.516673835125448,0.0,0.06975,0.044583000000000005,0.012841395738002937,,0.052083000000000004,128,5,Pauls-MacBook-Pro,936381b-dirty,2026-09-29T09:40:48Z
static-tiled,cpu,Apple M1 Pro,i64,64,4,10.573946715608171,0.0,0.049583,0.044458,0.013529644204486683,,0.047917,256,5,Pauls-MacBook-Pro,936381b-dirty,2026-09-29T09:40:48Z
static-tiled,cpu,Apple M1 Pro,i64,64,8,6.017652797704447,0.0,0.08712500000000001,0.06833299999999999,0.02592521643689788,,0.10124999999999999,16,5,Pauls-MacBook-Pro,936381b-dirty,2026-09-29T09:40:48Z
static-tiled,cpu,Apple M1 Pro,i64,64,8,7.380076293971087,0.0,0.07104099999999999,0.045834,0.016327173720518808,,0.108,32,5,Pauls-MacBook-Pro,936381b-dirty,2026-09-29T09:40:48Z
static-tiled,cpu,Apple M1 Pro,i64,64,8,6.8796073954519805,0.0,0.076209,0.06133400000000001,0.012391669532391507,,0.135375,64,5,Pauls-MacBook-Pro,936381b-dirty,2026-09-29T09:40:48Z
static-tiled,cpu,Apple M1 Pro,i64,64,8,7.467639015496809,0.0,0.070208,0.045708,0.020050307217097697,,0.121292,128,5,Pauls-MacBook-Pro,936381b-dirty,2026-09-29T09:40:48Z
static-tiled,cpu,Apple M1 Pro,i64,64,8,9.7769324009324,0.0,0.053625,0.024583,0.022282112720745307,,0.11729200000000001,256,5,Pauls-MacBook-Pro,936381b-dirty,2026-09-29T09:40:48Z
static-tiled,cpu,Apple M1 Pro,i64,64,10,8.305552475247524,0.0,0.063125,0.046458,0.013343896338776015,,0.151208,16,5,Pauls-MacBook-Pro,936381b-dirty,2026-09-29T09:40:48Z
static-tiled,cpu,Apple M1 Pro,i64,64,10,7.498719910751319,0.0,0.069917,0.054458,0.01161296540509787,,0.14233400000000002,32,5,Pauls-MacBook-Pro,936381b-dirty,2026-09-29T09:40:48Z
static-tiled,cpu,Apple M1 Pro,i64,64,10,9.754195348837209,0.0,0.05375,0.050709,0.033901515927757565,,0.12220800000000001,64,5,Pauls-MacBook-Pro,936381b-dirty,2026-09-29T09:40:48Z
static-tiled,cpu,Apple M1 Pro,i64,64,10,8.071184457649558,0.0,0.064958,0.056625,0.012313085295733151,,0.15937500000000002,128,5,Pauls-MacBook-Pro,936381b-dirty,2026-09-29T09:40:48Z
static-tiled,cpu,Apple M1 Pro,i64,64,10,7.149316824392506,0.0,0.073334,0.048667,0.014294875008197868,,0.145542,256,5,Pauls-MacBook-Pro,936381b-dirty,2026-09-29T09:40:48Z
static-tiled,cpu,Apple M1 Pro,i64,128,1,5.355280646672854,0.0,0.783209,0.769667,0.016227601449382453,,0.014459,16,5,Pauls-MacBook-Pro,936381b-dirty,2026-09-29T09:40:48Z
static-tiled,cpu,Apple M1 Pro,i64,128,1,5.828117726670808,0.0,0.7196670000000001,0.682291,0.03455322923114422,,0.008959,32,5,Pauls-MacBook-Pro,936381b-dirty,2026-09-29T09:40:48Z
static-tiled,cpu,Apple M1 Pro,i64,128,1,5.876778738643815,0.0,0.713708,0.682542,0.0327308894211569,,0.012209,64,5,Pauls-MacBook-Pro,936381b-dirty,2026-09-29T09:40:48Z
static-tiled,cpu,Apple M1 Pro,i64,128,1,5.765699188131824,0.0,0.7274579999999999,0.717291,0.008757054698926996,,0.012291,128,5,Pauls-MacBook-Pro,936381b-dirty,2026-09-29T09:40:48Z
static-tiled,cpu,Apple M1 Pro,i64,128,1,5.675648173207037,0.0,0.739,0.687292,0.02825966231220745,,0.0135,256,5,Pauls-MacBook-Pro,936381b-dirty,2026-09-29T09:40:48Z
static-tiled,cpu,Apple M1 Pro,i64,128,2,9.841948911926337,0.0,0.426166,0.412583,0.03277381371308502,,0.018375,16,5,Pauls-MacBook-Pro,936381b-dirty,2026-09-29T09:40:48Z
static-tiled,cpu,Apple M1 Pro,i64,128,2,10.826329252459237,0.0,0.38741699999999996,0.378459,0.010906867501716539,,0.02075,32,5,Pauls-MacBook-Pro,936381b-dirty,2026-09-29T09:40:48Z
static-tiled,cpu,Apple M1 Pro,i64,128,2,11.763842688939873,0.0,0.356542,0.355,0.001399454357955282,,0.024875,64,5,Pauls-MacBook-Pro,936381b-dirty,2026-09-29T09:40:48Z
static-tiled,cpu,Apple M1 Pro,i64,128,2,11.698222244534811,0.0,0.35854199999999997,0.35820799999999997,0.002944674124584925,,0.017750000000000002,128,5,Pauls-MacBook-Pro,936381b-dirty,2026-09-29T09:40:48Z
static-tiled,cpu,Apple M1 Pro,i64,128,2,11.096042328042328,0.0,0.378,0.37687499999999996,0.0050558115767896416,,0.020709,256,5,Pauls-MacBook-Pro,936381b-dirty,2026-09-29T09:40:48Z
static-tiled,cpu,Apple M1 Pro,i64,128,4,19.534921847346162,0.0,0.214708,0.21087499999999998,0.01749010124899223,,0.035875,16,5,Pauls-MacBook-Pro,936381b-dirty,2026-09-29T09:40:48Z
static-tiled,cpu,Apple M1 Pro,i64,128,4,19.17028044901093,0.0,0.218792,0.207,0.008249844192468119,,0.04629200000000001,32,5,Pauls-MacBook-Pro,936381b-dirty,2026-09-29T09:40:48Z
static-tiled,cpu,Apple M1 Pro,i64,128,4,20.51004400977995,0.0,0.20450000000000002,0.192833,0.01206030495883085,,0.04625,64,5,Pauls-MacBook-Pro,936381b-dirty,2026-09-29T09:40:48Z
static-tiled,cpu,Apple M1 Pro,i64,128,4,21.02850725466013,0.0,0.199458,0.192209,0.006540324724354288,,0.054167,128,5,Pauls-MacBook-Pro,936381b-dirty,2026-09-29T09:40:48Z
static-tiled,cpu,Apple M1 Pro,i64,128,4,19.718600146679954,0.0,0.212708,0.20274999999999999,0.01069791763382015,,0.056625,256,5,Pauls-MacBook-Pro,936381b-dirty,2026-09-29T09:40:48Z
static-tiled,cpu,Apple M1 Pro,i64,128,8,24.45658309037901,0.0,0.17149999999999999,0.158083,0.010963510819988287,,0.1225,16,5,Pauls-MacBook-Pro,936381b-dirty,2026-09-29T09:40:48Z
static-tiled,cpu,Apple M1 Pro,i64,128,8,26.351592980957104,0.0,0.159167,0.144792,0.0153705204433682,,0.095125,32,5,Pauls-MacBook-Pro,936381b-dirty,2026-09-29T09:40:48Z
static-tiled,cpu,Apple M1 Pro,i64,128,8,25.745035815783496,0.0,0.162917,0.15083300000000002,0.009455896906163889,,0.110208,64,5,Pauls-MacBook-Pro,936381b-dirty,2026-09-29T09:40:48Z
static-tiled,cpu,Apple M1 Pro,i64,128,8,27.369030995106034,0.0,0.15325000000000003,0.1405,0.016900106262979525,,0.09979199999999999,128,5,Pauls-MacBook-Pro,936381b-dirty,2026-09-29T09:40:48Z
static-tiled,cpu,Apple M1 Pro,i64,128,8,28.355794127787885,0.0,0.147917,0.14408300000000002,0.016155299269899025,,0.092,256,5,Pauls-MacBook-Pro,936381b-dirty,2026-09-29T09:40:48Z
static-tiled,cpu,Apple M1 Pro,i64,128,10,19.295245543415756,0.0,0.217375,0.190042,0.0284302109735401,,0.11204199999999999,16,5,Pauls-MacBook-Pro,936381b-dirty,2026-09-29T09:40:48Z
static-tiled,cpu,Apple M1 Pro,i64,128,10,17.638541246131076,0.0,0.23779199999999998,0.19625,0.023229469940142838,,0.111458,32,5,Pauls-MacBook-Pro,936381b-dirty,2026-09-29T09:40:48Z
static-tiled,cpu,Apple M1 Pro,i64,128,10,20.108561100377308,0.0,0.20858300000000002,0.186958,0.03698132939335738,,0.1205,64,5,Pauls-MacBook-Pro,936381b-dirty,2026-09-29T09:40:48Z
static-tiled,cpu,Apple M1 Pro,i64,128,10,20.43101743378911,0.0,0.205291,0.18825,0.020283958260162143,,0.12466699999999999,128,5,Pauls-MacBook-Pro,936381b-dirty,2026-09-29T09:40:48Z
static-tiled,cpu,Apple M1 Pro,i64,128,10,21.48171062740077,0.0,0.19525,0.186,0.020833470203017065,,0.11733299999999999,256,5,Pauls-MacBook-Pro,936381b-dirty,2026-09-29T09:40:48Z
static-tiled,cpu,Apple M1 Pro,i64,256,1,5.428202216290544,0.0,6.181500000000001,6.102667,0.05178766531906993,,0.01475,16,5,Pauls-MacBook-Pro,936381b-dirty,2026-09-29T09:40:48Z
static-tiled,cpu,Apple M1 Pro,i64,256,1,6.033975697528968,0.0,5.560916,5.509,0.06448165440107752,,0.020874999999999998,32,5,Pauls-MacBook-Pro,936381b-dirty,2026-09-29T09:40:48Z
static-tiled,cpu,Apple M1 Pro,i64,256,1,5.949807281850449,0.0,5.639583,5.590000000000001,0.03489343704337534,,0.013167,64,5,Pauls-MacBook-Pro,936381b-dirty,2026-09-29T09:40:48Z
static-tiled,cpu,Apple M1 Pro,i64,256,1,5.850688869030754,0.0,5.735125,5.686916999999999,0.04807246428362113,,0.011542,128,5,Pauls-MacBook-Pro,936381b-dirty,2026-09-29T09:40:48Z
static-tiled,cpu,Apple M1 Pro,i64,256,1,6.194093369115881,0.0,5.417166,5.395167,0.03217518035225294,,0.025083,256,5,Pauls-MacBook-Pro,936381b-dirty,2026-09-29T09:40:48Z
static-tiled,cpu,Apple M1 Pro,i64,256,2,10.275695875901915,0.0,3.2654170000000002,3.138042,0.07874622827031143,,0.026667,16,5,Pauls-MacBook-Pro,936381b-dirty,2026-09-29T09:40:48Z
static-tiled,cpu,Apple M1 Pro,i64,256,2,11.55124304908406,0.0,2.904833,2.8621250000000003,0.020766588386155284,,0.023833999999999998,32,5,Pauls-MacBook-Pro,936381b-dirty,2026-09-29T09:40:48Z
static-tiled,cpu,Apple M1 Pro,i64,256,2,11.71576115154736,0.0,2.864042,2.841458,0.03579591067705924,,0.024375,64,5,Pauls-MacBook-Pro,936381b-dirty,2026-09-29T09:40:48Z
static-tiled,cpu,Apple M1 Pro,i64,256,2,11.70707498900099,0.0,2.8661670000000004,2.8241669999999996,0.035230862497248175,,0.021458,128,5,Pauls-MacBook-Pro,936381b-dirty,2026-09-29T09:40:48Z
static-tiled,cpu,Apple M1 Pro,i64,256,2,11.579641710054393,0.0,2.897709,2.8400410000000003,0.06020693574248732,,0.025042,256,5,Pauls-MacBook-Pro,936381b-dirty,2026-09-29T09:40:48Z
static-tiled,cpu,Apple M1 Pro,i64,256,4,20.4532599592086,0.0,1.640542,1.628417,0.05873657996938536,,0.038666,16,5,Pauls-MacBook-Pro,936381b-dirty,2026-09-29T09:40:48Z
static-tiled,cpu,Apple M1 Pro,i64,256,4,22.12926797740805,0.0,1.516292,1.488958,0.02470362973937231,,0.044042000000000005,32,5,Pauls-MacBook-Pro,936381b-dirty,2026-09-29T09:40:48Z
static-tiled,cpu,Apple M1 Pro,i64,256,4,22.19513795548594,0.0,1.511792,1.481541,0.016707299805773488,,0.045000000000000005,64,5,Pauls-MacBook-Pro,936381b-dirty,2026-09-29T09:40:48Z
static-tiled,cpu,Apple M1 Pro,i64,256,4,21.767983298928673,0.0,1.5414580000000002,1.527542,0.008757265640598085,,0.047083,128,5,Pauls-MacBook-Pro,936381b-dirty,2026-09-29T09:40:48Z
static-tiled,cpu,Apple M1 Pro,i64,256,4,21.385312429694316,0.0,1.569041,1.5603749999999998,0.026871231367393694,,0.034249999999999996,256,5,Pauls-MacBook-Pro,936381b-dirty,2026-09-29T09:40:48Z
static-tiled,cpu,Apple M1 Pro,i64,256,8,38.05254753955582,0.0,0.8817919999999999,0.860625,0.04370691209980413,,0.086417,16,5,Pauls-MacBook-Pro,936381b-dirty,2026-09-29T09:40:48Z
static-tiled,cpu,Apple M1 Pro,i64,256,8,41.35502326297951,0.0,0.8113750000000001,0.801792,0.017075473926073014,,0.081541,32,5,Pauls-MacBook-Pro,936381b-dirty,2026-09-29T09:40:48Z
static-tiled,cpu,Apple M1 Pro,i64,256,8,42.65847596502849,0.0,0.786583,0.7749579999999999,0.010535017014699156,,0.08449999999999999,64,5,Pauls-MacBook-Pro,936381b-dirty,2026-09-29T09:40:48Z
static-tiled,cpu,Apple M1 Pro,i64,256,8,27.283730392663067,0.0,1.229833,0.794916,0.24344297208997429,,0.08275,128,5,Pauls-MacBook-Pro,936381b-dirty,2026-09-29T09:40:48Z
static-tiled,cpu,Apple M1 Pro,i64,256,8,40.273405299784194,0.0,0.833166,0.789291,0.08583204359969537,,0.075833,256,5,Pauls-MacBook-Pro,936381b-dirty,2026-09-29T09:40:48Z
static-tiled,cpu,Apple M1 Pro,i64,256,10,24.831370273782426,0.0,1.351292,1.17075,0.11168472724056772,,0.101542,16,5,Pauls-MacBook-Pro,936381b-dirty,2026-09-29T09:40:48Z
static-tiled,cpu,Apple M1 Pro,i64,256,10,28.72914265752707,0.0,1.167958,1.1433330000000002,0.015991258118109367,,0.076875,32,5,Pauls-MacBook-Pro,936381b-dirty,2026-09-29T09:40:48Z
static-tiled,cpu,Apple M1 Pro,i64,256,10,29.195741378170215,0.0,1.149292,1.1189170000000002,0.0256088026330791,,0.095958,64,5,Pauls-MacBook-Pro,936381b-dirty,2026-09-29T09:40:48Z
static-tiled,cpu,Apple M1 Pro,i64,256,10,28.50945573249003,0.0,1.1769580000000002,1.168542,0.7623157133686802,,0.101125,128,5,Pauls-MacBook-Pro,936381b-dirty,2026-09-29T09:40:48Z
static-tiled,cpu,Apple M1 Pro,i64,256,10,28.357855060215506,0.0,1.1832500000000001,1.168459,0.030255681884565105,,0.099208,256,5,Pauls-MacBook-Pro,936381b-dirty,2026-09-29T09:40:48Z
static-tiled,cpu,Apple M1 Pro,i64,512,1,5.469716515182256,0.0,49.076667,49.048125,0.036287181527366374,,0.027083000000000003,16,5,Pauls-MacBook-Pro,936381b-dirty,2026-09-29T09:40:48Z
static-tiled,cpu,Apple M1 Pro,i64,512,1,6.079240679024903,0.0,44.156082999999995,44.122292,0.08418807338512785,,0.020583,32,5,Pauls-MacBook-Pro,936381b-dirty,2026-09-29T09:40:48Z
static-tiled,cpu,Apple M1 Pro,i64,512,1,6.149436399790874,0.0,43.652042,43.57825,0.03632757962898255,,0.030708,64,5,Pauls-MacBook-Pro,936381b-dirty,2026-09-29T09:40:48Z
static-tiled,cpu,Apple M1 Pro,i64,512,1,6.1003494011311705,0.0,44.003292,43.181666,1.3046830669054066,,0.02175,128,5,Pauls-MacBook-Pro,936381b-dirty,2026-09-29T09:40:48Z
static-tiled,cpu,Apple M1 Pro,i64,512,1,6.227990152908516,0.0,43.101458,43.070833,0.06347121388314665,,0.029541,256,5,Pauls-MacBook-Pro,936381b-dirty,2026-09-29T09:40:48Z
static-tiled,cpu,Apple M1 Pro,i64,512,2,10.561481282660186,0.0,25.416459,25.267792,0.08236440302825,,0.039167,16,5,Pauls-MacBook-Pro,936381b-dirty,2026-09-29T09:40:48Z
static-tiled,cpu,Apple M1 Pro,i64,512,2,11.587934133454215,0.0,23.165083,23.069125,0.13943335220993563,,0.040458,32,5,Pauls-MacBook-Pro,936381b-dirty,2026-09-29T09:40:48Z
static-tiled,cpu,Apple M1 Pro,i64,512,2,11.886682098714182,0.0,22.582874999999998,22.506416,0.13069394297671216,,0.036375000000000005,64,5,Pauls-MacBook-Pro,936381b-dirty,2026-09-29T09:40:48Z
static-tiled,cpu,Apple M1 Pro,i64,512,2,12.02158404382229,0.0,22.329458,22.285541,0.19491349527162152,,0.044542,128,5,Pauls-MacBook-Pro,936381b-dirty,2026-09-29T09:40:48Z
static-tiled,cpu,Apple M1 Pro,i64,512,2,12.073491042194155,0.0,22.233458000000002,22.216959000000003,0.03650723691954727,,0.036958,256,5,Pauls-MacBook-Pro,936381b-dirty,2026-09-29T09:40:48Z
static-tiled,cpu,Apple M1 Pro,i64,512,4,20.44112860637559,0.0,13.132125,13.088333,0.025882449358590364,,0.062792,16,5,Pauls-MacBook-Pro,936381b-dirty,2026-09-29T09:40:48Z
static-tiled,cpu,Apple M1 Pro,i64,512,4,22.673908970705025,0.0,11.838958,11.836834,0.03671388940442047,,0.07341700000000001,32,5,Pauls-MacBook-Pro,936381b-dirty,2026-09-29T09:40:48Z
static-tiled,cpu,Apple M1 Pro,i64,512,4,22.9530927772464,0.0,11.694958,11.674166999999999,0.01635957212765701,,0.05775,64,5,Pauls-MacBook-Pro,936381b-dirty,2026-09-29T09:40:48Z
static-tiled,cpu,Apple M1 Pro,i64,512,4,23.193388649113444,0.0,11.573792,11.556583,0.009421820498183955,,0.051625000000000004,128,5,Pauls-MacBook-Pro,936381b-dirty,2026-09-29T09:40:48Z
static-tiled,cpu,Apple M1 Pro,i64,512,4,23.311470802939358,0.0,11.515166,11.509,0.02264669316478647,,0.09112500000000001,256,5,Pauls-MacBook-Pro,936381b-dirty,2026-09-29T09:40:48Z
static-tiled,cpu,Apple M1 Pro,i64,512,8,40.37154603049274,0.0,6.649125,6.6316250000000005,0.012831639556190702,,0.101333,16,5,Pauls-MacBook-Pro,936381b-dirty,2026-09-29T09:40:48Z
static-tiled,cpu,Apple M1 Pro,i64,512,8,44.73085563123581,0.0,6.001125,5.987125000000001,0.045964513820990156,,0.09816599999999999,32,5,Pauls-MacBook-Pro,936381b-dirty,2026-09-29T09:40:48Z
static-tiled,cpu,Apple M1 Pro,i64,512,8,45.068180291890414,0.0,5.956208,5.909041,0.029875277312520102,,0.113833,64,5,Pauls-MacBook-Pro,936381b-dirty,2026-09-29T09:40:48Z
static-tiled,cpu,Apple M1 Pro,i64,512,8,45.72486499404582,0.0,5.870667,5.84825,0.012433848627838378,,0.11383399999999999,128,5,Pauls-MacBook-Pro,936381b-dirty,2026-09-29T09:40:48Z
static-tiled,cpu,Apple M1 Pro,i64,512,8,45.94628999336742,0.0,5.8423750000000005,5.817916,0.01337094700086711,,0.104625,256,5,Pauls-MacBook-Pro,936381b-dirty,2026-09-29T09:40:48Z
static-tiled,cpu,Apple M1 Pro,i64,512,10,30.407995113613918,0.0,8.827791999999999,8.745,0.397610909242566,,0.12279200000000001,16,5,Pauls-MacBook-Pro,936381b-dirty,2026-09-29T09:40:48Z
static-tiled,cpu,Apple M1 Pro,i64,512,10,33.469014890372904,0.0,8.020417,7.905041999999999,0.05622188803748992,,0.125459,32,5,Pauls-MacBook-Pro,936381b-dirty,2026-09-29T09:40:48Z
static-tiled,cpu,Apple M1 Pro,i64,512,10,34.288418457608174,0.0,7.82875,7.748958,0.07362680547735341,,0.132292,64,5,Pauls-MacBook-Pro,936381b-dirty,2026-09-29T09:40:48Z
static-tiled,cpu,Apple M1 Pro,i64,512,10,35.16199443298294,0.0,7.634250000000001,7.600792,0.3008933366199725,,0.147291,128,5,Pauls-MacBook-Pro,936381b-dirty,2026-09-29T09:40:48Z
static-tiled,cpu,Apple M1 Pro,i64,512,10,35.22601656742614,0.0,7.620375,7.526708,0.5751297600628922,,0.112125,256,5,Pauls-MacBook-Pro,936381b-dirty,2026-09-29T09:40:48Z
static-tiled,cpu,Apple M1 Pro,i64,1024,1,4.8237739059940585,0.0,445.187459,444.63341699999995,2.69317233948369,,0.036041000000000004,16,5,Pauls-MacBook-Pro,936381b-dirty,2026-09-29T09:40:48Z
static-tiled,cpu,Apple M1 Pro,i64,1024,1,5.5175112250734575,0.0,389.212375,388.521875,2.5156506671565757,,0.044583000000000005,32,5,Pauls-MacBook-Pro,936381b-dirty,2026-09-29T09:40:48Z
static-tiled,cpu,Apple M1 Pro,i64,1024,1,5.966305461885159,0.0,359.93525,359.595708,2.1439026006888273,,0.045042,64,5,Pauls-MacBook-Pro,936381b-dirty,2026-09-29T09:40:48Z
static-tiled,cpu,Apple M1 Pro,i64,1024,1,6.152447628326831,0.0,349.04541700000004,348.43924999999996,2.79686096660464,,0.047125,128,5,Pauls-MacBook-Pro,936381b-dirty,2026-09-29T09:40:48Z
static-tiled,cpu,Apple M1 Pro,i64,1024,1,6.034904065722644,0.0,355.84387499999997,352.998417,5.753615079840527,,0.037792,256,5,Pauls-MacBook-Pro,936381b-dirty,2026-09-29T09:40:48Z
static-tiled,cpu,Apple M1 Pro,i64,1024,2,9.146109511387472,0.0,234.79749999999999,233.27583299999998,1.3892019199586123,,0.042416999999999996,16,5,Pauls-MacBook-Pro,936381b-dirty,2026-09-29T09:40:48Z
static-tiled,cpu,Apple M1 Pro,i64,1024,2,10.381286092435356,0.0,206.861041,205.40170899999998,2.78931822623958,,0.048708,32,5,Pauls-MacBook-Pro,936381b-dirty,2026-09-29T09:40:48Z
static-tiled,cpu,Apple M1 Pro,i64,1024,2,11.30049602214512,0.0,190.034459,189.409834,1.3139478768608737,,0.056208,64,5,Pauls-MacBook-Pro,936381b-dirty,2026-09-29T09:40:48Z
static-tiled,cpu,Apple M1 Pro,i64,1024,2,11.800122524393746,0.0,181.98825,181.370958,0.8408054082412827,,0.105041,128,5,Pauls-MacBook-Pro,936381b-dirty,2026-09-29T09:40:48Z
static-tiled,cpu,Apple M1 Pro,i64,1024,2,11.964699838523515,0.0,179.484958,179.16316600000002,0.22703073601936827,,0.06575,256,5,Pauls-MacBook-Pro,936381b-dirty,2026-09-29T09:40:48Z
static-tiled,cpu,Apple M1 Pro,i64,1024,4,17.86922827228834,0.0,120.17775,119.62225,0.40893125280699727,,0.068958,16,5,Pauls-MacBook-Pro,936381b-dirty,2026-09-29T09:40:48Z
static-tiled,cpu,Apple M1 Pro,i64,1024,4,20.676731794422675,0.0,103.859917,103.377792,0.49065420861967396,,0.08025,32,5,Pauls-MacBook-Pro,936381b-dirty,2026-09-29T09:40:48Z
static-tiled,cpu,Apple M1 Pro,i64,1024,4,22.290328134812103,0.0,96.3415,96.224208,0.34190337854604447,,0.09849999999999999,64,5,Pauls-MacBook-Pro,936381b-dirty,2026-09-29T09:40:48Z
static-tiled,cpu,Apple M1 Pro,i64,1024,4,23.0127907189946,0.0,93.31695900000001,93.254916,0.18947163191437957,,0.079083,128,5,Pauls-MacBook-Pro,936381b-dirty,2026-09-29T09:40:48Z
static-tiled,cpu,Apple M1 Pro,i64,1024,4,23.1951116796696,0.0,92.583458,92.36975,0.7424224667890881,,0.08325,256,5,Pauls-MacBook-Pro,936381b-dirty,2026-09-29T09:40:48Z
static-tiled,cpu,Apple M1 Pro,i64,1024,8,35.497064308442496,0.0,60.4975,60.477667,0.16249574673972164,,0.11983300000000001,16,5,Pauls-MacBook-Pro,936381b-dirty,2026-09-29T09:40:48Z
static-tiled,cpu,Apple M1 Pro,i64,1024,8,41.32564376077037,0.0,51.964917,51.663624999999996,0.8936329402322876,,0.12158300000000001,32,5,Pauls-MacBook-Pro,936381b-dirty,2026-09-29T09:40:48Z
static-tiled,cpu,Apple M1 Pro,i64,1024,8,44.279535298666865,0.0,48.498332999999995,48.464124999999996,0.024980374130506282,,0.15287499999999998,64,5,Pauls-MacBook-Pro,936381b-dirty,2026-09-29T09:40:48Z
static-tiled,cpu,Apple M1 Pro,i64,1024,8,45.84599360606303,0.0,46.84125,46.791375,1.024708707889074,,0.149125,128,5,Pauls-MacBook-Pro,936381b-dirty,2026-09-29T09:40:48Z
static-tiled,cpu,Apple M1 Pro,i64,1024,8,46.23182460285053,0.0,46.450333,46.425042,0.04907797717102812,,0.139458,256,5,Pauls-MacBook-Pro,936381b-dirty,2026-09-29T09:40:48Z
static-tiled,cpu,Apple M1 Pro,i64,1024,10,34.66045245348645,0.0,61.95775,59.852125,1.4962938284034326,,0.148084,16,5,Pauls-MacBook-Pro,936381b-dirty,2026-09-29T09:40:48Z
static-tiled,cpu,Apple M1 Pro,i64,1024,10,36.9438368033021,0.0,58.128333,55.004583000000004,3.1426982348022703,,0.15429199999999998,32,5,Pauls-MacBook-Pro,936381b-dirty,2026-09-29T09:40:48Z
static-tiled,cpu,Apple M1 Pro,i64,1024,10,43.33958534064245,0.0,49.550166,46.375042,4.687453918130259,,0.149958,64,5,Pauls-MacBook-Pro,936381b-dirty,2026-09-29T09:40:48Z
static-tiled,cpu,Apple M1 Pro,i64,1024,10,42.63068883082337,0.0,50.374125,46.488707999999995,3.041234232483009,,0.168625,128,5,Pauls-MacBook-Pro,936381b-dirty,2026-09-29T09:40:48Z
static-tiled,cpu,Apple M1 Pro,i64,1024,10,43.444615744873474,0.0,49.430375,44.559374999999996,4.957453456845038,,0.16162500000000002,256,5,Pauls-MacBook-Pro,936381b-dirty,2026-09-29T09:40:48Z
static-tiled,cpu,Apple M1 Pro,i64,2048,1,4.557095864831741,0.0,3769.9161249999997,3765.764125,3.5720035331332487,,0.0465,16,5,Pauls-MacBook-Pro,936381b-dirty,2026-09-29T09:40:48Z
static-tiled,cpu,Apple M1 Pro,i64,2048,1,5.833516911343195,0.0,2945.0277499999997,2942.4410000000003,3.2872935661477567,,0.044334,32,5,Pauls-MacBook-Pro,936381b-dirty,2026-09-29T09:40:48Z
static-tiled,cpu,Apple M1 Pro,i64,2048,1,5.910885813968161,0.0,2906.4796250000004,2903.306833,4.19374660349295,,0.047333,64,5,Pauls-MacBook-Pro,936381b-dirty,2026-09-29T09:40:48Z
static-tiled,cpu,Apple M1 Pro,i64,2048,1,5.98371556051205,0.0,2871.103917,2863.530291,9.808490258973169,,0.051958,128,5,Pauls-MacBook-Pro,936381b-dirty,2026-09-29T09:40:48Z
static-tiled,cpu,Apple M1 Pro,i64,2048,1,6.061964007681949,0.0,2834.043416,2827.110667,6.307264679187949,,0.052875,256,5,Pauls-MacBook-Pro,936381b-dirty,2026-09-29T09:40:48Z
static-tiled,cpu,Apple M1 Pro,i64,2048,2,8.76872188643671,0.0,1959.2215840000001,1953.8126249999998,26.91004868131782,,0.056584,16,5,Pauls-MacBook-Pro,936381b-dirty,2026-09-29T09:40:48Z
static-tiled,cpu,Apple M1 Pro,i64,2048,2,11.149257593221899,0.0,1540.8980410000001,1533.9794169999998,4.170913702354361,,0.05875,32,5,Pauls-MacBook-Pro,936381b-dirty,2026-09-29T09:40:48Z
static-tiled,cpu,Apple M1 Pro,i64,2048,2,11.422534422899025,0.0,1504.033041,1502.380792,1.4787019950093783,,0.059083000000000004,64,5,Pauls-MacBook-Pro,936381b-dirty,2026-09-29T09:40:48Z
static-tiled,cpu,Apple M1 Pro,i64,2048,2,11.608425951078958,0.0,1479.948208,1478.4775,1.1471375234542944,,0.053125,128,5,Pauls-MacBook-Pro,936381b-dirty,2026-09-29T09:40:48Z
static-tiled,cpu,Apple M1 Pro,i64,2048,2,11.771047397149907,0.0,1459.502167,1458.181,4.149511395030264,,0.057166,256,5,Pauls-MacBook-Pro,936381b-dirty,2026-09-29T09:40:48Z
static-tiled,cpu,Apple M1 Pro,i64,2048,4,17.260781982091643,0.0,995.312333,994.763875,2.2941729470994487,,0.103167,16,5,Pauls-MacBook-Pro,936381b-dirty,2026-09-29T09:40:48Z
static-tiled,cpu,Apple M1 Pro,i64,2048,4,21.946121455352007,0.0,782.820291,781.956333,5.18109299307091,,0.080083,32,5,Pauls-MacBook-Pro,936381b-dirty,2026-09-29T09:40:48Z
static-tiled,cpu,Apple M1 Pro,i64,2048,4,22.5363723835789,0.0,762.317417,761.40125,0.7807939368023523,,0.075709,64,5,Pauls-MacBook-Pro,936381b-dirty,2026-09-29T09:40:48Z
static-tiled,cpu,Apple M1 Pro,i64,2048,4,22.754123052665005,0.0,755.02225,754.3985,1.2040754148671347,,0.08533400000000001,128,5,Pauls-MacBook-Pro,936381b-dirty,2026-09-29T09:40:48Z
static-tiled,cpu,Apple M1 Pro,i64,2048,4,22.845984654974632,0.0,751.986375,750.923959,1.6288307065474386,,0.094792,256,5,Pauls-MacBook-Pro,936381b-dirty,2026-09-29T09:40:48Z
static-tiled,cpu,Apple M1 Pro,i64,2048,8,34.06520211421993,0.0,504.323125,501.0375,2.315739853890877,,0.13920800000000003,16,5,Pauls-MacBook-Pro,936381b-dirty,2026-09-29T09:40:48Z
static-tiled,cpu,Apple M1 Pro,i64,2048,8,42.791620398393725,0.0,401.47741599999995,398.581666,1.7138468184398699,,0.176375,32,5,Pauls-MacBook-Pro,936381b-dirty,2026-09-29T09:40:48Z
static-tiled,cpu,Apple M1 Pro,i64,2048,8,45.01289528133929,0.0,381.6655,381.148084,2.875882972307337,,0.203209,64,5,Pauls-MacBook-Pro,936381b-dirty,2026-09-29T09:40:48Z
static-tiled,cpu,Apple M1 Pro,i64,2048,8,44.77441705226277,0.0,383.698333,382.266458,2.7744887464022363,,0.181625,128,5,Pauls-MacBook-Pro,936381b-dirty,2026-09-29T09:40:48Z
static-tiled,cpu,Apple M1 Pro,i64,2048,8,44.63299718758277,0.0,384.914083,381.246166,2.7572493311375825,,0.130666,256,5,Pauls-MacBook-Pro,936381b-dirty,2026-09-29T09:40:48Z
static-tiled,cpu,Apple M1 Pro,i64,2048,10,35.986734627231776,0.0,477.3945,475.698167,10.04339881772462,,0.209375,16,5,Pauls-MacBook-Pro,936381b-dirty,2026-09-29T09:40:48Z
static-tiled,cpu,Apple M1 Pro,i64,2048,10,44.97453914882811,0.0,381.99100000000004,376.287416,10.963721303827153,,0.183916,32,5,Pauls-MacBook-Pro,936381b-dirty,2026-09-29T09:40:48Z
static-tiled,cpu,Apple M1 Pro,i64,2048,10,46.146671069167816,0.0,372.28837500000003,362.609667,4.603821840384812,,0.128625,64,5,Pauls-MacBook-Pro,936381b-dirty,2026-09-29T09:40:48Z
static-tiled,cpu,Apple M1 Pro,i64,2048,10,46.46407001577437,0.0,369.74525,365.67058299999997,5.801776490411763,,0.158458,128,5,Pauls-MacBook-Pro,936381b-dirty,2026-09-29T09:40:48Z
static-tiled,cpu,Apple M1 Pro,i64,2048,10,44.388665609502155,0.0,387.03279200000003,384.947166,6.541050123513786,,0.178333,256,5,Pauls-MacBook-Pro,936381b-dirty,2026-09-29T09:40:48Z
static-tiled,cpu,Apple M1 Pro,i64,4096,1,4.504061648972205,0.0,30514.447666,30499.02,14.366851209893104,,0.03975,16,5,Pauls-MacBook-Pro,936381b-dirty,2026-09-29T09:40:48Z
static-tiled,cpu,Apple M1 Pro,i64,4096,1,5.734369477701523,0.0,23967.579,23920.164458,27.50015113289014,,0.041667,32,5,Pauls-MacBook-Pro,936381b-dirty,2026-09-29T09:40:48Z
static-tiled,cpu,Apple M1 Pro,i64,4096,1,5.597276872789329,0.0,24554.6105,24186.84725,300.61570053569125,,0.041749999999999995,64,5,Pauls-MacBook-Pro,936381b-dirty,2026-09-29T09:40:48Z
static-tiled,cpu,Apple M1 Pro,i64,4096,1,5.785563398051556,0.0,23755.500375,23753.936583000002,8.754868406109594,,0.042542,128,5,Pauls-MacBook-Pro,936381b-dirty,2026-09-29T09:40:48Z
static-tiled,cpu,Apple M1 Pro,i64,4096,1,5.833068098367193,0.0,23562.034791,23514.975917,33.38460457054629,,0.042375,256,5,Pauls-MacBook-Pro,936381b-dirty,2026-09-29T09:40:48Z
static-tiled,cpu,Apple M1 Pro,i64,4096,2,8.586769495347188,0.0,16005.897625,15888.394541,118.99868335780243,,0.065417,16,5,Pauls-MacBook-Pro,936381b-dirty,2026-09-29T09:40:48Z
static-tiled,cpu,Apple M1 Pro,i64,4096,2,11.080139469144422,0.0,12404.081542,12383.0505,14.281975385135945,,0.052958,32,5,Pauls-MacBook-Pro,936381b-dirty,2026-09-29T09:40:48Z
static-tiled,cpu,Apple M1 Pro,i64,4096,2,11.217226371384388,0.0,12252.489958,12246.765958,37.93086333903349,,0.052083000000000004,64,5,Pauls-MacBook-Pro,936381b-dirty,2026-09-29T09:40:48Z
static-tiled,cpu,Apple M1 Pro,i64,4096,2,11.159102487458336,0.0,12316.308917,12312.682375,6.665175293012115,,0.058375,128,5,Pauls-MacBook-Pro,936381b-dirty,2026-09-29T09:40:48Z
static-tiled,cpu,Apple M1 Pro,i64,4096,2,11.169209895499367,0.0,12305.163459,12297.795417,5.027764285533876,,0.054542,256,5,Pauls-MacBook-Pro,936381b-dirty,2026-09-29T09:40:48Z
static-tiled,cpu,Apple M1 Pro,i64,4096,4,17.020977210694586,0.0,8074.680541,8024.750208,73.33347477458683,,0.075208,16,5,Pauls-MacBook-Pro,936381b-dirty,2026-09-29T09:40:48Z
static-tiled,cpu,Apple M1 Pro,i64,4096,4,19.905722903833198,0.0,6904.494458,6651.1341250000005,149.5074251114135,,0.06975,32,5,Pauls-MacBook-Pro,936381b-dirty,2026-09-29T09:40:48Z
static-tiled,cpu,Apple M1 Pro,i64,4096,4,21.587971926957813,0.0,6366.459709,6342.707082999999,14.1941381544274,,0.07483300000000001,64,5,Pauls-MacBook-Pro,936381b-dirty,2026-09-29T09:40:48Z
static-tiled,cpu,Apple M1 Pro,i64,4096,4,21.429431479140526,0.0,6413.560416,6393.649,10.36318663792247,,0.083625,128,5,Pauls-MacBook-Pro,936381b-dirty,2026-09-29T09:40:48Z
static-tiled,cpu,Apple M1 Pro,i64,4096,4,21.237433497809832,0.0,6471.5425,6428.999083,117.1843695847018,,0.073042,256,5,Pauls-MacBook-Pro,936381b-dirty,2026-09-29T09:40:48Z
static-tiled,cpu,Apple M1 Pro,i64,4096,8,34.000806028592066,0.0,4042.2263330000005,4012.30125,83.81930416203744,,0.11425,16,5,Pauls-MacBook-Pro,936381b-dirty,2026-09-29T09:40:48Z
static-tiled,cpu,Apple M1 Pro,i64,4096,8,41.77425212103808,0.0,3290.039833,3212.150458,106.43944038870845,,0.120833,32,5,Pauls-MacBook-Pro,936381b-dirty,2026-09-29T09:40:48Z
static-tiled,cpu,Apple M1 Pro,i64,4096,8,37.65629389530976,0.0,3649.826875,3597.815083,39.01572848409782,,0.169458,64,5,Pauls-MacBook-Pro,936381b-dirty,2026-09-29T09:40:48Z
static-tiled,cpu,Apple M1 Pro,i64,4096,8,38.28876289932725,0.0,3589.5375839999997,3225.31075,351.0881812112142,,0.12812500000000002,128,5,Pauls-MacBook-Pro,936381b-dirty,2026-09-29T09:40:48Z
static-tiled,cpu,Apple M1 Pro,i64,4096,8,31.825515958167635,0.0,4318.514542,3529.186666,456.39016768736354,,0.128709,256,5,Pauls-MacBook-Pro,936381b-dirty,2026-09-29T09:40:48Z
static-tiled,cpu,Apple M1 Pro,i64,4096,10,33.3062845272937,0.0,4126.517125,4113.02725,34.75561467751226,,0.142209,16,5,Pauls-MacBook-Pro,936381b-dirty,2026-09-29T09:40:48Z
static-tiled,cpu,Apple M1 Pro,i64,4096,10,40.50289915087371,0.0,3393.3115,3373.9534999999996,281.5199910368676,,0.11791700000000001,32,5,Pauls-MacBook-Pro,936381b-dirty,2026-09-29T09:40:48Z
static-tiled,cpu,Apple M1 Pro,i64,4096,10,43.096767614965835,0.0,3189.078,3049.5355,110.34088224211395,,0.142208,64,5,Pauls-MacBook-Pro,936381b-dirty,2026-09-29T09:40:48Z
static-tiled,cpu,Apple M1 Pro,i64,4096,10,42.4862951857837,0.0,3234.9008750000003,3178.896458,31.759364454658094,,0.193959,128,5,Pauls-MacBook-Pro,936381b-dirty,2026-09-29T09:40:48Z
static-tiled,cpu,Apple M1 Pro,i64,4096,10,37.003772803792714,0.0,3714.1875830000004,3582.3303749999995,312.843126475408,,0.193167,256,5,Pauls-MacBook-Pro,936381b-dirty,2026-09-29T09:40:48Z
