kernel,backend,device,precision,n,threads,gops,mean_rel_error_f64,median_ms,min_ms,stddev_ms,block_size,repetitions,host,commit,timestamp
naive-ijk,cpu,Apple M1 Pro,f16,64,1,3.1076653152191955,0.0007464432646251799,0.168708,0.168708,0.00009335684227736716,,5,Pauls-MacBook-Pro,eca62af-dirty,2026-09-23T22:37:09Z
ikj,cpu,Apple M1 Pro,f16,64,1,25.731926380368098,0.0007464432646251799,0.020375,0.02025,0.0001272961114881366,,5,Pauls-MacBook-Pro,eca62af-dirty,2026-09-23T22:37:09Z
tiled,cpu,Apple M1 Pro,f16,64,1,6.1801636136454725,0.0007464432646251799,0.08483399999999999,0.084209,0.014150812510241242,16,5,Pauls-MacBook-Pro,eca62af-dirty,2026-09-23T22:37:09Z
tiled,cpu,Apple M1 Pro,f16,64,1,17.573506737279615,0.0007464432646251799,0.029834,0.029791,0.00006834617765464214,32,5,Pauls-MacBook-Pro,eca62af-dirty,2026-09-23T22:37:09Z
tiled,cpu,Apple M1 Pro,f16,64,1,25.890765432098764,0.0007464432646251799,0.02025,0.020166999999999997,0.00006968285298407393,64,5,Pauls-MacBook-Pro,eca62af-dirty,2026-09-23T22:37:09Z
tiled,cpu,Apple M1 Pro,f16,64,1,25.99732235830813,0.0007464432646251799,0.020166999999999997,0.02,0.007100715548450029,128,5,Pauls-MacBook-Pro,eca62af-dirty,2026-09-23T22:37:09Z
tiled,cpu,Apple M1 Pro,f16,64,1,26.051577639751553,0.0007464432646251799,0.020125,0.020041,0.007141708969147369,256,5,Pauls-MacBook-Pro,eca62af-dirty,2026-09-23T22:37:09Z
rayon-ikj,cpu,Apple M1 Pro,f16,64,1,15.069644448276854,0.0007464432646251799,0.034791,0.023917,0.006249838573915329,,5,Pauls-MacBook-Pro,eca62af-dirty,2026-09-23T22:37:09Z
rayon-ikj,cpu,Apple M1 Pro,f16,64,2,32.85424238626395,0.0007464432646251799,0.015958,0.015458,0.00037346177849948754,,5,Pauls-MacBook-Pro,eca62af-dirty,2026-09-23T22:37:09Z
rayon-ikj,cpu,Apple M1 Pro,f16,64,4,28.275698414410527,0.0007464432646251799,0.018542,0.017374999999999998,0.0007693071558226933,,5,Pauls-MacBook-Pro,eca62af-dirty,2026-09-23T22:37:09Z
rayon-ikj,cpu,Apple M1 Pro,f16,64,8,14.298633648785012,0.0007464432646251799,0.036667,0.023583,0.029830640081969416,,5,Pauls-MacBook-Pro,eca62af-dirty,2026-09-23T22:37:09Z
rayon-ikj,cpu,Apple M1 Pro,f16,64,10,6.9866872776215665,0.0007464432646251799,0.075041,0.072542,0.011724439700898294,,5,Pauls-MacBook-Pro,eca62af-dirty,2026-09-23T22:37:09Z
rayon-tiled,cpu,Apple M1 Pro,f16,64,1,5.079916285559259,0.0007464432646251799,0.10320800000000001,0.098,0.00278370233681692,16,5,Pauls-MacBook-Pro,eca62af-dirty,2026-09-23T22:37:09Z
rayon-tiled,cpu,Apple M1 Pro,f16,64,1,15.196753623188407,0.0007464432646251799,0.034499999999999996,0.034083,0.0008666298517821758,32,5,Pauls-MacBook-Pro,eca62af-dirty,2026-09-23T22:37:09Z
rayon-tiled,cpu,Apple M1 Pro,f16,64,1,17.672430646846664,0.0007464432646251799,0.029667,0.023791999999999997,0.0029765694179709644,64,5,Pauls-MacBook-Pro,eca62af-dirty,2026-09-23T22:37:09Z
rayon-tiled,cpu,Apple M1 Pro,f16,64,1,21.290883248730964,0.0007464432646251799,0.024624999999999998,0.022666,0.002998985961954474,128,5,Pauls-MacBook-Pro,eca62af-dirty,2026-09-23T22:37:09Z
rayon-tiled,cpu,Apple M1 Pro,f16,64,1,21.694376629287873,0.0007464432646251799,0.024167,0.024,0.0014870506043843973,256,5,Pauls-MacBook-Pro,eca62af-dirty,2026-09-23T22:37:09Z
rayon-tiled,cpu,Apple M1 Pro,f16,64,2,9.327474247896244,0.0007464432646251799,0.056208999999999995,0.053334,0.004293173220358102,16,5,Pauls-MacBook-Pro,eca62af-dirty,2026-09-23T22:37:09Z
rayon-tiled,cpu,Apple M1 Pro,f16,64,2,17.260510288065845,0.0007464432646251799,0.030375,0.028249999999999997,0.0023331357225845222,32,5,Pauls-MacBook-Pro,eca62af-dirty,2026-09-23T22:37:09Z
rayon-tiled,cpu,Apple M1 Pro,f16,64,2,32.684246618041264,0.0007464432646251799,0.016041,0.015834,0.00027435597314438024,64,5,Pauls-MacBook-Pro,eca62af-dirty,2026-09-23T22:37:09Z
rayon-tiled,cpu,Apple M1 Pro,f16,64,2,33.0260157480315,0.0007464432646251799,0.015875,0.015583999999999999,0.00017751394311433735,128,5,Pauls-MacBook-Pro,eca62af-dirty,2026-09-23T22:37:09Z
rayon-tiled,cpu,Apple M1 Pro,f16,64,2,31.694353766170963,0.0007464432646251799,0.016541999999999998,0.015167,0.0007387085352153447,256,5,Pauls-MacBook-Pro,eca62af-dirty,2026-09-23T22:37:09Z
rayon-tiled,cpu,Apple M1 Pro,f16,64,4,12.93197178234917,0.0007464432646251799,0.040542,0.037084,0.019122083916247205,16,5,Pauls-MacBook-Pro,eca62af-dirty,2026-09-23T22:37:09Z
rayon-tiled,cpu,Apple M1 Pro,f16,64,4,28.33989189189189,0.0007464432646251799,0.0185,0.01525,0.0024311654201226223,32,5,Pauls-MacBook-Pro,eca62af-dirty,2026-09-23T22:37:09Z
rayon-tiled,cpu,Apple M1 Pro,f16,64,4,28.467611445946677,0.0007464432646251799,0.018417,0.014875000000000001,0.004224175327800682,64,5,Pauls-MacBook-Pro,eca62af-dirty,2026-09-23T22:37:09Z
rayon-tiled,cpu,Apple M1 Pro,f16,64,4,26.60280089303836,0.0007464432646251799,0.019708,0.013625000000000002,0.0028483667600925264,128,5,Pauls-MacBook-Pro,eca62af-dirty,2026-09-23T22:37:09Z
rayon-tiled,cpu,Apple M1 Pro,f16,64,4,32.85218372078451,0.0007464432646251799,0.015959,0.013125000000000001,0.001813503019021474,256,5,Pauls-MacBook-Pro,eca62af-dirty,2026-09-23T22:37:09Z
rayon-tiled,cpu,Apple M1 Pro,f16,64,8,11.407981200226294,0.0007464432646251799,0.045958000000000006,0.038542,0.01737850181114586,16,5,Pauls-MacBook-Pro,eca62af-dirty,2026-09-23T22:37:09Z
rayon-tiled,cpu,Apple M1 Pro,f16,64,8,21.254631694166296,0.0007464432646251799,0.024666999999999998,0.015583999999999999,0.00526907119898754,32,5,Pauls-MacBook-Pro,eca62af-dirty,2026-09-23T22:37:09Z
rayon-tiled,cpu,Apple M1 Pro,f16,64,8,15.363750915750913,0.0007464432646251799,0.034125,0.023375,0.01330361474562459,64,5,Pauls-MacBook-Pro,eca62af-dirty,2026-09-23T22:37:09Z
rayon-tiled,cpu,Apple M1 Pro,f16,64,8,18.72457142857143,0.0007464432646251799,0.028,0.018375,0.012001856285591824,128,5,Pauls-MacBook-Pro,eca62af-dirty,2026-09-23T22:37:09Z
rayon-tiled,cpu,Apple M1 Pro,f16,64,8,19.44832702722754,0.0007464432646251799,0.026958,0.021583,0.005996241306018297,256,5,Pauls-MacBook-Pro,eca62af-dirty,2026-09-23T22:37:09Z
rayon-tiled,cpu,Apple M1 Pro,f16,64,10,10.772967308443093,0.0007464432646251799,0.048667,0.040707999999999994,0.006583191460074667,16,5,Pauls-MacBook-Pro,eca62af-dirty,2026-09-23T22:37:09Z
rayon-tiled,cpu,Apple M1 Pro,f16,64,10,10.373313284001425,0.0007464432646251799,0.050542,0.020083,0.024868579688032043,32,5,Pauls-MacBook-Pro,eca62af-dirty,2026-09-23T22:37:09Z
rayon-tiled,cpu,Apple M1 Pro,f16,64,10,5.971933661381446,0.0007464432646251799,0.08779200000000001,0.031083,0.03683481827972007,64,5,Pauls-MacBook-Pro,eca62af-dirty,2026-09-23T22:37:09Z
rayon-tiled,cpu,Apple M1 Pro,f16,64,10,16.622427950921022,0.0007464432646251799,0.031541,0.027125,0.02293603545297225,128,5,Pauls-MacBook-Pro,eca62af-dirty,2026-09-23T22:37:09Z
rayon-tiled,cpu,Apple M1 Pro,f16,64,10,17.500183584231785,0.0007464432646251799,0.029959,0.026,0.004777769280741799,256,5,Pauls-MacBook-Pro,eca62af-dirty,2026-09-23T22:37:09Z
static-ikj,cpu,Apple M1 Pro,f16,64,1,19.878218009478672,0.0007464432646251799,0.026375,0.023584,0.0018535151199814905,,5,Pauls-MacBook-Pro,eca62af-dirty,2026-09-23T22:37:09Z
static-ikj,cpu,Apple M1 Pro,f16,64,2,27.534688304185707,0.0007464432646251799,0.019041,0.015542000000000002,0.026189336814818356,,5,Pauls-MacBook-Pro,eca62af-dirty,2026-09-23T22:37:09Z
static-ikj,cpu,Apple M1 Pro,f16,64,4,11.105679001885234,0.0007464432646251799,0.047209,0.029,0.009521151311684945,,5,Pauls-MacBook-Pro,eca62af-dirty,2026-09-23T22:37:09Z
static-ikj,cpu,Apple M1 Pro,f16,64,8,10.313929927409362,0.0007464432646251799,0.050832999999999996,0.029542,0.011649055699926926,,5,Pauls-MacBook-Pro,eca62af-dirty,2026-09-23T22:37:09Z
static-ikj,cpu,Apple M1 Pro,f16,64,10,14.733812949640289,0.0007464432646251799,0.035584,0.019459,0.023118645375540498,,5,Pauls-MacBook-Pro,eca62af-dirty,2026-09-23T22:37:09Z
static-tiled,cpu,Apple M1 Pro,f16,64,1,5.882614305750351,0.0007464432646251799,0.089125,0.088375,0.0008430846339484534,16,5,Pauls-MacBook-Pro,eca62af-dirty,2026-09-23T22:37:09Z
static-tiled,cpu,Apple M1 Pro,f16,64,1,14.169945945945946,0.0007464432646251799,0.037,0.035207999999999996,0.0019349267944808678,32,5,Pauls-MacBook-Pro,eca62af-dirty,2026-09-23T22:37:09Z
static-tiled,cpu,Apple M1 Pro,f16,64,1,22.075284210526313,0.0007464432646251799,0.02375,0.0235,0.00107137962459625,64,5,Pauls-MacBook-Pro,eca62af-dirty,2026-09-23T22:37:09Z
static-tiled,cpu,Apple M1 Pro,f16,64,1,21.58363179778519,0.0007464432646251799,0.024290999999999997,0.023209,0.0029337391329155357,128,5,Pauls-MacBook-Pro,eca62af-dirty,2026-09-23T22:37:09Z
static-tiled,cpu,Apple M1 Pro,f16,64,1,22.192084656084656,0.0007464432646251799,0.023625,0.023416,0.0009785158659929838,256,5,Pauls-MacBook-Pro,eca62af-dirty,2026-09-23T22:37:09Z
static-tiled,cpu,Apple M1 Pro,f16,64,2,6.775935379644588,0.0007464432646251799,0.077375,0.070167,0.0048174689412595045,16,5,Pauls-MacBook-Pro,eca62af-dirty,2026-09-23T22:37:09Z
static-tiled,cpu,Apple M1 Pro,f16,64,2,23.96745142857143,0.0007464432646251799,0.021875,0.02075,0.0007541183594105096,32,5,Pauls-MacBook-Pro,eca62af-dirty,2026-09-23T22:37:09Z
static-tiled,cpu,Apple M1 Pro,f16,64,2,33.46447947916001,0.0007464432646251799,0.015667,0.013417,0.004201134941893678,64,5,Pauls-MacBook-Pro,eca62af-dirty,2026-09-23T22:37:09Z
static-tiled,cpu,Apple M1 Pro,f16,64,2,33.64271047227926,0.0007464432646251799,0.015583999999999999,0.013541,0.0030700276383120732,128,5,Pauls-MacBook-Pro,eca62af-dirty,2026-09-23T22:37:09Z
static-tiled,cpu,Apple M1 Pro,f16,64,2,31.7750303030303,0.0007464432646251799,0.0165,0.015209,0.0009829858595117227,256,5,Pauls-MacBook-Pro,eca62af-dirty,2026-09-23T22:37:09Z
static-tiled,cpu,Apple M1 Pro,f16,64,4,9.42540224719101,0.0007464432646251799,0.055624999999999994,0.0515,0.004812043349763177,16,5,Pauls-MacBook-Pro,eca62af-dirty,2026-09-23T22:37:09Z
static-tiled,cpu,Apple M1 Pro,f16,64,4,19.661291532288306,0.0007464432646251799,0.026666,0.021292,0.005994577658184104,32,5,Pauls-MacBook-Pro,eca62af-dirty,2026-09-23T22:37:09Z
static-tiled,cpu,Apple M1 Pro,f16,64,4,19.358564413100467,0.0007464432646251799,0.027083000000000003,0.011958,0.015962665645185958,64,5,Pauls-MacBook-Pro,eca62af-dirty,2026-09-23T22:37:09Z
static-tiled,cpu,Apple M1 Pro,f16,64,4,33.37500795722197,0.0007464432646251799,0.015709,0.012417,0.0023432174888387987,128,5,Pauls-MacBook-Pro,eca62af-dirty,2026-09-23T22:37:09Z
static-tiled,cpu,Apple M1 Pro,f16,64,4,21.69527435239593,0.0007464432646251799,0.024166,0.020416,0.005043542376147937,256,5,Pauls-MacBook-Pro,eca62af-dirty,2026-09-23T22:37:09Z
static-tiled,cpu,Apple M1 Pro,f16,64,8,7.525629063975771,0.0007464432646251799,0.06966699999999999,0.045834,0.016369470449589994,16,5,Pauls-MacBook-Pro,eca62af-dirty,2026-09-23T22:37:09Z
static-tiled,cpu,Apple M1 Pro,f16,64,8,8.377482702970456,0.0007464432646251799,0.062583,0.024333,0.01919839728987813,32,5,Pauls-MacBook-Pro,eca62af-dirty,2026-09-23T22:37:09Z
static-tiled,cpu,Apple M1 Pro,f16,64,8,15.689729470912138,0.0007464432646251799,0.033416,0.017625000000000002,0.015798744459608174,64,5,Pauls-MacBook-Pro,eca62af-dirty,2026-09-23T22:37:09Z
static-tiled,cpu,Apple M1 Pro,f16,64,8,10.708934188488092,0.0007464432646251799,0.048958,0.021917,0.016785328957157796,128,5,Pauls-MacBook-Pro,eca62af-dirty,2026-09-23T22:37:09Z
static-tiled,cpu,Apple M1 Pro,f16,64,8,12.446005934718102,0.0007464432646251799,0.042125,0.016708,0.014759419544819505,256,5,Pauls-MacBook-Pro,eca62af-dirty,2026-09-23T22:37:09Z
static-tiled,cpu,Apple M1 Pro,f16,64,10,8.316487421084357,0.0007464432646251799,0.063042,0.035625,0.01631786801944421,16,5,Pauls-MacBook-Pro,eca62af-dirty,2026-09-23T22:37:09Z
static-tiled,cpu,Apple M1 Pro,f16,64,10,11.315649752875922,0.0007464432646251799,0.046333,0.036625000000000005,0.010809218741426228,32,5,Pauls-MacBook-Pro,eca62af-dirty,2026-09-23T22:37:09Z
static-tiled,cpu,Apple M1 Pro,f16,64,10,13.965744119762395,0.0007464432646251799,0.037541,0.030042000000000003,0.007231013186269265,64,5,Pauls-MacBook-Pro,eca62af-dirty,2026-09-23T22:37:09Z
static-tiled,cpu,Apple M1 Pro,f16,64,10,13.486508038585209,0.0007464432646251799,0.038875,0.034999999999999996,0.012380356085347466,128,5,Pauls-MacBook-Pro,eca62af-dirty,2026-09-23T22:37:09Z
static-tiled,cpu,Apple M1 Pro,f16,64,10,12.336188235294117,0.0007464432646251799,0.0425,0.024,0.020530407428982017,256,5,Pauls-MacBook-Pro,eca62af-dirty,2026-09-23T22:37:09Z
mps,metal,Apple M1 Pro,f16,64,1,2.6484676119802586,0.0001594864904382036,0.197959,0.1725,0.02419897593494403,,5,Pauls-MacBook-Pro,eca62af-dirty,2026-09-23T22:37:09Z
naive-ijk,cpu,Apple M1 Pro,f16,128,1,2.977940414268654,0.0011165557453931836,1.408458,1.398959,0.05317395297793837,,5,Pauls-MacBook-Pro,eca62af-dirty,2026-09-23T22:37:09Z
ikj,cpu,Apple M1 Pro,f16,128,1,42.51012506841263,0.0011165557453931836,0.09866599999999999,0.09825,0.014057770449114613,,5,Pauls-MacBook-Pro,eca62af-dirty,2026-09-23T22:37:09Z
tiled,cpu,Apple M1 Pro,f16,128,1,6.200766686821886,0.0011165557453931836,0.676417,0.656875,0.011375592235132221,16,5,Pauls-MacBook-Pro,eca62af-dirty,2026-09-23T22:37:09Z
tiled,cpu,Apple M1 Pro,f16,128,1,18.738541680627968,0.0011165557453931836,0.223833,0.223792,0.000029346209295249202,32,5,Pauls-MacBook-Pro,eca62af-dirty,2026-09-23T22:37:09Z
tiled,cpu,Apple M1 Pro,f16,128,1,27.631917360598713,0.0011165557453931836,0.151792,0.151333,0.00038487751298303056,64,5,Pauls-MacBook-Pro,eca62af-dirty,2026-09-23T22:37:09Z
tiled,cpu,Apple M1 Pro,f16,128,1,42.708374063212766,0.0011165557453931836,0.098208,0.09725,0.0006370680497403732,128,5,Pauls-MacBook-Pro,eca62af-dirty,2026-09-23T22:37:09Z
tiled,cpu,Apple M1 Pro,f16,128,1,41.00364645961033,0.0011165557453931836,0.102291,0.09933399999999999,0.002543760110545018,256,5,Pauls-MacBook-Pro,eca62af-dirty,2026-09-23T22:37:09Z
rayon-ikj,cpu,Apple M1 Pro,f16,128,1,38.33320233601726,0.0011165557453931836,0.109417,0.106,0.011939828193906312,,5,Pauls-MacBook-Pro,eca62af-dirty,2026-09-23T22:37:09Z
rayon-ikj,cpu,Apple M1 Pro,f16,128,2,71.79937347005153,0.0011165557453931836,0.058417,0.058041999999999996,0.00018475984412203968,,5,Pauls-MacBook-Pro,eca62af-dirty,2026-09-23T22:37:09Z
rayon-ikj,cpu,Apple M1 Pro,f16,128,4,100.76406006006006,0.0011165557453931836,0.041625,0.039875,0.0019333319166661466,,5,Pauls-MacBook-Pro,eca62af-dirty,2026-09-23T22:37:09Z
rayon-ikj,cpu,Apple M1 Pro,f16,128,8,32.409219808835005,0.0011165557453931836,0.129417,0.04575,0.05617574503911808,,5,Pauls-MacBook-Pro,eca62af-dirty,2026-09-23T22:37:09Z
rayon-ikj,cpu,Apple M1 Pro,f16,128,10,65.32268062109674,0.0011165557453931836,0.06420899999999999,0.052125,0.007056891652845465,,5,Pauls-MacBook-Pro,eca62af-dirty,2026-09-23T22:37:09Z
rayon-tiled,cpu,Apple M1 Pro,f16,128,1,6.08053442197068,0.0011165557453931836,0.6897920000000001,0.6613749999999999,0.019306710841052146,16,5,Pauls-MacBook-Pro,eca62af-dirty,2026-09-23T22:37:09Z
rayon-tiled,cpu,Apple M1 Pro,f16,128,1,18.072430983742887,0.0011165557453931836,0.232083,0.231125,0.0052114497503094204,32,5,Pauls-MacBook-Pro,eca62af-dirty,2026-09-23T22:37:09Z
rayon-tiled,cpu,Apple M1 Pro,f16,128,1,26.105734878567958,0.0011165557453931836,0.160666,0.159417,0.0005929260493518516,64,5,Pauls-MacBook-Pro,eca62af-dirty,2026-09-23T22:37:09Z
rayon-tiled,cpu,Apple M1 Pro,f16,128,1,40.475792521109774,0.0011165557453931836,0.103625,0.103292,0.0015740747440957192,128,5,Pauls-MacBook-Pro,eca62af-dirty,2026-09-23T22:37:09Z
rayon-tiled,cpu,Apple M1 Pro,f16,128,1,40.26557609968703,0.0011165557453931836,0.10416600000000001,0.10341700000000001,0.0005222149940398079,256,5,Pauls-MacBook-Pro,eca62af-dirty,2026-09-23T22:37:09Z
rayon-tiled,cpu,Apple M1 Pro,f16,128,2,11.454651715342223,0.0011165557453931836,0.366166,0.349167,0.014843857696030362,16,5,Pauls-MacBook-Pro,eca62af-dirty,2026-09-23T22:37:09Z
rayon-tiled,cpu,Apple M1 Pro,f16,128,2,28.37190613733064,0.0011165557453931836,0.147833,0.146708,0.002781077435095974,32,5,Pauls-MacBook-Pro,eca62af-dirty,2026-09-23T22:37:09Z
rayon-tiled,cpu,Apple M1 Pro,f16,128,2,48.65330363771344,0.0011165557453931836,0.08620799999999999,0.0855,0.010844650630610464,64,5,Pauls-MacBook-Pro,eca62af-dirty,2026-09-23T22:37:09Z
rayon-tiled,cpu,Apple M1 Pro,f16,128,2,72.94441739130436,0.0011165557453931836,0.0575,0.057209,0.00014722024317328009,128,5,Pauls-MacBook-Pro,eca62af-dirty,2026-09-23T22:37:09Z
rayon-tiled,cpu,Apple M1 Pro,f16,128,2,71.34140699414887,0.0011165557453931836,0.058792000000000004,0.058334000000000004,0.0005360104476593687,256,5,Pauls-MacBook-Pro,eca62af-dirty,2026-09-23T22:37:09Z
rayon-tiled,cpu,Apple M1 Pro,f16,128,4,19.104877904354996,0.0011165557453931836,0.219541,0.199334,0.013396669425644566,16,5,Pauls-MacBook-Pro,eca62af-dirty,2026-09-23T22:37:09Z
rayon-tiled,cpu,Apple M1 Pro,f16,128,4,47.17100217056356,0.0011165557453931836,0.088917,0.08758300000000001,0.011907572351239354,32,5,Pauls-MacBook-Pro,eca62af-dirty,2026-09-23T22:37:09Z
rayon-tiled,cpu,Apple M1 Pro,f16,128,4,59.31866266900492,0.0011165557453931836,0.07070800000000001,0.062583,0.005986813534761211,64,5,Pauls-MacBook-Pro,eca62af-dirty,2026-09-23T22:37:09Z
rayon-tiled,cpu,Apple M1 Pro,f16,128,4,112.72586540528918,0.0011165557453931836,0.037208,0.03325,0.002274479215117165,128,5,Pauls-MacBook-Pro,eca62af-dirty,2026-09-23T22:37:09Z
rayon-tiled,cpu,Apple M1 Pro,f16,128,4,114.78036232280664,0.0011165557453931836,0.036542,0.033541999999999995,0.0019119416832110766,256,5,Pauls-MacBook-Pro,eca62af-dirty,2026-09-23T22:37:09Z
rayon-tiled,cpu,Apple M1 Pro,f16,128,8,25.191015015015015,0.0011165557453931836,0.1665,0.137208,0.02533496532857308,16,5,Pauls-MacBook-Pro,eca62af-dirty,2026-09-23T22:37:09Z
rayon-tiled,cpu,Apple M1 Pro,f16,128,8,57.292973445525085,0.0011165557453931836,0.073208,0.058458,0.050285478120427565,32,5,Pauls-MacBook-Pro,eca62af-dirty,2026-09-23T22:37:09Z
rayon-tiled,cpu,Apple M1 Pro,f16,128,8,87.15436883116884,0.0011165557453931836,0.048124999999999994,0.045459,0.011522793120593632,64,5,Pauls-MacBook-Pro,eca62af-dirty,2026-09-23T22:37:09Z
rayon-tiled,cpu,Apple M1 Pro,f16,128,8,108.12291194060633,0.0011165557453931836,0.038792,0.035457999999999996,0.007996795808322231,128,5,Pauls-MacBook-Pro,eca62af-dirty,2026-09-23T22:37:09Z
rayon-tiled,cpu,Apple M1 Pro,f16,128,8,108.00597414636658,0.0011165557453931836,0.038834,0.038417,0.002366893787224093,256,5,Pauls-MacBook-Pro,eca62af-dirty,2026-09-23T22:37:09Z
rayon-tiled,cpu,Apple M1 Pro,f16,128,10,26.255424100156493,0.0011165557453931836,0.15975,0.1405,0.03181721179959049,16,5,Pauls-MacBook-Pro,eca62af-dirty,2026-09-23T22:37:09Z
rayon-tiled,cpu,Apple M1 Pro,f16,128,10,59.67056948969286,0.0011165557453931836,0.07029099999999999,0.061042000000000006,0.009030205496000632,32,5,Pauls-MacBook-Pro,eca62af-dirty,2026-09-23T22:37:09Z
rayon-tiled,cpu,Apple M1 Pro,f16,128,10,77.01764630272315,0.0011165557453931836,0.054459,0.044959,0.014272514291462455,64,5,Pauls-MacBook-Pro,eca62af-dirty,2026-09-23T22:37:09Z
rayon-tiled,cpu,Apple M1 Pro,f16,128,10,103.56306172839506,0.0011165557453931836,0.0405,0.034958,0.005545660979540672,128,5,Pauls-MacBook-Pro,eca62af-dirty,2026-09-23T22:37:09Z
rayon-tiled,cpu,Apple M1 Pro,f16,128,10,99.96434529767863,0.0011165557453931836,0.041958,0.038708,0.006986901945783983,256,5,Pauls-MacBook-Pro,eca62af-dirty,2026-09-23T22:37:09Z
static-ikj,cpu,Apple M1 Pro,f16,128,1,39.047292768302675,0.0011165557453931836,0.107416,0.106334,0.000765707058867816,,5,Pauls-MacBook-Pro,eca62af-dirty,2026-09-23T22:37:09Z
static-ikj,cpu,Apple M1 Pro,f16,128,2,72.99646704606762,0.0011165557453931836,0.057459,0.057083,0.0003712781975823524,,5,Pauls-MacBook-Pro,eca62af-dirty,2026-09-23T22:37:09Z
static-ikj,cpu,Apple M1 Pro,f16,128,4,58.35553391304348,0.0011165557453931836,0.071875,0.043708000000000004,0.018582283156275494,,5,Pauls-MacBook-Pro,eca62af-dirty,2026-09-23T22:37:09Z
static-ikj,cpu,Apple M1 Pro,f16,128,8,71.34140699414887,0.0011165557453931836,0.058792000000000004,0.051041,0.016274565625539746,,5,Pauls-MacBook-Pro,eca62af-dirty,2026-09-23T22:37:09Z
static-ikj,cpu,Apple M1 Pro,f16,128,10,67.92395141700405,0.0011165557453931836,0.06175,0.040625,0.040399506857138744,,5,Pauls-MacBook-Pro,eca62af-dirty,2026-09-23T22:37:09Z
static-tiled,cpu,Apple M1 Pro,f16,128,1,6.20879826864947,0.0011165557453931836,0.675542,0.668541,0.007064299929929334,16,5,Pauls-MacBook-Pro,eca62af-dirty,2026-09-23T22:37:09Z
static-tiled,cpu,Apple M1 Pro,f16,128,1,17.15167128754979,0.0011165557453931836,0.24454199999999998,0.243791,0.008009546223101523,32,5,Pauls-MacBook-Pro,eca62af-dirty,2026-09-23T22:37:09Z
static-tiled,cpu,Apple M1 Pro,f16,128,1,26.200808330678463,0.0011165557453931836,0.160083,0.159,0.0012199954917949504,64,5,Pauls-MacBook-Pro,eca62af-dirty,2026-09-23T22:37:09Z
static-tiled,cpu,Apple M1 Pro,f16,128,1,40.2976855009944,0.0011165557453931836,0.104083,0.103791,0.0021528902201459355,128,5,Pauls-MacBook-Pro,eca62af-dirty,2026-09-23T22:37:09Z
static-tiled,cpu,Apple M1 Pro,f16,128,1,40.281430972388954,0.0011165557453931836,0.104125,0.103791,0.0002100635618092767,256,5,Pauls-MacBook-Pro,eca62af-dirty,2026-09-23T22:37:09Z
static-tiled,cpu,Apple M1 Pro,f16,128,2,11.208482982726185,0.0011165557453931836,0.374208,0.371625,0.0026800445891813104,16,5,Pauls-MacBook-Pro,eca62af-dirty,2026-09-23T22:37:09Z
static-tiled,cpu,Apple M1 Pro,f16,128,2,27.46617073106845,0.0011165557453931836,0.15270799999999998,0.150542,0.004087179320754108,32,5,Pauls-MacBook-Pro,eca62af-dirty,2026-09-23T22:37:09Z
static-tiled,cpu,Apple M1 Pro,f16,128,2,38.158828934559715,0.0011165557453931836,0.109917,0.107667,0.0013101399543560233,64,5,Pauls-MacBook-Pro,eca62af-dirty,2026-09-23T22:37:09Z
static-tiled,cpu,Apple M1 Pro,f16,128,2,51.62220307692308,0.0011165557453931836,0.08125,0.078875,0.002024403245403447,128,5,Pauls-MacBook-Pro,eca62af-dirty,2026-09-23T22:37:09Z
static-tiled,cpu,Apple M1 Pro,f16,128,2,50.231185628742516,0.0011165557453931836,0.08349999999999999,0.080916,0.00895506064747749,256,5,Pauls-MacBook-Pro,eca62af-dirty,2026-09-23T22:37:09Z
static-tiled,cpu,Apple M1 Pro,f16,128,4,19.937273915626857,0.0011165557453931836,0.210375,0.204167,0.004763129097557611,16,5,Pauls-MacBook-Pro,eca62af-dirty,2026-09-23T22:37:09Z
static-tiled,cpu,Apple M1 Pro,f16,128,4,52.07598520026818,0.0011165557453931836,0.080542,0.070792,0.017706890884624557,32,5,Pauls-MacBook-Pro,eca62af-dirty,2026-09-23T22:37:09Z
static-tiled,cpu,Apple M1 Pro,f16,128,4,57.85246896551724,0.0011165557453931836,0.0725,0.07179100000000001,0.000988232917889297,64,5,Pauls-MacBook-Pro,eca62af-dirty,2026-09-23T22:37:09Z
static-tiled,cpu,Apple M1 Pro,f16,128,4,77.55309431799272,0.0011165557453931836,0.054083,0.040416,0.017324775779212844,128,5,Pauls-MacBook-Pro,eca62af-dirty,2026-09-23T22:37:09Z
static-tiled,cpu,Apple M1 Pro,f16,128,4,64.56848165766098,0.0011165557453931836,0.064959,0.055208,0.0059203055917748,256,5,Pauls-MacBook-Pro,eca62af-dirty,2026-09-23T22:37:09Z
static-tiled,cpu,Apple M1 Pro,f16,128,8,25.581419745180195,0.0011165557453931836,0.163959,0.152709,0.023100714517087995,16,5,Pauls-MacBook-Pro,eca62af-dirty,2026-09-23T22:37:09Z
static-tiled,cpu,Apple M1 Pro,f16,128,8,40.233131894484416,0.0011165557453931836,0.10425,0.08333299999999999,0.01296016000287034,32,5,Pauls-MacBook-Pro,eca62af-dirty,2026-09-23T22:37:09Z
static-tiled,cpu,Apple M1 Pro,f16,128,8,53.092455696202535,0.0011165557453931836,0.079,0.072875,0.008641017735197635,64,5,Pauls-MacBook-Pro,eca62af-dirty,2026-09-23T22:37:09Z
static-tiled,cpu,Apple M1 Pro,f16,128,8,67.74074971332591,0.0011165557453931836,0.061917,0.04975,0.0112195295489606,128,5,Pauls-MacBook-Pro,eca62af-dirty,2026-09-23T22:37:09Z
static-tiled,cpu,Apple M1 Pro,f16,128,8,48.02601506858726,0.0011165557453931836,0.087334,0.067167,0.009670974909490771,256,5,Pauls-MacBook-Pro,eca62af-dirty,2026-09-23T22:37:09Z
static-tiled,cpu,Apple M1 Pro,f16,128,10,18.87557603686636,0.0011165557453931836,0.222208,0.212959,0.02086985782174856,16,5,Pauls-MacBook-Pro,eca62af-dirty,2026-09-23T22:37:09Z
static-tiled,cpu,Apple M1 Pro,f16,128,10,33.666744258847515,0.0011165557453931836,0.124583,0.086542,0.04183180101908117,32,5,Pauls-MacBook-Pro,eca62af-dirty,2026-09-23T22:37:09Z
static-tiled,cpu,Apple M1 Pro,f16,128,10,66.35716997848374,0.0011165557453931836,0.063208,0.044875,0.008990190337250929,64,5,Pauls-MacBook-Pro,eca62af-dirty,2026-09-23T22:37:09Z
static-tiled,cpu,Apple M1 Pro,f16,128,10,82.0401760391198,0.0011165557453931836,0.051125000000000004,0.040874999999999995,0.005222374814200913,128,5,Pauls-MacBook-Pro,eca62af-dirty,2026-09-23T22:37:09Z
static-tiled,cpu,Apple M1 Pro,f16,128,10,74.95450159047857,0.0011165557453931836,0.055958,0.04375,0.019526511434457515,256,5,Pauls-MacBook-Pro,eca62af-dirty,2026-09-23T22:37:09Z
mps,metal,Apple M1 Pro,f16,128,1,17.509680974526386,0.00014482771364889406,0.239542,0.22412500000000002,0.0402605925353813,,5,Pauls-MacBook-Pro,eca62af-dirty,2026-09-23T22:37:09Z
naive-ijk,cpu,Apple M1 Pro,f16,256,1,2.5015885039047214,0.0017059664673413303,13.41325,13.397625,0.26947429921014754,,5,Pauls-MacBook-Pro,eca62af-dirty,2026-09-23T22:37:09Z
ikj,cpu,Apple M1 Pro,f16,256,1,60.77325243377859,0.0017059664673413303,0.552125,0.5515,0.001241240427959077,,5,Pauls-MacBook-Pro,eca62af-dirty,2026-09-23T22:37:09Z
tiled,cpu,Apple M1 Pro,f16,256,1,6.340146342615554,0.0017059664673413303,5.292375,5.174834,0.06991495185795396,16,5,Pauls-MacBook-Pro,eca62af-dirty,2026-09-23T22:37:09Z
tiled,cpu,Apple M1 Pro,f16,256,1,18.46651425778821,0.0017059664673413303,1.817042,1.792583,0.054779019986670084,32,5,Pauls-MacBook-Pro,eca62af-dirty,2026-09-23T22:37:09Z
tiled,cpu,Apple M1 Pro,f16,256,1,27.38857830833588,0.0017059664673413303,1.225125,1.219833,0.020212850632704,64,5,Pauls-MacBook-Pro,eca62af-dirty,2026-09-23T22:37:09Z
tiled,cpu,Apple M1 Pro,f16,256,1,42.12295768300353,0.0017059664673413303,0.796583,0.795333,0.0016698844271386204,128,5,Pauls-MacBook-Pro,eca62af-dirty,2026-09-23T22:37:09Z
tiled,cpu,Apple M1 Pro,f16,256,1,58.1197194686602,0.0017059664673413303,0.577333,0.556875,0.02586459632779912,256,5,Pauls-MacBook-Pro,eca62af-dirty,2026-09-23T22:37:09Z
rayon-ikj,cpu,Apple M1 Pro,f16,256,1,59.10071686481726,0.0017059664673413303,0.56775,0.565209,0.002173473326268362,,5,Pauls-MacBook-Pro,eca62af-dirty,2026-09-23T22:37:09Z
rayon-ikj,cpu,Apple M1 Pro,f16,256,2,103.27077992225708,0.0017059664673413303,0.32491699999999996,0.302375,0.01776272709073693,,5,Pauls-MacBook-Pro,eca62af-dirty,2026-09-23T22:37:09Z
rayon-ikj,cpu,Apple M1 Pro,f16,256,4,182.73346221919672,0.0017059664673413303,0.183625,0.17304199999999997,0.02597175266130494,,5,Pauls-MacBook-Pro,eca62af-dirty,2026-09-23T22:37:09Z
rayon-ikj,cpu,Apple M1 Pro,f16,256,8,192.56488952654232,0.0017059664673413303,0.17425000000000002,0.13741599999999998,0.040518633660329664,,5,Pauls-MacBook-Pro,eca62af-dirty,2026-09-23T22:37:09Z
rayon-ikj,cpu,Apple M1 Pro,f16,256,10,221.7873634254516,0.0017059664673413303,0.151291,0.132042,0.017973801119963467,,5,Pauls-MacBook-Pro,eca62af-dirty,2026-09-23T22:37:09Z
rayon-tiled,cpu,Apple M1 Pro,f16,256,1,6.418829650884744,0.0017059664673413303,5.2275,5.211791000000001,0.019070336407625194,16,5,Pauls-MacBook-Pro,eca62af-dirty,2026-09-23T22:37:09Z
rayon-tiled,cpu,Apple M1 Pro,f16,256,1,18.571275498231117,0.0017059664673413303,1.806792,1.8017910000000001,0.015688549662094264,32,5,Pauls-MacBook-Pro,eca62af-dirty,2026-09-23T22:37:09Z
rayon-tiled,cpu,Apple M1 Pro,f16,256,1,27.025524672937692,0.0017059664673413303,1.241583,1.238375,0.026312233770624586,64,5,Pauls-MacBook-Pro,eca62af-dirty,2026-09-23T22:37:09Z
rayon-tiled,cpu,Apple M1 Pro,f16,256,1,41.58566320681642,0.0017059664673413303,0.806875,0.7944169999999999,0.018674026191477837,128,5,Pauls-MacBook-Pro,eca62af-dirty,2026-09-23T22:37:09Z
rayon-tiled,cpu,Apple M1 Pro,f16,256,1,58.606062088021496,0.0017059664673413303,0.572542,0.567375,0.015517948569318058,256,5,Pauls-MacBook-Pro,eca62af-dirty,2026-09-23T22:37:09Z
rayon-tiled,cpu,Apple M1 Pro,f16,256,2,12.319959406414272,0.0017059664673413303,2.723583,2.6940000000000004,0.02234886068013312,16,5,Pauls-MacBook-Pro,eca62af-dirty,2026-09-23T22:37:09Z
rayon-tiled,cpu,Apple M1 Pro,f16,256,2,34.88741016768698,0.0017059664673413303,0.9617920000000001,0.9522079999999999,0.004785690514439944,32,5,Pauls-MacBook-Pro,eca62af-dirty,2026-09-23T22:37:09Z
rayon-tiled,cpu,Apple M1 Pro,f16,256,2,50.44193930028006,0.0017059664673413303,0.665209,0.6595420000000001,0.005649609393577546,64,5,Pauls-MacBook-Pro,eca62af-dirty,2026-09-23T22:37:09Z
rayon-tiled,cpu,Apple M1 Pro,f16,256,2,77.0627513395205,0.0017059664673413303,0.435417,0.42062499999999997,0.05161448425393788,128,5,Pauls-MacBook-Pro,eca62af-dirty,2026-09-23T22:37:09Z
rayon-tiled,cpu,Apple M1 Pro,f16,256,2,108.40025586188628,0.0017059664673413303,0.309542,0.307042,0.0025927162976307314,256,5,Pauls-MacBook-Pro,eca62af-dirty,2026-09-23T22:37:09Z
rayon-tiled,cpu,Apple M1 Pro,f16,256,4,23.105134790841795,0.0017059664673413303,1.45225,1.4081670000000002,0.038928668564439745,16,5,Pauls-MacBook-Pro,eca62af-dirty,2026-09-23T22:37:09Z
rayon-tiled,cpu,Apple M1 Pro,f16,256,4,65.34990593193602,0.0017059664673413303,0.513458,0.510417,0.004620240502398128,32,5,Pauls-MacBook-Pro,eca62af-dirty,2026-09-23T22:37:09Z
rayon-tiled,cpu,Apple M1 Pro,f16,256,4,96.46679738035961,0.0017059664673413303,0.347834,0.33829200000000004,0.006455110820117643,64,5,Pauls-MacBook-Pro,eca62af-dirty,2026-09-23T22:37:09Z
rayon-tiled,cpu,Apple M1 Pro,f16,256,4,133.9279080070727,0.0017059664673413303,0.250541,0.239709,0.01342608076841486,128,5,Pauls-MacBook-Pro,eca62af-dirty,2026-09-23T22:37:09Z
rayon-tiled,cpu,Apple M1 Pro,f16,256,4,172.11108033525167,0.0017059664673413303,0.19495800000000002,0.180209,0.025848224933252183,256,5,Pauls-MacBook-Pro,eca62af-dirty,2026-09-23T22:37:09Z
rayon-tiled,cpu,Apple M1 Pro,f16,256,8,41.84710551061691,0.0017059664673413303,0.8018339999999999,0.765625,0.08331763420609108,16,5,Pauls-MacBook-Pro,eca62af-dirty,2026-09-23T22:37:09Z
rayon-tiled,cpu,Apple M1 Pro,f16,256,8,101.22000603318251,0.0017059664673413303,0.33149999999999996,0.298834,0.02658795832703219,32,5,Pauls-MacBook-Pro,eca62af-dirty,2026-09-23T22:37:09Z
rayon-tiled,cpu,Apple M1 Pro,f16,256,8,114.29283030693195,0.0017059664673413303,0.293583,0.278917,0.03336293263039086,64,5,Pauls-MacBook-Pro,eca62af-dirty,2026-09-23T22:37:09Z
rayon-tiled,cpu,Apple M1 Pro,f16,256,8,184.7029565083367,0.0017059664673413303,0.181667,0.127291,0.04865652852598509,128,5,Pauls-MacBook-Pro,eca62af-dirty,2026-09-23T22:37:09Z
rayon-tiled,cpu,Apple M1 Pro,f16,256,8,190.56031530585005,0.0017059664673413303,0.176083,0.16733399999999998,0.004640868593270015,256,5,Pauls-MacBook-Pro,eca62af-dirty,2026-09-23T22:37:09Z
rayon-tiled,cpu,Apple M1 Pro,f16,256,10,39.421725021911115,0.0017059664673413303,0.851166,0.8229580000000001,0.028460717568255356,16,5,Pauls-MacBook-Pro,eca62af-dirty,2026-09-23T22:37:09Z
rayon-tiled,cpu,Apple M1 Pro,f16,256,10,93.07748127600556,0.0017059664673413303,0.3605,0.269166,0.042810032460861305,32,5,Pauls-MacBook-Pro,eca62af-dirty,2026-09-23T22:37:09Z
rayon-tiled,cpu,Apple M1 Pro,f16,256,10,150.72176080853453,0.0017059664673413303,0.22262500000000002,0.211292,0.02928587422803013,64,5,Pauls-MacBook-Pro,eca62af-dirty,2026-09-23T22:37:09Z
rayon-tiled,cpu,Apple M1 Pro,f16,256,10,226.52781097046412,0.0017059664673413303,0.148125,0.143125,0.004887367369044399,128,5,Pauls-MacBook-Pro,eca62af-dirty,2026-09-23T22:37:09Z
rayon-tiled,cpu,Apple M1 Pro,f16,256,10,237.90551683553008,0.0017059664673413303,0.141041,0.127792,0.0062523418012773455,256,5,Pauls-MacBook-Pro,eca62af-dirty,2026-09-23T22:37:09Z
static-ikj,cpu,Apple M1 Pro,f16,256,1,59.71867764182425,0.0017059664673413303,0.561875,0.5597920000000001,0.005685964940095924,,5,Pauls-MacBook-Pro,eca62af-dirty,2026-09-23T22:37:09Z
static-ikj,cpu,Apple M1 Pro,f16,256,2,100.249566040949,0.0017059664673413303,0.334709,0.3275,0.009187716299494678,,5,Pauls-MacBook-Pro,eca62af-dirty,2026-09-23T22:37:09Z
static-ikj,cpu,Apple M1 Pro,f16,256,4,168.6152361809045,0.0017059664673413303,0.199,0.178708,0.016538603623039033,,5,Pauls-MacBook-Pro,eca62af-dirty,2026-09-23T22:37:09Z
static-ikj,cpu,Apple M1 Pro,f16,256,8,220.9956465327037,0.0017059664673413303,0.151833,0.145583,0.007218993468621504,,5,Pauls-MacBook-Pro,eca62af-dirty,2026-09-23T22:37:09Z
static-ikj,cpu,Apple M1 Pro,f16,256,10,164.18070703363915,0.0017059664673413303,0.204375,0.182875,0.027211891549467855,,5,Pauls-MacBook-Pro,eca62af-dirty,2026-09-23T22:37:09Z
static-tiled,cpu,Apple M1 Pro,f16,256,1,6.1991937863276965,0.0017059664673413303,5.4127089999999995,5.329375,0.07019484814286606,16,5,Pauls-MacBook-Pro,eca62af-dirty,2026-09-23T22:37:09Z
static-tiled,cpu,Apple M1 Pro,f16,256,1,16.80136796645177,0.0017059664673413303,1.9971250000000003,1.9942499999999999,0.014740567468723957,32,5,Pauls-MacBook-Pro,eca62af-dirty,2026-09-23T22:37:09Z
static-tiled,cpu,Apple M1 Pro,f16,256,1,25.90325735790794,0.0017059664673413303,1.2953750000000002,1.274583,0.02163037515162411,64,5,Pauls-MacBook-Pro,eca62af-dirty,2026-09-23T22:37:09Z
static-tiled,cpu,Apple M1 Pro,f16,256,1,39.16862814679234,0.0017059664673413303,0.8566659999999999,0.8376250000000001,0.0150426922623578,128,5,Pauls-MacBook-Pro,eca62af-dirty,2026-09-23T22:37:09Z
static-tiled,cpu,Apple M1 Pro,f16,256,1,56.91610097329792,0.0017059664673413303,0.589542,0.574542,0.007731378803292477,256,5,Pauls-MacBook-Pro,eca62af-dirty,2026-09-23T22:37:09Z
static-tiled,cpu,Apple M1 Pro,f16,256,2,11.686012036918045,0.0017059664673413303,2.871333,2.865875,0.025312513292835914,16,5,Pauls-MacBook-Pro,eca62af-dirty,2026-09-23T22:37:09Z
static-tiled,cpu,Apple M1 Pro,f16,256,2,32.35721504339441,0.0017059664673413303,1.037,1.0225,0.013428573185562207,32,5,Pauls-MacBook-Pro,eca62af-dirty,2026-09-23T22:37:09Z
static-tiled,cpu,Apple M1 Pro,f16,256,2,49.03826379247351,0.0017059664673413303,0.6842499999999999,0.673125,0.027585203992357973,64,5,Pauls-MacBook-Pro,eca62af-dirty,2026-09-23T22:37:09Z
static-tiled,cpu,Apple M1 Pro,f16,256,2,72.79929358214169,0.0017059664673413303,0.46091699999999997,0.45045799999999997,0.013889237945258192,128,5,Pauls-MacBook-Pro,eca62af-dirty,2026-09-23T22:37:09Z
static-tiled,cpu,Apple M1 Pro,f16,256,2,93.65107789177542,0.0017059664673413303,0.358292,0.347,0.013821597132748463,256,5,Pauls-MacBook-Pro,eca62af-dirty,2026-09-23T22:37:09Z
static-tiled,cpu,Apple M1 Pro,f16,256,4,22.406966277128546,0.0017059664673413303,1.4974999999999998,1.489417,0.022638614571126033,16,5,Pauls-MacBook-Pro,eca62af-dirty,2026-09-23T22:37:09Z
static-tiled,cpu,Apple M1 Pro,f16,256,4,59.2224475496088,0.0017059664673413303,0.566583,0.548208,0.019388635813279896,32,5,Pauls-MacBook-Pro,eca62af-dirty,2026-09-23T22:37:09Z
static-tiled,cpu,Apple M1 Pro,f16,256,4,83.32178322312141,0.0017059664673413303,0.402709,0.359084,0.027404616477885613,64,5,Pauls-MacBook-Pro,eca62af-dirty,2026-09-23T22:37:09Z
static-tiled,cpu,Apple M1 Pro,f16,256,4,131.8227718804755,0.0017059664673413303,0.254542,0.23875,0.027924853602122962,128,5,Pauls-MacBook-Pro,eca62af-dirty,2026-09-23T22:37:09Z
static-tiled,cpu,Apple M1 Pro,f16,256,4,164.41561521537804,0.0017059664673413303,0.20408300000000001,0.187333,0.014979083893883503,256,5,Pauls-MacBook-Pro,eca62af-dirty,2026-09-23T22:37:09Z
static-tiled,cpu,Apple M1 Pro,f16,256,8,42.753540239082405,0.0017059664673413303,0.784834,0.768667,0.041801907555756364,16,5,Pauls-MacBook-Pro,eca62af-dirty,2026-09-23T22:37:09Z
static-tiled,cpu,Apple M1 Pro,f16,256,8,106.22693153937475,0.0017059664673413303,0.315875,0.313125,0.004613690843565485,32,5,Pauls-MacBook-Pro,eca62af-dirty,2026-09-23T22:37:09Z
static-tiled,cpu,Apple M1 Pro,f16,256,8,144.139111309667,0.0017059664673413303,0.232792,0.223416,0.04391985369738838,64,5,Pauls-MacBook-Pro,eca62af-dirty,2026-09-23T22:37:09Z
static-tiled,cpu,Apple M1 Pro,f16,256,8,189.52808937992114,0.0017059664673413303,0.177042,0.163042,0.009574345068985142,128,5,Pauls-MacBook-Pro,eca62af-dirty,2026-09-23T22:37:09Z
static-tiled,cpu,Apple M1 Pro,f16,256,8,206.01339677666925,0.0017059664673413303,0.162875,0.149,0.007218224622440064,256,5,Pauls-MacBook-Pro,eca62af-dirty,2026-09-23T22:37:09Z
static-tiled,cpu,Apple M1 Pro,f16,256,10,31.729959338061462,0.0017059664673413303,1.0575,1.0485,0.042468061267262956,16,5,Pauls-MacBook-Pro,eca62af-dirty,2026-09-23T22:37:09Z
static-tiled,cpu,Apple M1 Pro,f16,256,10,79.11448747421161,0.0017059664673413303,0.42412500000000003,0.352834,0.05767816163245846,32,5,Pauls-MacBook-Pro,eca62af-dirty,2026-09-23T22:37:09Z
static-tiled,cpu,Apple M1 Pro,f16,256,10,117.61434600339302,0.0017059664673413303,0.285292,0.280125,0.005146541052007646,64,5,Pauls-MacBook-Pro,eca62af-dirty,2026-09-23T22:37:09Z
static-tiled,cpu,Apple M1 Pro,f16,256,10,110.3459307296668,0.0017059664673413303,0.30408399999999997,0.23675000000000002,0.030054714458799963,128,5,Pauls-MacBook-Pro,eca62af-dirty,2026-09-23T22:37:09Z
static-tiled,cpu,Apple M1 Pro,f16,256,10,149.04800444197667,0.0017059664673413303,0.22512500000000002,0.213875,0.02332989111633399,256,5,Pauls-MacBook-Pro,eca62af-dirty,2026-09-23T22:37:09Z
mps,metal,Apple M1 Pro,f16,256,1,129.49129570670524,0.00014358932760390726,0.25912500000000005,0.232375,0.01357294153085469,,5,Pauls-MacBook-Pro,eca62af-dirty,2026-09-23T22:37:09Z
naive-ijk,cpu,Apple M1 Pro,f16,512,1,2.267938391868943,0.0018356578962918102,118.36099999999999,117.515541,2.2247494690339416,,5,Pauls-MacBook-Pro,eca62af-dirty,2026-09-23T22:37:09Z
ikj,cpu,Apple M1 Pro,f16,512,1,52.597018001910406,0.0018356578962918102,5.103625,5.078667,0.04173594753566758,,5,Pauls-MacBook-Pro,eca62af-dirty,2026-09-23T22:37:09Z
tiled,cpu,Apple M1 Pro,f16,512,1,6.440847276081812,0.0018356578962918102,41.677040999999996,41.502417,0.16191479518654334,16,5,Pauls-MacBook-Pro,eca62af-dirty,2026-09-23T22:37:09Z
tiled,cpu,Apple M1 Pro,f16,512,1,18.680863732469692,0.0018356578962918102,14.369542000000001,14.333375,0.1529602554315985,32,5,Pauls-MacBook-Pro,eca62af-dirty,2026-09-23T22:37:09Z
tiled,cpu,Apple M1 Pro,f16,512,1,27.165340793977293,0.0018356578962918102,9.881542,9.7545,0.23242858198272448,64,5,Pauls-MacBook-Pro,eca62af-dirty,2026-09-23T22:37:09Z
tiled,cpu,Apple M1 Pro,f16,512,1,41.21955311560388,0.0018356578962918102,6.512333,6.468167,0.07139824322978838,128,5,Pauls-MacBook-Pro,eca62af-dirty,2026-09-23T22:37:09Z
tiled,cpu,Apple M1 Pro,f16,512,1,49.79441296635519,0.0018356578962918102,5.390874999999999,5.297542,0.05897010257155736,256,5,Pauls-MacBook-Pro,eca62af-dirty,2026-09-23T22:37:09Z
rayon-ikj,cpu,Apple M1 Pro,f16,512,1,52.62494096649681,0.0018356578962918102,5.100917,5.080875000000001,0.039202345487228174,,5,Pauls-MacBook-Pro,eca62af-dirty,2026-09-23T22:37:09Z
rayon-ikj,cpu,Apple M1 Pro,f16,512,2,99.59882114911618,0.0018356578962918102,2.695167,2.6672919999999998,0.041308384021890784,,5,Pauls-MacBook-Pro,eca62af-dirty,2026-09-23T22:37:09Z
rayon-ikj,cpu,Apple M1 Pro,f16,512,4,188.7013843537726,0.0018356578962918102,1.422541,1.375416,0.03674462357270789,,5,Pauls-MacBook-Pro,eca62af-dirty,2026-09-23T22:37:09Z
rayon-ikj,cpu,Apple M1 Pro,f16,512,8,334.4990105919003,0.0018356578962918102,0.8025,0.73725,0.10242462669202164,,5,Pauls-MacBook-Pro,eca62af-dirty,2026-09-23T22:37:09Z
rayon-ikj,cpu,Apple M1 Pro,f16,512,10,349.2034114384136,0.0018356578962918102,0.768708,0.718917,0.05148158260485008,,5,Pauls-MacBook-Pro,eca62af-dirty,2026-09-23T22:37:09Z
rayon-tiled,cpu,Apple M1 Pro,f16,512,1,6.366398054700912,0.0018356578962918102,42.164416,41.784167,0.24590769575899837,16,5,Pauls-MacBook-Pro,eca62af-dirty,2026-09-23T22:37:09Z
rayon-tiled,cpu,Apple M1 Pro,f16,512,1,18.682055937850702,0.0018356578962918102,14.368625,14.345625,0.0760385519457074,32,5,Pauls-MacBook-Pro,eca62af-dirty,2026-09-23T22:37:09Z
rayon-tiled,cpu,Apple M1 Pro,f16,512,1,27.24887257962187,0.0018356578962918102,9.85125,9.823749999999999,0.028969286900095422,64,5,Pauls-MacBook-Pro,eca62af-dirty,2026-09-23T22:37:09Z
rayon-tiled,cpu,Apple M1 Pro,f16,512,1,40.947609998988646,0.0018356578962918102,6.555583,6.501207999999999,0.045057012805999615,128,5,Pauls-MacBook-Pro,eca62af-dirty,2026-09-23T22:37:09Z
rayon-tiled,cpu,Apple M1 Pro,f16,512,1,50.43685928847576,0.0018356578962918102,5.322208,5.310458,0.019652886345267562,256,5,Pauls-MacBook-Pro,eca62af-dirty,2026-09-23T22:37:09Z
rayon-tiled,cpu,Apple M1 Pro,f16,512,2,12.33304716234496,0.0018356578962918102,21.765542,21.511042,0.19736533337113618,16,5,Pauls-MacBook-Pro,eca62af-dirty,2026-09-23T22:37:09Z
rayon-tiled,cpu,Apple M1 Pro,f16,512,2,35.272688091337365,0.0018356578962918102,7.610292,7.422458,0.09345839995580935,32,5,Pauls-MacBook-Pro,eca62af-dirty,2026-09-23T22:37:09Z
rayon-tiled,cpu,Apple M1 Pro,f16,512,2,51.86239578416732,0.0018356578962918102,5.175917,5.154667,0.06331457584158635,64,5,Pauls-MacBook-Pro,eca62af-dirty,2026-09-23T22:37:09Z
rayon-tiled,cpu,Apple M1 Pro,f16,512,2,77.15879735556194,0.0018356578962918102,3.479,3.332833,0.0680048909601362,128,5,Pauls-MacBook-Pro,eca62af-dirty,2026-09-23T22:37:09Z
rayon-tiled,cpu,Apple M1 Pro,f16,512,2,93.51115384280428,0.0018356578962918102,2.870625,2.8036659999999998,0.03879453188659459,256,5,Pauls-MacBook-Pro,eca62af-dirty,2026-09-23T22:37:09Z
rayon-tiled,cpu,Apple M1 Pro,f16,512,4,24.064946692515438,0.0018356578962918102,11.154625,11.107708,0.06048318111095066,16,5,Pauls-MacBook-Pro,eca62af-dirty,2026-09-23T22:37:09Z
rayon-tiled,cpu,Apple M1 Pro,f16,512,4,69.63232193898845,0.0018356578962918102,3.855041,3.833542,0.02143031601960189,32,5,Pauls-MacBook-Pro,eca62af-dirty,2026-09-23T22:37:09Z
rayon-tiled,cpu,Apple M1 Pro,f16,512,4,101.1199156189669,0.0018356578962918102,2.654625,2.64875,0.012887974751682362,64,5,Pauls-MacBook-Pro,eca62af-dirty,2026-09-23T22:37:09Z
rayon-tiled,cpu,Apple M1 Pro,f16,512,4,150.2017473474764,0.0018356578962918102,1.787166,1.731459,0.027560358439251077,128,5,Pauls-MacBook-Pro,eca62af-dirty,2026-09-23T22:37:09Z
rayon-tiled,cpu,Apple M1 Pro,f16,512,4,182.1804719371221,0.0018356578962918102,1.473459,1.455833,0.020034163950611937,256,5,Pauls-MacBook-Pro,eca62af-dirty,2026-09-23T22:37:09Z
rayon-tiled,cpu,Apple M1 Pro,f16,512,8,46.94739787666288,0.0018356578962918102,5.717792,5.649292,0.5657294887099312,16,5,Pauls-MacBook-Pro,eca62af-dirty,2026-09-23T22:37:09Z
rayon-tiled,cpu,Apple M1 Pro,f16,512,8,117.31037080738555,0.0018356578962918102,2.28825,1.9944160000000002,0.19759426932024104,32,5,Pauls-MacBook-Pro,eca62af-dirty,2026-09-23T22:37:09Z
rayon-tiled,cpu,Apple M1 Pro,f16,512,8,184.94181096400243,0.0018356578962918102,1.451459,1.369292,0.14470668115018043,64,5,Pauls-MacBook-Pro,eca62af-dirty,2026-09-23T22:37:09Z
rayon-tiled,cpu,Apple M1 Pro,f16,512,8,266.26090320353677,0.0018356578962918102,1.0081669999999998,0.955625,0.09122630848499795,128,5,Pauls-MacBook-Pro,eca62af-dirty,2026-09-23T22:37:09Z
rayon-tiled,cpu,Apple M1 Pro,f16,512,8,322.02606818997026,0.0018356578962918102,0.8335830000000001,0.785084,0.06643844112033331,256,5,Pauls-MacBook-Pro,eca62af-dirty,2026-09-23T22:37:09Z
rayon-tiled,cpu,Apple M1 Pro,f16,512,10,46.836470531991324,0.0018356578962918102,5.731334,5.712084,0.0155676632478995,16,5,Pauls-MacBook-Pro,eca62af-dirty,2026-09-23T22:37:09Z
rayon-tiled,cpu,Apple M1 Pro,f16,512,10,131.45712830558276,0.0018356578962918102,2.042,2.0280419999999997,0.13572809775798098,32,5,Pauls-MacBook-Pro,eca62af-dirty,2026-09-23T22:37:09Z
rayon-tiled,cpu,Apple M1 Pro,f16,512,10,188.69581317926617,0.0018356578962918102,1.4225830000000002,1.410708,0.022410230460662314,64,5,Pauls-MacBook-Pro,eca62af-dirty,2026-09-23T22:37:09Z
rayon-tiled,cpu,Apple M1 Pro,f16,512,10,267.29943340801594,0.0018356578962918102,1.0042499999999999,0.957167,0.02391378545525567,128,5,Pauls-MacBook-Pro,eca62af-dirty,2026-09-23T22:37:09Z
rayon-tiled,cpu,Apple M1 Pro,f16,512,10,302.2921801801802,0.0018356578962918102,0.888,0.82475,0.06061142963831163,256,5,Pauls-MacBook-Pro,eca62af-dirty,2026-09-23T22:37:09Z
static-ikj,cpu,Apple M1 Pro,f16,512,1,52.74990474240361,0.0018356578962918102,5.088833,5.0843750000000005,0.009228737356756955,,5,Pauls-MacBook-Pro,eca62af-dirty,2026-09-23T22:37:09Z
static-ikj,cpu,Apple M1 Pro,f16,512,2,100.4639504064061,0.0018356578962918102,2.671958,2.657625,0.03579030278860459,,5,Pauls-MacBook-Pro,eca62af-dirty,2026-09-23T22:37:09Z
static-ikj,cpu,Apple M1 Pro,f16,512,4,189.95323691625754,0.0018356578962918102,1.413166,1.395417,0.00951482324060729,,5,Pauls-MacBook-Pro,eca62af-dirty,2026-09-23T22:37:09Z
static-ikj,cpu,Apple M1 Pro,f16,512,8,359.39127908455686,0.0018356578962918102,0.746917,0.7422909999999999,0.008778478353336661,,5,Pauls-MacBook-Pro,eca62af-dirty,2026-09-23T22:37:09Z
static-ikj,cpu,Apple M1 Pro,f16,512,10,272.3737074358145,0.0018356578962918102,0.9855409999999999,0.950083,0.026228844785846007,,5,Pauls-MacBook-Pro,eca62af-dirty,2026-09-23T22:37:09Z
static-tiled,cpu,Apple M1 Pro,f16,512,1,6.30727963416031,0.0018356578962918102,42.559625,42.377207999999996,0.32760774330363573,16,5,Pauls-MacBook-Pro,eca62af-dirty,2026-09-23T22:37:09Z
static-tiled,cpu,Apple M1 Pro,f16,512,1,17.56067796459374,0.0018356578962918102,15.286166999999999,15.22725,0.11871443745307471,32,5,Pauls-MacBook-Pro,eca62af-dirty,2026-09-23T22:37:09Z
static-tiled,cpu,Apple M1 Pro,f16,512,1,27.147598705501622,0.0018356578962918102,9.888,9.8375,0.04964793384220493,64,5,Pauls-MacBook-Pro,eca62af-dirty,2026-09-23T22:37:09Z
static-tiled,cpu,Apple M1 Pro,f16,512,1,40.7886882561872,0.0018356578962918102,6.581125,6.520916,0.06616575344768617,128,5,Pauls-MacBook-Pro,eca62af-dirty,2026-09-23T22:37:09Z
static-tiled,cpu,Apple M1 Pro,f16,512,1,50.556386938813944,0.0018356578962918102,5.3096250000000005,5.302375,0.003933528441488733,256,5,Pauls-MacBook-Pro,eca62af-dirty,2026-09-23T22:37:09Z
static-tiled,cpu,Apple M1 Pro,f16,512,2,12.209797750764718,0.0018356578962918102,21.98525,21.867917000000002,0.1013339574412238,16,5,Pauls-MacBook-Pro,eca62af-dirty,2026-09-23T22:37:09Z
static-tiled,cpu,Apple M1 Pro,f16,512,2,34.099850585146775,0.0018356578962918102,7.8720419999999995,7.842999999999999,0.027723929371573895,32,5,Pauls-MacBook-Pro,eca62af-dirty,2026-09-23T22:37:09Z
static-tiled,cpu,Apple M1 Pro,f16,512,2,52.5553948603149,0.0018356578962918102,5.107667,5.071791,0.09081944567547173,64,5,Pauls-MacBook-Pro,eca62af-dirty,2026-09-23T22:37:09Z
static-tiled,cpu,Apple M1 Pro,f16,512,2,79.75501923791131,0.0018356578962918102,3.36575,3.352875,0.007137997408237194,128,5,Pauls-MacBook-Pro,eca62af-dirty,2026-09-23T22:37:09Z
static-tiled,cpu,Apple M1 Pro,f16,512,2,94.39627978681355,0.0018356578962918102,2.843708,2.7971250000000003,0.07056871528163156,256,5,Pauls-MacBook-Pro,eca62af-dirty,2026-09-23T22:37:09Z
static-tiled,cpu,Apple M1 Pro,f16,512,4,23.71442696232166,0.0018356578962918102,11.3195,11.304833,0.019083209171939557,16,5,Pauls-MacBook-Pro,eca62af-dirty,2026-09-23T22:37:09Z
static-tiled,cpu,Apple M1 Pro,f16,512,4,65.60006256109482,0.0018356578962918102,4.0920000000000005,4.087750000000001,0.007167449281299285,32,5,Pauls-MacBook-Pro,eca62af-dirty,2026-09-23T22:37:09Z
static-tiled,cpu,Apple M1 Pro,f16,512,4,99.72836748690216,0.0018356578962918102,2.691666,2.600292,0.04317313297989853,64,5,Pauls-MacBook-Pro,eca62af-dirty,2026-09-23T22:37:09Z
static-tiled,cpu,Apple M1 Pro,f16,512,4,151.6049169078715,0.0018356578962918102,1.7706250000000001,1.755042,0.008486014641750313,128,5,Pauls-MacBook-Pro,eca62af-dirty,2026-09-23T22:37:09Z
static-tiled,cpu,Apple M1 Pro,f16,512,4,180.03719382964454,0.0018356578962918102,1.4909999999999999,1.461292,0.01972182977058672,256,5,Pauls-MacBook-Pro,eca62af-dirty,2026-09-23T22:37:09Z
static-tiled,cpu,Apple M1 Pro,f16,512,8,47.009742725704086,0.0018356578962918102,5.710209,5.688208,0.038710443916339,16,5,Pauls-MacBook-Pro,eca62af-dirty,2026-09-23T22:37:09Z
static-tiled,cpu,Apple M1 Pro,f16,512,8,128.28456678614097,0.0018356578962918102,2.0925000000000002,2.086333,0.011926664340879098,32,5,Pauls-MacBook-Pro,eca62af-dirty,2026-09-23T22:37:09Z
static-tiled,cpu,Apple M1 Pro,f16,512,8,188.8229708959817,0.0018356578962918102,1.421625,1.395042,0.015922653462912564,64,5,Pauls-MacBook-Pro,eca62af-dirty,2026-09-23T22:37:09Z
static-tiled,cpu,Apple M1 Pro,f16,512,8,282.45214362751545,0.0018356578962918102,0.9503750000000001,0.928125,0.016850673330760443,128,5,Pauls-MacBook-Pro,eca62af-dirty,2026-09-23T22:37:09Z
static-tiled,cpu,Apple M1 Pro,f16,512,8,344.2212778616988,0.0018356578962918102,0.779834,0.7739999999999999,0.009932810463307965,256,5,Pauls-MacBook-Pro,eca62af-dirty,2026-09-23T22:37:09Z
static-tiled,cpu,Apple M1 Pro,f16,512,10,37.5191510386638,0.0018356578962918102,7.154625,7.108917,0.06745302641320133,16,5,Pauls-MacBook-Pro,eca62af-dirty,2026-09-23T22:37:09Z
static-tiled,cpu,Apple M1 Pro,f16,512,10,96.90663751668747,0.0018356578962918102,2.770042,2.226375,0.4304160974504787,32,5,Pauls-MacBook-Pro,eca62af-dirty,2026-09-23T22:37:09Z
static-tiled,cpu,Apple M1 Pro,f16,512,10,125.06695416463606,0.0018356578962918102,2.146334,2.109708,0.0254951374226537,64,5,Pauls-MacBook-Pro,eca62af-dirty,2026-09-23T22:37:09Z
static-tiled,cpu,Apple M1 Pro,f16,512,10,184.12789573866073,0.0018356578962918102,1.457875,1.4038329999999999,0.04465933156687421,128,5,Pauls-MacBook-Pro,eca62af-dirty,2026-09-23T22:37:09Z
static-tiled,cpu,Apple M1 Pro,f16,512,10,230.49089277664484,0.0018356578962918102,1.164625,1.163208,0.0027767669689766706,256,5,Pauls-MacBook-Pro,eca62af-dirty,2026-09-23T22:37:09Z
mps,metal,Apple M1 Pro,f16,512,1,751.9200448179271,0.00013359396176923036,0.357,0.334792,0.018716541080017957,,5,Pauls-MacBook-Pro,eca62af-dirty,2026-09-23T22:37:09Z
naive-ijk,cpu,Apple M1 Pro,f16,1024,1,2.1807696444644016,0.003689507053755073,984.736583,978.76875,17.952743137041768,,5,Pauls-MacBook-Pro,eca62af-dirty,2026-09-23T22:37:09Z
ikj,cpu,Apple M1 Pro,f16,1024,1,51.51240982381159,0.003689507053755073,41.688666,41.449708,0.11832560124503806,,5,Pauls-MacBook-Pro,eca62af-dirty,2026-09-23T22:37:09Z
tiled,cpu,Apple M1 Pro,f16,1024,1,6.235850223244122,0.003689507053755073,344.377041,339.147125,2.7155146895324958,16,5,Pauls-MacBook-Pro,eca62af-dirty,2026-09-23T22:37:09Z
tiled,cpu,Apple M1 Pro,f16,1024,1,17.860026575090235,0.003689507053755073,120.239667,119.75645899999999,2.6951585618012013,32,5,Pauls-MacBook-Pro,eca62af-dirty,2026-09-23T22:37:09Z
tiled,cpu,Apple M1 Pro,f16,1024,1,25.330297779232538,0.003689507053755073,84.77925,84.624833,0.30404776662836763,64,5,Pauls-MacBook-Pro,eca62af-dirty,2026-09-23T22:37:09Z
tiled,cpu,Apple M1 Pro,f16,1024,1,39.64164433795975,0.003689507053755073,54.172416,53.843292,0.36517630645306226,128,5,Pauls-MacBook-Pro,eca62af-dirty,2026-09-23T22:37:09Z
tiled,cpu,Apple M1 Pro,f16,1024,1,47.09635023862844,0.003689507053755073,45.597666000000004,44.422542,0.8086339488787855,256,5,Pauls-MacBook-Pro,eca62af-dirty,2026-09-23T22:37:09Z
rayon-ikj,cpu,Apple M1 Pro,f16,1024,1,50.93561305242435,0.003689507053755073,42.16075,41.545375,1.1980913512489333,,5,Pauls-MacBook-Pro,eca62af-dirty,2026-09-23T22:37:09Z
rayon-ikj,cpu,Apple M1 Pro,f16,1024,2,98.18302406016755,0.003689507053755073,21.87225,21.521124999999998,1.5145153359092145,,5,Pauls-MacBook-Pro,eca62af-dirty,2026-09-23T22:37:09Z
rayon-ikj,cpu,Apple M1 Pro,f16,1024,4,186.5991059510405,0.003689507053755073,11.508542,11.263791000000001,0.7368299141160731,,5,Pauls-MacBook-Pro,eca62af-dirty,2026-09-23T22:37:09Z
rayon-ikj,cpu,Apple M1 Pro,f16,1024,8,222.98292347946554,0.003689507053755073,9.630709,8.454082999999999,0.9691551292578502,,5,Pauls-MacBook-Pro,eca62af-dirty,2026-09-23T22:37:09Z
rayon-ikj,cpu,Apple M1 Pro,f16,1024,10,287.73144610437464,0.003689507053755073,7.4635,6.979125,0.5487310557119941,,5,Pauls-MacBook-Pro,eca62af-dirty,2026-09-23T22:37:09Z
rayon-tiled,cpu,Apple M1 Pro,f16,1024,1,6.177047909689336,0.003689507053755073,347.655333,343.289708,2.063059907607933,16,5,Pauls-MacBook-Pro,eca62af-dirty,2026-09-23T22:37:09Z
rayon-tiled,cpu,Apple M1 Pro,f16,1024,1,17.923958369292812,0.003689507053755073,119.81079199999999,118.655583,1.9532462907089359,32,5,Pauls-MacBook-Pro,eca62af-dirty,2026-09-23T22:37:09Z
rayon-tiled,cpu,Apple M1 Pro,f16,1024,1,25.369211046024066,0.003689507053755073,84.649209,82.795125,1.9262428044591868,64,5,Pauls-MacBook-Pro,eca62af-dirty,2026-09-23T22:37:09Z
rayon-tiled,cpu,Apple M1 Pro,f16,1024,1,39.02697421428652,0.003689507053755073,55.025625000000005,54.7575,0.4894409103039909,128,5,Pauls-MacBook-Pro,eca62af-dirty,2026-09-23T22:37:09Z
rayon-tiled,cpu,Apple M1 Pro,f16,1024,1,47.046738151963766,0.003689507053755073,45.64575,45.342917,0.17846327415605803,256,5,Pauls-MacBook-Pro,eca62af-dirty,2026-09-23T22:37:09Z
rayon-tiled,cpu,Apple M1 Pro,f16,1024,2,12.062241889227817,0.003689507053755073,178.03354199999998,176.167708,2.2216256192113684,16,5,Pauls-MacBook-Pro,eca62af-dirty,2026-09-23T22:37:09Z
rayon-tiled,cpu,Apple M1 Pro,f16,1024,2,34.901053711058516,0.003689507053755073,61.530625,60.081083,1.4350086685515886,32,5,Pauls-MacBook-Pro,eca62af-dirty,2026-09-23T22:37:09Z
rayon-tiled,cpu,Apple M1 Pro,f16,1024,2,49.60544253577469,0.003689507053755073,43.291291,42.842875,0.42300682789193916,64,5,Pauls-MacBook-Pro,eca62af-dirty,2026-09-23T22:37:09Z
rayon-tiled,cpu,Apple M1 Pro,f16,1024,2,74.67819964182011,0.003689507053755073,28.7565,27.579708,0.7269018934301252,128,5,Pauls-MacBook-Pro,eca62af-dirty,2026-09-23T22:37:09Z
rayon-tiled,cpu,Apple M1 Pro,f16,1024,2,93.86008940268907,0.003689507053755073,22.879625,22.70175,0.728788720907714,256,5,Pauls-MacBook-Pro,eca62af-dirty,2026-09-23T22:37:09Z
rayon-tiled,cpu,Apple M1 Pro,f16,1024,4,24.134509913604987,0.003689507053755073,88.979791,88.58395800000001,0.34441224721574526,16,5,Pauls-MacBook-Pro,eca62af-dirty,2026-09-23T22:37:09Z
rayon-tiled,cpu,Apple M1 Pro,f16,1024,4,70.09883335067728,0.003689507053755073,30.635084,30.522458999999998,0.08662767015394061,32,5,Pauls-MacBook-Pro,eca62af-dirty,2026-09-23T22:37:09Z
rayon-tiled,cpu,Apple M1 Pro,f16,1024,4,98.12507475953919,0.003689507053755073,21.885167,21.801750000000002,0.056355690571582275,64,5,Pauls-MacBook-Pro,eca62af-dirty,2026-09-23T22:37:09Z
rayon-tiled,cpu,Apple M1 Pro,f16,1024,4,152.90521029450443,0.003689507053755073,14.044542,13.951417000000001,0.08889947597877088,128,5,Pauls-MacBook-Pro,eca62af-dirty,2026-09-23T22:37:09Z
rayon-tiled,cpu,Apple M1 Pro,f16,1024,4,173.2435429885243,0.003689507053755073,12.395750000000001,11.42125,0.45691114976327696,256,5,Pauls-MacBook-Pro,eca62af-dirty,2026-09-23T22:37:09Z
rayon-tiled,cpu,Apple M1 Pro,f16,1024,8,46.97324519197012,0.003689507053755073,45.717166,44.760124999999995,2.1718137067786247,16,5,Pauls-MacBook-Pro,eca62af-dirty,2026-09-23T22:37:09Z
rayon-tiled,cpu,Apple M1 Pro,f16,1024,8,134.14541523709877,0.003689507053755073,16.008625,15.571833,0.47169450850396755,32,5,Pauls-MacBook-Pro,eca62af-dirty,2026-09-23T22:37:09Z
rayon-tiled,cpu,Apple M1 Pro,f16,1024,8,180.47976871520117,0.003689507053755073,11.89875,11.446042,0.7691074388563673,64,5,Pauls-MacBook-Pro,eca62af-dirty,2026-09-23T22:37:09Z
rayon-tiled,cpu,Apple M1 Pro,f16,1024,8,288.26897398149663,0.003689507053755073,7.4495830000000005,7.227042,0.19404025415026624,128,5,Pauls-MacBook-Pro,eca62af-dirty,2026-09-23T22:37:09Z
rayon-tiled,cpu,Apple M1 Pro,f16,1024,8,332.61017852203173,0.003689507053755073,6.456458,6.388125,0.5956455304484373,256,5,Pauls-MacBook-Pro,eca62af-dirty,2026-09-23T22:37:09Z
rayon-tiled,cpu,Apple M1 Pro,f16,1024,10,49.35675529736471,0.003689507053755073,43.509417,42.913208000000004,0.868690884570745,16,5,Pauls-MacBook-Pro,eca62af-dirty,2026-09-23T22:37:09Z
rayon-tiled,cpu,Apple M1 Pro,f16,1024,10,136.79692283250714,0.003689507053755073,15.698332999999998,15.621917000000002,1.676509030257904,32,5,Pauls-MacBook-Pro,eca62af-dirty,2026-09-23T22:37:09Z
rayon-tiled,cpu,Apple M1 Pro,f16,1024,10,190.5212112716667,0.003689507053755073,11.271625,11.199083,0.06452034132349217,64,5,Pauls-MacBook-Pro,eca62af-dirty,2026-09-23T22:37:09Z
rayon-tiled,cpu,Apple M1 Pro,f16,1024,10,293.4171779132722,0.003689507053755073,7.318875,7.251125,0.044033875518741154,128,5,Pauls-MacBook-Pro,eca62af-dirty,2026-09-23T22:37:09Z
rayon-tiled,cpu,Apple M1 Pro,f16,1024,10,335.40895104366473,0.003689507053755073,6.402583,6.344583,0.06644174649871844,256,5,Pauls-MacBook-Pro,eca62af-dirty,2026-09-23T22:37:09Z
static-ikj,cpu,Apple M1 Pro,f16,1024,1,51.43391045454462,0.003689507053755073,41.752292000000004,40.842499999999994,0.46891151551439053,,5,Pauls-MacBook-Pro,eca62af-dirty,2026-09-23T22:37:09Z
static-ikj,cpu,Apple M1 Pro,f16,1024,2,101.28326033179658,0.003689507053755073,21.202749999999998,20.963083,0.21498461798044946,,5,Pauls-MacBook-Pro,eca62af-dirty,2026-09-23T22:37:09Z
static-ikj,cpu,Apple M1 Pro,f16,1024,4,199.35484178810077,0.003689507053755073,10.772167,10.587917000000001,0.10000352064652487,,5,Pauls-MacBook-Pro,eca62af-dirty,2026-09-23T22:37:09Z
static-ikj,cpu,Apple M1 Pro,f16,1024,8,360.24049452715457,0.003689507053755073,5.961250000000001,5.4455,0.3755957288927817,,5,Pauls-MacBook-Pro,eca62af-dirty,2026-09-23T22:37:09Z
static-ikj,cpu,Apple M1 Pro,f16,1024,10,306.4350054609346,0.003689507053755073,7.0079579999999995,6.481125,0.2511171719731649,,5,Pauls-MacBook-Pro,eca62af-dirty,2026-09-23T22:37:09Z
static-tiled,cpu,Apple M1 Pro,f16,1024,1,6.230517546965376,0.003689507053755073,344.671792,341.989708,2.8829812947556923,16,5,Pauls-MacBook-Pro,eca62af-dirty,2026-09-23T22:37:09Z
static-tiled,cpu,Apple M1 Pro,f16,1024,1,17.30399656550723,0.003689507053755073,124.10333299999999,123.737916,0.6950917956085391,32,5,Pauls-MacBook-Pro,eca62af-dirty,2026-09-23T22:37:09Z
static-tiled,cpu,Apple M1 Pro,f16,1024,1,25.88306797793919,0.003689507053755073,82.968667,82.311333,1.0198644395383119,64,5,Pauls-MacBook-Pro,eca62af-dirty,2026-09-23T22:37:09Z
static-tiled,cpu,Apple M1 Pro,f16,1024,1,41.038803664377426,0.003689507053755073,52.328125,52.150166999999996,0.4119685916562106,128,5,Pauls-MacBook-Pro,eca62af-dirty,2026-09-23T22:37:09Z
static-tiled,cpu,Apple M1 Pro,f16,1024,1,49.909947545465876,0.003689507053755073,43.027167,42.879291,0.1477662633563563,256,5,Pauls-MacBook-Pro,eca62af-dirty,2026-09-23T22:37:09Z
static-tiled,cpu,Apple M1 Pro,f16,1024,2,12.194593439976542,0.003689507053755073,176.101291,175.537209,0.408062385112007,16,5,Pauls-MacBook-Pro,eca62af-dirty,2026-09-23T22:37:09Z
static-tiled,cpu,Apple M1 Pro,f16,1024,2,33.60961689033287,0.003689507053755073,63.894915999999995,63.86054200000001,0.1935029748556842,32,5,Pauls-MacBook-Pro,eca62af-dirty,2026-09-23T22:37:09Z
static-tiled,cpu,Apple M1 Pro,f16,1024,2,50.50293422518315,0.003689507053755073,42.521958,42.346375,0.13818466195167847,64,5,Pauls-MacBook-Pro,eca62af-dirty,2026-09-23T22:37:09Z
static-tiled,cpu,Apple M1 Pro,f16,1024,2,79.07418713878286,0.003689507053755073,27.157833999999998,26.995583,0.38847211247359853,128,5,Pauls-MacBook-Pro,eca62af-dirty,2026-09-23T22:37:09Z
static-tiled,cpu,Apple M1 Pro,f16,1024,2,96.44658644075972,0.003689507053755073,22.266041,22.212083,0.04276902239588807,256,5,Pauls-MacBook-Pro,eca62af-dirty,2026-09-23T22:37:09Z
static-tiled,cpu,Apple M1 Pro,f16,1024,4,23.77806945519018,0.003689507053755073,90.31362499999999,90.165333,0.1880062387454192,16,5,Pauls-MacBook-Pro,eca62af-dirty,2026-09-23T22:37:09Z
static-tiled,cpu,Apple M1 Pro,f16,1024,4,65.54633562976683,0.003689507053755073,32.762833,32.667209,0.10325478836208969,32,5,Pauls-MacBook-Pro,eca62af-dirty,2026-09-23T22:37:09Z
static-tiled,cpu,Apple M1 Pro,f16,1024,4,97.68097673169109,0.003689507053755073,21.984666,21.934959,0.060983283731692095,64,5,Pauls-MacBook-Pro,eca62af-dirty,2026-09-23T22:37:09Z
static-tiled,cpu,Apple M1 Pro,f16,1024,4,150.0381542071403,0.003689507053755073,14.312916999999999,14.069999999999999,0.3061839487910829,128,5,Pauls-MacBook-Pro,eca62af-dirty,2026-09-23T22:37:09Z
static-tiled,cpu,Apple M1 Pro,f16,1024,4,171.8124368349468,0.003689507053755073,12.499,11.658,0.484508962561891,256,5,Pauls-MacBook-Pro,eca62af-dirty,2026-09-23T22:37:09Z
static-tiled,cpu,Apple M1 Pro,f16,1024,8,45.58328557399759,0.003689507053755073,47.111208000000005,45.353958999999996,1.1576214671232994,16,5,Pauls-MacBook-Pro,eca62af-dirty,2026-09-23T22:37:09Z
static-tiled,cpu,Apple M1 Pro,f16,1024,8,129.34537658884463,0.003689507053755073,16.602709,16.543,0.3033388535626457,32,5,Pauls-MacBook-Pro,eca62af-dirty,2026-09-23T22:37:09Z
static-tiled,cpu,Apple M1 Pro,f16,1024,8,193.37191208142877,0.003689507053755073,11.105458,11.080791,0.5582132160059455,64,5,Pauls-MacBook-Pro,eca62af-dirty,2026-09-23T22:37:09Z
static-tiled,cpu,Apple M1 Pro,f16,1024,8,274.51479195391335,0.003689507053755073,7.822834,7.744875,0.3619175847330442,128,5,Pauls-MacBook-Pro,eca62af-dirty,2026-09-23T22:37:09Z
static-tiled,cpu,Apple M1 Pro,f16,1024,8,332.5715460923669,0.003689507053755073,6.457208,6.37125,0.189204241059232,256,5,Pauls-MacBook-Pro,eca62af-dirty,2026-09-23T22:37:09Z
static-tiled,cpu,Apple M1 Pro,f16,1024,10,45.17895246893968,0.003689507053755073,47.532834,42.48525,2.425652558533125,16,5,Pauls-MacBook-Pro,eca62af-dirty,2026-09-23T22:37:09Z
static-tiled,cpu,Apple M1 Pro,f16,1024,10,119.79185389109216,0.003689507053755073,17.926792,16.724625,3.5902697200827824,32,5,Pauls-MacBook-Pro,eca62af-dirty,2026-09-23T22:37:09Z
static-tiled,cpu,Apple M1 Pro,f16,1024,10,160.39562773500904,0.003689507053755073,13.388667,13.239707999999998,0.4278352343160857,64,5,Pauls-MacBook-Pro,eca62af-dirty,2026-09-23T22:37:09Z
static-tiled,cpu,Apple M1 Pro,f16,1024,10,232.9442202004041,0.003689507053755073,9.218874999999999,9.143,0.17730428419330382,128,5,Pauls-MacBook-Pro,eca62af-dirty,2026-09-23T22:37:09Z
static-tiled,cpu,Apple M1 Pro,f16,1024,10,259.22096090531875,0.003689507053755073,8.284375,8.174709,0.22785212452092693,256,5,Pauls-MacBook-Pro,eca62af-dirty,2026-09-23T22:37:09Z
mps,metal,Apple M1 Pro,f16,1024,1,1026.153935252658,0.00013331874964759102,2.09275,1.00225,1.7797727360930942,,5,Pauls-MacBook-Pro,eca62af-dirty,2026-09-23T22:37:09Z
naive-ijk,cpu,Apple M1 Pro,f16,2048,1,1.6400160194051578,0.01681188043957227,10475.427667,10445.839292,19.541691322300327,,5,Pauls-MacBook-Pro,eca62af-dirty,2026-09-23T22:37:09Z
ikj,cpu,Apple M1 Pro,f16,2048,1,51.22057390728787,0.01681188043957227,335.409541,334.84858299999996,0.5704206059216491,,5,Pauls-MacBook-Pro,eca62af-dirty,2026-09-23T22:37:09Z
tiled,cpu,Apple M1 Pro,f16,2048,1,6.336260563180937,0.01681188043957227,2711.35775,2709.3733330000005,2.6023417129491087,16,5,Pauls-MacBook-Pro,eca62af-dirty,2026-09-23T22:37:09Z
tiled,cpu,Apple M1 Pro,f16,2048,1,17.461481408094215,0.01681188043957227,983.872375,983.0790000000001,1.7725251163308628,32,5,Pauls-MacBook-Pro,eca62af-dirty,2026-09-23T22:37:09Z
tiled,cpu,Apple M1 Pro,f16,2048,1,24.561203726139684,0.01681188043957227,699.4717919999999,698.173167,1.9608477303711112,64,5,Pauls-MacBook-Pro,eca62af-dirty,2026-09-23T22:37:09Z
tiled,cpu,Apple M1 Pro,f16,2048,1,36.75257936454242,0.01681188043957227,467.446625,466.324875,1.226726527393622,128,5,Pauls-MacBook-Pro,eca62af-dirty,2026-09-23T22:37:09Z
tiled,cpu,Apple M1 Pro,f16,2048,1,44.07736478979388,0.01681188043957227,389.76624999999996,387.724333,2.370844154484982,256,5,Pauls-MacBook-Pro,eca62af-dirty,2026-09-23T22:37:09Z
rayon-ikj,cpu,Apple M1 Pro,f16,2048,1,51.06624253144199,0.01681188043957227,336.423209,336.039417,1.1800062961826547,,5,Pauls-MacBook-Pro,eca62af-dirty,2026-09-23T22:37:09Z
rayon-ikj,cpu,Apple M1 Pro,f16,2048,2,98.97651503318376,0.01681188043957227,173.575208,173.266416,1.035412613016281,,5,Pauls-MacBook-Pro,eca62af-dirty,2026-09-23T22:37:09Z
rayon-ikj,cpu,Apple M1 Pro,f16,2048,4,191.9182860677334,0.01681188043957227,89.516583,88.740875,0.7617760136636615,,5,Pauls-MacBook-Pro,eca62af-dirty,2026-09-23T22:37:09Z
rayon-ikj,cpu,Apple M1 Pro,f16,2048,8,372.7454598855897,0.01681188043957227,46.090083,45.408375,0.38572046289145856,,5,Pauls-MacBook-Pro,eca62af-dirty,2026-09-23T22:37:09Z
rayon-ikj,cpu,Apple M1 Pro,f16,2048,10,402.1901123593822,0.01681188043957227,42.715792,41.915708,1.4069765466462851,,5,Pauls-MacBook-Pro,eca62af-dirty,2026-09-23T22:37:09Z
rayon-tiled,cpu,Apple M1 Pro,f16,2048,1,6.267233681939784,0.01681188043957227,2741.220458,2738.7886249999997,2.5862122560749774,16,5,Pauls-MacBook-Pro,eca62af-dirty,2026-09-23T22:37:09Z
rayon-tiled,cpu,Apple M1 Pro,f16,2048,1,17.43503454099464,0.01681188043957227,985.3647920000001,982.308667,4.248464515900638,32,5,Pauls-MacBook-Pro,eca62af-dirty,2026-09-23T22:37:09Z
rayon-tiled,cpu,Apple M1 Pro,f16,2048,1,24.49512201167359,0.01681188043957227,701.358792,699.958625,2.232491136932165,64,5,Pauls-MacBook-Pro,eca62af-dirty,2026-09-23T22:37:09Z
rayon-tiled,cpu,Apple M1 Pro,f16,2048,1,36.661535906111126,0.01681188043957227,468.607459,468.07037499999996,1.6483430013893745,128,5,Pauls-MacBook-Pro,eca62af-dirty,2026-09-23T22:37:09Z
rayon-tiled,cpu,Apple M1 Pro,f16,2048,1,44.19135331969813,0.01681188043957227,388.760875,388.39325,1.9134270434365335,256,5,Pauls-MacBook-Pro,eca62af-dirty,2026-09-23T22:37:09Z
rayon-tiled,cpu,Apple M1 Pro,f16,2048,2,12.199956315444277,0.01681188043957227,1408.191041,1404.027041,2.9694375176767442,16,5,Pauls-MacBook-Pro,eca62af-dirty,2026-09-23T22:37:09Z
rayon-tiled,cpu,Apple M1 Pro,f16,2048,2,33.9440370160843,0.01681188043957227,506.123334,505.106834,1.9914695741810828,32,5,Pauls-MacBook-Pro,eca62af-dirty,2026-09-23T22:37:09Z
rayon-tiled,cpu,Apple M1 Pro,f16,2048,2,46.45019859598366,0.01681188043957227,369.855667,361.871958,5.81074503954325,64,5,Pauls-MacBook-Pro,eca62af-dirty,2026-09-23T22:37:09Z
rayon-tiled,cpu,Apple M1 Pro,f16,2048,2,63.842090181273385,0.01681188043957227,269.09941599999996,246.957166,12.682546403359114,128,5,Pauls-MacBook-Pro,eca62af-dirty,2026-09-23T22:37:09Z
rayon-tiled,cpu,Apple M1 Pro,f16,2048,2,74.84556106003782,0.01681188043957227,229.53758299999998,214.25908299999998,12.224270374419609,256,5,Pauls-MacBook-Pro,eca62af-dirty,2026-09-23T22:37:09Z
rayon-tiled,cpu,Apple M1 Pro,f16,2048,4,23.808183548911867,0.01681188043957227,721.595125,719.949292,1.495782084788317,16,5,Pauls-MacBook-Pro,eca62af-dirty,2026-09-23T22:37:09Z
rayon-tiled,cpu,Apple M1 Pro,f16,2048,4,66.1324946981391,0.01681188043957227,259.779542,258.904333,1.0072300979005908,32,5,Pauls-MacBook-Pro,eca62af-dirty,2026-09-23T22:37:09Z
rayon-tiled,cpu,Apple M1 Pro,f16,2048,4,91.42552327567861,0.01681188043957227,187.91108400000002,186.470583,0.8213342801851151,64,5,Pauls-MacBook-Pro,eca62af-dirty,2026-09-23T22:37:09Z
rayon-tiled,cpu,Apple M1 Pro,f16,2048,4,135.26777048789873,0.01681188043957227,127.006375,124.675959,4.73388556413156,128,5,Pauls-MacBook-Pro,eca62af-dirty,2026-09-23T22:37:09Z
rayon-tiled,cpu,Apple M1 Pro,f16,2048,4,162.93618537688764,0.01681188043957227,105.43925,104.639542,0.8543657820952911,256,5,Pauls-MacBook-Pro,eca62af-dirty,2026-09-23T22:37:09Z
rayon-tiled,cpu,Apple M1 Pro,f16,2048,8,46.48365060154576,0.01681188043957227,369.58950000000004,367.731167,1.2249166990073206,16,5,Pauls-MacBook-Pro,eca62af-dirty,2026-09-23T22:37:09Z
rayon-tiled,cpu,Apple M1 Pro,f16,2048,8,127.7918211049651,0.01681188043957227,134.436375,132.565791,1.1487195027871295,32,5,Pauls-MacBook-Pro,eca62af-dirty,2026-09-23T22:37:09Z
rayon-tiled,cpu,Apple M1 Pro,f16,2048,8,178.6094413461674,0.01681188043957227,96.186792,95.175292,0.9102259749568772,64,5,Pauls-MacBook-Pro,eca62af-dirty,2026-09-23T22:37:09Z
rayon-tiled,cpu,Apple M1 Pro,f16,2048,8,271.2853638521059,0.01681188043957227,63.327667000000005,62.343958,4.934522736273215,128,5,Pauls-MacBook-Pro,eca62af-dirty,2026-09-23T22:37:09Z
rayon-tiled,cpu,Apple M1 Pro,f16,2048,8,324.60654400061037,0.01681188043957227,52.925209,51.805499999999995,0.9360185863280177,256,5,Pauls-MacBook-Pro,eca62af-dirty,2026-09-23T22:37:09Z
rayon-tiled,cpu,Apple M1 Pro,f16,2048,10,48.5032895489186,0.01681188043957227,354.200083,342.448417,46.48927976873148,16,5,Pauls-MacBook-Pro,eca62af-dirty,2026-09-23T22:37:09Z
rayon-tiled,cpu,Apple M1 Pro,f16,2048,10,130.59428846015305,0.01681188043957227,131.55145900000002,118.816584,5.733528762961888,32,5,Pauls-MacBook-Pro,eca62af-dirty,2026-09-23T22:37:09Z
rayon-tiled,cpu,Apple M1 Pro,f16,2048,10,185.87726850300308,0.01681188043957227,92.425875,91.402333,1.9743141977750633,64,5,Pauls-MacBook-Pro,eca62af-dirty,2026-09-23T22:37:09Z
rayon-tiled,cpu,Apple M1 Pro,f16,2048,10,257.115831099953,0.01681188043957227,66.817625,65.788583,1.7325257261197304,128,5,Pauls-MacBook-Pro,eca62af-dirty,2026-09-23T22:37:09Z
rayon-tiled,cpu,Apple M1 Pro,f16,2048,10,330.0470257964261,0.01681188043957227,52.052792000000004,50.377041999999996,0.8747766246878704,256,5,Pauls-MacBook-Pro,eca62af-dirty,2026-09-23T22:37:09Z
static-ikj,cpu,Apple M1 Pro,f16,2048,1,51.13958735837397,0.01681188043957227,335.940708,334.889583,2.1125924626701393,,5,Pauls-MacBook-Pro,eca62af-dirty,2026-09-23T22:37:09Z
static-ikj,cpu,Apple M1 Pro,f16,2048,2,98.97637247772667,0.01681188043957227,173.575458,172.867667,0.4466522941066114,,5,Pauls-MacBook-Pro,eca62af-dirty,2026-09-23T22:37:09Z
static-ikj,cpu,Apple M1 Pro,f16,2048,4,191.2662488094476,0.01681188043957227,89.82175000000001,89.759416,0.19722109491811318,,5,Pauls-MacBook-Pro,eca62af-dirty,2026-09-23T22:37:09Z
static-ikj,cpu,Apple M1 Pro,f16,2048,8,375.052742117054,0.01681188043957227,45.806542,45.127041999999996,0.3907604871116086,,5,Pauls-MacBook-Pro,eca62af-dirty,2026-09-23T22:37:09Z
static-ikj,cpu,Apple M1 Pro,f16,2048,10,328.4359587349002,0.01681188043957227,52.308125,48.759792000000004,5.7785122115577705,,5,Pauls-MacBook-Pro,eca62af-dirty,2026-09-23T22:37:09Z
static-tiled,cpu,Apple M1 Pro,f16,2048,1,6.128246187355639,0.01681188043957227,2803.390833,2799.933792,2.913180183868879,16,5,Pauls-MacBook-Pro,eca62af-dirty,2026-09-23T22:37:09Z
static-tiled,cpu,Apple M1 Pro,f16,2048,1,16.184250507351386,0.01681188043957227,1061.51775,1057.902584,3.5003097772574656,32,5,Pauls-MacBook-Pro,eca62af-dirty,2026-09-23T22:37:09Z
static-tiled,cpu,Apple M1 Pro,f16,2048,1,24.236193486268284,0.01681188043957227,708.851792,705.180208,10.471431511299054,64,5,Pauls-MacBook-Pro,eca62af-dirty,2026-09-23T22:37:09Z
static-tiled,cpu,Apple M1 Pro,f16,2048,1,35.36255864674403,0.01681188043957227,485.820875,480.77808300000004,3.5839528661379814,128,5,Pauls-MacBook-Pro,eca62af-dirty,2026-09-23T22:37:09Z
static-tiled,cpu,Apple M1 Pro,f16,2048,1,43.53510221348209,0.01681188043957227,394.621083,392.776583,8.223820932611954,256,5,Pauls-MacBook-Pro,eca62af-dirty,2026-09-23T22:37:09Z
static-tiled,cpu,Apple M1 Pro,f16,2048,2,11.92226918596496,0.01681188043957227,1440.989875,1438.358375,3.1625566813363526,16,5,Pauls-MacBook-Pro,eca62af-dirty,2026-09-23T22:37:09Z
static-tiled,cpu,Apple M1 Pro,f16,2048,2,31.390619976097888,0.01681188043957227,547.293083,544.793583,1.5619636028268153,32,5,Pauls-MacBook-Pro,eca62af-dirty,2026-09-23T22:37:09Z
static-tiled,cpu,Apple M1 Pro,f16,2048,2,45.995243156079255,0.01681188043957227,373.514042,365.009708,5.9496469106071785,64,5,Pauls-MacBook-Pro,eca62af-dirty,2026-09-23T22:37:09Z
static-tiled,cpu,Apple M1 Pro,f16,2048,2,67.88707931300361,0.01681188043957227,253.065375,249.048333,7.670199829177649,128,5,Pauls-MacBook-Pro,eca62af-dirty,2026-09-23T22:37:09Z
static-tiled,cpu,Apple M1 Pro,f16,2048,2,82.98930839342962,0.01681188043957227,207.013042,205.37883300000001,2.1333390709802837,256,5,Pauls-MacBook-Pro,eca62af-dirty,2026-09-23T22:37:09Z
static-tiled,cpu,Apple M1 Pro,f16,2048,4,23.349083208119637,0.01681188043957227,735.783458,735.279042,1.3798366339041737,16,5,Pauls-MacBook-Pro,eca62af-dirty,2026-09-23T22:37:09Z
static-tiled,cpu,Apple M1 Pro,f16,2048,4,60.92858878114133,0.01681188043957227,281.967292,281.59225,0.5430517203961518,32,5,Pauls-MacBook-Pro,eca62af-dirty,2026-09-23T22:37:09Z
static-tiled,cpu,Apple M1 Pro,f16,2048,4,91.62201872853653,0.01681188043957227,187.508084,187.312958,0.4099146090806002,64,5,Pauls-MacBook-Pro,eca62af-dirty,2026-09-23T22:37:09Z
static-tiled,cpu,Apple M1 Pro,f16,2048,4,137.60302140730855,0.01681188043957227,124.850959,124.07074999999999,1.458815875621565,128,5,Pauls-MacBook-Pro,eca62af-dirty,2026-09-23T22:37:09Z
static-tiled,cpu,Apple M1 Pro,f16,2048,4,155.08627253245572,0.01681188043957227,110.776208,109.040167,0.9313610361806521,256,5,Pauls-MacBook-Pro,eca62af-dirty,2026-09-23T22:37:09Z
static-tiled,cpu,Apple M1 Pro,f16,2048,8,45.77311110636621,0.01681188043957227,375.326666,373.373834,2.284927690725656,16,5,Pauls-MacBook-Pro,eca62af-dirty,2026-09-23T22:37:09Z
static-tiled,cpu,Apple M1 Pro,f16,2048,8,114.83997742140616,0.01681188043957227,149.598333,142.8875,4.504348868205671,32,5,Pauls-MacBook-Pro,eca62af-dirty,2026-09-23T22:37:09Z
static-tiled,cpu,Apple M1 Pro,f16,2048,8,179.63136857257103,0.01681188043957227,95.639583,94.5975,1.7467040515457426,64,5,Pauls-MacBook-Pro,eca62af-dirty,2026-09-23T22:37:09Z
static-tiled,cpu,Apple M1 Pro,f16,2048,8,250.0253837947972,0.01681188043957227,68.71249999999999,64.251917,2.347291057129895,128,5,Pauls-MacBook-Pro,eca62af-dirty,2026-09-23T22:37:09Z
static-tiled,cpu,Apple M1 Pro,f16,2048,8,318.4049249276832,0.01681188043957227,53.956041000000006,52.96525,0.7178895630935883,256,5,Pauls-MacBook-Pro,eca62af-dirty,2026-09-23T22:37:09Z
static-tiled,cpu,Apple M1 Pro,f16,2048,10,47.81401158587409,0.01681188043957227,359.30616599999996,354.504042,17.893753573901254,16,5,Pauls-MacBook-Pro,eca62af-dirty,2026-09-23T22:37:09Z
static-tiled,cpu,Apple M1 Pro,f16,2048,10,127.96025461662776,0.01681188043957227,134.25941699999998,130.01079199999998,5.500733799031847,32,5,Pauls-MacBook-Pro,eca62af-dirty,2026-09-23T22:37:09Z
static-tiled,cpu,Apple M1 Pro,f16,2048,10,181.88264586127917,0.01681188043957227,94.45579099999999,89.52541699999999,3.38232125021313,64,5,Pauls-MacBook-Pro,eca62af-dirty,2026-09-23T22:37:09Z
static-tiled,cpu,Apple M1 Pro,f16,2048,10,254.22375240371275,0.01681188043957227,67.57775000000001,64.012125,2.341799504021683,128,5,Pauls-MacBook-Pro,eca62af-dirty,2026-09-23T22:37:09Z
static-tiled,cpu,Apple M1 Pro,f16,2048,10,302.13025405742655,0.01681188043957227,56.862458999999994,51.104041,6.050822018799413,256,5,Pauls-MacBook-Pro,eca62af-dirty,2026-09-23T22:37:09Z
mps,metal,Apple M1 Pro,f16,2048,1,3680.775596314826,0.00013113032971928735,4.667459,4.592791,1.5845009791077127,,5,Pauls-MacBook-Pro,eca62af-dirty,2026-09-23T22:37:09Z
naive-ijk,cpu,Apple M1 Pro,f16,4096,1,0.685289581944579,0.06571254066853494,200556.023458,200397.586542,105.15180400629579,,5,Pauls-MacBook-Pro,eca62af-dirty,2026-09-23T22:37:09Z
ikj,cpu,Apple M1 Pro,f16,4096,1,50.79634199583764,0.06571254066853494,2705.686041,2698.257458,6.155276194703651,,5,Pauls-MacBook-Pro,eca62af-dirty,2026-09-23T22:37:09Z
tiled,cpu,Apple M1 Pro,f16,4096,1,5.73261351299289,0.06571254066853494,23974.920542,23937.427708000003,22.517881885887927,16,5,Pauls-MacBook-Pro,eca62af-dirty,2026-09-23T22:37:09Z
tiled,cpu,Apple M1 Pro,f16,4096,1,15.956619985873859,0.06571254066853494,8613.287375,8596.837667,11.409010202280392,32,5,Pauls-MacBook-Pro,eca62af-dirty,2026-09-23T22:37:09Z
tiled,cpu,Apple M1 Pro,f16,4096,1,22.437474549785627,0.06571254066853494,6125.419916,6119.303708,3.965770814399899,64,5,Pauls-MacBook-Pro,eca62af-dirty,2026-09-23T22:37:09Z
tiled,cpu,Apple M1 Pro,f16,4096,1,29.662161873394155,0.06571254066853494,4633.4772920000005,4632.699208,2.23996795069287,128,5,Pauls-MacBook-Pro,eca62af-dirty,2026-09-23T22:37:09Z
tiled,cpu,Apple M1 Pro,f16,4096,1,36.970885318560335,0.06571254066853494,3717.4915419999998,3713.9543750000003,5.894723505411992,256,5,Pauls-MacBook-Pro,eca62af-dirty,2026-09-23T22:37:09Z
rayon-ikj,cpu,Apple M1 Pro,f16,4096,1,50.19982519545577,0.06571254066853494,2737.837292,2736.4317910000004,2.8231790536923467,,5,Pauls-MacBook-Pro,eca62af-dirty,2026-09-23T22:37:09Z
rayon-ikj,cpu,Apple M1 Pro,f16,4096,2,91.50487752673962,0.06571254066853494,1501.985,1494.1250830000001,9.33431283857026,,5,Pauls-MacBook-Pro,eca62af-dirty,2026-09-23T22:37:09Z
rayon-ikj,cpu,Apple M1 Pro,f16,4096,4,132.779622381868,0.06571254066853494,1035.0907089999998,1025.463459,5.8086606734645745,,5,Pauls-MacBook-Pro,eca62af-dirty,2026-09-23T22:37:09Z
rayon-ikj,cpu,Apple M1 Pro,f16,4096,8,296.70343666841745,0.06571254066853494,463.21995799999996,457.64912499999997,2.8929597061023986,,5,Pauls-MacBook-Pro,eca62af-dirty,2026-09-23T22:37:09Z
rayon-ikj,cpu,Apple M1 Pro,f16,4096,10,245.4957847040018,0.06571254066853494,559.8424170000001,509.029917,27.9597551862715,,5,Pauls-MacBook-Pro,eca62af-dirty,2026-09-23T22:37:09Z
rayon-tiled,cpu,Apple M1 Pro,f16,4096,1,5.579809600646181,0.06571254066853494,24631.477292,24622.127917,30.21642844524906,16,5,Pauls-MacBook-Pro,eca62af-dirty,2026-09-23T22:37:09Z
rayon-tiled,cpu,Apple M1 Pro,f16,4096,1,15.872209814724224,0.06571254066853494,8659.093792,8649.550833,5.028113200699864,32,5,Pauls-MacBook-Pro,eca62af-dirty,2026-09-23T22:37:09Z
rayon-tiled,cpu,Apple M1 Pro,f16,4096,1,22.175936508958397,0.06571254066853494,6197.66175,6191.0482919999995,9.761436345005633,64,5,Pauls-MacBook-Pro,eca62af-dirty,2026-09-23T22:37:09Z
rayon-tiled,cpu,Apple M1 Pro,f16,4096,1,29.37972475878386,0.06571254066853494,4678.020458,4674.241999999999,3.082769622901781,128,5,Pauls-MacBook-Pro,eca62af-dirty,2026-09-23T22:37:09Z
rayon-tiled,cpu,Apple M1 Pro,f16,4096,1,36.394344884258764,0.06571254066853494,3776.382125,3773.710042,4.044089748858808,256,5,Pauls-MacBook-Pro,eca62af-dirty,2026-09-23T22:37:09Z
rayon-tiled,cpu,Apple M1 Pro,f16,4096,2,10.918595014886888,0.06571254066853494,12587.604292,12576.050625,6.191536776665002,16,5,Pauls-MacBook-Pro,eca62af-dirty,2026-09-23T22:37:09Z
rayon-tiled,cpu,Apple M1 Pro,f16,4096,2,30.414352733692272,0.06571254066853494,4518.884708,4500.65275,13.860361377781127,32,5,Pauls-MacBook-Pro,eca62af-dirty,2026-09-23T22:37:09Z
rayon-tiled,cpu,Apple M1 Pro,f16,4096,2,39.547809991233606,0.06571254066853494,3475.260792,3384.458834,49.135225980919905,64,5,Pauls-MacBook-Pro,eca62af-dirty,2026-09-23T22:37:09Z
rayon-tiled,cpu,Apple M1 Pro,f16,4096,2,52.78542354394652,0.06571254066853494,2603.729292,2550.584875,86.51544149268517,128,5,Pauls-MacBook-Pro,eca62af-dirty,2026-09-23T22:37:09Z
rayon-tiled,cpu,Apple M1 Pro,f16,4096,2,59.83059699927934,0.06571254066853494,2297.1349170000003,2109.039459,90.43257723666308,256,5,Pauls-MacBook-Pro,eca62af-dirty,2026-09-23T22:37:09Z
rayon-tiled,cpu,Apple M1 Pro,f16,4096,4,21.207862489367404,0.06571254066853494,6480.566042,6476.2525000000005,2.0157888082793343,16,5,Pauls-MacBook-Pro,eca62af-dirty,2026-09-23T22:37:09Z
rayon-tiled,cpu,Apple M1 Pro,f16,4096,4,60.04161464798826,0.06571254066853494,2289.061583,2285.2252919999996,3.6933863972925187,32,5,Pauls-MacBook-Pro,eca62af-dirty,2026-09-23T22:37:09Z
rayon-tiled,cpu,Apple M1 Pro,f16,4096,4,81.19213468410757,0.06571254066853494,1692.761916,1679.279959,20.21887854018637,64,5,Pauls-MacBook-Pro,eca62af-dirty,2026-09-23T22:37:09Z
rayon-tiled,cpu,Apple M1 Pro,f16,4096,4,105.78650326921922,0.06571254066853494,1299.210667,1275.029709,16.138121417426365,128,5,Pauls-MacBook-Pro,eca62af-dirty,2026-09-23T22:37:09Z
rayon-tiled,cpu,Apple M1 Pro,f16,4096,4,129.61441215501827,0.06571254066853494,1060.367834,1048.82225,16.038291477578866,256,5,Pauls-MacBook-Pro,eca62af-dirty,2026-09-23T22:37:09Z
rayon-tiled,cpu,Apple M1 Pro,f16,4096,8,41.3830933305913,0.06571254066853494,3321.1377500000003,3308.893125,9.185806928811266,16,5,Pauls-MacBook-Pro,eca62af-dirty,2026-09-23T22:37:09Z
rayon-tiled,cpu,Apple M1 Pro,f16,4096,8,117.12990630821311,0.06571254066853494,1173.3890840000001,1169.405625,2.4546386891873655,32,5,Pauls-MacBook-Pro,eca62af-dirty,2026-09-23T22:37:09Z
rayon-tiled,cpu,Apple M1 Pro,f16,4096,8,159.70590226055435,0.06571254066853494,860.575292,854.6977919999999,3.820497695998809,64,5,Pauls-MacBook-Pro,eca62af-dirty,2026-09-23T22:37:09Z
rayon-tiled,cpu,Apple M1 Pro,f16,4096,8,212.13530269204682,0.06571254066853494,647.883458,637.7537920000001,8.370560590074351,128,5,Pauls-MacBook-Pro,eca62af-dirty,2026-09-23T22:37:09Z
rayon-tiled,cpu,Apple M1 Pro,f16,4096,8,272.65344148406996,0.06571254066853494,504.079291,502.88729200000006,2.1307615348652362,256,5,Pauls-MacBook-Pro,eca62af-dirty,2026-09-23T22:37:09Z
rayon-tiled,cpu,Apple M1 Pro,f16,4096,10,44.501676464159,0.06571254066853494,3088.399458,3029.1318340000003,95.17464840575848,16,5,Pauls-MacBook-Pro,eca62af-dirty,2026-09-23T22:37:09Z
rayon-tiled,cpu,Apple M1 Pro,f16,4096,10,130.34143853414082,0.06571254066853494,1054.4532499999998,1045.8452920000002,107.08056305872653,32,5,Pauls-MacBook-Pro,eca62af-dirty,2026-09-23T22:37:09Z
rayon-tiled,cpu,Apple M1 Pro,f16,4096,10,173.15720011665928,0.06571254066853494,793.723584,787.128667,17.750715097340724,64,5,Pauls-MacBook-Pro,eca62af-dirty,2026-09-23T22:37:09Z
rayon-tiled,cpu,Apple M1 Pro,f16,4096,10,234.2076010409728,0.06571254066853494,586.825333,567.8960830000001,31.210627563879683,128,5,Pauls-MacBook-Pro,eca62af-dirty,2026-09-23T22:37:09Z
rayon-tiled,cpu,Apple M1 Pro,f16,4096,10,286.48717875900513,0.06571254066853494,479.738584,474.87316699999997,41.794349851267604,256,5,Pauls-MacBook-Pro,eca62af-dirty,2026-09-23T22:37:09Z
static-ikj,cpu,Apple M1 Pro,f16,4096,1,50.74207453276022,0.06571254066853494,2708.579709,2701.6365,13.562376024540749,,5,Pauls-MacBook-Pro,eca62af-dirty,2026-09-23T22:37:09Z
static-ikj,cpu,Apple M1 Pro,f16,4096,2,91.98766195380625,0.06571254066853494,1494.102041,1482.3623750000002,33.23540825776342,,5,Pauls-MacBook-Pro,eca62af-dirty,2026-09-23T22:37:09Z
static-ikj,cpu,Apple M1 Pro,f16,4096,4,131.99153619341456,0.06571254066853494,1041.270959,1029.357167,6.537485451146784,,5,Pauls-MacBook-Pro,eca62af-dirty,2026-09-23T22:37:09Z
static-ikj,cpu,Apple M1 Pro,f16,4096,8,284.0296008546512,0.06571254066853494,483.889542,468.268959,13.559826514157587,,5,Pauls-MacBook-Pro,eca62af-dirty,2026-09-23T22:37:09Z
static-ikj,cpu,Apple M1 Pro,f16,4096,10,264.083853887263,0.06571254066853494,520.436791,513.38,4.413878623554778,,5,Pauls-MacBook-Pro,eca62af-dirty,2026-09-23T22:37:09Z
static-tiled,cpu,Apple M1 Pro,f16,4096,1,5.539909584270736,0.06571254066853494,24808.880250000002,24800.736958,4.307116928547695,16,5,Pauls-MacBook-Pro,eca62af-dirty,2026-09-23T22:37:09Z
static-tiled,cpu,Apple M1 Pro,f16,4096,1,15.002426324950411,0.06571254066853494,9161.115042000001,9156.371417,15.541241692866883,32,5,Pauls-MacBook-Pro,eca62af-dirty,2026-09-23T22:37:09Z
static-tiled,cpu,Apple M1 Pro,f16,4096,1,22.102505624246827,0.06571254066853494,6218.252166,6207.963959,9.28685428897542,64,5,Pauls-MacBook-Pro,eca62af-dirty,2026-09-23T22:37:09Z
static-tiled,cpu,Apple M1 Pro,f16,4096,1,29.358086493962485,0.06571254066853494,4681.4683749999995,4668.031208,8.267747759853043,128,5,Pauls-MacBook-Pro,eca62af-dirty,2026-09-23T22:37:09Z
static-tiled,cpu,Apple M1 Pro,f16,4096,1,36.40264133071708,0.06571254066853494,3775.521458,3769.46625,5.188618468047883,256,5,Pauls-MacBook-Pro,eca62af-dirty,2026-09-23T22:37:09Z
static-tiled,cpu,Apple M1 Pro,f16,4096,2,10.834412542099056,0.06571254066853494,12685.408917,12682.49675,3.104854723893026,16,5,Pauls-MacBook-Pro,eca62af-dirty,2026-09-23T22:37:09Z
static-tiled,cpu,Apple M1 Pro,f16,4096,2,28.7659468124544,0.06571254066853494,4777.8352079999995,4759.9526670000005,18.101513612426288,32,5,Pauls-MacBook-Pro,eca62af-dirty,2026-09-23T22:37:09Z
static-tiled,cpu,Apple M1 Pro,f16,4096,2,39.79805993028554,0.06571254066853494,3453.408375,3441.142208,47.85989991797334,64,5,Pauls-MacBook-Pro,eca62af-dirty,2026-09-23T22:37:09Z
static-tiled,cpu,Apple M1 Pro,f16,4096,2,53.38242301085819,0.06571254066853494,2574.6106250000003,2522.6511670000004,40.614379395259,128,5,Pauls-MacBook-Pro,eca62af-dirty,2026-09-23T22:37:09Z
static-tiled,cpu,Apple M1 Pro,f16,4096,2,61.316787800121276,0.06571254066853494,2241.457167,2160.5310000000004,47.018639601235556,256,5,Pauls-MacBook-Pro,eca62af-dirty,2026-09-23T22:37:09Z
static-tiled,cpu,Apple M1 Pro,f16,4096,4,21.0330329689291,0.06571254066853494,6534.433416,6529.622625,3.783763866303535,16,5,Pauls-MacBook-Pro,eca62af-dirty,2026-09-23T22:37:09Z
static-tiled,cpu,Apple M1 Pro,f16,4096,4,56.05533229397212,0.06571254066853494,2451.844416,2451.32875,1.848051621301352,32,5,Pauls-MacBook-Pro,eca62af-dirty,2026-09-23T22:37:09Z
static-tiled,cpu,Apple M1 Pro,f16,4096,4,81.19973773702935,0.06571254066853494,1692.603416,1681.2503749999998,30.00579910343502,64,5,Pauls-MacBook-Pro,eca62af-dirty,2026-09-23T22:37:09Z
static-tiled,cpu,Apple M1 Pro,f16,4096,4,106.61260682063953,0.06571254066853494,1289.1435410000001,1271.424792,35.192150290542735,128,5,Pauls-MacBook-Pro,eca62af-dirty,2026-09-23T22:37:09Z
static-tiled,cpu,Apple M1 Pro,f16,4096,4,133.00013501300302,0.06571254066853494,1033.374541,1021.79825,15.923811600764534,256,5,Pauls-MacBook-Pro,eca62af-dirty,2026-09-23T22:37:09Z
static-tiled,cpu,Apple M1 Pro,f16,4096,8,41.238454302912466,0.06571254066853494,3332.7862499999997,3331.935875,7.5278834375939185,16,5,Pauls-MacBook-Pro,eca62af-dirty,2026-09-23T22:37:09Z
static-tiled,cpu,Apple M1 Pro,f16,4096,8,109.62392440087096,0.06571254066853494,1253.731375,1248.449042,3.3387163142599716,32,5,Pauls-MacBook-Pro,eca62af-dirty,2026-09-23T22:37:09Z
static-tiled,cpu,Apple M1 Pro,f16,4096,8,159.5139956311472,0.06571254066853494,861.6106249999999,856.078792,9.785302502500484,64,5,Pauls-MacBook-Pro,eca62af-dirty,2026-09-23T22:37:09Z
static-tiled,cpu,Apple M1 Pro,f16,4096,8,214.3888307111069,0.06571254066853494,641.0732919999999,638.4718750000001,4.036514330591027,128,5,Pauls-MacBook-Pro,eca62af-dirty,2026-09-23T22:37:09Z
static-tiled,cpu,Apple M1 Pro,f16,4096,8,268.8503714129458,0.06571254066853494,511.209833,508.69158400000003,2.22330074113365,256,5,Pauls-MacBook-Pro,eca62af-dirty,2026-09-23T22:37:09Z
static-tiled,cpu,Apple M1 Pro,f16,4096,10,43.89723361024681,0.06571254066853494,3130.925167,3083.431208,46.39516902461165,16,5,Pauls-MacBook-Pro,eca62af-dirty,2026-09-23T22:37:09Z
static-tiled,cpu,Apple M1 Pro,f16,4096,10,123.58589621042526,0.06571254066853494,1112.092542,1106.947541,8.84530863430368,32,5,Pauls-MacBook-Pro,eca62af-dirty,2026-09-23T22:37:09Z
static-tiled,cpu,Apple M1 Pro,f16,4096,10,175.3903760819548,0.06571254066853494,783.6174169999999,772.306375,17.546719643159303,64,5,Pauls-MacBook-Pro,eca62af-dirty,2026-09-23T22:37:09Z
static-tiled,cpu,Apple M1 Pro,f16,4096,10,235.5846288978184,0.06571254066853494,583.39525,571.0337920000001,14.80111635573713,128,5,Pauls-MacBook-Pro,eca62af-dirty,2026-09-23T22:37:09Z
static-tiled,cpu,Apple M1 Pro,f16,4096,10,270.86246142148855,0.06571254066853494,507.412333,487.58829199999997,23.271141059735765,256,5,Pauls-MacBook-Pro,eca62af-dirty,2026-09-23T22:37:09Z
mps,metal,Apple M1 Pro,f16,4096,1,3754.7865689737196,0.00013307288804952785,36.603666,34.928166,1.7889830078388946,,5,Pauls-MacBook-Pro,eca62af-dirty,2026-09-23T22:37:09Z
naive-ijk,cpu,Apple M1 Pro,f32,64,1,3.44359934318555,9.631142459149073e-8,0.15225,0.151709,0.005362284727613783,,5,Pauls-MacBook-Pro,eca62af-dirty,2026-09-23T22:37:09Z
ikj,cpu,Apple M1 Pro,f32,64,1,21.11170169928324,9.631142459149073e-8,0.024834,0.02425,0.0007748881854822665,,5,Pauls-MacBook-Pro,eca62af-dirty,2026-09-23T22:37:09Z
tiled,cpu,Apple M1 Pro,f32,64,1,9.065550810091123,9.631142459149073e-8,0.057833,0.05625,0.001359822304567768,16,5,Pauls-MacBook-Pro,eca62af-dirty,2026-09-23T22:37:09Z
tiled,cpu,Apple M1 Pro,f32,64,1,13.559055525383402,9.631142459149073e-8,0.038667,0.037542,0.0009465435542012835,32,5,Pauls-MacBook-Pro,eca62af-dirty,2026-09-23T22:37:09Z
tiled,cpu,Apple M1 Pro,f32,64,1,20.695851261200804,9.631142459149073e-8,0.025332999999999998,0.025042,0.0004953577495103926,64,5,Pauls-MacBook-Pro,eca62af-dirty,2026-09-23T22:37:09Z
tiled,cpu,Apple M1 Pro,f32,64,1,20.06844019138756,9.631142459149073e-8,0.026125000000000002,0.026084,0.00015282113728146317,128,5,Pauls-MacBook-Pro,eca62af-dirty,2026-09-23T22:37:09Z
tiled,cpu,Apple M1 Pro,f32,64,1,20.164923076923078,9.631142459149073e-8,0.026,0.025791,0.00018095496677350355,256,5,Pauls-MacBook-Pro,eca62af-dirty,2026-09-23T22:37:09Z
rayon-ikj,cpu,Apple M1 Pro,f32,64,1,17.331834710743802,9.631142459149073e-8,0.03025,0.029625,0.0006101821859084399,,5,Pauls-MacBook-Pro,eca62af-dirty,2026-09-23T22:37:09Z
rayon-ikj,cpu,Apple M1 Pro,f32,64,2,26.546227848101267,9.631142459149073e-8,0.01975,0.018625,0.0021847978625035317,,5,Pauls-MacBook-Pro,eca62af-dirty,2026-09-23T22:37:09Z
rayon-ikj,cpu,Apple M1 Pro,f32,64,4,23.045626373626373,9.631142459149073e-8,0.02275,0.020792,0.0028053394090555247,,5,Pauls-MacBook-Pro,eca62af-dirty,2026-09-23T22:37:09Z
rayon-ikj,cpu,Apple M1 Pro,f32,64,8,16.384,9.631142459149073e-8,0.032,0.022500000000000003,0.021922718273517088,,5,Pauls-MacBook-Pro,eca62af-dirty,2026-09-23T22:37:09Z
rayon-ikj,cpu,Apple M1 Pro,f32,64,10,9.845784037558685,9.631142459149073e-8,0.05325,0.0295,0.012097450896779867,,5,Pauls-MacBook-Pro,eca62af-dirty,2026-09-23T22:37:09Z
rayon-tiled,cpu,Apple M1 Pro,f32,64,1,8.144279611650486,9.631142459149073e-8,0.064375,0.063625,0.0016122896141822674,16,5,Pauls-MacBook-Pro,eca62af-dirty,2026-09-23T22:37:09Z
rayon-tiled,cpu,Apple M1 Pro,f32,64,1,11.74875070028011,9.631142459149073e-8,0.044625,0.043834,0.0014315328497802639,32,5,Pauls-MacBook-Pro,eca62af-dirty,2026-09-23T22:37:09Z
rayon-tiled,cpu,Apple M1 Pro,f32,64,1,18.078896551724135,9.631142459149073e-8,0.029,0.028708,0.000635224212384886,64,5,Pauls-MacBook-Pro,eca62af-dirty,2026-09-23T22:37:09Z
rayon-tiled,cpu,Apple M1 Pro,f32,64,1,17.92437606837607,9.631142459149073e-8,0.029249999999999998,0.028416,0.000459596888588249,128,5,Pauls-MacBook-Pro,eca62af-dirty,2026-09-23T22:37:09Z
rayon-tiled,cpu,Apple M1 Pro,f32,64,1,18.001304721030046,9.631142459149073e-8,0.029124999999999998,0.028541,0.0002685870436190094,256,5,Pauls-MacBook-Pro,eca62af-dirty,2026-09-23T22:37:09Z
rayon-tiled,cpu,Apple M1 Pro,f32,64,2,14.446777437932267,9.631142459149073e-8,0.036291000000000004,0.035209000000000004,0.0014837753199187528,16,5,Pauls-MacBook-Pro,eca62af-dirty,2026-09-23T22:37:09Z
rayon-tiled,cpu,Apple M1 Pro,f32,64,2,20.262338164251208,9.631142459149073e-8,0.025875,0.025332999999999998,0.0004050465405357774,32,5,Pauls-MacBook-Pro,eca62af-dirty,2026-09-23T22:37:09Z
rayon-tiled,cpu,Apple M1 Pro,f32,64,2,27.295293627655145,9.631142459149073e-8,0.019208,0.01875,0.0004381306882654993,64,5,Pauls-MacBook-Pro,eca62af-dirty,2026-09-23T22:37:09Z
rayon-tiled,cpu,Apple M1 Pro,f32,64,2,27.23574025974026,9.631142459149073e-8,0.01925,0.017542,0.0012795317502899265,128,5,Pauls-MacBook-Pro,eca62af-dirty,2026-09-23T22:37:09Z
rayon-tiled,cpu,Apple M1 Pro,f32,64,2,28.46915725456125,9.631142459149073e-8,0.018416000000000002,0.018042000000000002,0.0015067220380680698,256,5,Pauls-MacBook-Pro,eca62af-dirty,2026-09-23T22:37:09Z
rayon-tiled,cpu,Apple M1 Pro,f32,64,4,20.426539915066037,9.631142459149073e-8,0.025667,0.02225,0.0027728946427875685,16,5,Pauls-MacBook-Pro,eca62af-dirty,2026-09-23T22:37:09Z
rayon-tiled,cpu,Apple M1 Pro,f32,64,4,23.875768477617378,9.631142459149073e-8,0.021959,0.020834000000000002,0.001860611109286409,32,5,Pauls-MacBook-Pro,eca62af-dirty,2026-09-23T22:37:09Z
rayon-tiled,cpu,Apple M1 Pro,f32,64,4,27.7768476821192,9.631142459149073e-8,0.018875000000000003,0.017875000000000002,0.0010718326361890639,64,5,Pauls-MacBook-Pro,eca62af-dirty,2026-09-23T22:37:09Z
rayon-tiled,cpu,Apple M1 Pro,f32,64,4,27.176446195314117,9.631142459149073e-8,0.019292,0.017249999999999998,0.006321101130341137,128,5,Pauls-MacBook-Pro,eca62af-dirty,2026-09-23T22:37:09Z
rayon-tiled,cpu,Apple M1 Pro,f32,64,4,29.330797202797203,9.631142459149073e-8,0.017875000000000002,0.014167,0.0024484958648117,256,5,Pauls-MacBook-Pro,eca62af-dirty,2026-09-23T22:37:09Z
rayon-tiled,cpu,Apple M1 Pro,f32,64,8,19.909922910416586,9.631142459149073e-8,0.026333,0.02375,0.0030915984053560388,16,5,Pauls-MacBook-Pro,eca62af-dirty,2026-09-23T22:37:09Z
rayon-tiled,cpu,Apple M1 Pro,f32,64,8,19.18150221344163,9.631142459149073e-8,0.027333,0.020916999999999998,0.017694970689436023,32,5,Pauls-MacBook-Pro,eca62af-dirty,2026-09-23T22:37:09Z
rayon-tiled,cpu,Apple M1 Pro,f32,64,8,8.577308793456034,9.631142459149073e-8,0.06112499999999999,0.026459,0.036185207230303384,64,5,Pauls-MacBook-Pro,eca62af-dirty,2026-09-23T22:37:09Z
rayon-tiled,cpu,Apple M1 Pro,f32,64,8,18.978751131221717,9.631142459149073e-8,0.027625,0.019125,0.02922403598581141,128,5,Pauls-MacBook-Pro,eca62af-dirty,2026-09-23T22:37:09Z
rayon-tiled,cpu,Apple M1 Pro,f32,64,8,28.40437750568859,9.631142459149073e-8,0.018458,0.015875,0.0022470143969276204,256,5,Pauls-MacBook-Pro,eca62af-dirty,2026-09-23T22:37:09Z
rayon-tiled,cpu,Apple M1 Pro,f32,64,10,8.316619342967275,9.631142459149073e-8,0.063041,0.050374999999999996,0.010411463912438057,16,5,Pauls-MacBook-Pro,eca62af-dirty,2026-09-23T22:37:09Z
rayon-tiled,cpu,Apple M1 Pro,f32,64,10,13.61787012987013,9.631142459149073e-8,0.0385,0.018541000000000002,0.01049384311394067,32,5,Pauls-MacBook-Pro,eca62af-dirty,2026-09-23T22:37:09Z
rayon-tiled,cpu,Apple M1 Pro,f32,64,10,12.43360922048047,9.631142459149073e-8,0.042166999999999996,0.0335,0.03326706525529416,64,5,Pauls-MacBook-Pro,eca62af-dirty,2026-09-23T22:37:09Z
rayon-tiled,cpu,Apple M1 Pro,f32,64,10,6.429668146476662,9.631142459149073e-8,0.081542,0.021459,0.027751956467968162,128,5,Pauls-MacBook-Pro,eca62af-dirty,2026-09-23T22:37:09Z
rayon-tiled,cpu,Apple M1 Pro,f32,64,10,11.67237348887949,9.631142459149073e-8,0.044917,0.026666,0.02150967715471341,256,5,Pauls-MacBook-Pro,eca62af-dirty,2026-09-23T22:37:09Z
static-ikj,cpu,Apple M1 Pro,f32,64,1,16.799794924378368,9.631142459149073e-8,0.031207999999999996,0.029417,0.0014078836244519651,,5,Pauls-MacBook-Pro,eca62af-dirty,2026-09-23T22:37:09Z
static-ikj,cpu,Apple M1 Pro,f32,64,2,25.420024242424244,9.631142459149073e-8,0.020625,0.018542,0.0014501312699200714,,5,Pauls-MacBook-Pro,eca62af-dirty,2026-09-23T22:37:09Z
static-ikj,cpu,Apple M1 Pro,f32,64,4,16.710374501992032,9.631142459149073e-8,0.031375,0.01575,0.02163333719054922,,5,Pauls-MacBook-Pro,eca62af-dirty,2026-09-23T22:37:09Z
static-ikj,cpu,Apple M1 Pro,f32,64,8,13.273113924050634,9.631142459149073e-8,0.0395,0.027292,0.032834487481914504,,5,Pauls-MacBook-Pro,eca62af-dirty,2026-09-23T22:37:09Z
static-ikj,cpu,Apple M1 Pro,f32,64,10,8.583206456788304,9.631142459149073e-8,0.061083,0.028292,0.017744103682632156,,5,Pauls-MacBook-Pro,eca62af-dirty,2026-09-23T22:37:09Z
static-tiled,cpu,Apple M1 Pro,f32,64,1,7.319902268760907,9.631142459149073e-8,0.07162500000000001,0.070166,0.0024380861346556277,16,5,Pauls-MacBook-Pro,eca62af-dirty,2026-09-23T22:37:09Z
static-tiled,cpu,Apple M1 Pro,f32,64,1,12.134049250138865,9.631142459149073e-8,0.043207999999999996,0.042916,0.00017820970792860682,32,5,Pauls-MacBook-Pro,eca62af-dirty,2026-09-23T22:37:09Z
static-tiled,cpu,Apple M1 Pro,f32,64,1,16.51300787401575,9.631142459149073e-8,0.03175,0.029750000000000002,0.0013596160119680835,64,5,Pauls-MacBook-Pro,eca62af-dirty,2026-09-23T22:37:09Z
static-tiled,cpu,Apple M1 Pro,f32,64,1,16.256992248062016,9.631142459149073e-8,0.03225,0.028958,0.0014694651407910285,128,5,Pauls-MacBook-Pro,eca62af-dirty,2026-09-23T22:37:09Z
static-tiled,cpu,Apple M1 Pro,f32,64,1,17.79781383664879,9.631142459149073e-8,0.029458,0.028583,0.0004778569869741363,256,5,Pauls-MacBook-Pro,eca62af-dirty,2026-09-23T22:37:09Z
static-tiled,cpu,Apple M1 Pro,f32,64,2,13.544693603389483,9.631142459149073e-8,0.038708,0.036583,0.001402075853868115,16,5,Pauls-MacBook-Pro,eca62af-dirty,2026-09-23T22:37:09Z
static-tiled,cpu,Apple M1 Pro,f32,64,2,20.86718407960199,9.631142459149073e-8,0.025125,0.024958,0.00019437258037079233,32,5,Pauls-MacBook-Pro,eca62af-dirty,2026-09-23T22:37:09Z
static-tiled,cpu,Apple M1 Pro,f32,64,2,26.8865641025641,9.631142459149073e-8,0.0195,0.01825,0.0005994789404140904,64,5,Pauls-MacBook-Pro,eca62af-dirty,2026-09-23T22:37:09Z
static-tiled,cpu,Apple M1 Pro,f32,64,2,25.678992996032715,9.631142459149073e-8,0.020417,0.017958,0.003164422253745541,128,5,Pauls-MacBook-Pro,eca62af-dirty,2026-09-23T22:37:09Z
static-tiled,cpu,Apple M1 Pro,f32,64,2,27.533242306480403,9.631142459149073e-8,0.019042000000000003,0.018375,0.000764459809277113,256,5,Pauls-MacBook-Pro,eca62af-dirty,2026-09-23T22:37:09Z
static-tiled,cpu,Apple M1 Pro,f32,64,4,10.296914586483885,9.631142459149073e-8,0.050917000000000004,0.035375,0.009644683058556149,16,5,Pauls-MacBook-Pro,eca62af-dirty,2026-09-23T22:37:09Z
static-tiled,cpu,Apple M1 Pro,f32,64,4,13.647291563630684,9.631142459149073e-8,0.038417,0.020041999999999997,0.013369975493620023,32,5,Pauls-MacBook-Pro,eca62af-dirty,2026-09-23T22:37:09Z
static-tiled,cpu,Apple M1 Pro,f32,64,4,28.728109589041097,9.631142459149073e-8,0.01825,0.013875,0.004459158967787536,64,5,Pauls-MacBook-Pro,eca62af-dirty,2026-09-23T22:37:09Z
static-tiled,cpu,Apple M1 Pro,f32,64,4,18.558867256637168,9.631142459149073e-8,0.028249999999999997,0.02225,0.012273957809117646,128,5,Pauls-MacBook-Pro,eca62af-dirty,2026-09-23T22:37:09Z
static-tiled,cpu,Apple M1 Pro,f32,64,4,26.10476000796654,9.631142459149073e-8,0.020084,0.015167,0.004672922179964053,256,5,Pauls-MacBook-Pro,eca62af-dirty,2026-09-23T22:37:09Z
static-tiled,cpu,Apple M1 Pro,f32,64,8,7.153413742291109,9.631142459149073e-8,0.073292,0.056083,0.009454057266591947,16,5,Pauls-MacBook-Pro,eca62af-dirty,2026-09-23T22:37:09Z
static-tiled,cpu,Apple M1 Pro,f32,64,8,8.73216635299212,9.631142459149073e-8,0.060041000000000004,0.030583999999999997,0.014034561863485442,32,5,Pauls-MacBook-Pro,eca62af-dirty,2026-09-23T22:37:09Z
static-tiled,cpu,Apple M1 Pro,f32,64,8,9.525235274881,9.631142459149073e-8,0.055042,0.031207999999999996,0.043793958789997506,64,5,Pauls-MacBook-Pro,eca62af-dirty,2026-09-23T22:37:09Z
static-tiled,cpu,Apple M1 Pro,f32,64,8,9.739156279605448,9.631142459149073e-8,0.053833,0.017542,0.023551705358635926,128,5,Pauls-MacBook-Pro,eca62af-dirty,2026-09-23T22:37:09Z
static-tiled,cpu,Apple M1 Pro,f32,64,8,8.880066394539389,9.631142459149073e-8,0.059040999999999996,0.024166,0.01959272661729347,256,5,Pauls-MacBook-Pro,eca62af-dirty,2026-09-23T22:37:09Z
static-tiled,cpu,Apple M1 Pro,f32,64,10,7.724316758747698,9.631142459149073e-8,0.06787499999999999,0.031708,0.024566279341813237,16,5,Pauls-MacBook-Pro,eca62af-dirty,2026-09-23T22:37:09Z
static-tiled,cpu,Apple M1 Pro,f32,64,10,18.808538116591926,9.631142459149073e-8,0.027875,0.0265,0.0009270721115425705,32,5,Pauls-MacBook-Pro,eca62af-dirty,2026-09-23T22:37:09Z
static-tiled,cpu,Apple M1 Pro,f32,64,10,20.763881188118813,9.631142459149073e-8,0.02525,0.023958,0.0013537807429565539,64,5,Pauls-MacBook-Pro,eca62af-dirty,2026-09-23T22:37:09Z
static-tiled,cpu,Apple M1 Pro,f32,64,10,18.780241429953076,9.631142459149073e-8,0.027917,0.025125,0.01819317229622146,128,5,Pauls-MacBook-Pro,eca62af-dirty,2026-09-23T22:37:09Z
static-tiled,cpu,Apple M1 Pro,f32,64,10,12.446005934718102,9.631142459149073e-8,0.042125,0.026667,0.016191197630194002,256,5,Pauls-MacBook-Pro,eca62af-dirty,2026-09-23T22:37:09Z
mps,metal,Apple M1 Pro,f32,64,1,2.1414106758484355,9.35095247668139e-8,0.24483300000000002,0.201875,0.034884039351829654,,5,Pauls-MacBook-Pro,eca62af-dirty,2026-09-23T22:37:09Z
naive-ijk,cpu,Apple M1 Pro,f32,128,1,3.1460237262302657,1.477530979147487e-7,1.333208,1.3318329999999998,0.001679783408657276,,5,Pauls-MacBook-Pro,eca62af-dirty,2026-09-23T22:37:09Z
ikj,cpu,Apple M1 Pro,f32,128,1,32.23288376560999,1.477530979147487e-7,0.13012500000000002,0.130084,0.0010078271181110342,,5,Pauls-MacBook-Pro,eca62af-dirty,2026-09-23T22:37:09Z
tiled,cpu,Apple M1 Pro,f32,128,1,9.33104338153504,1.477530979147487e-7,0.44949999999999996,0.448042,0.0012140011532119756,16,5,Pauls-MacBook-Pro,eca62af-dirty,2026-09-23T22:37:09Z
tiled,cpu,Apple M1 Pro,f32,128,1,14.329311122347187,1.477530979147487e-7,0.29270799999999997,0.291833,0.00048712903834610645,32,5,Pauls-MacBook-Pro,eca62af-dirty,2026-09-23T22:37:09Z
tiled,cpu,Apple M1 Pro,f32,128,1,21.138833870081694,1.477530979147487e-7,0.19841699999999998,0.198292,0.0004500927682156163,64,5,Pauls-MacBook-Pro,eca62af-dirty,2026-09-23T22:37:09Z
tiled,cpu,Apple M1 Pro,f32,128,1,31.997314678486152,1.477530979147487e-7,0.131083,0.130708,0.00018033940223922287,128,5,Pauls-MacBook-Pro,eca62af-dirty,2026-09-23T22:37:09Z
tiled,cpu,Apple M1 Pro,f32,128,1,32.09942907871979,1.477530979147487e-7,0.130666,0.130583,0.0002835371227899371,256,5,Pauls-MacBook-Pro,eca62af-dirty,2026-09-23T22:37:09Z
rayon-ikj,cpu,Apple M1 Pro,f32,128,1,29.615562224183588,1.477530979147487e-7,0.14162499999999997,0.138209,0.004491771666057848,,5,Pauls-MacBook-Pro,eca62af-dirty,2026-09-23T22:37:09Z
rayon-ikj,cpu,Apple M1 Pro,f32,128,2,56.5842023608769,1.477530979147487e-7,0.074125,0.07387500000000001,0.0001164225064152061,,5,Pauls-MacBook-Pro,eca62af-dirty,2026-09-23T22:37:09Z
rayon-ikj,cpu,Apple M1 Pro,f32,128,4,81.77306402557905,1.477530979147487e-7,0.051292000000000004,0.048208,0.0050838107753928075,,5,Pauls-MacBook-Pro,eca62af-dirty,2026-09-23T22:37:09Z
rayon-ikj,cpu,Apple M1 Pro,f32,128,8,99.17487940981746,1.477530979147487e-7,0.042292,0.037334,0.011694663154618862,,5,Pauls-MacBook-Pro,eca62af-dirty,2026-09-23T22:37:09Z
rayon-ikj,cpu,Apple M1 Pro,f32,128,10,70.78994092827006,1.477530979147487e-7,0.05925,0.05,0.04637093086406612,,5,Pauls-MacBook-Pro,eca62af-dirty,2026-09-23T22:37:09Z
rayon-tiled,cpu,Apple M1 Pro,f32,128,1,9.110625033939723,1.477530979147487e-7,0.46037500000000003,0.457291,0.003128803493350132,16,5,Pauls-MacBook-Pro,eca62af-dirty,2026-09-23T22:37:09Z
rayon-tiled,cpu,Apple M1 Pro,f32,128,1,13.873126651738316,1.477530979147487e-7,0.302333,0.300958,0.0007991994119117018,32,5,Pauls-MacBook-Pro,eca62af-dirty,2026-09-23T22:37:09Z
rayon-tiled,cpu,Apple M1 Pro,f32,128,1,20.368905918404018,1.477530979147487e-7,0.205917,0.203458,0.0026948717038107746,64,5,Pauls-MacBook-Pro,eca62af-dirty,2026-09-23T22:37:09Z
rayon-tiled,cpu,Apple M1 Pro,f32,128,1,30.039777976723368,1.477530979147487e-7,0.139625,0.13916699999999999,0.0022979441464056664,128,5,Pauls-MacBook-Pro,eca62af-dirty,2026-09-23T22:37:09Z
rayon-tiled,cpu,Apple M1 Pro,f32,128,1,30.13863918888817,1.477530979147487e-7,0.13916699999999999,0.13908299999999998,0.00010065137853005102,256,5,Pauls-MacBook-Pro,eca62af-dirty,2026-09-23T22:37:09Z
rayon-tiled,cpu,Apple M1 Pro,f32,128,2,16.041918618215476,1.477530979147487e-7,0.261459,0.259458,0.005681579287486874,16,5,Pauls-MacBook-Pro,eca62af-dirty,2026-09-23T22:37:09Z
rayon-tiled,cpu,Apple M1 Pro,f32,128,2,26.166645871284903,1.477530979147487e-7,0.160292,0.15970900000000002,0.002259615299116197,32,5,Pauls-MacBook-Pro,eca62af-dirty,2026-09-23T22:37:09Z
rayon-tiled,cpu,Apple M1 Pro,f32,128,2,31.040177613321003,1.477530979147487e-7,0.135125,0.130084,0.0028964358270122193,64,5,Pauls-MacBook-Pro,eca62af-dirty,2026-09-23T22:37:09Z
rayon-tiled,cpu,Apple M1 Pro,f32,128,2,55.27913014827018,1.477530979147487e-7,0.075875,0.075542,0.0010325064164449544,128,5,Pauls-MacBook-Pro,eca62af-dirty,2026-09-23T22:37:09Z
rayon-tiled,cpu,Apple M1 Pro,f32,128,2,55.43108620666869,1.477530979147487e-7,0.07566700000000001,0.075291,0.009783640334762924,256,5,Pauls-MacBook-Pro,eca62af-dirty,2026-09-23T22:37:09Z
rayon-tiled,cpu,Apple M1 Pro,f32,128,4,29.87928049866429,1.477530979147487e-7,0.140375,0.134625,0.021747377715485617,16,5,Pauls-MacBook-Pro,eca62af-dirty,2026-09-23T22:37:09Z
rayon-tiled,cpu,Apple M1 Pro,f32,128,4,36.093074487126536,1.477530979147487e-7,0.11620799999999999,0.09375,0.013941438437263205,32,5,Pauls-MacBook-Pro,eca62af-dirty,2026-09-23T22:37:09Z
rayon-tiled,cpu,Apple M1 Pro,f32,128,4,57.033545913164076,1.477530979147487e-7,0.07354100000000001,0.069875,0.013660816747178775,64,5,Pauls-MacBook-Pro,eca62af-dirty,2026-09-23T22:37:09Z
rayon-tiled,cpu,Apple M1 Pro,f32,128,4,70.00190263197423,1.477530979147487e-7,0.059917000000000005,0.043665999999999996,0.010231796176625101,128,5,Pauls-MacBook-Pro,eca62af-dirty,2026-09-23T22:37:09Z
rayon-tiled,cpu,Apple M1 Pro,f32,128,4,57.62039784591713,1.477530979147487e-7,0.07279200000000001,0.051167,0.017093429255126077,256,5,Pauls-MacBook-Pro,eca62af-dirty,2026-09-23T22:37:09Z
rayon-tiled,cpu,Apple M1 Pro,f32,128,8,31.126560296846012,1.477530979147487e-7,0.13475,0.11333299999999999,0.03164029351475741,16,5,Pauls-MacBook-Pro,eca62af-dirty,2026-09-23T22:37:09Z
rayon-tiled,cpu,Apple M1 Pro,f32,128,8,37.2000354767184,1.477530979147487e-7,0.11275,0.094792,0.03408343374280238,32,5,Pauls-MacBook-Pro,eca62af-dirty,2026-09-23T22:37:09Z
rayon-tiled,cpu,Apple M1 Pro,f32,128,8,47.08257375061739,1.477530979147487e-7,0.089084,0.071125,0.03982802905869182,64,5,Pauls-MacBook-Pro,eca62af-dirty,2026-09-23T22:37:09Z
rayon-tiled,cpu,Apple M1 Pro,f32,128,8,55.86148846625113,1.477530979147487e-7,0.075084,0.048917,0.023083162460980085,128,5,Pauls-MacBook-Pro,eca62af-dirty,2026-09-23T22:37:09Z
rayon-tiled,cpu,Apple M1 Pro,f32,128,8,77.3143594470046,1.477530979147487e-7,0.05425,0.046792,0.004374458229312518,256,5,Pauls-MacBook-Pro,eca62af-dirty,2026-09-23T22:37:09Z
rayon-tiled,cpu,Apple M1 Pro,f32,128,10,37.103943666955644,1.477530979147487e-7,0.113042,0.106209,0.0033808244112937926,16,5,Pauls-MacBook-Pro,eca62af-dirty,2026-09-23T22:37:09Z
rayon-tiled,cpu,Apple M1 Pro,f32,128,10,39.59991313953379,1.477530979147487e-7,0.105917,0.086375,0.02458109447726037,32,5,Pauls-MacBook-Pro,eca62af-dirty,2026-09-23T22:37:09Z
rayon-tiled,cpu,Apple M1 Pro,f32,128,10,54.00437771998043,1.477530979147487e-7,0.077666,0.055708,0.014510834510806056,64,5,Pauls-MacBook-Pro,eca62af-dirty,2026-09-23T22:37:09Z
rayon-tiled,cpu,Apple M1 Pro,f32,128,10,64.52775384615386,1.477530979147487e-7,0.06499999999999999,0.055125,0.00814611360097562,128,5,Pauls-MacBook-Pro,eca62af-dirty,2026-09-23T22:37:09Z
rayon-tiled,cpu,Apple M1 Pro,f32,128,10,68.29223179250044,1.477530979147487e-7,0.061417,0.045625,0.007259202311549114,256,5,Pauls-MacBook-Pro,eca62af-dirty,2026-09-23T22:37:09Z
static-ikj,cpu,Apple M1 Pro,f32,128,1,30.283783393501803,1.477530979147487e-7,0.1385,0.13691699999999998,0.002519682261714766,,5,Pauls-MacBook-Pro,eca62af-dirty,2026-09-23T22:37:09Z
static-ikj,cpu,Apple M1 Pro,f32,128,2,41.61346138582427,1.477530979147487e-7,0.100792,0.096,0.004677805756976232,,5,Pauls-MacBook-Pro,eca62af-dirty,2026-09-23T22:37:09Z
static-ikj,cpu,Apple M1 Pro,f32,128,4,59.005725700941156,1.477530979147487e-7,0.071083,0.054416,0.01079399422364122,,5,Pauls-MacBook-Pro,eca62af-dirty,2026-09-23T22:37:09Z
static-ikj,cpu,Apple M1 Pro,f32,128,8,51.28012519561815,1.477530979147487e-7,0.081792,0.067333,0.016445155070719156,,5,Pauls-MacBook-Pro,eca62af-dirty,2026-09-23T22:37:09Z
static-ikj,cpu,Apple M1 Pro,f32,128,10,64.07626264169392,1.477530979147487e-7,0.065458,0.050083,0.007630271050231441,,5,Pauls-MacBook-Pro,eca62af-dirty,2026-09-23T22:37:09Z
static-tiled,cpu,Apple M1 Pro,f32,128,1,7.980288555756179,1.477530979147487e-7,0.525583,0.503916,0.02409897747830809,16,5,Pauls-MacBook-Pro,eca62af-dirty,2026-09-23T22:37:09Z
static-tiled,cpu,Apple M1 Pro,f32,128,1,13.564668443248559,1.477530979147487e-7,0.309208,0.305875,0.0025341800054455394,32,5,Pauls-MacBook-Pro,eca62af-dirty,2026-09-23T22:37:09Z
static-tiled,cpu,Apple M1 Pro,f32,128,1,20.319665142237035,1.477530979147487e-7,0.20641600000000002,0.204208,0.001085540095989089,64,5,Pauls-MacBook-Pro,eca62af-dirty,2026-09-23T22:37:09Z
static-tiled,cpu,Apple M1 Pro,f32,128,1,29.986087578194816,1.477530979147487e-7,0.139875,0.13954200000000003,0.0011048498993075932,128,5,Pauls-MacBook-Pro,eca62af-dirty,2026-09-23T22:37:09Z
static-tiled,cpu,Apple M1 Pro,f32,128,1,29.85269750889679,1.477530979147487e-7,0.1405,0.13954200000000003,0.0012550919089851509,256,5,Pauls-MacBook-Pro,eca62af-dirty,2026-09-23T22:37:09Z
static-tiled,cpu,Apple M1 Pro,f32,128,2,14.347643448931702,1.477530979147487e-7,0.292334,0.28070900000000004,0.011745383616553343,16,5,Pauls-MacBook-Pro,eca62af-dirty,2026-09-23T22:37:09Z
static-tiled,cpu,Apple M1 Pro,f32,128,2,26.06501488344923,1.477530979147487e-7,0.160917,0.160875,0.00033610742330392375,32,5,Pauls-MacBook-Pro,eca62af-dirty,2026-09-23T22:37:09Z
static-tiled,cpu,Apple M1 Pro,f32,128,2,30.746197321448204,1.477530979147487e-7,0.136417,0.129875,0.004534584236729984,64,5,Pauls-MacBook-Pro,eca62af-dirty,2026-09-23T22:37:09Z
static-tiled,cpu,Apple M1 Pro,f32,128,2,41.15411560387374,1.477530979147487e-7,0.101917,0.096542,0.0035369040558092643,128,5,Pauls-MacBook-Pro,eca62af-dirty,2026-09-23T22:37:09Z
static-tiled,cpu,Apple M1 Pro,f32,128,2,39.99336352800954,1.477530979147487e-7,0.104875,0.08508299999999999,0.017624977937574848,256,5,Pauls-MacBook-Pro,eca62af-dirty,2026-09-23T22:37:09Z
static-tiled,cpu,Apple M1 Pro,f32,128,4,25.349659732379216,1.477530979147487e-7,0.165458,0.162208,0.001998748933708287,16,5,Pauls-MacBook-Pro,eca62af-dirty,2026-09-23T22:37:09Z
static-tiled,cpu,Apple M1 Pro,f32,128,4,37.477250795239286,1.477530979147487e-7,0.111916,0.092,0.022273621016799226,32,5,Pauls-MacBook-Pro,eca62af-dirty,2026-09-23T22:37:09Z
static-tiled,cpu,Apple M1 Pro,f32,128,4,47.39326553672317,1.477530979147487e-7,0.0885,0.08491599999999999,0.006912381008017432,64,5,Pauls-MacBook-Pro,eca62af-dirty,2026-09-23T22:37:09Z
static-tiled,cpu,Apple M1 Pro,f32,128,4,62.71856448598131,1.477530979147487e-7,0.066875,0.053791,0.01227413665803017,128,5,Pauls-MacBook-Pro,eca62af-dirty,2026-09-23T22:37:09Z
static-tiled,cpu,Apple M1 Pro,f32,128,4,50.056139010884095,1.477530979147487e-7,0.083792,0.066541,0.008550906402247663,256,5,Pauls-MacBook-Pro,eca62af-dirty,2026-09-23T22:37:09Z
static-tiled,cpu,Apple M1 Pro,f32,128,8,30.982855032317637,1.477530979147487e-7,0.135375,0.126333,0.014319527268733426,16,5,Pauls-MacBook-Pro,eca62af-dirty,2026-09-23T22:37:09Z
static-tiled,cpu,Apple M1 Pro,f32,128,8,38.7167714362198,1.477530979147487e-7,0.108333,0.10725,0.004271351601074299,32,5,Pauls-MacBook-Pro,eca62af-dirty,2026-09-23T22:37:09Z
static-tiled,cpu,Apple M1 Pro,f32,128,8,44.344751755053714,1.477530979147487e-7,0.094584,0.090792,0.005472058460945018,64,5,Pauls-MacBook-Pro,eca62af-dirty,2026-09-23T22:37:09Z
static-tiled,cpu,Apple M1 Pro,f32,128,8,49.95657404209197,1.477530979147487e-7,0.083959,0.076792,0.007771498870874267,128,5,Pauls-MacBook-Pro,eca62af-dirty,2026-09-23T22:37:09Z
static-tiled,cpu,Apple M1 Pro,f32,128,8,47.25976338028169,1.477530979147487e-7,0.08875,0.080875,0.005707849130802248,256,5,Pauls-MacBook-Pro,eca62af-dirty,2026-09-23T22:37:09Z
static-tiled,cpu,Apple M1 Pro,f32,128,10,24.52809356725146,1.477530979147487e-7,0.171,0.11854200000000001,0.03442033858781752,16,5,Pauls-MacBook-Pro,eca62af-dirty,2026-09-23T22:37:09Z
static-tiled,cpu,Apple M1 Pro,f32,128,10,45.0598283252581,1.477530979147487e-7,0.093083,0.088833,0.03452194994492634,32,5,Pauls-MacBook-Pro,eca62af-dirty,2026-09-23T22:37:09Z
static-tiled,cpu,Apple M1 Pro,f32,128,10,34.53295789491017,1.477530979147487e-7,0.121458,0.07775,0.031157843782906414,64,5,Pauls-MacBook-Pro,eca62af-dirty,2026-09-23T22:37:09Z
static-tiled,cpu,Apple M1 Pro,f32,128,10,57.06536054421769,1.477530979147487e-7,0.0735,0.06516699999999999,0.047112030871105534,128,5,Pauls-MacBook-Pro,eca62af-dirty,2026-09-23T22:37:09Z
static-tiled,cpu,Apple M1 Pro,f32,128,10,59.10967050931538,1.477530979147487e-7,0.070958,0.064708,0.003414620330285636,256,5,Pauls-MacBook-Pro,eca62af-dirty,2026-09-23T22:37:09Z
mps,metal,Apple M1 Pro,f32,128,1,18.59663653171707,1.4165008669846908e-7,0.225541,0.220042,0.007086625522771757,,5,Pauls-MacBook-Pro,eca62af-dirty,2026-09-23T22:37:09Z
naive-ijk,cpu,Apple M1 Pro,f32,256,1,2.444062542838284,2.1227173452103736e-7,13.728957999999999,13.675958,0.2428986648847626,,5,Pauls-MacBook-Pro,eca62af-dirty,2026-09-23T22:37:09Z
ikj,cpu,Apple M1 Pro,f32,256,1,25.52477249439556,2.1227173452103736e-7,1.314583,1.313,0.005407982923419728,,5,Pauls-MacBook-Pro,eca62af-dirty,2026-09-23T22:37:09Z
tiled,cpu,Apple M1 Pro,f32,256,1,9.050827643483874,2.1227173452103736e-7,3.707333,3.599292,0.07043196313251533,16,5,Pauls-MacBook-Pro,eca62af-dirty,2026-09-23T22:37:09Z
tiled,cpu,Apple M1 Pro,f32,256,1,14.243376325244332,2.1227173452103736e-7,2.355792,2.352,0.07215491060004169,32,5,Pauls-MacBook-Pro,eca62af-dirty,2026-09-23T22:37:09Z
tiled,cpu,Apple M1 Pro,f32,256,1,21.156640605296346,2.1227173452103736e-7,1.5859999999999999,1.5846250000000002,0.008797192182736446,64,5,Pauls-MacBook-Pro,eca62af-dirty,2026-09-23T22:37:09Z
tiled,cpu,Apple M1 Pro,f32,256,1,27.999943256493168,2.1227173452103736e-7,1.198375,1.18825,0.014786537610272429,128,5,Pauls-MacBook-Pro,eca62af-dirty,2026-09-23T22:37:09Z
tiled,cpu,Apple M1 Pro,f32,256,1,25.438486416656936,2.1227173452103736e-7,1.319042,1.3179999999999998,0.004806506298758007,256,5,Pauls-MacBook-Pro,eca62af-dirty,2026-09-23T22:37:09Z
rayon-ikj,cpu,Apple M1 Pro,f32,256,1,25.37997387456007,2.1227173452103736e-7,1.322083,1.286125,0.024459499406161253,,5,Pauls-MacBook-Pro,eca62af-dirty,2026-09-23T22:37:09Z
rayon-ikj,cpu,Apple M1 Pro,f32,256,2,46.87466490089169,2.1227173452103736e-7,0.715833,0.679875,0.038641905920904045,,5,Pauls-MacBook-Pro,eca62af-dirty,2026-09-23T22:37:09Z
rayon-ikj,cpu,Apple M1 Pro,f32,256,4,85.09139967641644,2.1227173452103736e-7,0.39433399999999996,0.36779199999999995,0.019074817645262053,,5,Pauls-MacBook-Pro,eca62af-dirty,2026-09-23T22:37:09Z
rayon-ikj,cpu,Apple M1 Pro,f32,256,8,151.4872776523702,2.1227173452103736e-7,0.2215,0.203083,0.018477466457823697,,5,Pauls-MacBook-Pro,eca62af-dirty,2026-09-23T22:37:09Z
rayon-ikj,cpu,Apple M1 Pro,f32,256,10,122.01611636363636,2.1227173452103736e-7,0.275,0.24737499999999998,0.03126916912071698,,5,Pauls-MacBook-Pro,eca62af-dirty,2026-09-23T22:37:09Z
rayon-tiled,cpu,Apple M1 Pro,f32,256,1,8.927612611414128,2.1227173452103736e-7,3.7585,3.738375,0.06054685601829384,16,5,Pauls-MacBook-Pro,eca62af-dirty,2026-09-23T22:37:09Z
rayon-tiled,cpu,Apple M1 Pro,f32,256,1,13.527967343647635,2.1227173452103736e-7,2.480375,2.379292,0.07510331246489726,32,5,Pauls-MacBook-Pro,eca62af-dirty,2026-09-23T22:37:09Z
rayon-tiled,cpu,Apple M1 Pro,f32,256,1,20.647813897620065,2.1227173452103736e-7,1.625084,1.5885,0.037901170223358406,64,5,Pauls-MacBook-Pro,eca62af-dirty,2026-09-23T22:37:09Z
rayon-tiled,cpu,Apple M1 Pro,f32,256,1,27.609226764000677,2.1227173452103736e-7,1.215334,1.2055,0.0617444928054316,128,5,Pauls-MacBook-Pro,eca62af-dirty,2026-09-23T22:37:09Z
rayon-tiled,cpu,Apple M1 Pro,f32,256,1,25.241554975314685,2.1227173452103736e-7,1.329333,1.3197910000000002,0.006018334262900227,256,5,Pauls-MacBook-Pro,eca62af-dirty,2026-09-23T22:37:09Z
rayon-tiled,cpu,Apple M1 Pro,f32,256,2,17.5800346524564,2.1227173452103736e-7,1.908667,1.871,0.038506514600778925,16,5,Pauls-MacBook-Pro,eca62af-dirty,2026-09-23T22:37:09Z
rayon-tiled,cpu,Apple M1 Pro,f32,256,2,27.406273124817247,2.1227173452103736e-7,1.224334,1.2219579999999999,0.002902978642704768,32,5,Pauls-MacBook-Pro,eca62af-dirty,2026-09-23T22:37:09Z
rayon-tiled,cpu,Apple M1 Pro,f32,256,2,39.58445002577663,2.1227173452103736e-7,0.847667,0.8325,0.011118067129676798,64,5,Pauls-MacBook-Pro,eca62af-dirty,2026-09-23T22:37:09Z
rayon-tiled,cpu,Apple M1 Pro,f32,256,2,51.303176248620126,2.1227173452103736e-7,0.654042,0.635833,0.02502664324874595,128,5,Pauls-MacBook-Pro,eca62af-dirty,2026-09-23T22:37:09Z
rayon-tiled,cpu,Apple M1 Pro,f32,256,2,46.13612139278309,2.1227173452103736e-7,0.727292,0.719125,0.010249530818530195,256,5,Pauls-MacBook-Pro,eca62af-dirty,2026-09-23T22:37:09Z
rayon-tiled,cpu,Apple M1 Pro,f32,256,4,33.08570679187944,2.1227173452103736e-7,1.014167,0.978667,0.025295352013759348,16,5,Pauls-MacBook-Pro,eca62af-dirty,2026-09-23T22:37:09Z
rayon-tiled,cpu,Apple M1 Pro,f32,256,4,49.7072503744217,2.1227173452103736e-7,0.675041,0.667208,0.013476268240874403,32,5,Pauls-MacBook-Pro,eca62af-dirty,2026-09-23T22:37:09Z
rayon-tiled,cpu,Apple M1 Pro,f32,256,4,72.28972393497155,2.1227173452103736e-7,0.464166,0.451709,0.015426426426752238,64,5,Pauls-MacBook-Pro,eca62af-dirty,2026-09-23T22:37:09Z
rayon-tiled,cpu,Apple M1 Pro,f32,256,4,90.943771377772,2.1227173452103736e-7,0.368958,0.346209,0.018337716793537854,128,5,Pauls-MacBook-Pro,eca62af-dirty,2026-09-23T22:37:09Z
rayon-tiled,cpu,Apple M1 Pro,f32,256,4,84.09632080200502,2.1227173452103736e-7,0.399,0.384333,0.03339571725086916,256,5,Pauls-MacBook-Pro,eca62af-dirty,2026-09-23T22:37:09Z
rayon-tiled,cpu,Apple M1 Pro,f32,256,8,48.600240144724125,2.1227173452103736e-7,0.6904170000000001,0.5730000000000001,0.07548861857790215,16,5,Pauls-MacBook-Pro,eca62af-dirty,2026-09-23T22:37:09Z
rayon-tiled,cpu,Apple M1 Pro,f32,256,8,68.4317873123218,2.1227173452103736e-7,0.49033400000000005,0.458875,0.02527576587365854,32,5,Pauls-MacBook-Pro,eca62af-dirty,2026-09-23T22:37:09Z
rayon-tiled,cpu,Apple M1 Pro,f32,256,8,103.72312828438949,2.1227173452103736e-7,0.3235,0.319917,0.019528161365064568,64,5,Pauls-MacBook-Pro,eca62af-dirty,2026-09-23T22:37:09Z
rayon-tiled,cpu,Apple M1 Pro,f32,256,8,114.35788096082013,2.1227173452103736e-7,0.293416,0.23550000000000001,0.04790341264774358,128,5,Pauls-MacBook-Pro,eca62af-dirty,2026-09-23T22:37:09Z
rayon-tiled,cpu,Apple M1 Pro,f32,256,8,127.52278194774347,2.1227173452103736e-7,0.263125,0.24041700000000002,0.03298331581724311,256,5,Pauls-MacBook-Pro,eca62af-dirty,2026-09-23T22:37:09Z
rayon-tiled,cpu,Apple M1 Pro,f32,256,10,52.032459003682874,2.1227173452103736e-7,0.6448750000000001,0.604166,0.06268112028753155,16,5,Pauls-MacBook-Pro,eca62af-dirty,2026-09-23T22:37:09Z
rayon-tiled,cpu,Apple M1 Pro,f32,256,10,81.3194353226295,2.1227173452103736e-7,0.412625,0.399333,0.03676270840403356,32,5,Pauls-MacBook-Pro,eca62af-dirty,2026-09-23T22:37:09Z
rayon-tiled,cpu,Apple M1 Pro,f32,256,10,115.572229129999,2.1227173452103736e-7,0.290333,0.28687500000000005,0.014168156842017249,64,5,Pauls-MacBook-Pro,eca62af-dirty,2026-09-23T22:37:09Z
rayon-tiled,cpu,Apple M1 Pro,f32,256,10,109.80428294675113,2.1227173452103736e-7,0.305584,0.268583,0.06421183977118237,128,5,Pauls-MacBook-Pro,eca62af-dirty,2026-09-23T22:37:09Z
rayon-tiled,cpu,Apple M1 Pro,f32,256,10,121.33575370106529,2.1227173452103736e-7,0.276542,0.243917,0.060572633215834365,256,5,Pauls-MacBook-Pro,eca62af-dirty,2026-09-23T22:37:09Z
static-ikj,cpu,Apple M1 Pro,f32,256,1,25.257382009785474,2.1227173452103736e-7,1.3285,1.290667,0.03544386367624169,,5,Pauls-MacBook-Pro,eca62af-dirty,2026-09-23T22:37:09Z
static-ikj,cpu,Apple M1 Pro,f32,256,2,47.86365438875274,2.1227173452103736e-7,0.701042,0.7,0.005669177144877418,,5,Pauls-MacBook-Pro,eca62af-dirty,2026-09-23T22:37:09Z
static-ikj,cpu,Apple M1 Pro,f32,256,4,81.75692527356323,2.1227173452103736e-7,0.410417,0.38779199999999997,0.024414024090673815,,5,Pauls-MacBook-Pro,eca62af-dirty,2026-09-23T22:37:09Z
static-ikj,cpu,Apple M1 Pro,f32,256,8,140.83707030430222,2.1227173452103736e-7,0.23825,0.23325,0.015180221418016279,,5,Pauls-MacBook-Pro,eca62af-dirty,2026-09-23T22:37:09Z
static-ikj,cpu,Apple M1 Pro,f32,256,10,103.41687367856548,2.1227173452103736e-7,0.324458,0.305,0.012209136210232088,,5,Pauls-MacBook-Pro,eca62af-dirty,2026-09-23T22:37:09Z
static-tiled,cpu,Apple M1 Pro,f32,256,1,8.076081805318246,2.1227173452103736e-7,4.1547909999999995,4.063458,0.10260350411023997,16,5,Pauls-MacBook-Pro,eca62af-dirty,2026-09-23T22:37:09Z
static-tiled,cpu,Apple M1 Pro,f32,256,1,13.851158720330236,2.1227173452103736e-7,2.4225000000000003,2.3965840000000003,0.019251954809836866,32,5,Pauls-MacBook-Pro,eca62af-dirty,2026-09-23T22:37:09Z
static-tiled,cpu,Apple M1 Pro,f32,256,1,20.924661835402347,2.1227173452103736e-7,1.603583,1.589791,0.01915856532206945,64,5,Pauls-MacBook-Pro,eca62af-dirty,2026-09-23T22:37:09Z
static-tiled,cpu,Apple M1 Pro,f32,256,1,27.54031558428234,2.1227173452103736e-7,1.218375,1.209583,0.009965242380393875,128,5,Pauls-MacBook-Pro,eca62af-dirty,2026-09-23T22:37:09Z
static-tiled,cpu,Apple M1 Pro,f32,256,1,25.58233641475269,2.1227173452103736e-7,1.311625,1.3071249999999999,0.002669636641942161,256,5,Pauls-MacBook-Pro,eca62af-dirty,2026-09-23T22:37:09Z
static-tiled,cpu,Apple M1 Pro,f32,256,2,16.273083994395623,2.1227173452103736e-7,2.061959,2.057291,0.002753501098601396,16,5,Pauls-MacBook-Pro,eca62af-dirty,2026-09-23T22:37:09Z
static-tiled,cpu,Apple M1 Pro,f32,256,2,26.73037986380858,2.1227173452103736e-7,1.255292,1.241334,0.05775518999362741,32,5,Pauls-MacBook-Pro,eca62af-dirty,2026-09-23T22:37:09Z
static-tiled,cpu,Apple M1 Pro,f32,256,2,38.37169080733437,2.1227173452103736e-7,0.8744580000000001,0.8482500000000001,0.020503322872159037,64,5,Pauls-MacBook-Pro,eca62af-dirty,2026-09-23T22:37:09Z
static-tiled,cpu,Apple M1 Pro,f32,256,2,51.33590667431631,2.1227173452103736e-7,0.653625,0.64425,0.015206202228038422,128,5,Pauls-MacBook-Pro,eca62af-dirty,2026-09-23T22:37:09Z
static-tiled,cpu,Apple M1 Pro,f32,256,2,45.35915106454883,2.1227173452103736e-7,0.7397499999999999,0.728542,0.00821764168116374,256,5,Pauls-MacBook-Pro,eca62af-dirty,2026-09-23T22:37:09Z
static-tiled,cpu,Apple M1 Pro,f32,256,4,30.00284519950821,2.1227173452103736e-7,1.1183750000000001,1.1083749999999999,0.007797940882053435,16,5,Pauls-MacBook-Pro,eca62af-dirty,2026-09-23T22:37:09Z
static-tiled,cpu,Apple M1 Pro,f32,256,4,48.847869538823474,2.1227173452103736e-7,0.686917,0.665542,0.01850629412659382,32,5,Pauls-MacBook-Pro,eca62af-dirty,2026-09-23T22:37:09Z
static-tiled,cpu,Apple M1 Pro,f32,256,4,72.73364792893635,2.1227173452103736e-7,0.46133300000000005,0.44375000000000003,0.010759276174538876,64,5,Pauls-MacBook-Pro,eca62af-dirty,2026-09-23T22:37:09Z
static-tiled,cpu,Apple M1 Pro,f32,256,4,92.70230053680112,2.1227173452103736e-7,0.36195900000000003,0.347958,0.012761979129429743,128,5,Pauls-MacBook-Pro,eca62af-dirty,2026-09-23T22:37:09Z
static-tiled,cpu,Apple M1 Pro,f32,256,4,87.66670672762902,2.1227173452103736e-7,0.38275,0.378542,0.011511408176239787,256,5,Pauls-MacBook-Pro,eca62af-dirty,2026-09-23T22:37:09Z
static-tiled,cpu,Apple M1 Pro,f32,256,8,55.9317905643614,2.1227173452103736e-7,0.599917,0.591584,0.004527453622070594,16,5,Pauls-MacBook-Pro,eca62af-dirty,2026-09-23T22:37:09Z
static-tiled,cpu,Apple M1 Pro,f32,256,8,85.36198878611188,2.1227173452103736e-7,0.393084,0.3865,0.015151143250593333,32,5,Pauls-MacBook-Pro,eca62af-dirty,2026-09-23T22:37:09Z
static-tiled,cpu,Apple M1 Pro,f32,256,8,116.28959388927784,2.1227173452103736e-7,0.28854199999999997,0.27370900000000004,0.04371235332832126,64,5,Pauls-MacBook-Pro,eca62af-dirty,2026-09-23T22:37:09Z
static-tiled,cpu,Apple M1 Pro,f32,256,8,127.86683789541075,2.1227173452103736e-7,0.26241699999999996,0.223,0.10606936373100387,128,5,Pauls-MacBook-Pro,eca62af-dirty,2026-09-23T22:37:09Z
static-tiled,cpu,Apple M1 Pro,f32,256,8,132.104062992126,2.1227173452103736e-7,0.254,0.24004199999999998,0.011765038546473193,256,5,Pauls-MacBook-Pro,eca62af-dirty,2026-09-23T22:37:09Z
static-tiled,cpu,Apple M1 Pro,f32,256,10,50.43883051484404,2.1227173452103736e-7,0.66525,0.659417,0.01905140819467161,16,5,Pauls-MacBook-Pro,eca62af-dirty,2026-09-23T22:37:09Z
static-tiled,cpu,Apple M1 Pro,f32,256,10,57.70323645743766,2.1227173452103736e-7,0.5815,0.5312920000000001,0.14316394781578215,32,5,Pauls-MacBook-Pro,eca62af-dirty,2026-09-23T22:37:09Z
static-tiled,cpu,Apple M1 Pro,f32,256,10,92.16149064911025,2.1227173452103736e-7,0.364083,0.354791,0.013475784567141146,64,5,Pauls-MacBook-Pro,eca62af-dirty,2026-09-23T22:37:09Z
static-tiled,cpu,Apple M1 Pro,f32,256,10,97.6128930909091,2.1227173452103736e-7,0.34375,0.31625000000000003,0.02906625726164274,128,5,Pauls-MacBook-Pro,eca62af-dirty,2026-09-23T22:37:09Z
static-tiled,cpu,Apple M1 Pro,f32,256,10,102.3390987418986,2.1227173452103736e-7,0.32787499999999997,0.297292,0.015296841775346971,256,5,Pauls-MacBook-Pro,eca62af-dirty,2026-09-23T22:37:09Z
mps,metal,Apple M1 Pro,f32,256,1,114.06631629760068,2.0261864064850236e-7,0.294166,0.283458,0.007990412580086228,,5,Pauls-MacBook-Pro,eca62af-dirty,2026-09-23T22:37:09Z
naive-ijk,cpu,Apple M1 Pro,f32,512,1,2.2669998817667425,1.243084139673532e-7,118.41,117.45025000000001,0.8137872581504331,,5,Pauls-MacBook-Pro,eca62af-dirty,2026-09-23T22:37:09Z
ikj,cpu,Apple M1 Pro,f32,512,1,26.59532346748096,1.243084139673532e-7,10.093333,10.083167000000001,0.10146705250079971,,5,Pauls-MacBook-Pro,eca62af-dirty,2026-09-23T22:37:09Z
tiled,cpu,Apple M1 Pro,f32,512,1,9.283124029533312,1.243084139673532e-7,28.916500000000003,28.817834,0.3523145511828869,16,5,Pauls-MacBook-Pro,eca62af-dirty,2026-09-23T22:37:09Z
tiled,cpu,Apple M1 Pro,f32,512,1,14.14210740460172,1.243084139673532e-7,18.981291000000002,18.925207999999998,0.08978523373751346,32,5,Pauls-MacBook-Pro,eca62af-dirty,2026-09-23T22:37:09Z
tiled,cpu,Apple M1 Pro,f32,512,1,20.192605999059708,1.243084139673532e-7,13.29375,13.254584,0.21838417029674975,64,5,Pauls-MacBook-Pro,eca62af-dirty,2026-09-23T22:37:09Z
tiled,cpu,Apple M1 Pro,f32,512,1,23.632656863050645,1.243084139673532e-7,11.358666,11.233917,0.1808369932278789,128,5,Pauls-MacBook-Pro,eca62af-dirty,2026-09-23T22:37:09Z
tiled,cpu,Apple M1 Pro,f32,512,1,21.822099403767943,1.243084139673532e-7,12.301083,12.236875,0.06930646275204082,256,5,Pauls-MacBook-Pro,eca62af-dirty,2026-09-23T22:37:09Z
rayon-ikj,cpu,Apple M1 Pro,f32,512,1,25.57969629171029,1.243084139673532e-7,10.494083,10.299707999999999,0.13714286020168914,,5,Pauls-MacBook-Pro,eca62af-dirty,2026-09-23T22:37:09Z
rayon-ikj,cpu,Apple M1 Pro,f32,512,2,50.33755007774661,1.243084139673532e-7,5.332708,5.227291,0.06846464740652639,,5,Pauls-MacBook-Pro,eca62af-dirty,2026-09-23T22:37:09Z
rayon-ikj,cpu,Apple M1 Pro,f32,512,4,98.22905717683652,1.243084139673532e-7,2.73275,2.7091250000000002,0.03433480478319326,,5,Pauls-MacBook-Pro,eca62af-dirty,2026-09-23T22:37:09Z
rayon-ikj,cpu,Apple M1 Pro,f32,512,8,174.3936696443073,1.243084139673532e-7,1.53925,1.461125,0.05191031824502721,,5,Pauls-MacBook-Pro,eca62af-dirty,2026-09-23T22:37:09Z
rayon-ikj,cpu,Apple M1 Pro,f32,512,10,165.01334316889506,1.243084139673532e-7,1.62675,1.573166,0.08384967788071698,,5,Pauls-MacBook-Pro,eca62af-dirty,2026-09-23T22:37:09Z
rayon-tiled,cpu,Apple M1 Pro,f32,512,1,9.300129696114054,1.243084139673532e-7,28.863625,28.799292,0.14153147333543892,16,5,Pauls-MacBook-Pro,eca62af-dirty,2026-09-23T22:37:09Z
rayon-tiled,cpu,Apple M1 Pro,f32,512,1,14.005541266932324,1.243084139673532e-7,19.166375,19.003167,0.14159515450996188,32,5,Pauls-MacBook-Pro,eca62af-dirty,2026-09-23T22:37:09Z
rayon-tiled,cpu,Apple M1 Pro,f32,512,1,19.94319881129272,1.243084139673532e-7,13.459999999999999,13.411249999999999,0.10242130365212121,64,5,Pauls-MacBook-Pro,eca62af-dirty,2026-09-23T22:37:09Z
rayon-tiled,cpu,Apple M1 Pro,f32,512,1,23.35854626700287,1.243084139673532e-7,11.491959,11.388834000000001,0.3508104053221625,128,5,Pauls-MacBook-Pro,eca62af-dirty,2026-09-23T22:37:09Z
rayon-tiled,cpu,Apple M1 Pro,f32,512,1,21.866910179518772,1.243084139673532e-7,12.275875000000001,12.149999999999999,0.10920195782677239,256,5,Pauls-MacBook-Pro,eca62af-dirty,2026-09-23T22:37:09Z
rayon-tiled,cpu,Apple M1 Pro,f32,512,2,17.930113321516878,1.243084139673532e-7,14.971207999999999,14.901665999999999,0.062000971264166385,16,5,Pauls-MacBook-Pro,eca62af-dirty,2026-09-23T22:37:09Z
rayon-tiled,cpu,Apple M1 Pro,f32,512,2,27.391839840536058,1.243084139673532e-7,9.799833000000001,9.7865,0.07997798504401067,32,5,Pauls-MacBook-Pro,eca62af-dirty,2026-09-23T22:37:09Z
rayon-tiled,cpu,Apple M1 Pro,f32,512,2,38.56969804949891,1.243084139673532e-7,6.95975,6.839874999999999,0.06488779612685273,64,5,Pauls-MacBook-Pro,eca62af-dirty,2026-09-23T22:37:09Z
rayon-tiled,cpu,Apple M1 Pro,f32,512,2,45.45836367442021,1.243084139673532e-7,5.9050839999999996,5.89025,0.019370214072126385,128,5,Pauls-MacBook-Pro,eca62af-dirty,2026-09-23T22:37:09Z
rayon-tiled,cpu,Apple M1 Pro,f32,512,2,42.558138089575905,1.243084139673532e-7,6.3075,6.27575,0.0548251404850002,256,5,Pauls-MacBook-Pro,eca62af-dirty,2026-09-23T22:37:09Z
rayon-tiled,cpu,Apple M1 Pro,f32,512,4,34.58774075505734,1.243084139673532e-7,7.760999999999999,7.703166,0.059570797866907506,16,5,Pauls-MacBook-Pro,eca62af-dirty,2026-09-23T22:37:09Z
rayon-tiled,cpu,Apple M1 Pro,f32,512,4,52.362743172236435,1.243084139673532e-7,5.126459,5.074999999999999,0.044563178592869776,32,5,Pauls-MacBook-Pro,eca62af-dirty,2026-09-23T22:37:09Z
rayon-tiled,cpu,Apple M1 Pro,f32,512,4,72.60328061816071,1.243084139673532e-7,3.6972910000000003,3.653417,0.04781461015944796,64,5,Pauls-MacBook-Pro,eca62af-dirty,2026-09-23T22:37:09Z
rayon-tiled,cpu,Apple M1 Pro,f32,512,4,86.65615222609749,1.243084139673532e-7,3.097708,3.087708,0.02339835132439881,128,5,Pauls-MacBook-Pro,eca62af-dirty,2026-09-23T22:37:09Z
rayon-tiled,cpu,Apple M1 Pro,f32,512,4,82.00884625372336,1.243084139673532e-7,3.27325,3.2590000000000003,0.015626522863388337,256,5,Pauls-MacBook-Pro,eca62af-dirty,2026-09-23T22:37:09Z
rayon-tiled,cpu,Apple M1 Pro,f32,512,8,67.47223572549969,1.243084139673532e-7,3.978458,3.9530829999999995,0.162016320513398,16,5,Pauls-MacBook-Pro,eca62af-dirty,2026-09-23T22:37:09Z
rayon-tiled,cpu,Apple M1 Pro,f32,512,8,98.130307439225,1.243084139673532e-7,2.7355,2.669084,0.23553669400435248,32,5,Pauls-MacBook-Pro,eca62af-dirty,2026-09-23T22:37:09Z
rayon-tiled,cpu,Apple M1 Pro,f32,512,8,122.1896812517781,1.243084139673532e-7,2.196875,1.997709,0.16386043503024147,64,5,Pauls-MacBook-Pro,eca62af-dirty,2026-09-23T22:37:09Z
rayon-tiled,cpu,Apple M1 Pro,f32,512,8,160.52755159645213,1.243084139673532e-7,1.672208,1.620041,0.15672200773918135,128,5,Pauls-MacBook-Pro,eca62af-dirty,2026-09-23T22:37:09Z
rayon-tiled,cpu,Apple M1 Pro,f32,512,8,152.99460258004655,1.243084139673532e-7,1.754542,1.734292,0.19896791424825258,256,5,Pauls-MacBook-Pro,eca62af-dirty,2026-09-23T22:37:09Z
rayon-tiled,cpu,Apple M1 Pro,f32,512,10,67.58903339046421,1.243084139673532e-7,3.971583,3.964167,0.04044850138138624,16,5,Pauls-MacBook-Pro,eca62af-dirty,2026-09-23T22:37:09Z
rayon-tiled,cpu,Apple M1 Pro,f32,512,10,97.9304369842139,1.243084139673532e-7,2.741083,2.7237080000000002,0.08391255679277086,32,5,Pauls-MacBook-Pro,eca62af-dirty,2026-09-23T22:37:09Z
rayon-tiled,cpu,Apple M1 Pro,f32,512,10,135.50502574457343,1.243084139673532e-7,1.981,1.932792,0.14906943795929456,64,5,Pauls-MacBook-Pro,eca62af-dirty,2026-09-23T22:37:09Z
rayon-tiled,cpu,Apple M1 Pro,f32,512,10,160.42355787274425,1.243084139673532e-7,1.673292,1.657375,0.021113084083098737,128,5,Pauls-MacBook-Pro,eca62af-dirty,2026-09-23T22:37:09Z
rayon-tiled,cpu,Apple M1 Pro,f32,512,10,149.73039594107962,1.243084139673532e-7,1.7927920000000002,1.7243339999999998,0.09469118652599093,256,5,Pauls-MacBook-Pro,eca62af-dirty,2026-09-23T22:37:09Z
static-ikj,cpu,Apple M1 Pro,f32,512,1,26.074141995746903,1.243084139673532e-7,10.295083,10.287417,0.026751734734405088,,5,Pauls-MacBook-Pro,eca62af-dirty,2026-09-23T22:37:09Z
static-ikj,cpu,Apple M1 Pro,f32,512,2,50.88260484526452,1.243084139673532e-7,5.275584,5.189959,0.047543175875197775,,5,Pauls-MacBook-Pro,eca62af-dirty,2026-09-23T22:37:09Z
static-ikj,cpu,Apple M1 Pro,f32,512,4,97.29888305921797,1.243084139673532e-7,2.758875,2.7421670000000002,0.01978111343428355,,5,Pauls-MacBook-Pro,eca62af-dirty,2026-09-23T22:37:09Z
static-ikj,cpu,Apple M1 Pro,f32,512,8,188.0238571039325,1.243084139673532e-7,1.427667,1.412125,0.01994849911146201,,5,Pauls-MacBook-Pro,eca62af-dirty,2026-09-23T22:37:09Z
static-ikj,cpu,Apple M1 Pro,f32,512,10,123.91236988957839,1.243084139673532e-7,2.166333,2.0978749999999997,0.06407808745351262,,5,Pauls-MacBook-Pro,eca62af-dirty,2026-09-23T22:37:09Z
static-tiled,cpu,Apple M1 Pro,f32,512,1,8.289650299549132,1.243084139673532e-7,32.382,32.192291,0.24164202346798125,16,5,Pauls-MacBook-Pro,eca62af-dirty,2026-09-23T22:37:09Z
static-tiled,cpu,Apple M1 Pro,f32,512,1,13.922699700945264,1.243084139673532e-7,19.280417,19.252833,0.20383575155698203,32,5,Pauls-MacBook-Pro,eca62af-dirty,2026-09-23T22:37:09Z
static-tiled,cpu,Apple M1 Pro,f32,512,1,19.86020205308425,1.243084139673532e-7,13.516250000000001,13.385041000000001,0.1093593499354304,64,5,Pauls-MacBook-Pro,eca62af-dirty,2026-09-23T22:37:09Z
static-tiled,cpu,Apple M1 Pro,f32,512,1,23.660427802301808,1.243084139673532e-7,11.345334000000001,11.313666999999999,0.07654355849775944,128,5,Pauls-MacBook-Pro,eca62af-dirty,2026-09-23T22:37:09Z
static-tiled,cpu,Apple M1 Pro,f32,512,1,22.054954113432775,1.243084139673532e-7,12.171209000000001,12.138458,0.08693694214026622,256,5,Pauls-MacBook-Pro,eca62af-dirty,2026-09-23T22:37:09Z
static-tiled,cpu,Apple M1 Pro,f32,512,2,16.001835079830503,1.243084139673532e-7,16.775292,16.621334,0.16606161048448168,16,5,Pauls-MacBook-Pro,eca62af-dirty,2026-09-23T22:37:09Z
static-tiled,cpu,Apple M1 Pro,f32,512,2,26.177866027012495,1.243084139673532e-7,10.254291,10.111959,0.08828143370947286,32,5,Pauls-MacBook-Pro,eca62af-dirty,2026-09-23T22:37:09Z
static-tiled,cpu,Apple M1 Pro,f32,512,2,37.471579801968474,1.243084139673532e-7,7.163708000000001,6.937125,0.13382852883148658,64,5,Pauls-MacBook-Pro,eca62af-dirty,2026-09-23T22:37:09Z
static-tiled,cpu,Apple M1 Pro,f32,512,2,44.963121542681264,1.243084139673532e-7,5.9701249999999995,5.904541999999999,0.03813565814693669,128,5,Pauls-MacBook-Pro,eca62af-dirty,2026-09-23T22:37:09Z
static-tiled,cpu,Apple M1 Pro,f32,512,2,42.424176563675196,1.243084139673532e-7,6.3274170000000005,6.279833,0.045032829322617325,256,5,Pauls-MacBook-Pro,eca62af-dirty,2026-09-23T22:37:09Z
static-tiled,cpu,Apple M1 Pro,f32,512,4,31.20495986379509,1.243084139673532e-7,8.602333,8.594583,0.011592458876356041,16,5,Pauls-MacBook-Pro,eca62af-dirty,2026-09-23T22:37:09Z
static-tiled,cpu,Apple M1 Pro,f32,512,4,51.88244341762731,1.243084139673532e-7,5.173917,5.152542,0.01404502660374821,32,5,Pauls-MacBook-Pro,eca62af-dirty,2026-09-23T22:37:09Z
static-tiled,cpu,Apple M1 Pro,f32,512,4,72.98987739102724,1.243084139673532e-7,3.677708,3.626875,0.043377959522089136,64,5,Pauls-MacBook-Pro,eca62af-dirty,2026-09-23T22:37:09Z
static-tiled,cpu,Apple M1 Pro,f32,512,4,86.61653079498245,1.243084139673532e-7,3.099125,3.067667,0.015501542487765455,128,5,Pauls-MacBook-Pro,eca62af-dirty,2026-09-23T22:37:09Z
static-tiled,cpu,Apple M1 Pro,f32,512,4,81.74661773886561,1.243084139673532e-7,3.2837500000000004,3.276541,0.04192727669071777,256,5,Pauls-MacBook-Pro,eca62af-dirty,2026-09-23T22:37:09Z
static-tiled,cpu,Apple M1 Pro,f32,512,8,61.69569881030826,1.243084139673532e-7,4.350959,4.337292000000001,0.021816491693212127,16,5,Pauls-MacBook-Pro,eca62af-dirty,2026-09-23T22:37:09Z
static-tiled,cpu,Apple M1 Pro,f32,512,8,99.88760630727009,1.243084139673532e-7,2.6873750000000003,2.662667,0.1529382370354124,32,5,Pauls-MacBook-Pro,eca62af-dirty,2026-09-23T22:37:09Z
static-tiled,cpu,Apple M1 Pro,f32,512,8,138.08117009877878,1.243084139673532e-7,1.9440410000000001,1.916625,0.019867572863840197,64,5,Pauls-MacBook-Pro,eca62af-dirty,2026-09-23T22:37:09Z
static-tiled,cpu,Apple M1 Pro,f32,512,8,159.94161829528568,1.243084139673532e-7,1.678334,1.665292,0.012907481152416994,128,5,Pauls-MacBook-Pro,eca62af-dirty,2026-09-23T22:37:09Z
static-tiled,cpu,Apple M1 Pro,f32,512,8,158.17843989718583,1.243084139673532e-7,1.697042,1.68175,0.017361445757770304,256,5,Pauls-MacBook-Pro,eca62af-dirty,2026-09-23T22:37:09Z
static-tiled,cpu,Apple M1 Pro,f32,512,10,56.141895584429165,1.243084139673532e-7,4.781375,4.655334,0.6383268535519243,16,5,Pauls-MacBook-Pro,eca62af-dirty,2026-09-23T22:37:09Z
static-tiled,cpu,Apple M1 Pro,f32,512,10,84.688850910837,1.243084139673532e-7,3.169667,3.1425,0.057419689835456235,32,5,Pauls-MacBook-Pro,eca62af-dirty,2026-09-23T22:37:09Z
static-tiled,cpu,Apple M1 Pro,f32,512,10,109.38320179064849,1.243084139673532e-7,2.4540830000000002,2.43025,0.21535472834906597,64,5,Pauls-MacBook-Pro,eca62af-dirty,2026-09-23T22:37:09Z
static-tiled,cpu,Apple M1 Pro,f32,512,10,125.90043079087765,1.243084139673532e-7,2.132125,2.112625,0.05744674307826354,128,5,Pauls-MacBook-Pro,eca62af-dirty,2026-09-23T22:37:09Z
static-tiled,cpu,Apple M1 Pro,f32,512,10,119.26934338546901,1.243084139673532e-7,2.2506660000000003,2.1919169999999997,0.08666563624470788,256,5,Pauls-MacBook-Pro,eca62af-dirty,2026-09-23T22:37:09Z
mps,metal,Apple M1 Pro,f32,512,1,553.6178520237174,1.8863139510344342e-7,0.484875,0.361709,0.097824657964135,,5,Pauls-MacBook-Pro,eca62af-dirty,2026-09-23T22:37:09Z
naive-ijk,cpu,Apple M1 Pro,f32,1024,1,2.073297103139135,1.531109965128801e-7,1035.781917,1030.613416,5.506789092062781,,5,Pauls-MacBook-Pro,eca62af-dirty,2026-09-23T22:37:09Z
ikj,cpu,Apple M1 Pro,f32,1024,1,26.237046106641948,1.531109965128801e-7,81.849292,81.818,0.04297148064356548,,5,Pauls-MacBook-Pro,eca62af-dirty,2026-09-23T22:37:09Z
tiled,cpu,Apple M1 Pro,f32,1024,1,9.144068158218682,1.531109965128801e-7,234.849917,234.16075,1.389168169110381,16,5,Pauls-MacBook-Pro,eca62af-dirty,2026-09-23T22:37:09Z
tiled,cpu,Apple M1 Pro,f32,1024,1,12.876001352065385,1.531109965128801e-7,166.78187499999999,166.419375,0.28304503839707473,32,5,Pauls-MacBook-Pro,eca62af-dirty,2026-09-23T22:37:09Z
tiled,cpu,Apple M1 Pro,f32,1024,1,18.033339081932557,1.531109965128801e-7,119.08408299999999,118.35291600000001,1.1056056385943807,64,5,Pauls-MacBook-Pro,eca62af-dirty,2026-09-23T22:37:09Z
tiled,cpu,Apple M1 Pro,f32,1024,1,21.765827528418104,1.531109965128801e-7,98.663083,98.353167,0.20332672328791251,128,5,Pauls-MacBook-Pro,eca62af-dirty,2026-09-23T22:37:09Z
tiled,cpu,Apple M1 Pro,f32,1024,1,21.216525284659273,1.531109965128801e-7,101.2175,100.795708,0.49677018893880126,256,5,Pauls-MacBook-Pro,eca62af-dirty,2026-09-23T22:37:09Z
rayon-ikj,cpu,Apple M1 Pro,f32,1024,1,26.054027158269562,1.531109965128801e-7,82.42425,81.928375,0.8970821251935039,,5,Pauls-MacBook-Pro,eca62af-dirty,2026-09-23T22:37:09Z
rayon-ikj,cpu,Apple M1 Pro,f32,1024,2,51.0122437918755,1.531109965128801e-7,42.097415999999996,42.071583000000004,0.14753707071851366,,5,Pauls-MacBook-Pro,eca62af-dirty,2026-09-23T22:37:09Z
rayon-ikj,cpu,Apple M1 Pro,f32,1024,4,98.9350247857735,1.531109965128801e-7,21.706,21.468291999999998,0.1246607266471695,,5,Pauls-MacBook-Pro,eca62af-dirty,2026-09-23T22:37:09Z
rayon-ikj,cpu,Apple M1 Pro,f32,1024,8,188.76763358037834,1.531109965128801e-7,11.376334,10.968333,0.1920465349791559,,5,Pauls-MacBook-Pro,eca62af-dirty,2026-09-23T22:37:09Z
rayon-ikj,cpu,Apple M1 Pro,f32,1024,10,197.23701199311193,1.531109965128801e-7,10.887832999999999,10.426458,0.4792232158660512,,5,Pauls-MacBook-Pro,eca62af-dirty,2026-09-23T22:37:09Z
rayon-tiled,cpu,Apple M1 Pro,f32,1024,1,9.102324152376008,1.531109965128801e-7,235.92695799999998,234.655125,0.8179161459118555,16,5,Pauls-MacBook-Pro,eca62af-dirty,2026-09-23T22:37:09Z
rayon-tiled,cpu,Apple M1 Pro,f32,1024,1,12.823203072065164,1.531109965128801e-7,167.468583,167.278792,0.43303467173229515,32,5,Pauls-MacBook-Pro,eca62af-dirty,2026-09-23T22:37:09Z
rayon-tiled,cpu,Apple M1 Pro,f32,1024,1,17.931042438671067,1.531109965128801e-7,119.763458,119.56441600000001,0.25247204338936063,64,5,Pauls-MacBook-Pro,eca62af-dirty,2026-09-23T22:37:09Z
rayon-tiled,cpu,Apple M1 Pro,f32,1024,1,21.767408517423238,1.531109965128801e-7,98.655917,98.36200000000001,1.1495178120449006,128,5,Pauls-MacBook-Pro,eca62af-dirty,2026-09-23T22:37:09Z
rayon-tiled,cpu,Apple M1 Pro,f32,1024,1,21.10333858341226,1.531109965128801e-7,101.760375,101.38304099999999,0.9844804041395655,256,5,Pauls-MacBook-Pro,eca62af-dirty,2026-09-23T22:37:09Z
rayon-tiled,cpu,Apple M1 Pro,f32,1024,2,17.739411667250742,1.531109965128801e-7,121.057208,120.903083,0.34821573204236456,16,5,Pauls-MacBook-Pro,eca62af-dirty,2026-09-23T22:37:09Z
rayon-tiled,cpu,Apple M1 Pro,f32,1024,2,24.991736057327234,1.531109965128801e-7,85.92775,85.720416,0.6558524434585132,32,5,Pauls-MacBook-Pro,eca62af-dirty,2026-09-23T22:37:09Z
rayon-tiled,cpu,Apple M1 Pro,f32,1024,2,34.785090454072396,1.531109965128801e-7,61.735749999999996,61.323125,0.24853159311846099,64,5,Pauls-MacBook-Pro,eca62af-dirty,2026-09-23T22:37:09Z
rayon-tiled,cpu,Apple M1 Pro,f32,1024,2,42.347909170684574,1.531109965128801e-7,50.710499999999996,50.413166000000004,0.22138828020312953,128,5,Pauls-MacBook-Pro,eca62af-dirty,2026-09-23T22:37:09Z
rayon-tiled,cpu,Apple M1 Pro,f32,1024,2,41.429720103695665,1.531109965128801e-7,51.834375,51.574792,0.1590775500260788,256,5,Pauls-MacBook-Pro,eca62af-dirty,2026-09-23T22:37:09Z
rayon-tiled,cpu,Apple M1 Pro,f32,1024,4,34.541796849484264,1.531109965128801e-7,62.170583,61.920334000000004,0.2217300453260686,16,5,Pauls-MacBook-Pro,eca62af-dirty,2026-09-23T22:37:09Z
rayon-tiled,cpu,Apple M1 Pro,f32,1024,4,47.85852151142707,1.531109965128801e-7,44.871500000000005,44.326875,0.29451883381831506,32,5,Pauls-MacBook-Pro,eca62af-dirty,2026-09-23T22:37:09Z
rayon-tiled,cpu,Apple M1 Pro,f32,1024,4,70.08596694306149,1.531109965128801e-7,30.640708,30.430042,0.3446537229418829,64,5,Pauls-MacBook-Pro,eca62af-dirty,2026-09-23T22:37:09Z
rayon-tiled,cpu,Apple M1 Pro,f32,1024,4,81.81786188011068,1.531109965128801e-7,26.247125,26.007792,0.18163413163224573,128,5,Pauls-MacBook-Pro,eca62af-dirty,2026-09-23T22:37:09Z
rayon-tiled,cpu,Apple M1 Pro,f32,1024,4,80.4582233932183,1.531109965128801e-7,26.690667,26.663625,0.16672374072008977,256,5,Pauls-MacBook-Pro,eca62af-dirty,2026-09-23T22:37:09Z
rayon-tiled,cpu,Apple M1 Pro,f32,1024,8,66.6156665854761,1.531109965128801e-7,32.236916,31.726292000000004,0.682121029029819,16,5,Pauls-MacBook-Pro,eca62af-dirty,2026-09-23T22:37:09Z
rayon-tiled,cpu,Apple M1 Pro,f32,1024,8,93.417764553076,1.531109965128801e-7,22.987958,22.3965,0.6756611107885377,32,5,Pauls-MacBook-Pro,eca62af-dirty,2026-09-23T22:37:09Z
rayon-tiled,cpu,Apple M1 Pro,f32,1024,8,136.90775139658126,1.531109965128801e-7,15.685625000000002,15.24225,0.6700116895623536,64,5,Pauls-MacBook-Pro,eca62af-dirty,2026-09-23T22:37:09Z
rayon-tiled,cpu,Apple M1 Pro,f32,1024,8,163.3419436553855,1.531109965128801e-7,13.147166,13.131958000000001,0.7316101334368599,128,5,Pauls-MacBook-Pro,eca62af-dirty,2026-09-23T22:37:09Z
rayon-tiled,cpu,Apple M1 Pro,f32,1024,8,159.23209490972454,1.531109965128801e-7,13.4865,13.456416,0.4669061889600521,256,5,Pauls-MacBook-Pro,eca62af-dirty,2026-09-23T22:37:09Z
rayon-tiled,cpu,Apple M1 Pro,f32,1024,10,72.15229111055503,1.531109965128801e-7,29.763208,29.217167,2.373879424046471,16,5,Pauls-MacBook-Pro,eca62af-dirty,2026-09-23T22:37:09Z
rayon-tiled,cpu,Apple M1 Pro,f32,1024,10,94.38486216145134,1.531109965128801e-7,22.752416,22.6565,1.3993148494392882,32,5,Pauls-MacBook-Pro,eca62af-dirty,2026-09-23T22:37:09Z
rayon-tiled,cpu,Apple M1 Pro,f32,1024,10,136.41131573987678,1.531109965128801e-7,15.742709000000001,15.386875,0.33641976085435354,64,5,Pauls-MacBook-Pro,eca62af-dirty,2026-09-23T22:37:09Z
rayon-tiled,cpu,Apple M1 Pro,f32,1024,10,160.58453424933393,1.531109965128801e-7,13.372917,13.286209,0.20113320441140448,128,5,Pauls-MacBook-Pro,eca62af-dirty,2026-09-23T22:37:09Z
rayon-tiled,cpu,Apple M1 Pro,f32,1024,10,157.63083260542444,1.531109965128801e-7,13.6235,13.584624999999999,0.06095724550289326,256,5,Pauls-MacBook-Pro,eca62af-dirty,2026-09-23T22:37:09Z
static-ikj,cpu,Apple M1 Pro,f32,1024,1,26.020695425374242,1.531109965128801e-7,82.529833,81.891542,0.7938729300075068,,5,Pauls-MacBook-Pro,eca62af-dirty,2026-09-23T22:37:09Z
static-ikj,cpu,Apple M1 Pro,f32,1024,2,51.03421530951614,1.531109965128801e-7,42.079291999999995,41.978042,0.14638729001931713,,5,Pauls-MacBook-Pro,eca62af-dirty,2026-09-23T22:37:09Z
static-ikj,cpu,Apple M1 Pro,f32,1024,4,99.08985439517491,1.531109965128801e-7,21.672084,21.507375,0.10210217755415485,,5,Pauls-MacBook-Pro,eca62af-dirty,2026-09-23T22:37:09Z
static-ikj,cpu,Apple M1 Pro,f32,1024,8,194.93117429339745,1.531109965128801e-7,11.016625000000001,10.942583,0.39890379024559225,,5,Pauls-MacBook-Pro,eca62af-dirty,2026-09-23T22:37:09Z
static-ikj,cpu,Apple M1 Pro,f32,1024,10,149.5102118166809,1.531109965128801e-7,14.363458000000001,13.547666999999999,0.9817114368208206,,5,Pauls-MacBook-Pro,eca62af-dirty,2026-09-23T22:37:09Z
static-tiled,cpu,Apple M1 Pro,f32,1024,1,7.984329818248278,1.531109965128801e-7,268.962292,268.514166,1.9879178794515888,16,5,Pauls-MacBook-Pro,eca62af-dirty,2026-09-23T22:37:09Z
static-tiled,cpu,Apple M1 Pro,f32,1024,1,12.65172112820937,1.531109965128801e-7,169.738459,169.567334,0.38669627331886014,32,5,Pauls-MacBook-Pro,eca62af-dirty,2026-09-23T22:37:09Z
static-tiled,cpu,Apple M1 Pro,f32,1024,1,17.90020314447157,1.531109965128801e-7,119.96979200000001,119.32879100000001,0.8698473252788043,64,5,Pauls-MacBook-Pro,eca62af-dirty,2026-09-23T22:37:09Z
static-tiled,cpu,Apple M1 Pro,f32,1024,1,21.624958673105393,1.531109965128801e-7,99.305792,98.559084,0.6906930467986505,128,5,Pauls-MacBook-Pro,eca62af-dirty,2026-09-23T22:37:09Z
static-tiled,cpu,Apple M1 Pro,f32,1024,1,21.22741335855298,1.531109965128801e-7,101.165583,100.902,0.25837183997970553,256,5,Pauls-MacBook-Pro,eca62af-dirty,2026-09-23T22:37:09Z
static-tiled,cpu,Apple M1 Pro,f32,1024,2,15.560385806599953,1.531109965128801e-7,138.009666,137.588666,1.201912202932139,16,5,Pauls-MacBook-Pro,eca62af-dirty,2026-09-23T22:37:09Z
static-tiled,cpu,Apple M1 Pro,f32,1024,2,24.636924095324684,1.531109965128801e-7,87.16525,86.88550000000001,0.40644490686524604,32,5,Pauls-MacBook-Pro,eca62af-dirty,2026-09-23T22:37:09Z
static-tiled,cpu,Apple M1 Pro,f32,1024,2,34.781686414284835,1.531109965128801e-7,61.741792,61.608000000000004,0.07729518479957076,64,5,Pauls-MacBook-Pro,eca62af-dirty,2026-09-23T22:37:09Z
static-tiled,cpu,Apple M1 Pro,f32,1024,2,42.13268563670213,1.531109965128801e-7,50.969541,50.663458,0.1520178594320429,128,5,Pauls-MacBook-Pro,eca62af-dirty,2026-09-23T22:37:09Z
static-tiled,cpu,Apple M1 Pro,f32,1024,2,41.176608210457694,1.531109965128801e-7,52.153,51.693166,4.000773195952089,256,5,Pauls-MacBook-Pro,eca62af-dirty,2026-09-23T22:37:09Z
static-tiled,cpu,Apple M1 Pro,f32,1024,4,30.124319320216237,1.531109965128801e-7,71.287375,71.009209,0.5421205613415684,16,5,Pauls-MacBook-Pro,eca62af-dirty,2026-09-23T22:37:09Z
static-tiled,cpu,Apple M1 Pro,f32,1024,4,47.47004817202118,1.531109965128801e-7,45.238708,44.985166,0.32265971334859866,32,5,Pauls-MacBook-Pro,eca62af-dirty,2026-09-23T22:37:09Z
static-tiled,cpu,Apple M1 Pro,f32,1024,4,68.24847056316969,1.531109965128801e-7,31.465667000000003,30.43875,0.5764175308509458,64,5,Pauls-MacBook-Pro,eca62af-dirty,2026-09-23T22:37:09Z
static-tiled,cpu,Apple M1 Pro,f32,1024,4,81.86386661520355,1.531109965128801e-7,26.232374999999998,25.809625,0.26094139155718443,128,5,Pauls-MacBook-Pro,eca62af-dirty,2026-09-23T22:37:09Z
static-tiled,cpu,Apple M1 Pro,f32,1024,4,80.39810554788589,1.531109965128801e-7,26.710625,26.365750000000002,0.2349185929476413,256,5,Pauls-MacBook-Pro,eca62af-dirty,2026-09-23T22:37:09Z
static-tiled,cpu,Apple M1 Pro,f32,1024,8,59.92928842672211,1.531109965128801e-7,35.833625,35.602624999999996,0.44442072335648475,16,5,Pauls-MacBook-Pro,eca62af-dirty,2026-09-23T22:37:09Z
static-tiled,cpu,Apple M1 Pro,f32,1024,8,95.01036485806404,1.531109965128801e-7,22.602625,22.592458999999998,0.3634088131464347,32,5,Pauls-MacBook-Pro,eca62af-dirty,2026-09-23T22:37:09Z
static-tiled,cpu,Apple M1 Pro,f32,1024,8,140.58506272825608,1.531109965128801e-7,15.275333,15.2245,0.8172227148728796,64,5,Pauls-MacBook-Pro,eca62af-dirty,2026-09-23T22:37:09Z
static-tiled,cpu,Apple M1 Pro,f32,1024,8,161.37747662770434,1.531109965128801e-7,13.307208,13.17925,0.24155315444493822,128,5,Pauls-MacBook-Pro,eca62af-dirty,2026-09-23T22:37:09Z
static-tiled,cpu,Apple M1 Pro,f32,1024,8,159.16964975220858,1.531109965128801e-7,13.491791,13.415625,0.7182531761640181,256,5,Pauls-MacBook-Pro,eca62af-dirty,2026-09-23T22:37:09Z
static-tiled,cpu,Apple M1 Pro,f32,1024,10,54.519479622011985,1.531109965128801e-7,39.389291,36.47375,1.8651604431571556,16,5,Pauls-MacBook-Pro,eca62af-dirty,2026-09-23T22:37:09Z
static-tiled,cpu,Apple M1 Pro,f32,1024,10,89.40227362016687,1.531109965128801e-7,24.020459000000002,23.249125,2.13729841584927,32,5,Pauls-MacBook-Pro,eca62af-dirty,2026-09-23T22:37:09Z
static-tiled,cpu,Apple M1 Pro,f32,1024,10,113.5821571782751,1.531109965128801e-7,18.906875,17.92375,0.6054559271923106,64,5,Pauls-MacBook-Pro,eca62af-dirty,2026-09-23T22:37:09Z
static-tiled,cpu,Apple M1 Pro,f32,1024,10,120.19862437993689,1.531109965128801e-7,17.866125,17.558833,0.7612097428920628,128,5,Pauls-MacBook-Pro,eca62af-dirty,2026-09-23T22:37:09Z
static-tiled,cpu,Apple M1 Pro,f32,1024,10,123.27100822331515,1.531109965128801e-7,17.420833000000002,16.209667,0.6014817942787634,256,5,Pauls-MacBook-Pro,eca62af-dirty,2026-09-23T22:37:09Z
mps,metal,Apple M1 Pro,f32,1024,1,920.9750822343733,1.1589929630042104e-7,2.33175,1.216375,0.5816799140983812,,5,Pauls-MacBook-Pro,eca62af-dirty,2026-09-23T22:37:09Z
naive-ijk,cpu,Apple M1 Pro,f32,2048,1,0.7303480799173481,3.668671531436935e-7,23522.851167,23474.690708000002,25.962754450388328,,5,Pauls-MacBook-Pro,eca62af-dirty,2026-09-23T22:37:09Z
ikj,cpu,Apple M1 Pro,f32,2048,1,24.840150260109514,3.668671531436935e-7,691.616959,690.936334,1.5161984163182485,,5,Pauls-MacBook-Pro,eca62af-dirty,2026-09-23T22:37:09Z
tiled,cpu,Apple M1 Pro,f32,2048,1,8.205991139921991,3.668671531436935e-7,2093.576375,2088.7675,2.7758626126923707,16,5,Pauls-MacBook-Pro,eca62af-dirty,2026-09-23T22:37:09Z
tiled,cpu,Apple M1 Pro,f32,2048,1,11.457808239980887,3.668671531436935e-7,1499.40275,1494.916792,4.269136677275267,32,5,Pauls-MacBook-Pro,eca62af-dirty,2026-09-23T22:37:09Z
tiled,cpu,Apple M1 Pro,f32,2048,1,14.861571739096116,3.668671531436935e-7,1155.9927500000001,1153.201333,1.7484193828260144,64,5,Pauls-MacBook-Pro,eca62af-dirty,2026-09-23T22:37:09Z
tiled,cpu,Apple M1 Pro,f32,2048,1,18.36979729042721,3.668671531436935e-7,935.2236670000001,933.99175,1.3576702517155033,128,5,Pauls-MacBook-Pro,eca62af-dirty,2026-09-23T22:37:09Z
tiled,cpu,Apple M1 Pro,f32,2048,1,19.32505044790527,3.668671531436935e-7,888.994791,885.090625,1.821397907294624,256,5,Pauls-MacBook-Pro,eca62af-dirty,2026-09-23T22:37:09Z
rayon-ikj,cpu,Apple M1 Pro,f32,2048,1,24.46399813384125,3.668671531436935e-7,702.2510830000001,698.5409999999999,2.908656347950468,,5,Pauls-MacBook-Pro,eca62af-dirty,2026-09-23T22:37:09Z
rayon-ikj,cpu,Apple M1 Pro,f32,2048,2,44.86852688677627,3.668671531436935e-7,382.89354199999997,379.339583,4.074979995757837,,5,Pauls-MacBook-Pro,eca62af-dirty,2026-09-23T22:37:09Z
rayon-ikj,cpu,Apple M1 Pro,f32,2048,4,68.13767204863451,3.668671531436935e-7,252.134666,251.32874999999999,0.6744515406652425,,5,Pauls-MacBook-Pro,eca62af-dirty,2026-09-23T22:37:09Z
rayon-ikj,cpu,Apple M1 Pro,f32,2048,8,151.72960645606443,3.668671531436935e-7,113.226875,110.684375,3.6274300086310034,,5,Pauls-MacBook-Pro,eca62af-dirty,2026-09-23T22:37:09Z
rayon-ikj,cpu,Apple M1 Pro,f32,2048,10,149.31853806547028,3.668671531436935e-7,115.055166,114.813541,12.490481930964773,,5,Pauls-MacBook-Pro,eca62af-dirty,2026-09-23T22:37:09Z
rayon-tiled,cpu,Apple M1 Pro,f32,2048,1,8.170526649977122,3.668671531436935e-7,2102.663625,2101.382,3.286647852420501,16,5,Pauls-MacBook-Pro,eca62af-dirty,2026-09-23T22:37:09Z
rayon-tiled,cpu,Apple M1 Pro,f32,2048,1,11.318798908907441,3.668671531436935e-7,1517.817334,1516.281625,0.7646443373893075,32,5,Pauls-MacBook-Pro,eca62af-dirty,2026-09-23T22:37:09Z
rayon-tiled,cpu,Apple M1 Pro,f32,2048,1,14.690450528696578,3.668671531436935e-7,1169.458292,1167.854125,1.1985400922315017,64,5,Pauls-MacBook-Pro,eca62af-dirty,2026-09-23T22:37:09Z
rayon-tiled,cpu,Apple M1 Pro,f32,2048,1,18.114520302092316,3.668671531436935e-7,948.403209,943.63325,3.343298429179529,128,5,Pauls-MacBook-Pro,eca62af-dirty,2026-09-23T22:37:09Z
rayon-tiled,cpu,Apple M1 Pro,f32,2048,1,19.024340859429483,3.668671531436935e-7,903.04675,901.386167,4.618686239374943,256,5,Pauls-MacBook-Pro,eca62af-dirty,2026-09-23T22:37:09Z
rayon-tiled,cpu,Apple M1 Pro,f32,2048,2,15.925960576226593,3.668671531436935e-7,1078.7336249999998,1078.036958,0.8943713342607381,16,5,Pauls-MacBook-Pro,eca62af-dirty,2026-09-23T22:37:09Z
rayon-tiled,cpu,Apple M1 Pro,f32,2048,2,21.26289195973758,3.668671531436935e-7,807.97425,797.9115,15.62462081721873,32,5,Pauls-MacBook-Pro,eca62af-dirty,2026-09-23T22:37:09Z
rayon-tiled,cpu,Apple M1 Pro,f32,2048,2,27.21861315591487,3.668671531436935e-7,631.180916,616.575459,10.521964706408701,64,5,Pauls-MacBook-Pro,eca62af-dirty,2026-09-23T22:37:09Z
rayon-tiled,cpu,Apple M1 Pro,f32,2048,2,32.77703630371928,3.668671531436935e-7,524.143459,514.94375,16.237749792444475,128,5,Pauls-MacBook-Pro,eca62af-dirty,2026-09-23T22:37:09Z
rayon-tiled,cpu,Apple M1 Pro,f32,2048,2,34.166005772157945,3.668671531436935e-7,502.835166,501.25083299999994,20.658405717730815,256,5,Pauls-MacBook-Pro,eca62af-dirty,2026-09-23T22:37:09Z
rayon-tiled,cpu,Apple M1 Pro,f32,2048,4,30.994567765536132,3.668671531436935e-7,554.286458,553.68175,0.49236528937142965,16,5,Pauls-MacBook-Pro,eca62af-dirty,2026-09-23T22:37:09Z
rayon-tiled,cpu,Apple M1 Pro,f32,2048,4,41.671798608764036,3.668671531436935e-7,412.266083,406.981667,3.7707057064332163,32,5,Pauls-MacBook-Pro,eca62af-dirty,2026-09-23T22:37:09Z
rayon-tiled,cpu,Apple M1 Pro,f32,2048,4,54.01776703792143,3.668671531436935e-7,318.04108399999996,313.42429100000004,2.899850805011378,64,5,Pauls-MacBook-Pro,eca62af-dirty,2026-09-23T22:37:09Z
rayon-tiled,cpu,Apple M1 Pro,f32,2048,4,63.5194564349526,3.668671531436935e-7,270.46625,257.1465,8.29842810604189,128,5,Pauls-MacBook-Pro,eca62af-dirty,2026-09-23T22:37:09Z
rayon-tiled,cpu,Apple M1 Pro,f32,2048,4,68.38824973762178,3.668671531436935e-7,251.21083300000004,249.116208,2.241410060572315,256,5,Pauls-MacBook-Pro,eca62af-dirty,2026-09-23T22:37:09Z
rayon-tiled,cpu,Apple M1 Pro,f32,2048,8,59.564940959876566,3.668671531436935e-7,288.4225,282.987708,5.203592289290142,16,5,Pauls-MacBook-Pro,eca62af-dirty,2026-09-23T22:37:09Z
rayon-tiled,cpu,Apple M1 Pro,f32,2048,8,80.20957916029082,3.668671531436935e-7,214.18725,212.358292,1.6374935120885148,32,5,Pauls-MacBook-Pro,eca62af-dirty,2026-09-23T22:37:09Z
rayon-tiled,cpu,Apple M1 Pro,f32,2048,8,110.53777916663813,3.668671531436935e-7,155.420792,153.5975,1.957722713884627,64,5,Pauls-MacBook-Pro,eca62af-dirty,2026-09-23T22:37:09Z
rayon-tiled,cpu,Apple M1 Pro,f32,2048,8,134.50596061283167,3.668671531436935e-7,127.725709,127.026209,2.432104900141998,128,5,Pauls-MacBook-Pro,eca62af-dirty,2026-09-23T22:37:09Z
rayon-tiled,cpu,Apple M1 Pro,f32,2048,8,143.23266790858727,3.668671531436935e-7,119.94379099999999,119.065292,0.5697483441035152,256,5,Pauls-MacBook-Pro,eca62af-dirty,2026-09-23T22:37:09Z
rayon-tiled,cpu,Apple M1 Pro,f32,2048,10,66.66588973538526,3.668671531436935e-7,257.70104100000003,255.871083,2.987049601608529,16,5,Pauls-MacBook-Pro,eca62af-dirty,2026-09-23T22:37:09Z
rayon-tiled,cpu,Apple M1 Pro,f32,2048,10,85.6872165046407,3.668671531436935e-7,200.495125,193.65870800000002,4.1178068851778535,32,5,Pauls-MacBook-Pro,eca62af-dirty,2026-09-23T22:37:09Z
rayon-tiled,cpu,Apple M1 Pro,f32,2048,10,114.0741372002007,3.668671531436935e-7,150.602666,146.00912499999998,9.993928219509856,64,5,Pauls-MacBook-Pro,eca62af-dirty,2026-09-23T22:37:09Z
rayon-tiled,cpu,Apple M1 Pro,f32,2048,10,129.63399354562674,3.668671531436935e-7,132.525958,120.833167,8.469500655462467,128,5,Pauls-MacBook-Pro,eca62af-dirty,2026-09-23T22:37:09Z
rayon-tiled,cpu,Apple M1 Pro,f32,2048,10,140.6108047605583,3.668671531436935e-7,122.180292,113.593792,3.990471307304731,256,5,Pauls-MacBook-Pro,eca62af-dirty,2026-09-23T22:37:09Z
static-ikj,cpu,Apple M1 Pro,f32,2048,1,24.587979445849818,3.668671531436935e-7,698.710084,697.889792,1.0884971580680531,,5,Pauls-MacBook-Pro,eca62af-dirty,2026-09-23T22:37:09Z
static-ikj,cpu,Apple M1 Pro,f32,2048,2,44.99348809630985,3.668671531436935e-7,381.830125,379.07525,3.7501650588528044,,5,Pauls-MacBook-Pro,eca62af-dirty,2026-09-23T22:37:09Z
static-ikj,cpu,Apple M1 Pro,f32,2048,4,68.41673269382981,3.668671531436935e-7,251.10625,249.747917,0.8922271017906233,,5,Pauls-MacBook-Pro,eca62af-dirty,2026-09-23T22:37:09Z
static-ikj,cpu,Apple M1 Pro,f32,2048,8,150.99813280334166,3.668671531436935e-7,113.775375,110.566166,2.0224464949890066,,5,Pauls-MacBook-Pro,eca62af-dirty,2026-09-23T22:37:09Z
static-ikj,cpu,Apple M1 Pro,f32,2048,10,138.58635536438632,3.668671531436935e-7,123.965084,118.47516700000001,6.27561609145438,,5,Pauls-MacBook-Pro,eca62af-dirty,2026-09-23T22:37:09Z
static-tiled,cpu,Apple M1 Pro,f32,2048,1,7.266601015542464,3.668671531436935e-7,2364.223541,2361.5434999999998,4.807516566929234,16,5,Pauls-MacBook-Pro,eca62af-dirty,2026-09-23T22:37:09Z
static-tiled,cpu,Apple M1 Pro,f32,2048,1,11.211665861876547,3.668671531436935e-7,1532.320834,1529.228916,1.7638973717899373,32,5,Pauls-MacBook-Pro,eca62af-dirty,2026-09-23T22:37:09Z
static-tiled,cpu,Apple M1 Pro,f32,2048,1,14.631661145010723,3.668671531436935e-7,1174.157125,1167.940375,5.705032669405543,64,5,Pauls-MacBook-Pro,eca62af-dirty,2026-09-23T22:37:09Z
static-tiled,cpu,Apple M1 Pro,f32,2048,1,18.164095224778425,3.668671531436935e-7,945.81475,945.3597500000001,1.6142447722748192,128,5,Pauls-MacBook-Pro,eca62af-dirty,2026-09-23T22:37:09Z
static-tiled,cpu,Apple M1 Pro,f32,2048,1,19.01402896728577,3.668671531436935e-7,903.5364999999999,898.891917,4.331260436691438,256,5,Pauls-MacBook-Pro,eca62af-dirty,2026-09-23T22:37:09Z
static-tiled,cpu,Apple M1 Pro,f32,2048,2,14.182442953431632,3.668671531436935e-7,1211.347667,1211.140625,4.031707911978443,16,5,Pauls-MacBook-Pro,eca62af-dirty,2026-09-23T22:37:09Z
static-tiled,cpu,Apple M1 Pro,f32,2048,2,21.01513692695319,3.668671531436935e-7,817.49975,810.704125,8.660423036142577,32,5,Pauls-MacBook-Pro,eca62af-dirty,2026-09-23T22:37:09Z
static-tiled,cpu,Apple M1 Pro,f32,2048,2,27.402670677282753,3.668671531436935e-7,626.941417,617.583291,10.094085689708095,64,5,Pauls-MacBook-Pro,eca62af-dirty,2026-09-23T22:37:09Z
static-tiled,cpu,Apple M1 Pro,f32,2048,2,33.503631268411134,3.668671531436935e-7,512.776333,505.83341699999994,11.595514841380355,128,5,Pauls-MacBook-Pro,eca62af-dirty,2026-09-23T22:37:09Z
static-tiled,cpu,Apple M1 Pro,f32,2048,2,34.00918582830316,3.668671531436935e-7,505.153792,482.352917,10.782717651102839,256,5,Pauls-MacBook-Pro,eca62af-dirty,2026-09-23T22:37:09Z
static-tiled,cpu,Apple M1 Pro,f32,2048,4,27.37650886526549,3.668671531436935e-7,627.540541,624.903375,1.6798876951840753,16,5,Pauls-MacBook-Pro,eca62af-dirty,2026-09-23T22:37:09Z
static-tiled,cpu,Apple M1 Pro,f32,2048,4,41.439101174709776,3.668671531436935e-7,414.581125,412.830834,3.259271166951681,32,5,Pauls-MacBook-Pro,eca62af-dirty,2026-09-23T22:37:09Z
static-tiled,cpu,Apple M1 Pro,f32,2048,4,54.5126669729278,3.668671531436935e-7,315.153709,306.109167,3.9885782058167756,64,5,Pauls-MacBook-Pro,eca62af-dirty,2026-09-23T22:37:09Z
static-tiled,cpu,Apple M1 Pro,f32,2048,4,65.31991284569135,3.668671531436935e-7,263.011208,259.19608300000004,4.156518801003397,128,5,Pauls-MacBook-Pro,eca62af-dirty,2026-09-23T22:37:09Z
static-tiled,cpu,Apple M1 Pro,f32,2048,4,69.94684579014985,3.668671531436935e-7,245.613208,240.401375,2.6936814221755547,256,5,Pauls-MacBook-Pro,eca62af-dirty,2026-09-23T22:37:09Z
static-tiled,cpu,Apple M1 Pro,f32,2048,8,53.006032589072774,3.668671531436935e-7,324.111584,320.179417,2.1868547990772726,16,5,Pauls-MacBook-Pro,eca62af-dirty,2026-09-23T22:37:09Z
static-tiled,cpu,Apple M1 Pro,f32,2048,8,81.33239644137663,3.668671531436935e-7,211.230333,211.19233300000002,1.7092381304197208,32,5,Pauls-MacBook-Pro,eca62af-dirty,2026-09-23T22:37:09Z
static-tiled,cpu,Apple M1 Pro,f32,2048,8,112.07359787000614,3.668671531436935e-7,153.29095800000002,152.555417,0.6212154950267176,64,5,Pauls-MacBook-Pro,eca62af-dirty,2026-09-23T22:37:09Z
static-tiled,cpu,Apple M1 Pro,f32,2048,8,133.48564267843545,3.668671531436935e-7,128.702,127.59329199999999,2.227725858443804,128,5,Pauls-MacBook-Pro,eca62af-dirty,2026-09-23T22:37:09Z
static-tiled,cpu,Apple M1 Pro,f32,2048,8,143.59071513635186,3.668671531436935e-7,119.64470800000001,118.89566599999999,3.121875588541419,256,5,Pauls-MacBook-Pro,eca62af-dirty,2026-09-23T22:37:09Z
static-tiled,cpu,Apple M1 Pro,f32,2048,10,57.698641736427454,3.668671531436935e-7,297.75170899999995,282.870334,10.015557104615413,16,5,Pauls-MacBook-Pro,eca62af-dirty,2026-09-23T22:37:09Z
static-tiled,cpu,Apple M1 Pro,f32,2048,10,87.40037437050074,3.668671531436935e-7,196.565167,189.3745,6.616265194632399,32,5,Pauls-MacBook-Pro,eca62af-dirty,2026-09-23T22:37:09Z
static-tiled,cpu,Apple M1 Pro,f32,2048,10,112.04356944547553,3.668671531436935e-7,153.332041,145.92575,6.413492979756189,64,5,Pauls-MacBook-Pro,eca62af-dirty,2026-09-23T22:37:09Z
static-tiled,cpu,Apple M1 Pro,f32,2048,10,137.08942150919717,3.668671531436935e-7,125.318708,120.975209,2.828626315373558,128,5,Pauls-MacBook-Pro,eca62af-dirty,2026-09-23T22:37:09Z
static-tiled,cpu,Apple M1 Pro,f32,2048,10,141.86011825245632,3.668671531436935e-7,121.104292,117.124083,2.305504580834465,256,5,Pauls-MacBook-Pro,eca62af-dirty,2026-09-23T22:37:09Z
mps,metal,Apple M1 Pro,f32,2048,1,2976.973881967112,3.136412475384265e-7,5.770917000000001,4.4269169999999995,1.1424341553206474,,5,Pauls-MacBook-Pro,eca62af-dirty,2026-09-23T22:37:09Z
naive-ijk,cpu,Apple M1 Pro,f32,4096,1,0.523488594167878,3.0532236166205797e-7,262544.31329200004,262419.76679200004,168.29002854400355,,5,Pauls-MacBook-Pro,eca62af-dirty,2026-09-23T22:37:09Z
ikj,cpu,Apple M1 Pro,f32,4096,1,25.686001190397487,3.0532236166205797e-7,5350.733749999999,5348.967375,7.01007431992679,,5,Pauls-MacBook-Pro,eca62af-dirty,2026-09-23T22:37:09Z
tiled,cpu,Apple M1 Pro,f32,4096,1,7.644834926065775,3.0532236166205797e-7,17978.014542,17971.624916,9.671978558031695,16,5,Pauls-MacBook-Pro,eca62af-dirty,2026-09-23T22:37:09Z
tiled,cpu,Apple M1 Pro,f32,4096,1,11.559734719687063,3.0532236166205797e-7,11889.455667,11887.796959,1.6389246994273303,32,5,Pauls-MacBook-Pro,eca62af-dirty,2026-09-23T22:37:09Z
tiled,cpu,Apple M1 Pro,f32,4096,1,15.99821137703658,3.0532236166205797e-7,8590.894959,8588.660458,1.812339039621151,64,5,Pauls-MacBook-Pro,eca62af-dirty,2026-09-23T22:37:09Z
tiled,cpu,Apple M1 Pro,f32,4096,1,20.815148591019238,3.0532236166205797e-7,6602.833166,6595.862542,5.092030641793775,128,5,Pauls-MacBook-Pro,eca62af-dirty,2026-09-23T22:37:09Z
tiled,cpu,Apple M1 Pro,f32,4096,1,19.765370505475083,3.0532236166205797e-7,6953.52275,6952.079959,3.144973030104592,256,5,Pauls-MacBook-Pro,eca62af-dirty,2026-09-23T22:37:09Z
rayon-ikj,cpu,Apple M1 Pro,f32,4096,1,25.661425151029395,3.0532236166205797e-7,5355.858167,5353.131875,3.038853002991854,,5,Pauls-MacBook-Pro,eca62af-dirty,2026-09-23T22:37:09Z
rayon-ikj,cpu,Apple M1 Pro,f32,4096,2,46.97550091294713,3.0532236166205797e-7,2925.758125,2891.271541,17.29884136277354,,5,Pauls-MacBook-Pro,eca62af-dirty,2026-09-23T22:37:09Z
rayon-ikj,cpu,Apple M1 Pro,f32,4096,4,63.17602169118152,3.0532236166205797e-7,2175.4923750000003,2127.432958,23.587204504882383,,5,Pauls-MacBook-Pro,eca62af-dirty,2026-09-23T22:37:09Z
rayon-ikj,cpu,Apple M1 Pro,f32,4096,8,137.60605304321012,3.0532236166205797e-7,998.785667,946.457042,43.69284397882012,,5,Pauls-MacBook-Pro,eca62af-dirty,2026-09-23T22:37:09Z
rayon-ikj,cpu,Apple M1 Pro,f32,4096,10,122.68629920439382,3.0532236166205797e-7,1120.2469580000002,1091.361583,19.318230684552518,,5,Pauls-MacBook-Pro,eca62af-dirty,2026-09-23T22:37:09Z
rayon-tiled,cpu,Apple M1 Pro,f32,4096,1,7.606778533679163,3.0532236166205797e-7,18067.957791,18055.660750000003,6.098669317495121,16,5,Pauls-MacBook-Pro,eca62af-dirty,2026-09-23T22:37:09Z
rayon-tiled,cpu,Apple M1 Pro,f32,4096,1,11.416038202277896,3.0532236166205797e-7,12039.111208,12032.179666,5.058921865295212,32,5,Pauls-MacBook-Pro,eca62af-dirty,2026-09-23T22:37:09Z
rayon-tiled,cpu,Apple M1 Pro,f32,4096,1,15.73965200497959,3.0532236166205797e-7,8732.019833,8725.955334,5.18428086112291,64,5,Pauls-MacBook-Pro,eca62af-dirty,2026-09-23T22:37:09Z
rayon-tiled,cpu,Apple M1 Pro,f32,4096,1,20.335769650082717,3.0532236166205797e-7,6758.483,6754.294792,6.33364664817562,128,5,Pauls-MacBook-Pro,eca62af-dirty,2026-09-23T22:37:09Z
rayon-tiled,cpu,Apple M1 Pro,f32,4096,1,19.38345027767686,3.0532236166205797e-7,7090.530917,7077.770042,11.321120025412764,256,5,Pauls-MacBook-Pro,eca62af-dirty,2026-09-23T22:37:09Z
rayon-tiled,cpu,Apple M1 Pro,f32,4096,2,14.846602899790497,3.0532236166205797e-7,9257.266082999999,9254.292082999998,3.0815188577379478,16,5,Pauls-MacBook-Pro,eca62af-dirty,2026-09-23T22:37:09Z
rayon-tiled,cpu,Apple M1 Pro,f32,4096,2,22.270572743570245,3.0532236166205797e-7,6171.3255,6164.902209,8.700703953456816,32,5,Pauls-MacBook-Pro,eca62af-dirty,2026-09-23T22:37:09Z
rayon-tiled,cpu,Apple M1 Pro,f32,4096,2,30.652367705821323,3.0532236166205797e-7,4483.795666,4479.121667,7.114091355636834,64,5,Pauls-MacBook-Pro,eca62af-dirty,2026-09-23T22:37:09Z
rayon-tiled,cpu,Apple M1 Pro,f32,4096,2,39.706791388466264,3.0532236166205797e-7,3461.34625,3460.356375,0.7898777696450404,128,5,Pauls-MacBook-Pro,eca62af-dirty,2026-09-23T22:37:09Z
rayon-tiled,cpu,Apple M1 Pro,f32,4096,2,35.87585069734966,3.0532236166205797e-7,3830.9601249999996,3805.381584,13.59399043655883,256,5,Pauls-MacBook-Pro,eca62af-dirty,2026-09-23T22:37:09Z
rayon-tiled,cpu,Apple M1 Pro,f32,4096,4,28.99464811216373,3.0532236166205797e-7,4740.149042,4737.419625,1.4293075790912397,16,5,Pauls-MacBook-Pro,eca62af-dirty,2026-09-23T22:37:09Z
rayon-tiled,cpu,Apple M1 Pro,f32,4096,4,43.35941947402958,3.0532236166205797e-7,3169.76,3168.823958,2.3436120188602905,32,5,Pauls-MacBook-Pro,eca62af-dirty,2026-09-23T22:37:09Z
rayon-tiled,cpu,Apple M1 Pro,f32,4096,4,59.38902748328243,3.0532236166205797e-7,2314.214583,2312.23925,3.2593076372997767,64,5,Pauls-MacBook-Pro,eca62af-dirty,2026-09-23T22:37:09Z
rayon-tiled,cpu,Apple M1 Pro,f32,4096,4,77.52742204381232,3.0532236166205797e-7,1772.7785840000001,1770.160709,1.5052511108570332,128,5,Pauls-MacBook-Pro,eca62af-dirty,2026-09-23T22:37:09Z
rayon-tiled,cpu,Apple M1 Pro,f32,4096,4,72.57704333442337,3.0532236166205797e-7,1893.697334,1874.2369999999999,14.441913810740441,256,5,Pauls-MacBook-Pro,eca62af-dirty,2026-09-23T22:37:09Z
rayon-tiled,cpu,Apple M1 Pro,f32,4096,8,56.38256990008487,3.0532236166205797e-7,2437.614208,2434.261292,6.995759171169196,16,5,Pauls-MacBook-Pro,eca62af-dirty,2026-09-23T22:37:09Z
rayon-tiled,cpu,Apple M1 Pro,f32,4096,8,84.73514900072698,3.0532236166205797e-7,1621.982791,1617.184166,2.372251525911128,32,5,Pauls-MacBook-Pro,eca62af-dirty,2026-09-23T22:37:09Z
rayon-tiled,cpu,Apple M1 Pro,f32,4096,8,115.10397240099282,3.0532236166205797e-7,1194.041792,1188.3977080000002,5.41947765743434,64,5,Pauls-MacBook-Pro,eca62af-dirty,2026-09-23T22:37:09Z
rayon-tiled,cpu,Apple M1 Pro,f32,4096,8,151.1500101644867,3.0532236166205797e-7,909.288417,904.262792,2.782339330650027,128,5,Pauls-MacBook-Pro,eca62af-dirty,2026-09-23T22:37:09Z
rayon-tiled,cpu,Apple M1 Pro,f32,4096,8,146.357867720737,3.0532236166205797e-7,939.060917,938.3120419999999,0.6884957126935144,256,5,Pauls-MacBook-Pro,eca62af-dirty,2026-09-23T22:37:09Z
rayon-tiled,cpu,Apple M1 Pro,f32,4096,10,62.462847853221916,3.0532236166205797e-7,2200.331208,2166.467333,238.70741315843918,16,5,Pauls-MacBook-Pro,eca62af-dirty,2026-09-23T22:37:09Z
rayon-tiled,cpu,Apple M1 Pro,f32,4096,10,92.46812495683983,3.0532236166205797e-7,1486.3387089999999,1454.4808329999998,147.02722281611906,32,5,Pauls-MacBook-Pro,eca62af-dirty,2026-09-23T22:37:09Z
rayon-tiled,cpu,Apple M1 Pro,f32,4096,10,125.7490877744127,3.0532236166205797e-7,1092.9618329999998,1091.276958,45.90562885814814,64,5,Pauls-MacBook-Pro,eca62af-dirty,2026-09-23T22:37:09Z
rayon-tiled,cpu,Apple M1 Pro,f32,4096,10,154.68297258503674,3.0532236166205797e-7,888.52025,868.8125,29.152204695711525,128,5,Pauls-MacBook-Pro,eca62af-dirty,2026-09-23T22:37:09Z
rayon-tiled,cpu,Apple M1 Pro,f32,4096,10,126.15133656926949,3.0532236166205797e-7,1089.476792,1046.384417,30.062420572364864,256,5,Pauls-MacBook-Pro,eca62af-dirty,2026-09-23T22:37:09Z
static-ikj,cpu,Apple M1 Pro,f32,4096,1,25.594135231173574,3.0532236166205797e-7,5369.939332999999,5362.14775,42.95082698380522,,5,Pauls-MacBook-Pro,eca62af-dirty,2026-09-23T22:37:09Z
static-ikj,cpu,Apple M1 Pro,f32,4096,2,47.06607158042387,3.0532236166205797e-7,2920.128,2914.2300419999997,4.100666415033515,,5,Pauls-MacBook-Pro,eca62af-dirty,2026-09-23T22:37:09Z
static-ikj,cpu,Apple M1 Pro,f32,4096,4,63.45306044494858,3.0532236166205797e-7,2165.994083,2118.445375,23.89437943854908,,5,Pauls-MacBook-Pro,eca62af-dirty,2026-09-23T22:37:09Z
static-ikj,cpu,Apple M1 Pro,f32,4096,8,130.43845738122238,3.0532236166205797e-7,1053.668958,964.573625,105.3292074090036,,5,Pauls-MacBook-Pro,eca62af-dirty,2026-09-23T22:37:09Z
static-ikj,cpu,Apple M1 Pro,f32,4096,10,119.57441186274339,3.0532236166205797e-7,1149.4010409999999,1130.3187910000001,29.38455895219496,,5,Pauls-MacBook-Pro,eca62af-dirty,2026-09-23T22:37:09Z
static-tiled,cpu,Apple M1 Pro,f32,4096,1,6.967062577988534,3.0532236166205797e-7,19726.958375,19709.952959,10.075827181354256,16,5,Pauls-MacBook-Pro,eca62af-dirty,2026-09-23T22:37:09Z
static-tiled,cpu,Apple M1 Pro,f32,4096,1,11.334287891830963,3.0532236166205797e-7,12125.945166,12122.378917,4.488918759914422,32,5,Pauls-MacBook-Pro,eca62af-dirty,2026-09-23T22:37:09Z
static-tiled,cpu,Apple M1 Pro,f32,4096,1,15.748584433169466,3.0532236166205797e-7,8727.067125,8723.281708,4.382881822394175,64,5,Pauls-MacBook-Pro,eca62af-dirty,2026-09-23T22:37:09Z
static-tiled,cpu,Apple M1 Pro,f32,4096,1,20.30918411446641,3.0532236166205797e-7,6767.330125,6754.073917000001,7.133349776206596,128,5,Pauls-MacBook-Pro,eca62af-dirty,2026-09-23T22:37:09Z
static-tiled,cpu,Apple M1 Pro,f32,4096,1,19.374840073990246,3.0532236166205797e-7,7093.681958,7091.317,4.233528466463065,256,5,Pauls-MacBook-Pro,eca62af-dirty,2026-09-23T22:37:09Z
static-tiled,cpu,Apple M1 Pro,f32,4096,2,13.597499231474252,3.0532236166205797e-7,10107.664,10104.790459,9.73785896235204,16,5,Pauls-MacBook-Pro,eca62af-dirty,2026-09-23T22:37:09Z
static-tiled,cpu,Apple M1 Pro,f32,4096,2,22.08680312656635,3.0532236166205797e-7,6222.673000000001,6221.803666,3.0069374988504936,32,5,Pauls-MacBook-Pro,eca62af-dirty,2026-09-23T22:37:09Z
static-tiled,cpu,Apple M1 Pro,f32,4096,2,30.666271821130458,3.0532236166205797e-7,4481.762709,4472.511291,7.573160403535247,64,5,Pauls-MacBook-Pro,eca62af-dirty,2026-09-23T22:37:09Z
static-tiled,cpu,Apple M1 Pro,f32,4096,2,39.71668274472973,3.0532236166205797e-7,3460.484209,3458.367584,7.140655061652963,128,5,Pauls-MacBook-Pro,eca62af-dirty,2026-09-23T22:37:09Z
static-tiled,cpu,Apple M1 Pro,f32,4096,2,36.02314930831512,3.0532236166205797e-7,3815.295334,3801.5440419999995,12.52262651003618,256,5,Pauls-MacBook-Pro,eca62af-dirty,2026-09-23T22:37:09Z
static-tiled,cpu,Apple M1 Pro,f32,4096,4,26.2273676616327,3.0532236166205797e-7,5240.28775,5235.407999999999,3.086560288157791,16,5,Pauls-MacBook-Pro,eca62af-dirty,2026-09-23T22:37:09Z
static-tiled,cpu,Apple M1 Pro,f32,4096,4,42.91973868214307,3.0532236166205797e-7,3202.231833,3196.234375,4.096838512069909,32,5,Pauls-MacBook-Pro,eca62af-dirty,2026-09-23T22:37:09Z
static-tiled,cpu,Apple M1 Pro,f32,4096,4,59.35988681552049,3.0532236166205797e-7,2315.3506660000003,2313.923916,3.6484063054850853,64,5,Pauls-MacBook-Pro,eca62af-dirty,2026-09-23T22:37:09Z
static-tiled,cpu,Apple M1 Pro,f32,4096,4,77.42738463690698,3.0532236166205797e-7,1775.069042,1773.030667,2.6763884734628194,128,5,Pauls-MacBook-Pro,eca62af-dirty,2026-09-23T22:37:09Z
static-tiled,cpu,Apple M1 Pro,f32,4096,4,72.67815595860053,3.0532236166205797e-7,1891.06275,1878.854542,16.909437161608892,256,5,Pauls-MacBook-Pro,eca62af-dirty,2026-09-23T22:37:09Z
static-tiled,cpu,Apple M1 Pro,f32,4096,8,51.08325132898807,3.0532236166205797e-7,2690.489542,2682.733833,13.367321487568134,16,5,Pauls-MacBook-Pro,eca62af-dirty,2026-09-23T22:37:09Z
static-tiled,cpu,Apple M1 Pro,f32,4096,8,84.07659595510303,3.0532236166205797e-7,1634.6874169999999,1631.876291,2.880781452666883,32,5,Pauls-MacBook-Pro,eca62af-dirty,2026-09-23T22:37:09Z
static-tiled,cpu,Apple M1 Pro,f32,4096,8,113.73950729497518,3.0532236166205797e-7,1208.366,1193.1608330000001,8.067589137334792,64,5,Pauls-MacBook-Pro,eca62af-dirty,2026-09-23T22:37:09Z
static-tiled,cpu,Apple M1 Pro,f32,4096,8,151.40407419943193,3.0532236166205797e-7,907.7625830000001,904.88,1.9898718506972675,128,5,Pauls-MacBook-Pro,eca62af-dirty,2026-09-23T22:37:09Z
static-tiled,cpu,Apple M1 Pro,f32,4096,8,146.10271036666026,3.0532236166205797e-7,940.700916,939.6600000000001,3.1441904418946445,256,5,Pauls-MacBook-Pro,eca62af-dirty,2026-09-23T22:37:09Z
static-tiled,cpu,Apple M1 Pro,f32,4096,10,57.49346553468522,3.0532236166205797e-7,2390.514334,2374.882291,46.97925866633433,16,5,Pauls-MacBook-Pro,eca62af-dirty,2026-09-23T22:37:09Z
static-tiled,cpu,Apple M1 Pro,f32,4096,10,92.27745036467655,3.0532236166205797e-7,1489.409958,1483.8027089999998,4.311290027587269,32,5,Pauls-MacBook-Pro,eca62af-dirty,2026-09-23T22:37:09Z
static-tiled,cpu,Apple M1 Pro,f32,4096,10,122.94179528188036,3.0532236166205797e-7,1117.918875,1101.057417,22.050345018627922,64,5,Pauls-MacBook-Pro,eca62af-dirty,2026-09-23T22:37:09Z
static-tiled,cpu,Apple M1 Pro,f32,4096,10,155.4757174135961,3.0532236166205797e-7,883.989833,860.835833,41.129701404106505,128,5,Pauls-MacBook-Pro,eca62af-dirty,2026-09-23T22:37:09Z
static-tiled,cpu,Apple M1 Pro,f32,4096,10,132.2234173043568,3.0532236166205797e-7,1039.4448750000001,987.0795,46.89502231036418,256,5,Pauls-MacBook-Pro,eca62af-dirty,2026-09-23T22:37:09Z
mps,metal,Apple M1 Pro,f32,4096,1,3682.654121467687,3.290470972061699e-7,37.320625,33.808791,2.4418214200347452,,5,Pauls-MacBook-Pro,eca62af-dirty,2026-09-23T22:37:09Z
naive-ijk,cpu,Apple M1 Pro,f64,64,1,3.440774405250205,0.0,0.152375,0.147917,0.020808394075468674,,5,Pauls-MacBook-Pro,eca62af-dirty,2026-09-23T22:37:09Z
ikj,cpu,Apple M1 Pro,f64,64,1,15.988777408435242,0.0,0.032791,0.032666999999999995,0.004696680881218142,,5,Pauls-MacBook-Pro,eca62af-dirty,2026-09-23T22:37:09Z
tiled,cpu,Apple M1 Pro,f64,64,1,7.677151057224857,0.0,0.068292,0.068167,0.00024702692160977115,16,5,Pauls-MacBook-Pro,eca62af-dirty,2026-09-23T22:37:09Z
tiled,cpu,Apple M1 Pro,f64,64,1,10.627531267103157,0.0,0.049332999999999995,0.049125,0.00021948188991349564,32,5,Pauls-MacBook-Pro,eca62af-dirty,2026-09-23T22:37:09Z
tiled,cpu,Apple M1 Pro,f64,64,1,15.988289826787021,0.0,0.032792,0.032708,0.00041704831854354755,64,5,Pauls-MacBook-Pro,eca62af-dirty,2026-09-23T22:37:09Z
tiled,cpu,Apple M1 Pro,f64,64,1,16.00879389312977,0.0,0.03275,0.032708,0.00042379735723574333,128,5,Pauls-MacBook-Pro,eca62af-dirty,2026-09-23T22:37:09Z
tiled,cpu,Apple M1 Pro,f64,64,1,16.00879389312977,0.0,0.03275,0.032709,0.0004125921715204982,256,5,Pauls-MacBook-Pro,eca62af-dirty,2026-09-23T22:37:09Z
rayon-ikj,cpu,Apple M1 Pro,f64,64,1,13.039070854783754,0.0,0.040209,0.03875,0.0009928900744795458,,5,Pauls-MacBook-Pro,eca62af-dirty,2026-09-23T22:37:09Z
rayon-ikj,cpu,Apple M1 Pro,f64,64,2,19.97287619047619,0.0,0.026250000000000002,0.023291000000000003,0.002727449779555985,,5,Pauls-MacBook-Pro,eca62af-dirty,2026-09-23T22:37:09Z
rayon-ikj,cpu,Apple M1 Pro,f64,64,4,19.69156807511737,0.0,0.026625,0.020541,0.012638113221521639,,5,Pauls-MacBook-Pro,eca62af-dirty,2026-09-23T22:37:09Z
rayon-ikj,cpu,Apple M1 Pro,f64,64,8,9.815002714491643,0.0,0.053417,0.030125,0.01889968996306553,,5,Pauls-MacBook-Pro,eca62af-dirty,2026-09-23T22:37:09Z
rayon-ikj,cpu,Apple M1 Pro,f64,64,10,10.271899061538763,0.0,0.051041,0.043875000000000004,0.010760859389472566,,5,Pauls-MacBook-Pro,eca62af-dirty,2026-09-23T22:37:09Z
rayon-tiled,cpu,Apple M1 Pro,f64,64,1,5.986116185604677,0.0,0.087584,0.08662500000000001,0.005215744079227817,16,5,Pauls-MacBook-Pro,eca62af-dirty,2026-09-23T22:37:09Z
rayon-tiled,cpu,Apple M1 Pro,f64,64,1,9.013650586253137,0.0,0.058165999999999995,0.056542,0.0011447648230095136,32,5,Pauls-MacBook-Pro,eca62af-dirty,2026-09-23T22:37:09Z
rayon-tiled,cpu,Apple M1 Pro,f64,64,1,13.259351053337042,0.0,0.039541,0.039,0.001277339931263406,64,5,Pauls-MacBook-Pro,eca62af-dirty,2026-09-23T22:37:09Z
rayon-tiled,cpu,Apple M1 Pro,f64,64,1,12.145855534448408,0.0,0.043166,0.039,0.008353559630480888,128,5,Pauls-MacBook-Pro,eca62af-dirty,2026-09-23T22:37:09Z
rayon-tiled,cpu,Apple M1 Pro,f64,64,1,13.371964905121402,0.0,0.039208,0.036834,0.002329082480291326,256,5,Pauls-MacBook-Pro,eca62af-dirty,2026-09-23T22:37:09Z
rayon-tiled,cpu,Apple M1 Pro,f64,64,2,11.983725714285715,0.0,0.04375,0.042457999999999996,0.00801477932946379,16,5,Pauls-MacBook-Pro,eca62af-dirty,2026-09-23T22:37:09Z
rayon-tiled,cpu,Apple M1 Pro,f64,64,2,15.748640773782705,0.0,0.033290999999999994,0.032666999999999995,0.0006226457259148285,32,5,Pauls-MacBook-Pro,eca62af-dirty,2026-09-23T22:37:09Z
rayon-tiled,cpu,Apple M1 Pro,f64,64,2,21.998405572105902,0.0,0.023833,0.023458,0.0005726911907826062,64,5,Pauls-MacBook-Pro,eca62af-dirty,2026-09-23T22:37:09Z
rayon-tiled,cpu,Apple M1 Pro,f64,64,2,21.845333333333333,0.0,0.024,0.022500000000000003,0.000869557818664175,128,5,Pauls-MacBook-Pro,eca62af-dirty,2026-09-23T22:37:09Z
rayon-tiled,cpu,Apple M1 Pro,f64,64,2,21.50925128205128,0.0,0.024375,0.023917,0.0013468410076917015,256,5,Pauls-MacBook-Pro,eca62af-dirty,2026-09-23T22:37:09Z
rayon-tiled,cpu,Apple M1 Pro,f64,64,4,15.748167727982699,0.0,0.033292,0.031042,0.01688970630887346,16,5,Pauls-MacBook-Pro,eca62af-dirty,2026-09-23T22:37:09Z
rayon-tiled,cpu,Apple M1 Pro,f64,64,4,19.66055424307196,0.0,0.026667,0.026209,0.005854333762265353,32,5,Pauls-MacBook-Pro,eca62af-dirty,2026-09-23T22:37:09Z
rayon-tiled,cpu,Apple M1 Pro,f64,64,4,22.795130434782607,0.0,0.023,0.018583000000000002,0.0033796957259493044,64,5,Pauls-MacBook-Pro,eca62af-dirty,2026-09-23T22:37:09Z
rayon-tiled,cpu,Apple M1 Pro,f64,64,4,23.785863351782957,0.0,0.022042,0.016249999999999997,0.0047968616823919384,128,5,Pauls-MacBook-Pro,eca62af-dirty,2026-09-23T22:37:09Z
rayon-tiled,cpu,Apple M1 Pro,f64,64,4,25.166226659626556,0.0,0.020832999999999997,0.018917,0.00172549433496607,256,5,Pauls-MacBook-Pro,eca62af-dirty,2026-09-23T22:37:09Z
rayon-tiled,cpu,Apple M1 Pro,f64,64,8,18.422572824062687,0.0,0.028458999999999998,0.028208,0.0029128515753467418,16,5,Pauls-MacBook-Pro,eca62af-dirty,2026-09-23T22:37:09Z
rayon-tiled,cpu,Apple M1 Pro,f64,64,8,12.545476298724605,0.0,0.041791,0.02575,0.04065281321753761,32,5,Pauls-MacBook-Pro,eca62af-dirty,2026-09-23T22:37:09Z
rayon-tiled,cpu,Apple M1 Pro,f64,64,8,20.62745406617618,0.0,0.025417000000000002,0.016249999999999997,0.005385286686890496,64,5,Pauls-MacBook-Pro,eca62af-dirty,2026-09-23T22:37:09Z
rayon-tiled,cpu,Apple M1 Pro,f64,64,8,7.113040646876865,0.0,0.07370800000000001,0.063,0.027282085041286715,128,5,Pauls-MacBook-Pro,eca62af-dirty,2026-09-23T22:37:09Z
rayon-tiled,cpu,Apple M1 Pro,f64,64,8,18.66923049531745,0.0,0.028083,0.020625,0.0060480759171822555,256,5,Pauls-MacBook-Pro,eca62af-dirty,2026-09-23T22:37:09Z
rayon-tiled,cpu,Apple M1 Pro,f64,64,10,9.411359230272133,0.0,0.055708,0.035833000000000004,0.011038792837081415,16,5,Pauls-MacBook-Pro,eca62af-dirty,2026-09-23T22:37:09Z
rayon-tiled,cpu,Apple M1 Pro,f64,64,10,8.388608,0.0,0.0625,0.042540999999999995,0.043800678570086106,32,5,Pauls-MacBook-Pro,eca62af-dirty,2026-09-23T22:37:09Z
rayon-tiled,cpu,Apple M1 Pro,f64,64,10,11.781752808988763,0.0,0.0445,0.0315,0.015147435106314206,64,5,Pauls-MacBook-Pro,eca62af-dirty,2026-09-23T22:37:09Z
rayon-tiled,cpu,Apple M1 Pro,f64,64,10,16.070130268199232,0.0,0.032625,0.030834000000000004,0.007947547495926022,128,5,Pauls-MacBook-Pro,eca62af-dirty,2026-09-23T22:37:09Z
rayon-tiled,cpu,Apple M1 Pro,f64,64,10,13.120648664881502,0.0,0.039959,0.032959,0.008933620570630924,256,5,Pauls-MacBook-Pro,eca62af-dirty,2026-09-23T22:37:09Z
static-ikj,cpu,Apple M1 Pro,f64,64,1,13.273113924050634,0.0,0.0395,0.037042000000000005,0.006003116673862003,,5,Pauls-MacBook-Pro,eca62af-dirty,2026-09-23T22:37:09Z
static-ikj,cpu,Apple M1 Pro,f64,64,2,22.429433155080215,0.0,0.023375,0.022625000000000003,0.0041117475968254664,,5,Pauls-MacBook-Pro,eca62af-dirty,2026-09-23T22:37:09Z
static-ikj,cpu,Apple M1 Pro,f64,64,4,12.134049250138865,0.0,0.043207999999999996,0.016917,0.019304800213936425,,5,Pauls-MacBook-Pro,eca62af-dirty,2026-09-23T22:37:09Z
static-ikj,cpu,Apple M1 Pro,f64,64,8,7.3757157126176445,0.0,0.071083,0.063125,0.011367654837300435,,5,Pauls-MacBook-Pro,eca62af-dirty,2026-09-23T22:37:09Z
static-ikj,cpu,Apple M1 Pro,f64,64,10,9.861154475520529,0.0,0.053167,0.034625,0.011771372230967803,,5,Pauls-MacBook-Pro,eca62af-dirty,2026-09-23T22:37:09Z
static-tiled,cpu,Apple M1 Pro,f64,64,1,6.668209856915739,0.0,0.078625,0.076583,0.0012980781948711728,16,5,Pauls-MacBook-Pro,eca62af-dirty,2026-09-23T22:37:09Z
static-tiled,cpu,Apple M1 Pro,f64,64,1,9.279433628318584,0.0,0.056499999999999995,0.05625,0.002663777355561087,32,5,Pauls-MacBook-Pro,eca62af-dirty,2026-09-23T22:37:09Z
static-tiled,cpu,Apple M1 Pro,f64,64,1,13.357656050955415,0.0,0.03925,0.038958,0.0028577249167825785,64,5,Pauls-MacBook-Pro,eca62af-dirty,2026-09-23T22:37:09Z
static-tiled,cpu,Apple M1 Pro,f64,64,1,13.176044834259002,0.0,0.039791,0.038917,0.0010857915085319076,128,5,Pauls-MacBook-Pro,eca62af-dirty,2026-09-23T22:37:09Z
static-tiled,cpu,Apple M1 Pro,f64,64,1,12.865963190184049,0.0,0.04075,0.038458,0.0016517962041365738,256,5,Pauls-MacBook-Pro,eca62af-dirty,2026-09-23T22:37:09Z
static-tiled,cpu,Apple M1 Pro,f64,64,2,12.204665021649054,0.0,0.042957999999999996,0.041959,0.0006035315236174478,16,5,Pauls-MacBook-Pro,eca62af-dirty,2026-09-23T22:37:09Z
static-tiled,cpu,Apple M1 Pro,f64,64,2,16.19422393822394,0.0,0.032375,0.031583,0.0015513493481482477,32,5,Pauls-MacBook-Pro,eca62af-dirty,2026-09-23T22:37:09Z
static-tiled,cpu,Apple M1 Pro,f64,64,2,21.95970680628272,0.0,0.023875,0.023125,0.001977251198001913,64,5,Pauls-MacBook-Pro,eca62af-dirty,2026-09-23T22:37:09Z
static-tiled,cpu,Apple M1 Pro,f64,64,2,21.290883248730964,0.0,0.024624999999999998,0.021542000000000002,0.002079140158815657,128,5,Pauls-MacBook-Pro,eca62af-dirty,2026-09-23T22:37:09Z
static-tiled,cpu,Apple M1 Pro,f64,64,2,20.902124945181995,0.0,0.025083,0.021459,0.003148758596653609,256,5,Pauls-MacBook-Pro,eca62af-dirty,2026-09-23T22:37:09Z
static-tiled,cpu,Apple M1 Pro,f64,64,4,9.306777434586573,0.0,0.056334,0.045583,0.010640903923069692,16,5,Pauls-MacBook-Pro,eca62af-dirty,2026-09-23T22:37:09Z
static-tiled,cpu,Apple M1 Pro,f64,64,4,14.54658454025859,0.0,0.036042,0.026125000000000002,0.01728594243308706,32,5,Pauls-MacBook-Pro,eca62af-dirty,2026-09-23T22:37:09Z
static-tiled,cpu,Apple M1 Pro,f64,64,4,11.792883170632958,0.0,0.044458,0.0305,0.015843227221749995,64,5,Pauls-MacBook-Pro,eca62af-dirty,2026-09-23T22:37:09Z
static-tiled,cpu,Apple M1 Pro,f64,64,4,12.110505405155687,0.0,0.043292,0.035790999999999996,0.006689172759018863,128,5,Pauls-MacBook-Pro,eca62af-dirty,2026-09-23T22:37:09Z
static-tiled,cpu,Apple M1 Pro,f64,64,4,10.636586800835852,0.0,0.049291,0.034666999999999996,0.016296601602788233,256,5,Pauls-MacBook-Pro,eca62af-dirty,2026-09-23T22:37:09Z
static-tiled,cpu,Apple M1 Pro,f64,64,8,7.397361552028218,0.0,0.07087500000000001,0.055167,0.009651289499336342,16,5,Pauls-MacBook-Pro,eca62af-dirty,2026-09-23T22:37:09Z
static-tiled,cpu,Apple M1 Pro,f64,64,8,7.337009152229281,0.0,0.07145800000000001,0.06162499999999999,0.010342905515376227,32,5,Pauls-MacBook-Pro,eca62af-dirty,2026-09-23T22:37:09Z
static-tiled,cpu,Apple M1 Pro,f64,64,8,15.709003745318354,0.0,0.033374999999999995,0.028374999999999997,0.02653290609224704,64,5,Pauls-MacBook-Pro,eca62af-dirty,2026-09-23T22:37:09Z
static-tiled,cpu,Apple M1 Pro,f64,64,8,10.263453595129496,0.0,0.051082999999999996,0.021667000000000002,0.023006963471957784,128,5,Pauls-MacBook-Pro,eca62af-dirty,2026-09-23T22:37:09Z
static-tiled,cpu,Apple M1 Pro,f64,64,8,9.306777434586573,0.0,0.056334,0.025707999999999998,0.014721439399732623,256,5,Pauls-MacBook-Pro,eca62af-dirty,2026-09-23T22:37:09Z
static-tiled,cpu,Apple M1 Pro,f64,64,10,7.133170068027211,0.0,0.0735,0.054791,0.027589533897838865,16,5,Pauls-MacBook-Pro,eca62af-dirty,2026-09-23T22:37:09Z
static-tiled,cpu,Apple M1 Pro,f64,64,10,13.544693603389483,0.0,0.038708,0.035667000000000004,0.019793531880389615,32,5,Pauls-MacBook-Pro,eca62af-dirty,2026-09-23T22:37:09Z
static-tiled,cpu,Apple M1 Pro,f64,64,10,15.496349717731208,0.0,0.033833,0.028541,0.01249178608926682,64,5,Pauls-MacBook-Pro,eca62af-dirty,2026-09-23T22:37:09Z
static-tiled,cpu,Apple M1 Pro,f64,64,10,15.72879728797288,0.0,0.033333,0.029791,0.018657485915846216,128,5,Pauls-MacBook-Pro,eca62af-dirty,2026-09-23T22:37:09Z
static-tiled,cpu,Apple M1 Pro,f64,64,10,7.834899950685178,0.0,0.06691699999999999,0.034,0.015567460592530818,256,5,Pauls-MacBook-Pro,eca62af-dirty,2026-09-23T22:37:09Z
naive-ijk,cpu,Apple M1 Pro,f64,128,1,3.0000393395814124,0.0,1.398083,1.391667,0.043999291759072724,,5,Pauls-MacBook-Pro,eca62af-dirty,2026-09-23T22:37:09Z
ikj,cpu,Apple M1 Pro,f64,128,1,14.882231676205413,0.0,0.281833,0.281125,0.005382465494548007,,5,Pauls-MacBook-Pro,eca62af-dirty,2026-09-23T22:37:09Z
tiled,cpu,Apple M1 Pro,f64,128,1,7.621379017105976,0.0,0.550334,0.5467500000000001,0.0016662124714453173,16,5,Pauls-MacBook-Pro,eca62af-dirty,2026-09-23T22:37:09Z
tiled,cpu,Apple M1 Pro,f64,128,1,10.6028418814762,0.0,0.395583,0.39525,0.0014826529600685384,32,5,Pauls-MacBook-Pro,eca62af-dirty,2026-09-23T22:37:09Z
tiled,cpu,Apple M1 Pro,f64,128,1,15.753254460093897,0.0,0.26625,0.266,0.004259384251273878,64,5,Pauls-MacBook-Pro,eca62af-dirty,2026-09-23T22:37:09Z
tiled,cpu,Apple M1 Pro,f64,128,1,14.276489068759764,0.0,0.293791,0.291333,0.01647920803012085,128,5,Pauls-MacBook-Pro,eca62af-dirty,2026-09-23T22:37:09Z
tiled,cpu,Apple M1 Pro,f64,128,1,14.70828920698821,0.0,0.285166,0.282542,0.0016007611626972817,256,5,Pauls-MacBook-Pro,eca62af-dirty,2026-09-23T22:37:09Z
rayon-ikj,cpu,Apple M1 Pro,f64,128,1,14.284560238399319,0.0,0.29362499999999997,0.29050000000000004,0.004229017817413392,,5,Pauls-MacBook-Pro,eca62af-dirty,2026-09-23T22:37:09Z
rayon-ikj,cpu,Apple M1 Pro,f64,128,2,25.191015015015015,0.0,0.1665,0.16470800000000002,0.004009049850026809,,5,Pauls-MacBook-Pro,eca62af-dirty,2026-09-23T22:37:09Z
rayon-ikj,cpu,Apple M1 Pro,f64,128,4,41.4932531360057,0.0,0.101084,0.0965,0.008518984534555742,,5,Pauls-MacBook-Pro,eca62af-dirty,2026-09-23T22:37:09Z
rayon-ikj,cpu,Apple M1 Pro,f64,128,8,41.23868328941676,0.0,0.10170799999999999,0.07470800000000001,0.028014249031519653,,5,Pauls-MacBook-Pro,eca62af-dirty,2026-09-23T22:37:09Z
rayon-ikj,cpu,Apple M1 Pro,f64,128,10,43.27727849603269,0.0,0.09691699999999999,0.087,0.00530406737325234,,5,Pauls-MacBook-Pro,eca62af-dirty,2026-09-23T22:37:09Z
rayon-tiled,cpu,Apple M1 Pro,f64,128,1,7.397361552028218,0.0,0.5670000000000001,0.5625,0.0029586107888669665,16,5,Pauls-MacBook-Pro,eca62af-dirty,2026-09-23T22:37:09Z
rayon-tiled,cpu,Apple M1 Pro,f64,128,1,10.309645481069628,0.0,0.406833,0.404083,0.0024451380738109655,32,5,Pauls-MacBook-Pro,eca62af-dirty,2026-09-23T22:37:09Z
rayon-tiled,cpu,Apple M1 Pro,f64,128,1,15.087424460431656,0.0,0.27799999999999997,0.274542,0.00497969950900655,64,5,Pauls-MacBook-Pro,eca62af-dirty,2026-09-23T22:37:09Z
rayon-tiled,cpu,Apple M1 Pro,f64,128,1,13.746182712003277,0.0,0.305125,0.299708,0.008389680345519727,128,5,Pauls-MacBook-Pro,eca62af-dirty,2026-09-23T22:37:09Z
rayon-tiled,cpu,Apple M1 Pro,f64,128,1,14.021910572503133,0.0,0.29912500000000003,0.29425,0.003298426185319293,256,5,Pauls-MacBook-Pro,eca62af-dirty,2026-09-23T22:37:09Z
rayon-tiled,cpu,Apple M1 Pro,f64,128,2,13.283623119556612,0.0,0.31575000000000003,0.310708,0.004539272772151965,16,5,Pauls-MacBook-Pro,eca62af-dirty,2026-09-23T22:37:09Z
rayon-tiled,cpu,Apple M1 Pro,f64,128,2,18.04972135556751,0.0,0.232375,0.2235,0.008256812853637897,32,5,Pauls-MacBook-Pro,eca62af-dirty,2026-09-23T22:37:09Z
rayon-tiled,cpu,Apple M1 Pro,f64,128,2,28.307949813386248,0.0,0.148167,0.14766700000000002,0.0010582401901269812,64,5,Pauls-MacBook-Pro,eca62af-dirty,2026-09-23T22:37:09Z
rayon-tiled,cpu,Apple M1 Pro,f64,128,2,25.745035815783496,0.0,0.162917,0.160667,0.0014838370193521945,128,5,Pauls-MacBook-Pro,eca62af-dirty,2026-09-23T22:37:09Z
rayon-tiled,cpu,Apple M1 Pro,f64,128,2,25.601093796732037,0.0,0.163833,0.160333,0.0017681444511125214,256,5,Pauls-MacBook-Pro,eca62af-dirty,2026-09-23T22:37:09Z
rayon-tiled,cpu,Apple M1 Pro,f64,128,4,22.534877098723975,0.0,0.186125,0.164417,0.02759531230662193,16,5,Pauls-MacBook-Pro,eca62af-dirty,2026-09-23T22:37:09Z
rayon-tiled,cpu,Apple M1 Pro,f64,128,4,27.3988881848409,0.0,0.15308300000000002,0.128875,0.012928831261950949,32,5,Pauls-MacBook-Pro,eca62af-dirty,2026-09-23T22:37:09Z
rayon-tiled,cpu,Apple M1 Pro,f64,128,4,38.34792228571429,0.0,0.109375,0.091041,0.01393870954572194,64,5,Pauls-MacBook-Pro,eca62af-dirty,2026-09-23T22:37:09Z
rayon-tiled,cpu,Apple M1 Pro,f64,128,4,37.61707623318385,0.0,0.1115,0.10258300000000001,0.00617344763483096,128,5,Pauls-MacBook-Pro,eca62af-dirty,2026-09-23T22:37:09Z
rayon-tiled,cpu,Apple M1 Pro,f64,128,4,35.03779196043706,0.0,0.119708,0.100625,0.009758265096829451,256,5,Pauls-MacBook-Pro,eca62af-dirty,2026-09-23T22:37:09Z
rayon-tiled,cpu,Apple M1 Pro,f64,128,8,20.721105440748556,0.0,0.202417,0.16683299999999998,0.019899635328316963,16,5,Pauls-MacBook-Pro,eca62af-dirty,2026-09-23T22:37:09Z
rayon-tiled,cpu,Apple M1 Pro,f64,128,8,33.88214005864724,0.0,0.123791,0.096792,0.030541278763339293,32,5,Pauls-MacBook-Pro,eca62af-dirty,2026-09-23T22:37:09Z
rayon-tiled,cpu,Apple M1 Pro,f64,128,8,34.34435209825998,0.0,0.122125,0.099542,0.028015647711591454,64,5,Pauls-MacBook-Pro,eca62af-dirty,2026-09-23T22:37:09Z
rayon-tiled,cpu,Apple M1 Pro,f64,128,8,35.92551605995717,0.0,0.11675,0.088125,0.02358315536140149,128,5,Pauls-MacBook-Pro,eca62af-dirty,2026-09-23T22:37:09Z
rayon-tiled,cpu,Apple M1 Pro,f64,128,8,31.905795723381434,0.0,0.131459,0.06808399999999999,0.032419336547807404,256,5,Pauls-MacBook-Pro,eca62af-dirty,2026-09-23T22:37:09Z
rayon-tiled,cpu,Apple M1 Pro,f64,128,10,26.71531210191083,0.0,0.157,0.13279200000000002,0.02050009095589578,16,5,Pauls-MacBook-Pro,eca62af-dirty,2026-09-23T22:37:09Z
rayon-tiled,cpu,Apple M1 Pro,f64,128,10,28.719847715040878,0.0,0.146042,0.106458,0.02291495227575218,32,5,Pauls-MacBook-Pro,eca62af-dirty,2026-09-23T22:37:09Z
rayon-tiled,cpu,Apple M1 Pro,f64,128,10,56.647632424839955,0.0,0.074042,0.059416000000000004,0.010896084994161892,64,5,Pauls-MacBook-Pro,eca62af-dirty,2026-09-23T22:37:09Z
rayon-tiled,cpu,Apple M1 Pro,f64,128,10,43.07372528883184,0.0,0.09737499999999999,0.07575,0.013049933858069932,128,5,Pauls-MacBook-Pro,eca62af-dirty,2026-09-23T22:37:09Z
rayon-tiled,cpu,Apple M1 Pro,f64,128,10,55.0975894909688,0.0,0.076125,0.071125,0.009180737306992285,256,5,Pauls-MacBook-Pro,eca62af-dirty,2026-09-23T22:37:09Z
static-ikj,cpu,Apple M1 Pro,f64,128,1,14.284560238399319,0.0,0.29362499999999997,0.289708,0.005847499234715633,,5,Pauls-MacBook-Pro,eca62af-dirty,2026-09-23T22:37:09Z
static-ikj,cpu,Apple M1 Pro,f64,128,2,25.65323547400612,0.0,0.16349999999999998,0.16037500000000002,0.013876710110829587,,5,Pauls-MacBook-Pro,eca62af-dirty,2026-09-23T22:37:09Z
static-ikj,cpu,Apple M1 Pro,f64,128,4,33.233002400779654,0.0,0.12620900000000002,0.112541,0.00886370832665425,,5,Pauls-MacBook-Pro,eca62af-dirty,2026-09-23T22:37:09Z
static-ikj,cpu,Apple M1 Pro,f64,128,8,35.6204161358811,0.0,0.11775000000000001,0.103,0.009521609858632103,,5,Pauls-MacBook-Pro,eca62af-dirty,2026-09-23T22:37:09Z
static-ikj,cpu,Apple M1 Pro,f64,128,10,25.523199844218755,0.0,0.16433299999999998,0.128833,0.036640105967368594,,5,Pauls-MacBook-Pro,eca62af-dirty,2026-09-23T22:37:09Z
static-tiled,cpu,Apple M1 Pro,f64,128,1,7.394101366240634,0.0,0.56725,0.562917,0.007804313275362572,16,5,Pauls-MacBook-Pro,eca62af-dirty,2026-09-23T22:37:09Z
static-tiled,cpu,Apple M1 Pro,f64,128,1,9.898062536873157,0.0,0.42374999999999996,0.40975,0.018158397010749592,32,5,Pauls-MacBook-Pro,eca62af-dirty,2026-09-23T22:37:09Z
static-tiled,cpu,Apple M1 Pro,f64,128,1,15.04456368905851,0.0,0.278792,0.274166,0.007285721412461508,64,5,Pauls-MacBook-Pro,eca62af-dirty,2026-09-23T22:37:09Z
static-tiled,cpu,Apple M1 Pro,f64,128,1,14.19791007288003,0.0,0.29541700000000004,0.293583,0.002410721157662167,128,5,Pauls-MacBook-Pro,eca62af-dirty,2026-09-23T22:37:09Z
static-tiled,cpu,Apple M1 Pro,f64,128,1,14.059135261603643,0.0,0.298333,0.29541700000000004,0.0035573935402201298,256,5,Pauls-MacBook-Pro,eca62af-dirty,2026-09-23T22:37:09Z
static-tiled,cpu,Apple M1 Pro,f64,128,2,13.232996169839536,0.0,0.316958,0.311458,0.007566935489351015,16,5,Pauls-MacBook-Pro,eca62af-dirty,2026-09-23T22:37:09Z
static-tiled,cpu,Apple M1 Pro,f64,128,2,17.497482364033058,0.0,0.239709,0.23575000000000002,0.016738502940824802,32,5,Pauls-MacBook-Pro,eca62af-dirty,2026-09-23T22:37:09Z
static-tiled,cpu,Apple M1 Pro,f64,128,2,24.420983988355168,0.0,0.17175,0.16595800000000002,0.006058453697107861,64,5,Pauls-MacBook-Pro,eca62af-dirty,2026-09-23T22:37:09Z
static-tiled,cpu,Apple M1 Pro,f64,128,2,22.831362814901908,0.0,0.183708,0.176041,0.009893015500847053,128,5,Pauls-MacBook-Pro,eca62af-dirty,2026-09-23T22:37:09Z
static-tiled,cpu,Apple M1 Pro,f64,128,2,23.536002873047227,0.0,0.178208,0.170958,0.0069635300099877475,256,5,Pauls-MacBook-Pro,eca62af-dirty,2026-09-23T22:37:09Z
static-tiled,cpu,Apple M1 Pro,f64,128,4,21.51852079870303,0.0,0.194916,0.1805,0.007518251412396368,16,5,Pauls-MacBook-Pro,eca62af-dirty,2026-09-23T22:37:09Z
static-tiled,cpu,Apple M1 Pro,f64,128,4,25.381567322239032,0.0,0.16525,0.146875,0.011023592440760866,32,5,Pauls-MacBook-Pro,eca62af-dirty,2026-09-23T22:37:09Z
static-tiled,cpu,Apple M1 Pro,f64,128,4,38.28945975059795,0.0,0.109542,0.101583,0.020033079768223352,64,5,Pauls-MacBook-Pro,eca62af-dirty,2026-09-23T22:37:09Z
static-tiled,cpu,Apple M1 Pro,f64,128,4,32.77849936307724,0.0,0.127959,0.1085,0.013992808820962281,128,5,Pauls-MacBook-Pro,eca62af-dirty,2026-09-23T22:37:09Z
static-tiled,cpu,Apple M1 Pro,f64,128,4,33.091155818540436,0.0,0.12675,0.099583,0.017354708418754836,256,5,Pauls-MacBook-Pro,eca62af-dirty,2026-09-23T22:37:09Z
static-tiled,cpu,Apple M1 Pro,f64,128,8,27.52619524200164,0.0,0.152375,0.145458,0.005764985316546785,16,5,Pauls-MacBook-Pro,eca62af-dirty,2026-09-23T22:37:09Z
static-tiled,cpu,Apple M1 Pro,f64,128,8,34.367709477065276,0.0,0.122042,0.11666699999999999,0.01189654864656132,32,5,Pauls-MacBook-Pro,eca62af-dirty,2026-09-23T22:37:09Z
static-tiled,cpu,Apple M1 Pro,f64,128,8,34.9161623309053,0.0,0.12012500000000001,0.104875,0.010999889522172495,64,5,Pauls-MacBook-Pro,eca62af-dirty,2026-09-23T22:37:09Z
static-tiled,cpu,Apple M1 Pro,f64,128,8,36.56473336878536,0.0,0.114709,0.0935,0.010510779861646804,128,5,Pauls-MacBook-Pro,eca62af-dirty,2026-09-23T22:37:09Z
static-tiled,cpu,Apple M1 Pro,f64,128,8,39.092420683741565,0.0,0.107292,0.09879099999999999,0.01068681340250685,256,5,Pauls-MacBook-Pro,eca62af-dirty,2026-09-23T22:37:09Z
static-tiled,cpu,Apple M1 Pro,f64,128,10,19.014629413871422,0.0,0.220583,0.189834,0.021311404357761125,16,5,Pauls-MacBook-Pro,eca62af-dirty,2026-09-23T22:37:09Z
static-tiled,cpu,Apple M1 Pro,f64,128,10,24.757279375741515,0.0,0.16941699999999998,0.15308300000000002,0.014027977306083713,32,5,Pauls-MacBook-Pro,eca62af-dirty,2026-09-23T22:37:09Z
static-tiled,cpu,Apple M1 Pro,f64,128,10,22.626049898853676,0.0,0.18537499999999998,0.138584,0.03414530204435157,64,5,Pauls-MacBook-Pro,eca62af-dirty,2026-09-23T22:37:09Z
static-tiled,cpu,Apple M1 Pro,f64,128,10,26.427804521511202,0.0,0.158708,0.102959,0.03316411383106745,128,5,Pauls-MacBook-Pro,eca62af-dirty,2026-09-23T22:37:09Z
static-tiled,cpu,Apple M1 Pro,f64,128,10,34.675418943608996,0.0,0.12095900000000001,0.11474999999999999,0.046339093468690126,256,5,Pauls-MacBook-Pro,eca62af-dirty,2026-09-23T22:37:09Z
naive-ijk,cpu,Apple M1 Pro,f64,256,1,2.3177686655719216,0.0,14.477041,14.309042,0.13691221450513505,,5,Pauls-MacBook-Pro,eca62af-dirty,2026-09-23T22:37:09Z
ikj,cpu,Apple M1 Pro,f64,256,1,12.673408054388368,0.0,2.6476249999999997,2.561666,0.06123158319609251,,5,Pauls-MacBook-Pro,eca62af-dirty,2026-09-23T22:37:09Z
tiled,cpu,Apple M1 Pro,f64,256,1,7.591428316744502,0.0,4.420042,4.409959,0.019032258003190253,16,5,Pauls-MacBook-Pro,eca62af-dirty,2026-09-23T22:37:09Z
tiled,cpu,Apple M1 Pro,f64,256,1,10.323910125233564,0.0,3.250167,3.1955,0.06436825943195928,32,5,Pauls-MacBook-Pro,eca62af-dirty,2026-09-23T22:37:09Z
tiled,cpu,Apple M1 Pro,f64,256,1,12.405361809767923,0.0,2.704833,2.684917,0.009287548045636146,64,5,Pauls-MacBook-Pro,eca62af-dirty,2026-09-23T22:37:09Z
tiled,cpu,Apple M1 Pro,f64,256,1,10.828233333580743,0.0,3.098791,3.0627079999999998,0.0212151116235575,128,5,Pauls-MacBook-Pro,eca62af-dirty,2026-09-23T22:37:09Z
tiled,cpu,Apple M1 Pro,f64,256,1,12.845443972549983,0.0,2.6121659999999998,2.5685000000000002,0.022003008287504556,256,5,Pauls-MacBook-Pro,eca62af-dirty,2026-09-23T22:37:09Z
rayon-ikj,cpu,Apple M1 Pro,f64,256,1,12.868223023828572,0.0,2.607542,2.573667,0.022999056143676828,,5,Pauls-MacBook-Pro,eca62af-dirty,2026-09-23T22:37:09Z
rayon-ikj,cpu,Apple M1 Pro,f64,256,2,24.27448903704861,0.0,1.382292,1.3502919999999998,0.04458257820270158,,5,Pauls-MacBook-Pro,eca62af-dirty,2026-09-23T22:37:09Z
rayon-ikj,cpu,Apple M1 Pro,f64,256,4,45.371908559622035,0.0,0.739542,0.7245,0.007923939645151269,,5,Pauls-MacBook-Pro,eca62af-dirty,2026-09-23T22:37:09Z
rayon-ikj,cpu,Apple M1 Pro,f64,256,8,72.91810346700971,0.0,0.460166,0.44579199999999997,0.06210279028594447,,5,Pauls-MacBook-Pro,eca62af-dirty,2026-09-23T22:37:09Z
rayon-ikj,cpu,Apple M1 Pro,f64,256,10,80.05027113298519,0.0,0.419167,0.396833,0.06928996390026483,,5,Pauls-MacBook-Pro,eca62af-dirty,2026-09-23T22:37:09Z
rayon-tiled,cpu,Apple M1 Pro,f64,256,1,7.385015746383416,0.0,4.543583,4.486333,0.03513899019607704,16,5,Pauls-MacBook-Pro,eca62af-dirty,2026-09-23T22:37:09Z
rayon-tiled,cpu,Apple M1 Pro,f64,256,1,10.404071780163559,0.0,3.2251250000000002,3.213625,0.06294615410571168,32,5,Pauls-MacBook-Pro,eca62af-dirty,2026-09-23T22:37:09Z
rayon-tiled,cpu,Apple M1 Pro,f64,256,1,12.302451475897529,0.0,2.7274589999999996,2.676958,0.02327815947406488,64,5,Pauls-MacBook-Pro,eca62af-dirty,2026-09-23T22:37:09Z
rayon-tiled,cpu,Apple M1 Pro,f64,256,1,10.778230657076863,0.0,3.113167,3.0545,0.028877080733688998,128,5,Pauls-MacBook-Pro,eca62af-dirty,2026-09-23T22:37:09Z
rayon-tiled,cpu,Apple M1 Pro,f64,256,1,12.943719807601877,0.0,2.592333,2.581167,0.048117400628047195,256,5,Pauls-MacBook-Pro,eca62af-dirty,2026-09-23T22:37:09Z
rayon-tiled,cpu,Apple M1 Pro,f64,256,2,14.469878167212611,0.0,2.3189159999999998,2.316417,0.010853073306672118,16,5,Pauls-MacBook-Pro,eca62af-dirty,2026-09-23T22:37:09Z
rayon-tiled,cpu,Apple M1 Pro,f64,256,2,20.171493359014775,0.0,1.663458,1.660833,0.0054354470653296535,32,5,Pauls-MacBook-Pro,eca62af-dirty,2026-09-23T22:37:09Z
rayon-tiled,cpu,Apple M1 Pro,f64,256,2,23.73573974634762,0.0,1.413667,1.407291,0.0039022919162974225,64,5,Pauls-MacBook-Pro,eca62af-dirty,2026-09-23T22:37:09Z
rayon-tiled,cpu,Apple M1 Pro,f64,256,2,20.995034438571196,0.0,1.598208,1.5848749999999998,0.034560675068638406,128,5,Pauls-MacBook-Pro,eca62af-dirty,2026-09-23T22:37:09Z
rayon-tiled,cpu,Apple M1 Pro,f64,256,2,24.46995952597994,0.0,1.37125,1.348416,0.03196639826755588,256,5,Pauls-MacBook-Pro,eca62af-dirty,2026-09-23T22:37:09Z
rayon-tiled,cpu,Apple M1 Pro,f64,256,4,26.999233982838643,0.0,1.242792,1.2155420000000001,0.032515620264728075,16,5,Pauls-MacBook-Pro,eca62af-dirty,2026-09-23T22:37:09Z
rayon-tiled,cpu,Apple M1 Pro,f64,256,4,35.38097482535917,0.0,0.948375,0.879709,0.0474084126838265,32,5,Pauls-MacBook-Pro,eca62af-dirty,2026-09-23T22:37:09Z
rayon-tiled,cpu,Apple M1 Pro,f64,256,4,43.47600389742314,0.0,0.771792,0.756458,0.01775657077534962,64,5,Pauls-MacBook-Pro,eca62af-dirty,2026-09-23T22:37:09Z
rayon-tiled,cpu,Apple M1 Pro,f64,256,4,38.507453163104294,0.0,0.871375,0.83775,0.023709865505734087,128,5,Pauls-MacBook-Pro,eca62af-dirty,2026-09-23T22:37:09Z
rayon-tiled,cpu,Apple M1 Pro,f64,256,4,46.63848619377365,0.0,0.7194579999999999,0.7098329999999999,0.01435906725731166,256,5,Pauls-MacBook-Pro,eca62af-dirty,2026-09-23T22:37:09Z
rayon-tiled,cpu,Apple M1 Pro,f64,256,8,43.72858755118371,0.0,0.7673340000000001,0.721292,0.07401095967287544,16,5,Pauls-MacBook-Pro,eca62af-dirty,2026-09-23T22:37:09Z
rayon-tiled,cpu,Apple M1 Pro,f64,256,8,55.347516701030926,0.0,0.6062500000000001,0.503791,0.06075881441651082,32,5,Pauls-MacBook-Pro,eca62af-dirty,2026-09-23T22:37:09Z
rayon-tiled,cpu,Apple M1 Pro,f64,256,8,69.38712072177889,0.0,0.483583,0.465167,0.02976561891679729,64,5,Pauls-MacBook-Pro,eca62af-dirty,2026-09-23T22:37:09Z
rayon-tiled,cpu,Apple M1 Pro,f64,256,8,66.00863211982671,0.0,0.5083340000000001,0.492417,0.07407488130466362,128,5,Pauls-MacBook-Pro,eca62af-dirty,2026-09-23T22:37:09Z
rayon-tiled,cpu,Apple M1 Pro,f64,256,8,70.69672267579668,0.0,0.474625,0.44,0.02962280488913903,256,5,Pauls-MacBook-Pro,eca62af-dirty,2026-09-23T22:37:09Z
rayon-tiled,cpu,Apple M1 Pro,f64,256,10,44.8214152613124,0.0,0.7486250000000001,0.715208,0.03200015191057695,16,5,Pauls-MacBook-Pro,eca62af-dirty,2026-09-23T22:37:09Z
rayon-tiled,cpu,Apple M1 Pro,f64,256,10,57.513634330161786,0.0,0.5834170000000001,0.548708,0.04333500863851303,32,5,Pauls-MacBook-Pro,eca62af-dirty,2026-09-23T22:37:09Z
rayon-tiled,cpu,Apple M1 Pro,f64,256,10,63.05244782183037,0.0,0.532167,0.463791,0.037494435477814565,64,5,Pauls-MacBook-Pro,eca62af-dirty,2026-09-23T22:37:09Z
rayon-tiled,cpu,Apple M1 Pro,f64,256,10,58.70860234243503,0.0,0.571542,0.5095419999999999,0.04495326085168907,128,5,Pauls-MacBook-Pro,eca62af-dirty,2026-09-23T22:37:09Z
rayon-tiled,cpu,Apple M1 Pro,f64,256,10,64.92831158377065,0.0,0.5167919999999999,0.45816599999999996,0.04967830722256949,256,5,Pauls-MacBook-Pro,eca62af-dirty,2026-09-23T22:37:09Z
static-ikj,cpu,Apple M1 Pro,f64,256,1,12.776960490326777,0.0,2.626167,2.619625,0.004215020616794191,,5,Pauls-MacBook-Pro,eca62af-dirty,2026-09-23T22:37:09Z
static-ikj,cpu,Apple M1 Pro,f64,256,2,24.83521145629099,0.0,1.351083,1.3364589999999998,0.03211135235862864,,5,Pauls-MacBook-Pro,eca62af-dirty,2026-09-23T22:37:09Z
static-ikj,cpu,Apple M1 Pro,f64,256,4,45.574780305602715,0.0,0.7362500000000001,0.7144579999999999,0.020134536356718052,,5,Pauls-MacBook-Pro,eca62af-dirty,2026-09-23T22:37:09Z
static-ikj,cpu,Apple M1 Pro,f64,256,8,77.51529194340168,0.0,0.432875,0.423292,0.009683742034978016,,5,Pauls-MacBook-Pro,eca62af-dirty,2026-09-23T22:37:09Z
static-ikj,cpu,Apple M1 Pro,f64,256,10,61.56313378259617,0.0,0.545041,0.541875,0.0697099730045852,,5,Pauls-MacBook-Pro,eca62af-dirty,2026-09-23T22:37:09Z
static-tiled,cpu,Apple M1 Pro,f64,256,1,7.358158593753255,0.0,4.560167000000001,4.488125,0.04258239172240116,16,5,Pauls-MacBook-Pro,eca62af-dirty,2026-09-23T22:37:09Z
static-tiled,cpu,Apple M1 Pro,f64,256,1,10.210553670597186,0.0,3.28625,3.235834,0.03420114004971171,32,5,Pauls-MacBook-Pro,eca62af-dirty,2026-09-23T22:37:09Z
static-tiled,cpu,Apple M1 Pro,f64,256,1,11.988187032459939,0.0,2.798958,2.736125,0.04360795109495511,64,5,Pauls-MacBook-Pro,eca62af-dirty,2026-09-23T22:37:09Z
static-tiled,cpu,Apple M1 Pro,f64,256,1,10.782272493573265,0.0,3.112,3.1069169999999997,0.007797565152020231,128,5,Pauls-MacBook-Pro,eca62af-dirty,2026-09-23T22:37:09Z
static-tiled,cpu,Apple M1 Pro,f64,256,1,12.944758451077785,0.0,2.592125,2.576375,0.021277316954917035,256,5,Pauls-MacBook-Pro,eca62af-dirty,2026-09-23T22:37:09Z
static-tiled,cpu,Apple M1 Pro,f64,256,2,14.35432752548252,0.0,2.337583,2.314291,0.018482098668711863,16,5,Pauls-MacBook-Pro,eca62af-dirty,2026-09-23T22:37:09Z
static-tiled,cpu,Apple M1 Pro,f64,256,2,20.101501872098247,0.0,1.66925,1.661875,0.04707872757732516,32,5,Pauls-MacBook-Pro,eca62af-dirty,2026-09-23T22:37:09Z
static-tiled,cpu,Apple M1 Pro,f64,256,2,23.81505210584552,0.0,1.408959,1.385584,0.034643805706071076,64,5,Pauls-MacBook-Pro,eca62af-dirty,2026-09-23T22:37:09Z
static-tiled,cpu,Apple M1 Pro,f64,256,2,20.573979285260553,0.0,1.630916,1.587042,0.040010759944045085,128,5,Pauls-MacBook-Pro,eca62af-dirty,2026-09-23T22:37:09Z
static-tiled,cpu,Apple M1 Pro,f64,256,2,24.199367798393606,0.0,1.3865830000000001,1.341792,0.04125861846087428,256,5,Pauls-MacBook-Pro,eca62af-dirty,2026-09-23T22:37:09Z
static-tiled,cpu,Apple M1 Pro,f64,256,4,27.190694636563943,0.0,1.234041,1.216958,0.017990043699224356,16,5,Pauls-MacBook-Pro,eca62af-dirty,2026-09-23T22:37:09Z
static-tiled,cpu,Apple M1 Pro,f64,256,4,37.82379258841764,0.0,0.887125,0.882834,0.009684879901165526,32,5,Pauls-MacBook-Pro,eca62af-dirty,2026-09-23T22:37:09Z
static-tiled,cpu,Apple M1 Pro,f64,256,4,44.776556463719764,0.0,0.749375,0.7338330000000001,0.010719725005801189,64,5,Pauls-MacBook-Pro,eca62af-dirty,2026-09-23T22:37:09Z
static-tiled,cpu,Apple M1 Pro,f64,256,4,38.59049108683151,0.0,0.8695,0.841166,0.016107384657355173,128,5,Pauls-MacBook-Pro,eca62af-dirty,2026-09-23T22:37:09Z
static-tiled,cpu,Apple M1 Pro,f64,256,4,45.80809829351536,0.0,0.7324999999999999,0.7256250000000001,0.01591657613935863,256,5,Pauls-MacBook-Pro,eca62af-dirty,2026-09-23T22:37:09Z
static-tiled,cpu,Apple M1 Pro,f64,256,8,49.34170536525686,0.0,0.6800419999999999,0.6709590000000001,0.007503202469612542,16,5,Pauls-MacBook-Pro,eca62af-dirty,2026-09-23T22:37:09Z
static-tiled,cpu,Apple M1 Pro,f64,256,8,60.32712941921008,0.0,0.556208,0.52775,0.01456241333021417,32,5,Pauls-MacBook-Pro,eca62af-dirty,2026-09-23T22:37:09Z
static-tiled,cpu,Apple M1 Pro,f64,256,8,75.82922485875706,0.0,0.4425,0.42250000000000004,0.014349245722336758,64,5,Pauls-MacBook-Pro,eca62af-dirty,2026-09-23T22:37:09Z
static-tiled,cpu,Apple M1 Pro,f64,256,8,68.2000650406504,0.0,0.49200000000000005,0.48312499999999997,0.016443516664631088,128,5,Pauls-MacBook-Pro,eca62af-dirty,2026-09-23T22:37:09Z
static-tiled,cpu,Apple M1 Pro,f64,256,8,78.47447986828318,0.0,0.427584,0.416333,0.006644724952923178,256,5,Pauls-MacBook-Pro,eca62af-dirty,2026-09-23T22:37:09Z
static-tiled,cpu,Apple M1 Pro,f64,256,10,38.35519881486088,0.0,0.874834,0.820666,0.039416203666766264,16,5,Pauls-MacBook-Pro,eca62af-dirty,2026-09-23T22:37:09Z
static-tiled,cpu,Apple M1 Pro,f64,256,10,51.326091013384314,0.0,0.65375,0.643666,0.011380002205623676,32,5,Pauls-MacBook-Pro,eca62af-dirty,2026-09-23T22:37:09Z
static-tiled,cpu,Apple M1 Pro,f64,256,10,57.62069468843428,0.0,0.582333,0.519834,0.03802298437129836,64,5,Pauls-MacBook-Pro,eca62af-dirty,2026-09-23T22:37:09Z
static-tiled,cpu,Apple M1 Pro,f64,256,10,53.46254849631548,0.0,0.627625,0.613708,0.015506848399981192,128,5,Pauls-MacBook-Pro,eca62af-dirty,2026-09-23T22:37:09Z
static-tiled,cpu,Apple M1 Pro,f64,256,10,61.93711490539917,0.0,0.5417500000000001,0.512209,0.031997665716423734,256,5,Pauls-MacBook-Pro,eca62af-dirty,2026-09-23T22:37:09Z
naive-ijk,cpu,Apple M1 Pro,f64,512,1,2.097924380362692,0.0,127.95287499999999,127.76650000000001,0.30352598635587064,,5,Pauls-MacBook-Pro,eca62af-dirty,2026-09-23T22:37:09Z
ikj,cpu,Apple M1 Pro,f64,512,1,13.010426062315588,0.0,20.632334,20.383958,0.15575951366609955,,5,Pauls-MacBook-Pro,eca62af-dirty,2026-09-23T22:37:09Z
tiled,cpu,Apple M1 Pro,f64,512,1,7.418845086481004,0.0,36.182917,36.056584,0.1341000405693433,16,5,Pauls-MacBook-Pro,eca62af-dirty,2026-09-23T22:37:09Z
tiled,cpu,Apple M1 Pro,f64,512,1,9.227162429372463,0.0,29.091874999999998,28.750125,0.2916035646075001,32,5,Pauls-MacBook-Pro,eca62af-dirty,2026-09-23T22:37:09Z
tiled,cpu,Apple M1 Pro,f64,512,1,10.637321048929573,0.0,25.23525,24.880416999999998,0.34372530077330604,64,5,Pauls-MacBook-Pro,eca62af-dirty,2026-09-23T22:37:09Z
tiled,cpu,Apple M1 Pro,f64,512,1,10.528876572131361,0.0,25.495166,25.124333,0.18093818910528509,128,5,Pauls-MacBook-Pro,eca62af-dirty,2026-09-23T22:37:09Z
tiled,cpu,Apple M1 Pro,f64,512,1,10.480915442483168,0.0,25.611833,25.524458,0.7650133903739859,256,5,Pauls-MacBook-Pro,eca62af-dirty,2026-09-23T22:37:09Z
rayon-ikj,cpu,Apple M1 Pro,f64,512,1,13.003729552531688,0.0,20.642958999999998,20.37775,0.12537415006970187,,5,Pauls-MacBook-Pro,eca62af-dirty,2026-09-23T22:37:09Z
rayon-ikj,cpu,Apple M1 Pro,f64,512,2,25.527396436317417,0.0,10.515583,10.47325,0.027571363491855055,,5,Pauls-MacBook-Pro,eca62af-dirty,2026-09-23T22:37:09Z
rayon-ikj,cpu,Apple M1 Pro,f64,512,4,49.293782807299436,0.0,5.445625,5.429833,0.029895742916007297,,5,Pauls-MacBook-Pro,eca62af-dirty,2026-09-23T22:37:09Z
rayon-ikj,cpu,Apple M1 Pro,f64,512,8,89.0542309769591,0.0,3.014292,2.934333,0.08404192897893276,,5,Pauls-MacBook-Pro,eca62af-dirty,2026-09-23T22:37:09Z
rayon-ikj,cpu,Apple M1 Pro,f64,512,10,95.56549786465669,0.0,2.808916,2.7185,0.0719091085746444,,5,Pauls-MacBook-Pro,eca62af-dirty,2026-09-23T22:37:09Z
rayon-tiled,cpu,Apple M1 Pro,f64,512,1,7.336122677657955,0.0,36.590917,36.441874999999996,0.1494951683961712,16,5,Pauls-MacBook-Pro,eca62af-dirty,2026-09-23T22:37:09Z
rayon-tiled,cpu,Apple M1 Pro,f64,512,1,9.173229586100387,0.0,29.262916999999998,28.918,0.22812662058229888,32,5,Pauls-MacBook-Pro,eca62af-dirty,2026-09-23T22:37:09Z
rayon-tiled,cpu,Apple M1 Pro,f64,512,1,10.651813027279921,0.0,25.200917,24.775708,0.2515486637426243,64,5,Pauls-MacBook-Pro,eca62af-dirty,2026-09-23T22:37:09Z
rayon-tiled,cpu,Apple M1 Pro,f64,512,1,10.555909378241143,0.0,25.429875000000003,25.327834,0.1283908899131869,128,5,Pauls-MacBook-Pro,eca62af-dirty,2026-09-23T22:37:09Z
rayon-tiled,cpu,Apple M1 Pro,f64,512,1,10.3805189736353,0.0,25.859541,25.524792,0.1684598761910381,256,5,Pauls-MacBook-Pro,eca62af-dirty,2026-09-23T22:37:09Z
rayon-tiled,cpu,Apple M1 Pro,f64,512,2,14.319357374087115,0.0,18.746334,18.629165999999998,0.0830789018572104,16,5,Pauls-MacBook-Pro,eca62af-dirty,2026-09-23T22:37:09Z
rayon-tiled,cpu,Apple M1 Pro,f64,512,2,17.810010730374735,0.0,15.072166999999999,14.965958,0.0933775788736242,32,5,Pauls-MacBook-Pro,eca62af-dirty,2026-09-23T22:37:09Z
rayon-tiled,cpu,Apple M1 Pro,f64,512,2,20.851853169521352,0.0,12.873458000000001,12.761458999999999,0.05547940834489943,64,5,Pauls-MacBook-Pro,eca62af-dirty,2026-09-23T22:37:09Z
rayon-tiled,cpu,Apple M1 Pro,f64,512,2,20.47178610815866,0.0,13.112459,13.025167000000001,0.08835761646739919,128,5,Pauls-MacBook-Pro,eca62af-dirty,2026-09-23T22:37:09Z
rayon-tiled,cpu,Apple M1 Pro,f64,512,2,19.807568472818293,0.0,13.552166,13.346958,0.1308669904112567,256,5,Pauls-MacBook-Pro,eca62af-dirty,2026-09-23T22:37:09Z
rayon-tiled,cpu,Apple M1 Pro,f64,512,4,27.062524725065337,0.0,9.919084,9.733917,0.13496857087411143,16,5,Pauls-MacBook-Pro,eca62af-dirty,2026-09-23T22:37:09Z
rayon-tiled,cpu,Apple M1 Pro,f64,512,4,33.653638720242434,0.0,7.976417,7.899750000000001,0.08635992697020962,32,5,Pauls-MacBook-Pro,eca62af-dirty,2026-09-23T22:37:09Z
rayon-tiled,cpu,Apple M1 Pro,f64,512,4,40.75308184837271,0.0,6.586875,6.547167,0.0781095865518437,64,5,Pauls-MacBook-Pro,eca62af-dirty,2026-09-23T22:37:09Z
rayon-tiled,cpu,Apple M1 Pro,f64,512,4,39.72309615137887,0.0,6.7576670000000005,6.7035,0.02741443071267405,128,5,Pauls-MacBook-Pro,eca62af-dirty,2026-09-23T22:37:09Z
rayon-tiled,cpu,Apple M1 Pro,f64,512,4,39.34994041118482,0.0,6.82175,6.6639170000000005,0.0855578190798476,256,5,Pauls-MacBook-Pro,eca62af-dirty,2026-09-23T22:37:09Z
rayon-tiled,cpu,Apple M1 Pro,f64,512,8,49.59164457906893,0.0,5.412916999999999,5.067,0.28725909367207164,16,5,Pauls-MacBook-Pro,eca62af-dirty,2026-09-23T22:37:09Z
rayon-tiled,cpu,Apple M1 Pro,f64,512,8,62.43108973911716,0.0,4.299708,4.256042,0.34137759396714956,32,5,Pauls-MacBook-Pro,eca62af-dirty,2026-09-23T22:37:09Z
rayon-tiled,cpu,Apple M1 Pro,f64,512,8,78.19837040273833,0.0,3.43275,3.4129579999999997,0.18104093470897697,64,5,Pauls-MacBook-Pro,eca62af-dirty,2026-09-23T22:37:09Z
rayon-tiled,cpu,Apple M1 Pro,f64,512,8,64.17232248022431,0.0,4.183041,3.4420420000000003,0.35247604534875837,128,5,Pauls-MacBook-Pro,eca62af-dirty,2026-09-23T22:37:09Z
rayon-tiled,cpu,Apple M1 Pro,f64,512,8,75.99112459369651,0.0,3.532458,3.487333,0.3831863323558133,256,5,Pauls-MacBook-Pro,eca62af-dirty,2026-09-23T22:37:09Z
rayon-tiled,cpu,Apple M1 Pro,f64,512,10,51.92426248851492,0.0,5.16975,5.0759170000000005,0.12836042985086965,16,5,Pauls-MacBook-Pro,eca62af-dirty,2026-09-23T22:37:09Z
rayon-tiled,cpu,Apple M1 Pro,f64,512,10,63.568240159591085,0.0,4.222792,4.171292,0.2489787653264831,32,5,Pauls-MacBook-Pro,eca62af-dirty,2026-09-23T22:37:09Z
rayon-tiled,cpu,Apple M1 Pro,f64,512,10,77.72571023200261,0.0,3.453625,3.444959,0.10211633946778544,64,5,Pauls-MacBook-Pro,eca62af-dirty,2026-09-23T22:37:09Z
rayon-tiled,cpu,Apple M1 Pro,f64,512,10,61.07457394507836,0.0,4.395208,3.480583,5.476018445277892,128,5,Pauls-MacBook-Pro,eca62af-dirty,2026-09-23T22:37:09Z
rayon-tiled,cpu,Apple M1 Pro,f64,512,10,73.96358738839422,0.0,3.629292,3.483166,0.3122292388529619,256,5,Pauls-MacBook-Pro,eca62af-dirty,2026-09-23T22:37:09Z
static-ikj,cpu,Apple M1 Pro,f64,512,1,12.934337131465856,0.0,20.753708,20.650542,0.3836771109572476,,5,Pauls-MacBook-Pro,eca62af-dirty,2026-09-23T22:37:09Z
static-ikj,cpu,Apple M1 Pro,f64,512,2,25.397575287146758,0.0,10.569334,10.469,0.07356595764142577,,5,Pauls-MacBook-Pro,eca62af-dirty,2026-09-23T22:37:09Z
static-ikj,cpu,Apple M1 Pro,f64,512,4,49.01886757998205,0.0,5.476166,5.370083,0.06416310742397077,,5,Pauls-MacBook-Pro,eca62af-dirty,2026-09-23T22:37:09Z
static-ikj,cpu,Apple M1 Pro,f64,512,8,95.81563566026779,0.0,2.801583,2.796458,0.01912055086288061,,5,Pauls-MacBook-Pro,eca62af-dirty,2026-09-23T22:37:09Z
static-ikj,cpu,Apple M1 Pro,f64,512,10,74.47576458667943,0.0,3.604333,3.598,0.022419872263240017,,5,Pauls-MacBook-Pro,eca62af-dirty,2026-09-23T22:37:09Z
static-tiled,cpu,Apple M1 Pro,f64,512,1,7.319536411697135,0.0,36.673833,36.536666000000004,0.2790753359064522,16,5,Pauls-MacBook-Pro,eca62af-dirty,2026-09-23T22:37:09Z
static-tiled,cpu,Apple M1 Pro,f64,512,1,9.202607380997275,0.0,29.1695,29.009041,0.1688833838206108,32,5,Pauls-MacBook-Pro,eca62af-dirty,2026-09-23T22:37:09Z
static-tiled,cpu,Apple M1 Pro,f64,512,1,10.767909514012638,0.0,24.929208000000003,24.904374999999998,0.22247279602796285,64,5,Pauls-MacBook-Pro,eca62af-dirty,2026-09-23T22:37:09Z
static-tiled,cpu,Apple M1 Pro,f64,512,1,10.637531816245454,0.0,25.234750000000002,25.110375,0.39112346293171846,128,5,Pauls-MacBook-Pro,eca62af-dirty,2026-09-23T22:37:09Z
static-tiled,cpu,Apple M1 Pro,f64,512,1,10.39532554060558,0.0,25.822708,25.436166999999998,0.2260589365172284,256,5,Pauls-MacBook-Pro,eca62af-dirty,2026-09-23T22:37:09Z
static-tiled,cpu,Apple M1 Pro,f64,512,2,14.198676830603226,0.0,18.905667,18.708,0.11802036198554913,16,5,Pauls-MacBook-Pro,eca62af-dirty,2026-09-23T22:37:09Z
static-tiled,cpu,Apple M1 Pro,f64,512,2,17.875388242238383,0.0,15.017042,14.997,0.06520501052296501,32,5,Pauls-MacBook-Pro,eca62af-dirty,2026-09-23T22:37:09Z
static-tiled,cpu,Apple M1 Pro,f64,512,2,20.650204432330163,0.0,12.999167,12.859375,0.09677940835735678,64,5,Pauls-MacBook-Pro,eca62af-dirty,2026-09-23T22:37:09Z
static-tiled,cpu,Apple M1 Pro,f64,512,2,19.939990043207015,0.0,13.462166,13.263416,0.09269602120533553,128,5,Pauls-MacBook-Pro,eca62af-dirty,2026-09-23T22:37:09Z
static-tiled,cpu,Apple M1 Pro,f64,512,2,20.054696067669532,0.0,13.385167,13.140167,0.18638525698402228,256,5,Pauls-MacBook-Pro,eca62af-dirty,2026-09-23T22:37:09Z
static-tiled,cpu,Apple M1 Pro,f64,512,4,27.572020437577137,0.0,9.735792,9.71025,0.06155540946821804,16,5,Pauls-MacBook-Pro,eca62af-dirty,2026-09-23T22:37:09Z
static-tiled,cpu,Apple M1 Pro,f64,512,4,34.44203333584387,0.0,7.793833,7.726833,0.04099510260384793,32,5,Pauls-MacBook-Pro,eca62af-dirty,2026-09-23T22:37:09Z
static-tiled,cpu,Apple M1 Pro,f64,512,4,40.01149149964995,0.0,6.708958999999999,6.549209,0.08142507461894023,64,5,Pauls-MacBook-Pro,eca62af-dirty,2026-09-23T22:37:09Z
static-tiled,cpu,Apple M1 Pro,f64,512,4,40.00255362599692,0.0,6.710458,6.658207999999999,0.029818058032004772,128,5,Pauls-MacBook-Pro,eca62af-dirty,2026-09-23T22:37:09Z
static-tiled,cpu,Apple M1 Pro,f64,512,4,39.5888459738639,0.0,6.780583,6.689583,0.05560858172260834,256,5,Pauls-MacBook-Pro,eca62af-dirty,2026-09-23T22:37:09Z
static-tiled,cpu,Apple M1 Pro,f64,512,8,53.61292308220808,0.0,5.006917,4.956709,0.22338888433559112,16,5,Pauls-MacBook-Pro,eca62af-dirty,2026-09-23T22:37:09Z
static-tiled,cpu,Apple M1 Pro,f64,512,8,65.07920625492454,0.0,4.12475,4.069708,0.22498269613750274,32,5,Pauls-MacBook-Pro,eca62af-dirty,2026-09-23T22:37:09Z
static-tiled,cpu,Apple M1 Pro,f64,512,8,79.80343597006636,0.0,3.363708,3.353958,0.03531464238527706,64,5,Pauls-MacBook-Pro,eca62af-dirty,2026-09-23T22:37:09Z
static-tiled,cpu,Apple M1 Pro,f64,512,8,77.3877351451895,0.0,3.468708,3.448625,0.3424446843206943,128,5,Pauls-MacBook-Pro,eca62af-dirty,2026-09-23T22:37:09Z
static-tiled,cpu,Apple M1 Pro,f64,512,8,77.25501637998693,0.0,3.4746669999999997,3.454,0.025908232230316127,256,5,Pauls-MacBook-Pro,eca62af-dirty,2026-09-23T22:37:09Z
static-tiled,cpu,Apple M1 Pro,f64,512,10,36.21205753503195,0.0,7.4128750000000005,6.083625,1.6389036902695653,16,5,Pauls-MacBook-Pro,eca62af-dirty,2026-09-23T22:37:09Z
static-tiled,cpu,Apple M1 Pro,f64,512,10,52.08588767543679,0.0,5.153708,5.088667,0.3774967476499631,32,5,Pauls-MacBook-Pro,eca62af-dirty,2026-09-23T22:37:09Z
static-tiled,cpu,Apple M1 Pro,f64,512,10,59.58611675915649,0.0,4.505,4.443083,0.037954626678443314,64,5,Pauls-MacBook-Pro,eca62af-dirty,2026-09-23T22:37:09Z
static-tiled,cpu,Apple M1 Pro,f64,512,10,59.40589470301751,0.0,4.518667,4.5039169999999995,0.05564669875383419,128,5,Pauls-MacBook-Pro,eca62af-dirty,2026-09-23T22:37:09Z
static-tiled,cpu,Apple M1 Pro,f64,512,10,58.88356588977242,0.0,4.55875,4.527333,0.13133409763462053,256,5,Pauls-MacBook-Pro,eca62af-dirty,2026-09-23T22:37:09Z
naive-ijk,cpu,Apple M1 Pro,f64,1024,1,1.6254045771600638,0.0,1321.199459,1316.428416,10.140115690400282,,5,Pauls-MacBook-Pro,eca62af-dirty,2026-09-23T22:37:09Z
ikj,cpu,Apple M1 Pro,f64,1024,1,12.748682218495377,0.0,168.4475,168.250708,0.40381189383882754,,5,Pauls-MacBook-Pro,eca62af-dirty,2026-09-23T22:37:09Z
tiled,cpu,Apple M1 Pro,f64,1024,1,6.241823143606624,0.0,344.0475,341.272417,1.3980662535421158,16,5,Pauls-MacBook-Pro,eca62af-dirty,2026-09-23T22:37:09Z
tiled,cpu,Apple M1 Pro,f64,1024,1,7.378581757069298,0.0,291.042875,290.080333,0.6246764194921139,32,5,Pauls-MacBook-Pro,eca62af-dirty,2026-09-23T22:37:09Z
tiled,cpu,Apple M1 Pro,f64,1024,1,9.143124062681613,0.0,234.874167,234.38175,1.6322949166085965,64,5,Pauls-MacBook-Pro,eca62af-dirty,2026-09-23T22:37:09Z
tiled,cpu,Apple M1 Pro,f64,1024,1,9.61177702521628,0.0,223.422125,222.84875000000002,1.7232167665126494,128,5,Pauls-MacBook-Pro,eca62af-dirty,2026-09-23T22:37:09Z
tiled,cpu,Apple M1 Pro,f64,1024,1,10.288141529495391,0.0,208.733875,208.34904200000003,0.6297815276921844,256,5,Pauls-MacBook-Pro,eca62af-dirty,2026-09-23T22:37:09Z
rayon-ikj,cpu,Apple M1 Pro,f64,1024,1,12.695935607805296,0.0,169.147333,168.330625,1.9081883933834267,,5,Pauls-MacBook-Pro,eca62af-dirty,2026-09-23T22:37:09Z
rayon-ikj,cpu,Apple M1 Pro,f64,1024,2,24.840016904526532,0.0,86.452584,86.115584,0.19035439802825652,,5,Pauls-MacBook-Pro,eca62af-dirty,2026-09-23T22:37:09Z
rayon-ikj,cpu,Apple M1 Pro,f64,1024,4,48.35812605216318,0.0,44.407917,43.971333,0.38430367401665544,,5,Pauls-MacBook-Pro,eca62af-dirty,2026-09-23T22:37:09Z
rayon-ikj,cpu,Apple M1 Pro,f64,1024,8,92.76687789021243,0.0,23.14925,22.891834,0.7835633906996929,,5,Pauls-MacBook-Pro,eca62af-dirty,2026-09-23T22:37:09Z
rayon-ikj,cpu,Apple M1 Pro,f64,1024,10,102.10735727743338,0.0,21.031625000000002,20.909457999999997,0.3150511453410393,,5,Pauls-MacBook-Pro,eca62af-dirty,2026-09-23T22:37:09Z
rayon-tiled,cpu,Apple M1 Pro,f64,1024,1,6.17015579254887,0.0,348.043667,346.23254199999997,2.2962549616434993,16,5,Pauls-MacBook-Pro,eca62af-dirty,2026-09-23T22:37:09Z
rayon-tiled,cpu,Apple M1 Pro,f64,1024,1,7.333907578400411,0.0,292.81575,291.092875,1.0234153441981964,32,5,Pauls-MacBook-Pro,eca62af-dirty,2026-09-23T22:37:09Z
rayon-tiled,cpu,Apple M1 Pro,f64,1024,1,8.985862137313564,0.0,238.98470899999998,234.943625,2.576258447852095,64,5,Pauls-MacBook-Pro,eca62af-dirty,2026-09-23T22:37:09Z
rayon-tiled,cpu,Apple M1 Pro,f64,1024,1,9.574897947865049,0.0,224.282667,222.49670899999998,1.4965097300929355,128,5,Pauls-MacBook-Pro,eca62af-dirty,2026-09-23T22:37:09Z
rayon-tiled,cpu,Apple M1 Pro,f64,1024,1,10.240205082232213,0.0,209.711,208.41341699999998,1.0558560583821615,256,5,Pauls-MacBook-Pro,eca62af-dirty,2026-09-23T22:37:09Z
rayon-tiled,cpu,Apple M1 Pro,f64,1024,2,12.072701796002201,0.0,177.879292,177.31870899999998,1.0186570158425823,16,5,Pauls-MacBook-Pro,eca62af-dirty,2026-09-23T22:37:09Z
rayon-tiled,cpu,Apple M1 Pro,f64,1024,2,14.295210139524977,0.0,150.224,149.65620800000002,0.3664994657360263,32,5,Pauls-MacBook-Pro,eca62af-dirty,2026-09-23T22:37:09Z
rayon-tiled,cpu,Apple M1 Pro,f64,1024,2,17.48962214521789,0.0,122.78616600000001,121.790334,0.45690758964203965,64,5,Pauls-MacBook-Pro,eca62af-dirty,2026-09-23T22:37:09Z
rayon-tiled,cpu,Apple M1 Pro,f64,1024,2,17.616698765807755,0.0,121.900458,116.572209,2.6983625336002763,128,5,Pauls-MacBook-Pro,eca62af-dirty,2026-09-23T22:37:09Z
rayon-tiled,cpu,Apple M1 Pro,f64,1024,2,19.472061893972793,0.0,110.285375,108.92224999999999,1.799510156649915,256,5,Pauls-MacBook-Pro,eca62af-dirty,2026-09-23T22:37:09Z
rayon-tiled,cpu,Apple M1 Pro,f64,1024,4,23.000312913741023,0.0,93.36758400000001,92.913209,0.9134491056286071,16,5,Pauls-MacBook-Pro,eca62af-dirty,2026-09-23T22:37:09Z
rayon-tiled,cpu,Apple M1 Pro,f64,1024,4,29.113734541048473,0.0,73.761875,73.560625,0.6518016986240526,32,5,Pauls-MacBook-Pro,eca62af-dirty,2026-09-23T22:37:09Z
rayon-tiled,cpu,Apple M1 Pro,f64,1024,4,34.01684853476952,0.0,63.13,62.150458,0.8026987416670088,64,5,Pauls-MacBook-Pro,eca62af-dirty,2026-09-23T22:37:09Z
rayon-tiled,cpu,Apple M1 Pro,f64,1024,4,36.462919568724,0.0,58.895,58.467708,1.3722484374761368,128,5,Pauls-MacBook-Pro,eca62af-dirty,2026-09-23T22:37:09Z
rayon-tiled,cpu,Apple M1 Pro,f64,1024,4,38.01010140074883,0.0,56.497709,54.953125,0.8657878282797128,256,5,Pauls-MacBook-Pro,eca62af-dirty,2026-09-23T22:37:09Z
rayon-tiled,cpu,Apple M1 Pro,f64,1024,8,41.386903484428004,0.0,51.888,48.884083000000004,1.5795656496781634,16,5,Pauls-MacBook-Pro,eca62af-dirty,2026-09-23T22:37:09Z
rayon-tiled,cpu,Apple M1 Pro,f64,1024,8,56.75793230190016,0.0,37.835833,37.131,1.2499872283375535,32,5,Pauls-MacBook-Pro,eca62af-dirty,2026-09-23T22:37:09Z
rayon-tiled,cpu,Apple M1 Pro,f64,1024,8,67.42888782306652,0.0,31.848125,31.527958,0.6774094153270952,64,5,Pauls-MacBook-Pro,eca62af-dirty,2026-09-23T22:37:09Z
rayon-tiled,cpu,Apple M1 Pro,f64,1024,8,71.45109912756794,0.0,30.055292,29.54975,0.3767876782015312,128,5,Pauls-MacBook-Pro,eca62af-dirty,2026-09-23T22:37:09Z
rayon-tiled,cpu,Apple M1 Pro,f64,1024,8,75.8063598190122,0.0,28.328542000000002,27.816125,1.0048303167113348,256,5,Pauls-MacBook-Pro,eca62af-dirty,2026-09-23T22:37:09Z
rayon-tiled,cpu,Apple M1 Pro,f64,1024,10,45.82544901279815,0.0,46.86225,45.499042,1.3521023375814412,16,5,Pauls-MacBook-Pro,eca62af-dirty,2026-09-23T22:37:09Z
rayon-tiled,cpu,Apple M1 Pro,f64,1024,10,57.23170082050497,0.0,37.522625,35.636125,1.198203991955961,32,5,Pauls-MacBook-Pro,eca62af-dirty,2026-09-23T22:37:09Z
rayon-tiled,cpu,Apple M1 Pro,f64,1024,10,67.72046444451452,0.0,31.711000000000002,31.514791,0.34835865555315115,64,5,Pauls-MacBook-Pro,eca62af-dirty,2026-09-23T22:37:09Z
rayon-tiled,cpu,Apple M1 Pro,f64,1024,10,71.61909437290744,0.0,29.984792,29.864084,0.20757900832526502,128,5,Pauls-MacBook-Pro,eca62af-dirty,2026-09-23T22:37:09Z
rayon-tiled,cpu,Apple M1 Pro,f64,1024,10,76.11096712629771,0.0,28.215167,27.880499999999998,0.9087874895935236,256,5,Pauls-MacBook-Pro,eca62af-dirty,2026-09-23T22:37:09Z
static-ikj,cpu,Apple M1 Pro,f64,1024,1,12.754550383084872,0.0,168.37,168.229083,0.2860353751679944,,5,Pauls-MacBook-Pro,eca62af-dirty,2026-09-23T22:37:09Z
static-ikj,cpu,Apple M1 Pro,f64,1024,2,24.831950567633804,0.0,86.480667,85.995208,0.34535169892661627,,5,Pauls-MacBook-Pro,eca62af-dirty,2026-09-23T22:37:09Z
static-ikj,cpu,Apple M1 Pro,f64,1024,4,48.32321440144015,0.0,44.44,44.131875,0.2675515544221349,,5,Pauls-MacBook-Pro,eca62af-dirty,2026-09-23T22:37:09Z
static-ikj,cpu,Apple M1 Pro,f64,1024,8,91.1408565820327,0.0,23.56225,23.109917,1.4159012567678224,,5,Pauls-MacBook-Pro,eca62af-dirty,2026-09-23T22:37:09Z
static-ikj,cpu,Apple M1 Pro,f64,1024,10,80.50736513976429,0.0,26.674375,24.729875,1.530004250301841,,5,Pauls-MacBook-Pro,eca62af-dirty,2026-09-23T22:37:09Z
static-tiled,cpu,Apple M1 Pro,f64,1024,1,6.198307358821896,0.0,346.462917,345.74325,1.0234367011033472,16,5,Pauls-MacBook-Pro,eca62af-dirty,2026-09-23T22:37:09Z
static-tiled,cpu,Apple M1 Pro,f64,1024,1,7.300277348741809,0.0,294.164666,292.50208399999997,2.317988515071139,32,5,Pauls-MacBook-Pro,eca62af-dirty,2026-09-23T22:37:09Z
static-tiled,cpu,Apple M1 Pro,f64,1024,1,9.08544410149693,0.0,236.365292,235.52812500000002,0.5582124660008912,64,5,Pauls-MacBook-Pro,eca62af-dirty,2026-09-23T22:37:09Z
static-tiled,cpu,Apple M1 Pro,f64,1024,1,9.593802964561744,0.0,223.840708,222.107375,1.3665975733474758,128,5,Pauls-MacBook-Pro,eca62af-dirty,2026-09-23T22:37:09Z
static-tiled,cpu,Apple M1 Pro,f64,1024,1,10.248749314957164,0.0,209.536167,208.8655,1.3406010128737855,256,5,Pauls-MacBook-Pro,eca62af-dirty,2026-09-23T22:37:09Z
static-tiled,cpu,Apple M1 Pro,f64,1024,2,12.008923008097348,0.0,178.824,177.591792,2.0347638221687934,16,5,Pauls-MacBook-Pro,eca62af-dirty,2026-09-23T22:37:09Z
static-tiled,cpu,Apple M1 Pro,f64,1024,2,14.16390615475051,0.0,151.616625,150.61741700000002,0.9708070032209326,32,5,Pauls-MacBook-Pro,eca62af-dirty,2026-09-23T22:37:09Z
static-tiled,cpu,Apple M1 Pro,f64,1024,2,17.404650241873803,0.0,123.385625,122.101375,1.706748812969768,64,5,Pauls-MacBook-Pro,eca62af-dirty,2026-09-23T22:37:09Z
static-tiled,cpu,Apple M1 Pro,f64,1024,2,17.58735655743092,0.0,122.103833,118.46983399999999,3.2885915708139013,128,5,Pauls-MacBook-Pro,eca62af-dirty,2026-09-23T22:37:09Z
static-tiled,cpu,Apple M1 Pro,f64,1024,2,18.818578504648677,0.0,114.11508300000001,109.561208,2.534919424890605,256,5,Pauls-MacBook-Pro,eca62af-dirty,2026-09-23T22:37:09Z
static-tiled,cpu,Apple M1 Pro,f64,1024,4,23.06240443124574,0.0,93.116208,92.37745799999999,0.5300166662357955,16,5,Pauls-MacBook-Pro,eca62af-dirty,2026-09-23T22:37:09Z
static-tiled,cpu,Apple M1 Pro,f64,1024,4,28.892894402145092,0.0,74.325667,73.154167,0.9204844278777856,32,5,Pauls-MacBook-Pro,eca62af-dirty,2026-09-23T22:37:09Z
static-tiled,cpu,Apple M1 Pro,f64,1024,4,34.08048289118959,0.0,63.012125000000005,61.95525000000001,1.1347225814121686,64,5,Pauls-MacBook-Pro,eca62af-dirty,2026-09-23T22:37:09Z
static-tiled,cpu,Apple M1 Pro,f64,1024,4,35.66545051121561,0.0,60.211875,57.845209000000004,1.1177869201431885,128,5,Pauls-MacBook-Pro,eca62af-dirty,2026-09-23T22:37:09Z
static-tiled,cpu,Apple M1 Pro,f64,1024,4,36.62077847244575,0.0,58.641125,56.127791,2.6684724421331008,256,5,Pauls-MacBook-Pro,eca62af-dirty,2026-09-23T22:37:09Z
static-tiled,cpu,Apple M1 Pro,f64,1024,8,44.668904032450236,0.0,48.075584,47.358667,2.553362889724512,16,5,Pauls-MacBook-Pro,eca62af-dirty,2026-09-23T22:37:09Z
static-tiled,cpu,Apple M1 Pro,f64,1024,8,59.65550021094179,0.0,35.998083,35.516917,0.3576348437732274,32,5,Pauls-MacBook-Pro,eca62af-dirty,2026-09-23T22:37:09Z
static-tiled,cpu,Apple M1 Pro,f64,1024,8,66.32530923272013,0.0,32.378042,31.64325,1.3687799035835524,64,5,Pauls-MacBook-Pro,eca62af-dirty,2026-09-23T22:37:09Z
static-tiled,cpu,Apple M1 Pro,f64,1024,8,71.72424281835303,0.0,29.940834,29.221833999999998,0.6311041654471156,128,5,Pauls-MacBook-Pro,eca62af-dirty,2026-09-23T22:37:09Z
static-tiled,cpu,Apple M1 Pro,f64,1024,8,76.23435446138555,0.0,28.1695,27.539292,0.7571420255043306,256,5,Pauls-MacBook-Pro,eca62af-dirty,2026-09-23T22:37:09Z
static-tiled,cpu,Apple M1 Pro,f64,1024,10,42.63682525469369,0.0,50.366875,47.527874999999995,2.7459007578603982,16,5,Pauls-MacBook-Pro,eca62af-dirty,2026-09-23T22:37:09Z
static-tiled,cpu,Apple M1 Pro,f64,1024,10,55.216413297036354,0.0,38.892125,34.846375,2.176262080765848,32,5,Pauls-MacBook-Pro,eca62af-dirty,2026-09-23T22:37:09Z
static-tiled,cpu,Apple M1 Pro,f64,1024,10,57.46550720058323,0.0,37.369959,35.240874999999996,1.1603168924162506,64,5,Pauls-MacBook-Pro,eca62af-dirty,2026-09-23T22:37:09Z
static-tiled,cpu,Apple M1 Pro,f64,1024,10,60.80271945241744,0.0,35.318875,31.875500000000002,3.6184972211539272,128,5,Pauls-MacBook-Pro,eca62af-dirty,2026-09-23T22:37:09Z
static-tiled,cpu,Apple M1 Pro,f64,1024,10,61.44789593648766,0.0,34.948042,28.74575,3.7086951524059364,256,5,Pauls-MacBook-Pro,eca62af-dirty,2026-09-23T22:37:09Z
naive-ijk,cpu,Apple M1 Pro,f64,2048,1,0.6484504648697234,0.0,26493.726375000002,26473.617167,111.28885648945992,,5,Pauls-MacBook-Pro,eca62af-dirty,2026-09-23T22:37:09Z
ikj,cpu,Apple M1 Pro,f64,2048,1,12.674351601627478,0.0,1355.483083,1337.450042,9.311291481322852,,5,Pauls-MacBook-Pro,eca62af-dirty,2026-09-23T22:37:09Z
tiled,cpu,Apple M1 Pro,f64,2048,1,5.866046690056057,0.0,2928.696291,2927.6637920000003,1.637583049106925,16,5,Pauls-MacBook-Pro,eca62af-dirty,2026-09-23T22:37:09Z
tiled,cpu,Apple M1 Pro,f64,2048,1,7.983364541648921,0.0,2151.9585,2147.7448329999997,2.0452983170148333,32,5,Pauls-MacBook-Pro,eca62af-dirty,2026-09-23T22:37:09Z
tiled,cpu,Apple M1 Pro,f64,2048,1,10.374024011273226,0.0,1656.046792,1653.956083,1.5514799980829177,64,5,Pauls-MacBook-Pro,eca62af-dirty,2026-09-23T22:37:09Z
tiled,cpu,Apple M1 Pro,f64,2048,1,10.092601904332215,0.0,1702.224,1699.705,1.251243788884604,128,5,Pauls-MacBook-Pro,eca62af-dirty,2026-09-23T22:37:09Z
tiled,cpu,Apple M1 Pro,f64,2048,1,10.308051649552075,0.0,1666.645625,1664.7355,4.474008559809438,256,5,Pauls-MacBook-Pro,eca62af-dirty,2026-09-23T22:37:09Z
rayon-ikj,cpu,Apple M1 Pro,f64,2048,1,12.83396748381857,0.0,1338.624958,1335.850584,14.196739090151391,,5,Pauls-MacBook-Pro,eca62af-dirty,2026-09-23T22:37:09Z
rayon-ikj,cpu,Apple M1 Pro,f64,2048,2,22.986426255396605,0.0,747.3919169999999,734.7612919999999,9.017382562047196,,5,Pauls-MacBook-Pro,eca62af-dirty,2026-09-23T22:37:09Z
rayon-ikj,cpu,Apple M1 Pro,f64,2048,4,33.68013223963557,0.0,510.089125,505.52750000000003,10.110209899456343,,5,Pauls-MacBook-Pro,eca62af-dirty,2026-09-23T22:37:09Z
rayon-ikj,cpu,Apple M1 Pro,f64,2048,8,69.99890496106225,0.0,245.430542,238.31425000000002,12.001429020719684,,5,Pauls-MacBook-Pro,eca62af-dirty,2026-09-23T22:37:09Z
rayon-ikj,cpu,Apple M1 Pro,f64,2048,10,67.67317047814475,0.0,253.865292,251.76595899999998,15.584270470431724,,5,Pauls-MacBook-Pro,eca62af-dirty,2026-09-23T22:37:09Z
rayon-tiled,cpu,Apple M1 Pro,f64,2048,1,5.765566985202719,0.0,2979.736291,2977.154125,4.271931706994804,16,5,Pauls-MacBook-Pro,eca62af-dirty,2026-09-23T22:37:09Z
rayon-tiled,cpu,Apple M1 Pro,f64,2048,1,7.843171374756507,0.0,2190.4237919999996,2187.8340829999997,4.763252529298874,32,5,Pauls-MacBook-Pro,eca62af-dirty,2026-09-23T22:37:09Z
rayon-tiled,cpu,Apple M1 Pro,f64,2048,1,10.222556772253698,0.0,1680.584375,1678.499875,2.8527220152640713,64,5,Pauls-MacBook-Pro,eca62af-dirty,2026-09-23T22:37:09Z
rayon-tiled,cpu,Apple M1 Pro,f64,2048,1,9.90763259712023,0.0,1734.0034580000001,1729.343417,5.3945388103106255,128,5,Pauls-MacBook-Pro,eca62af-dirty,2026-09-23T22:37:09Z
rayon-tiled,cpu,Apple M1 Pro,f64,2048,1,10.091417711953325,0.0,1702.42375,1698.7910419999998,4.860558854291497,256,5,Pauls-MacBook-Pro,eca62af-dirty,2026-09-23T22:37:09Z
rayon-tiled,cpu,Apple M1 Pro,f64,2048,2,11.01253517643175,0.0,1560.028541,1555.00525,4.969258727207888,16,5,Pauls-MacBook-Pro,eca62af-dirty,2026-09-23T22:37:09Z
rayon-tiled,cpu,Apple M1 Pro,f64,2048,2,15.111093722763762,0.0,1136.9044159999999,1130.517167,5.029952322614572,32,5,Pauls-MacBook-Pro,eca62af-dirty,2026-09-23T22:37:09Z
rayon-tiled,cpu,Apple M1 Pro,f64,2048,2,19.804907339729876,0.0,867.4551660000001,865.877833,0.7916489756436716,64,5,Pauls-MacBook-Pro,eca62af-dirty,2026-09-23T22:37:09Z
rayon-tiled,cpu,Apple M1 Pro,f64,2048,2,16.966171767502424,0.0,1012.5955,990.504875,17.590761863396295,128,5,Pauls-MacBook-Pro,eca62af-dirty,2026-09-23T22:37:09Z
rayon-tiled,cpu,Apple M1 Pro,f64,2048,2,18.570087031937337,0.0,925.136708,921.907875,3.1703395042614346,256,5,Pauls-MacBook-Pro,eca62af-dirty,2026-09-23T22:37:09Z
rayon-tiled,cpu,Apple M1 Pro,f64,2048,4,21.88738635353112,0.0,784.9209999999999,783.338166,1.1554958825044597,16,5,Pauls-MacBook-Pro,eca62af-dirty,2026-09-23T22:37:09Z
rayon-tiled,cpu,Apple M1 Pro,f64,2048,4,29.32803703418394,0.0,585.7831249999999,577.304209,4.9374921316604095,32,5,Pauls-MacBook-Pro,eca62af-dirty,2026-09-23T22:37:09Z
rayon-tiled,cpu,Apple M1 Pro,f64,2048,4,39.0016865769863,0.0,440.49041700000004,438.24858300000005,2.3350859874686,64,5,Pauls-MacBook-Pro,eca62af-dirty,2026-09-23T22:37:09Z
rayon-tiled,cpu,Apple M1 Pro,f64,2048,4,36.6951001904864,0.0,468.178833,460.123375,5.451243689703222,128,5,Pauls-MacBook-Pro,eca62af-dirty,2026-09-23T22:37:09Z
rayon-tiled,cpu,Apple M1 Pro,f64,2048,4,37.40169969073218,0.0,459.333916,451.382958,6.079400167869978,256,5,Pauls-MacBook-Pro,eca62af-dirty,2026-09-23T22:37:09Z
rayon-tiled,cpu,Apple M1 Pro,f64,2048,8,42.37329456395648,0.0,405.44095899999996,401.78041599999995,2.9631531875456014,16,5,Pauls-MacBook-Pro,eca62af-dirty,2026-09-23T22:37:09Z
rayon-tiled,cpu,Apple M1 Pro,f64,2048,8,56.406864326382774,0.0,304.570541,303.825542,1.3426466965011,32,5,Pauls-MacBook-Pro,eca62af-dirty,2026-09-23T22:37:09Z
rayon-tiled,cpu,Apple M1 Pro,f64,2048,8,75.92964160869971,0.0,226.260375,223.873708,11.609120730887993,64,5,Pauls-MacBook-Pro,eca62af-dirty,2026-09-23T22:37:09Z
rayon-tiled,cpu,Apple M1 Pro,f64,2048,8,74.57015117116786,0.0,230.385334,229.498917,1.2906459034176212,128,5,Pauls-MacBook-Pro,eca62af-dirty,2026-09-23T22:37:09Z
rayon-tiled,cpu,Apple M1 Pro,f64,2048,8,75.54252802770053,0.0,227.41983399999998,225.752375,1.9798635400942932,256,5,Pauls-MacBook-Pro,eca62af-dirty,2026-09-23T22:37:09Z
rayon-tiled,cpu,Apple M1 Pro,f64,2048,10,46.76221060371141,0.0,367.38787499999995,365.725208,2.7709543528804983,16,5,Pauls-MacBook-Pro,eca62af-dirty,2026-09-23T22:37:09Z
rayon-tiled,cpu,Apple M1 Pro,f64,2048,10,60.6777171402548,0.0,283.133084,277.547291,20.31546432417578,32,5,Pauls-MacBook-Pro,eca62af-dirty,2026-09-23T22:37:09Z
rayon-tiled,cpu,Apple M1 Pro,f64,2048,10,77.64187371478388,0.0,221.270667,218.141625,3.1563371199670716,64,5,Pauls-MacBook-Pro,eca62af-dirty,2026-09-23T22:37:09Z
rayon-tiled,cpu,Apple M1 Pro,f64,2048,10,67.87736757853466,0.0,253.101583,223.213084,16.374026566345496,128,5,Pauls-MacBook-Pro,eca62af-dirty,2026-09-23T22:37:09Z
rayon-tiled,cpu,Apple M1 Pro,f64,2048,10,63.229598464149454,0.0,271.70612500000004,262.619208,9.58360456672344,256,5,Pauls-MacBook-Pro,eca62af-dirty,2026-09-23T22:37:09Z
static-ikj,cpu,Apple M1 Pro,f64,2048,1,12.677944737815771,0.0,1355.098917,1352.766667,4.420408321893334,,5,Pauls-MacBook-Pro,eca62af-dirty,2026-09-23T22:37:09Z
static-ikj,cpu,Apple M1 Pro,f64,2048,2,23.040300078294834,0.0,745.644333,736.648708,30.080933984869983,,5,Pauls-MacBook-Pro,eca62af-dirty,2026-09-23T22:37:09Z
static-ikj,cpu,Apple M1 Pro,f64,2048,4,33.440221430297164,0.0,513.748667,506.45870800000006,8.461472821901257,,5,Pauls-MacBook-Pro,eca62af-dirty,2026-09-23T22:37:09Z
static-ikj,cpu,Apple M1 Pro,f64,2048,8,71.9122361987522,0.0,238.9005,227.104333,11.709588244751016,,5,Pauls-MacBook-Pro,eca62af-dirty,2026-09-23T22:37:09Z
static-ikj,cpu,Apple M1 Pro,f64,2048,10,63.310569855666095,0.0,271.358625,261.83475,4.49725989851815,,5,Pauls-MacBook-Pro,eca62af-dirty,2026-09-23T22:37:09Z
static-tiled,cpu,Apple M1 Pro,f64,2048,1,5.803728741348551,0.0,2960.143375,2956.984208,3.490654823458203,16,5,Pauls-MacBook-Pro,eca62af-dirty,2026-09-23T22:37:09Z
static-tiled,cpu,Apple M1 Pro,f64,2048,1,7.830560744712745,0.0,2193.9513330000004,2190.2214999999997,3.831937612517917,32,5,Pauls-MacBook-Pro,eca62af-dirty,2026-09-23T22:37:09Z
static-tiled,cpu,Apple M1 Pro,f64,2048,1,10.210987832992917,0.0,1682.488459,1677.5294170000002,7.305748823892486,64,5,Pauls-MacBook-Pro,eca62af-dirty,2026-09-23T22:37:09Z
static-tiled,cpu,Apple M1 Pro,f64,2048,1,9.91293897019186,0.0,1733.0752499999999,1728.7097500000002,2.3227817634231345,128,5,Pauls-MacBook-Pro,eca62af-dirty,2026-09-23T22:37:09Z
static-tiled,cpu,Apple M1 Pro,f64,2048,1,10.091793392453697,0.0,1702.360375,1700.432417,2.131651040755607,256,5,Pauls-MacBook-Pro,eca62af-dirty,2026-09-23T22:37:09Z
static-tiled,cpu,Apple M1 Pro,f64,2048,2,11.145760290932563,0.0,1541.3815419999999,1538.0484999999999,3.21086415097529,16,5,Pauls-MacBook-Pro,eca62af-dirty,2026-09-23T22:37:09Z
static-tiled,cpu,Apple M1 Pro,f64,2048,2,15.079684462976811,0.0,1139.272458,1136.4097499999998,2.0917009710766554,32,5,Pauls-MacBook-Pro,eca62af-dirty,2026-09-23T22:37:09Z
static-tiled,cpu,Apple M1 Pro,f64,2048,2,19.785011051705723,0.0,868.3275,864.567333,4.594077791314334,64,5,Pauls-MacBook-Pro,eca62af-dirty,2026-09-23T22:37:09Z
static-tiled,cpu,Apple M1 Pro,f64,2048,2,17.428851941601167,0.0,985.714334,980.722583,12.594345004102497,128,5,Pauls-MacBook-Pro,eca62af-dirty,2026-09-23T22:37:09Z
static-tiled,cpu,Apple M1 Pro,f64,2048,2,18.96494371461003,0.0,905.875042,902.0520829999999,3.749294614417714,256,5,Pauls-MacBook-Pro,eca62af-dirty,2026-09-23T22:37:09Z
static-tiled,cpu,Apple M1 Pro,f64,2048,4,21.946874885382435,0.0,782.7934170000001,780.133792,2.043585054938174,16,5,Pauls-MacBook-Pro,eca62af-dirty,2026-09-23T22:37:09Z
static-tiled,cpu,Apple M1 Pro,f64,2048,4,29.474980080732276,0.0,582.862792,578.2445,4.112477637510299,32,5,Pauls-MacBook-Pro,eca62af-dirty,2026-09-23T22:37:09Z
static-tiled,cpu,Apple M1 Pro,f64,2048,4,38.761551910913596,0.0,443.219333,442.631667,1.097408812079291,64,5,Pauls-MacBook-Pro,eca62af-dirty,2026-09-23T22:37:09Z
static-tiled,cpu,Apple M1 Pro,f64,2048,4,37.07769731640375,0.0,463.34779199999997,462.546542,1.3258492555119912,128,5,Pauls-MacBook-Pro,eca62af-dirty,2026-09-23T22:37:09Z
static-tiled,cpu,Apple M1 Pro,f64,2048,4,38.46985799632765,0.0,446.58,441.96779200000003,4.271559679935888,256,5,Pauls-MacBook-Pro,eca62af-dirty,2026-09-23T22:37:09Z
static-tiled,cpu,Apple M1 Pro,f64,2048,8,42.38492906565361,0.0,405.32966700000003,401.015708,3.3954308106809052,16,5,Pauls-MacBook-Pro,eca62af-dirty,2026-09-23T22:37:09Z
static-tiled,cpu,Apple M1 Pro,f64,2048,8,55.25135193658589,0.0,310.94025,309.338125,12.192238257263321,32,5,Pauls-MacBook-Pro,eca62af-dirty,2026-09-23T22:37:09Z
static-tiled,cpu,Apple M1 Pro,f64,2048,8,76.02052607002858,0.0,225.989875,223.896708,2.2303181744895704,64,5,Pauls-MacBook-Pro,eca62af-dirty,2026-09-23T22:37:09Z
static-tiled,cpu,Apple M1 Pro,f64,2048,8,74.5145476188669,0.0,230.55724999999998,228.945625,3.083833675512307,128,5,Pauls-MacBook-Pro,eca62af-dirty,2026-09-23T22:37:09Z
static-tiled,cpu,Apple M1 Pro,f64,2048,8,74.44612069187787,0.0,230.76916599999998,224.454042,3.6622670379485918,256,5,Pauls-MacBook-Pro,eca62af-dirty,2026-09-23T22:37:09Z
static-tiled,cpu,Apple M1 Pro,f64,2048,10,46.21792027255501,0.0,371.71445800000004,360.138541,32.57562378978312,16,5,Pauls-MacBook-Pro,eca62af-dirty,2026-09-23T22:37:09Z
static-tiled,cpu,Apple M1 Pro,f64,2048,10,60.47839799375222,0.0,284.06620799999996,276.475916,16.773370888426637,32,5,Pauls-MacBook-Pro,eca62af-dirty,2026-09-23T22:37:09Z
static-tiled,cpu,Apple M1 Pro,f64,2048,10,76.76752865029104,0.0,223.790833,214.63137500000002,22.34427294471631,64,5,Pauls-MacBook-Pro,eca62af-dirty,2026-09-23T22:37:09Z
static-tiled,cpu,Apple M1 Pro,f64,2048,10,73.66225058111833,0.0,233.224875,227.2755,5.792448334353942,128,5,Pauls-MacBook-Pro,eca62af-dirty,2026-09-23T22:37:09Z
static-tiled,cpu,Apple M1 Pro,f64,2048,10,71.75284010595645,0.0,239.431208,228.648042,15.21162304428802,256,5,Pauls-MacBook-Pro,eca62af-dirty,2026-09-23T22:37:09Z
naive-ijk,cpu,Apple M1 Pro,f64,4096,1,0.5233893104356968,0.0,262594.116333,262440.536666,96.07005924678029,,5,Pauls-MacBook-Pro,eca62af-dirty,2026-09-23T22:37:09Z
ikj,cpu,Apple M1 Pro,f64,4096,1,12.826673449427895,0.0,10715.089458999999,10712.089584,9.575691498181628,,5,Pauls-MacBook-Pro,eca62af-dirty,2026-09-23T22:37:09Z
tiled,cpu,Apple M1 Pro,f64,4096,1,5.860817278813629,0.0,23450.475749999998,23445.842042,6.147872992264891,16,5,Pauls-MacBook-Pro,eca62af-dirty,2026-09-23T22:37:09Z
tiled,cpu,Apple M1 Pro,f64,4096,1,7.936918503733293,0.0,17316.412334,17288.649042,16.07382615240636,32,5,Pauls-MacBook-Pro,eca62af-dirty,2026-09-23T22:37:09Z
tiled,cpu,Apple M1 Pro,f64,4096,1,10.12140647801625,0.0,13579.037041,13566.21525,7.175333056168571,64,5,Pauls-MacBook-Pro,eca62af-dirty,2026-09-23T22:37:09Z
tiled,cpu,Apple M1 Pro,f64,4096,1,9.703037117486446,0.0,14164.529292,14154.073791,7.849108289948239,128,5,Pauls-MacBook-Pro,eca62af-dirty,2026-09-23T22:37:09Z
tiled,cpu,Apple M1 Pro,f64,4096,1,9.739507191781563,0.0,14111.4895,14107.39325,9.094053019436204,256,5,Pauls-MacBook-Pro,eca62af-dirty,2026-09-23T22:37:09Z
rayon-ikj,cpu,Apple M1 Pro,f64,4096,1,12.818958361241448,0.0,10721.538334,10719.669916,47.15869749188743,,5,Pauls-MacBook-Pro,eca62af-dirty,2026-09-23T22:37:09Z
rayon-ikj,cpu,Apple M1 Pro,f64,4096,2,23.98401300353843,0.0,5730.44025,5723.915959,31.715248015046964,,5,Pauls-MacBook-Pro,eca62af-dirty,2026-09-23T22:37:09Z
rayon-ikj,cpu,Apple M1 Pro,f64,4096,4,30.986001559138913,0.0,4435.5175420000005,4370.069667,64.68707229327141,,5,Pauls-MacBook-Pro,eca62af-dirty,2026-09-23T22:37:09Z
rayon-ikj,cpu,Apple M1 Pro,f64,4096,8,57.342696501798734,0.0,2396.7996249999997,2264.9727089999997,210.08093565295334,,5,Pauls-MacBook-Pro,eca62af-dirty,2026-09-23T22:37:09Z
rayon-ikj,cpu,Apple M1 Pro,f64,4096,10,53.5233032643209,0.0,2567.833917,2489.234833,46.95414629283659,,5,Pauls-MacBook-Pro,eca62af-dirty,2026-09-23T22:37:09Z
rayon-tiled,cpu,Apple M1 Pro,f64,4096,1,5.758495845888303,0.0,23867.162042,23864.801667000003,8.285729356473691,16,5,Pauls-MacBook-Pro,eca62af-dirty,2026-09-23T22:37:09Z
rayon-tiled,cpu,Apple M1 Pro,f64,4096,1,7.780310423828094,0.0,17664.970417,17658.239083,3.2213966090418857,32,5,Pauls-MacBook-Pro,eca62af-dirty,2026-09-23T22:37:09Z
rayon-tiled,cpu,Apple M1 Pro,f64,4096,1,9.925297268545552,0.0,13847.33875,13845.564,11.700712418746196,64,5,Pauls-MacBook-Pro,eca62af-dirty,2026-09-23T22:37:09Z
rayon-tiled,cpu,Apple M1 Pro,f64,4096,1,9.525148194839767,0.0,14429.061959,14418.880207999999,11.227213783997989,128,5,Pauls-MacBook-Pro,eca62af-dirty,2026-09-23T22:37:09Z
rayon-tiled,cpu,Apple M1 Pro,f64,4096,1,9.516505507722098,0.0,14442.166125,14410.830292,14.445996255731627,256,5,Pauls-MacBook-Pro,eca62af-dirty,2026-09-23T22:37:09Z
rayon-tiled,cpu,Apple M1 Pro,f64,4096,2,11.135320241509907,0.0,12342.613458,12332.740416,13.325547992981521,16,5,Pauls-MacBook-Pro,eca62af-dirty,2026-09-23T22:37:09Z
rayon-tiled,cpu,Apple M1 Pro,f64,4096,2,14.984904490554273,0.0,9171.827125,9155.547833,8.521586567217609,32,5,Pauls-MacBook-Pro,eca62af-dirty,2026-09-23T22:37:09Z
rayon-tiled,cpu,Apple M1 Pro,f64,4096,2,19.246161770864816,0.0,7141.10975,7123.0569160000005,10.894809610965677,64,5,Pauls-MacBook-Pro,eca62af-dirty,2026-09-23T22:37:09Z
rayon-tiled,cpu,Apple M1 Pro,f64,4096,2,16.4332129711642,0.0,8363.486417,8336.845833,32.907296841062966,128,5,Pauls-MacBook-Pro,eca62af-dirty,2026-09-23T22:37:09Z
rayon-tiled,cpu,Apple M1 Pro,f64,4096,2,16.833011566858783,0.0,8164.846375,8069.774875,55.68948464035395,256,5,Pauls-MacBook-Pro,eca62af-dirty,2026-09-23T22:37:09Z
rayon-tiled,cpu,Apple M1 Pro,f64,4096,4,21.939242099171086,0.0,6264.5260419999995,6261.950125,3.903297955152133,16,5,Pauls-MacBook-Pro,eca62af-dirty,2026-09-23T22:37:09Z
rayon-tiled,cpu,Apple M1 Pro,f64,4096,4,29.178660255655178,0.0,4710.255792,4696.931709,10.791149983276602,32,5,Pauls-MacBook-Pro,eca62af-dirty,2026-09-23T22:37:09Z
rayon-tiled,cpu,Apple M1 Pro,f64,4096,4,37.94206360073423,0.0,3622.337333,3619.3685,2.9445715320423846,64,5,Pauls-MacBook-Pro,eca62af-dirty,2026-09-23T22:37:09Z
rayon-tiled,cpu,Apple M1 Pro,f64,4096,4,35.44882523460264,0.0,3877.108834,3842.9253750000003,18.319720196946886,128,5,Pauls-MacBook-Pro,eca62af-dirty,2026-09-23T22:37:09Z
rayon-tiled,cpu,Apple M1 Pro,f64,4096,4,36.01798579572952,0.0,3815.8422920000003,3803.701,7.843457033786058,256,5,Pauls-MacBook-Pro,eca62af-dirty,2026-09-23T22:37:09Z
rayon-tiled,cpu,Apple M1 Pro,f64,4096,8,42.46915164280997,0.0,3236.206709,3226.2324590000003,17.114634420924588,16,5,Pauls-MacBook-Pro,eca62af-dirty,2026-09-23T22:37:09Z
rayon-tiled,cpu,Apple M1 Pro,f64,4096,8,55.84056287585964,0.0,2461.2745,2433.795333,24.680763199314708,32,5,Pauls-MacBook-Pro,eca62af-dirty,2026-09-23T22:37:09Z
rayon-tiled,cpu,Apple M1 Pro,f64,4096,8,74.10959745036023,0.0,1854.5365,1844.344,5.775536019166169,64,5,Pauls-MacBook-Pro,eca62af-dirty,2026-09-23T22:37:09Z
rayon-tiled,cpu,Apple M1 Pro,f64,4096,8,71.30389226502068,0.0,1927.509833,1925.422333,48.834273062769604,128,5,Pauls-MacBook-Pro,eca62af-dirty,2026-09-23T22:37:09Z
rayon-tiled,cpu,Apple M1 Pro,f64,4096,8,41.24574722415141,0.0,3332.196959,2579.58775,466.883174068402,256,5,Pauls-MacBook-Pro,eca62af-dirty,2026-09-23T22:37:09Z
rayon-tiled,cpu,Apple M1 Pro,f64,4096,10,39.614338082926395,0.0,3469.424459,2933.711125,304.5774838106901,16,5,Pauls-MacBook-Pro,eca62af-dirty,2026-09-23T22:37:09Z
rayon-tiled,cpu,Apple M1 Pro,f64,4096,10,52.9568214520741,0.0,2595.302167,2224.5142499999997,224.43482532608814,32,5,Pauls-MacBook-Pro,eca62af-dirty,2026-09-23T22:37:09Z
rayon-tiled,cpu,Apple M1 Pro,f64,4096,10,71.02821024834667,0.0,1934.991083,1817.003458,71.17496421711658,64,5,Pauls-MacBook-Pro,eca62af-dirty,2026-09-23T22:37:09Z
rayon-tiled,cpu,Apple M1 Pro,f64,4096,10,67.44980855454925,0.0,2037.647792,2004.874,148.3268465600573,128,5,Pauls-MacBook-Pro,eca62af-dirty,2026-09-23T22:37:09Z
rayon-tiled,cpu,Apple M1 Pro,f64,4096,10,40.15133605788749,0.0,3423.023166,3261.3264169999998,176.00875536460777,256,5,Pauls-MacBook-Pro,eca62af-dirty,2026-09-23T22:37:09Z
static-ikj,cpu,Apple M1 Pro,f64,4096,1,12.719708451052886,0.0,10805.196833,10716.302916,63.248097711486444,,5,Pauls-MacBook-Pro,eca62af-dirty,2026-09-23T22:37:09Z
static-ikj,cpu,Apple M1 Pro,f64,4096,2,23.913782618337283,0.0,5747.269499999999,5723.564667,27.098298044287123,,5,Pauls-MacBook-Pro,eca62af-dirty,2026-09-23T22:37:09Z
static-ikj,cpu,Apple M1 Pro,f64,4096,4,30.796810456803552,0.0,4462.7658329999995,4426.431042,32.43768165198788,,5,Pauls-MacBook-Pro,eca62af-dirty,2026-09-23T22:37:09Z
static-ikj,cpu,Apple M1 Pro,f64,4096,8,56.203470800286325,0.0,2445.381958,2304.729041,160.53943371417108,,5,Pauls-MacBook-Pro,eca62af-dirty,2026-09-23T22:37:09Z
static-ikj,cpu,Apple M1 Pro,f64,4096,10,53.3201635995652,0.0,2577.6168749999997,2536.457292,41.556115952768515,,5,Pauls-MacBook-Pro,eca62af-dirty,2026-09-23T22:37:09Z
static-tiled,cpu,Apple M1 Pro,f64,4096,1,5.798828605365916,0.0,23701.158083,23698.231750000003,4.087873943333302,16,5,Pauls-MacBook-Pro,eca62af-dirty,2026-09-23T22:37:09Z
static-tiled,cpu,Apple M1 Pro,f64,4096,1,7.77707932394039,0.0,17672.309584000002,17659.396709,29.501837882118686,32,5,Pauls-MacBook-Pro,eca62af-dirty,2026-09-23T22:37:09Z
static-tiled,cpu,Apple M1 Pro,f64,4096,1,9.910918605213894,0.0,13867.428333,13854.201083,9.142511311117552,64,5,Pauls-MacBook-Pro,eca62af-dirty,2026-09-23T22:37:09Z
static-tiled,cpu,Apple M1 Pro,f64,4096,1,9.523226843729002,0.0,14431.973083,14422.305832999999,8.539284330787462,128,5,Pauls-MacBook-Pro,eca62af-dirty,2026-09-23T22:37:09Z
static-tiled,cpu,Apple M1 Pro,f64,4096,1,9.525745655703329,0.0,14428.156959,14426.188083,18.148794691239548,256,5,Pauls-MacBook-Pro,eca62af-dirty,2026-09-23T22:37:09Z
static-tiled,cpu,Apple M1 Pro,f64,4096,2,11.206711923349568,0.0,12263.985584,12243.28025,16.59273251735547,16,5,Pauls-MacBook-Pro,eca62af-dirty,2026-09-23T22:37:09Z
static-tiled,cpu,Apple M1 Pro,f64,4096,2,14.961124724360854,0.0,9186.405167,9165.018791999999,14.167320648213908,32,5,Pauls-MacBook-Pro,eca62af-dirty,2026-09-23T22:37:09Z
static-tiled,cpu,Apple M1 Pro,f64,4096,2,19.239027956797575,0.0,7143.757667,7130.0154170000005,8.554928350071497,64,5,Pauls-MacBook-Pro,eca62af-dirty,2026-09-23T22:37:09Z
static-tiled,cpu,Apple M1 Pro,f64,4096,2,16.52204425033005,0.0,8318.519875,8286.747958,31.43432583010205,128,5,Pauls-MacBook-Pro,eca62af-dirty,2026-09-23T22:37:09Z
static-tiled,cpu,Apple M1 Pro,f64,4096,2,16.842316012793958,0.0,8160.33575,8105.0621249999995,59.97733650781747,256,5,Pauls-MacBook-Pro,eca62af-dirty,2026-09-23T22:37:09Z
static-tiled,cpu,Apple M1 Pro,f64,4096,4,22.003066944468706,0.0,6246.354375,6240.821167,5.554832676520161,16,5,Pauls-MacBook-Pro,eca62af-dirty,2026-09-23T22:37:09Z
static-tiled,cpu,Apple M1 Pro,f64,4096,4,29.082728995396355,0.0,4725.792875,4724.392167,4.79509063994432,32,5,Pauls-MacBook-Pro,eca62af-dirty,2026-09-23T22:37:09Z
static-tiled,cpu,Apple M1 Pro,f64,4096,4,37.85490718847089,0.0,3630.677333,3626.537166,3.320310659411073,64,5,Pauls-MacBook-Pro,eca62af-dirty,2026-09-23T22:37:09Z
static-tiled,cpu,Apple M1 Pro,f64,4096,4,35.776527225395235,0.0,3841.5957089999997,3835.5203749999996,4.019578816671123,128,5,Pauls-MacBook-Pro,eca62af-dirty,2026-09-23T22:37:09Z
static-tiled,cpu,Apple M1 Pro,f64,4096,4,36.14105332782821,0.0,3802.848584,3796.043041,8.445595406935228,256,5,Pauls-MacBook-Pro,eca62af-dirty,2026-09-23T22:37:09Z
static-tiled,cpu,Apple M1 Pro,f64,4096,8,42.559157775599765,0.0,3229.3626249999998,3217.413791,15.785845135164388,16,5,Pauls-MacBook-Pro,eca62af-dirty,2026-09-23T22:37:09Z
static-tiled,cpu,Apple M1 Pro,f64,4096,8,55.81340287605252,0.0,2462.472209,2439.7213340000003,74.41829971811036,32,5,Pauls-MacBook-Pro,eca62af-dirty,2026-09-23T22:37:09Z
static-tiled,cpu,Apple M1 Pro,f64,4096,8,73.73714175837382,0.0,1863.904,1859.756709,30.626617659639074,64,5,Pauls-MacBook-Pro,eca62af-dirty,2026-09-23T22:37:09Z
static-tiled,cpu,Apple M1 Pro,f64,4096,8,71.1432839558224,0.0,1931.86125,1927.227708,15.303076779356616,128,5,Pauls-MacBook-Pro,eca62af-dirty,2026-09-23T22:37:09Z
static-tiled,cpu,Apple M1 Pro,f64,4096,8,48.76454095537815,0.0,2818.419917,2497.6639999999998,241.56757486589166,256,5,Pauls-MacBook-Pro,eca62af-dirty,2026-09-23T22:37:09Z
static-tiled,cpu,Apple M1 Pro,f64,4096,10,46.59652906192673,0.0,2949.553459,2921.952792,39.24700941350808,16,5,Pauls-MacBook-Pro,eca62af-dirty,2026-09-23T22:37:09Z
static-tiled,cpu,Apple M1 Pro,f64,4096,10,59.21661729789728,0.0,2320.9524579999998,2270.2155839999996,30.843973233239,32,5,Pauls-MacBook-Pro,eca62af-dirty,2026-09-23T22:37:09Z
static-tiled,cpu,Apple M1 Pro,f64,4096,10,74.44181269954346,0.0,1846.260166,1834.9616250000001,37.57612649851201,64,5,Pauls-MacBook-Pro,eca62af-dirty,2026-09-23T22:37:09Z
static-tiled,cpu,Apple M1 Pro,f64,4096,10,67.28406786886532,0.0,2042.667125,2012.305541,40.364255773699,128,5,Pauls-MacBook-Pro,eca62af-dirty,2026-09-23T22:37:09Z
static-tiled,cpu,Apple M1 Pro,f64,4096,10,49.513359201414474,0.0,2775.795375,2635.0979580000003,229.47306915441615,256,5,Pauls-MacBook-Pro,eca62af-dirty,2026-09-23T22:37:09Z
naive-ijk,cpu,Apple M1 Pro,i32,64,1,3.551485182049111,0.0,0.147625,0.147458,0.0012730159072061827,,5,Pauls-MacBook-Pro,eca62af-dirty,2026-09-23T22:37:09Z
ikj,cpu,Apple M1 Pro,i32,64,1,21.32639114871461,0.0,0.024584,0.024209,0.00020627336231321796,,5,Pauls-MacBook-Pro,eca62af-dirty,2026-09-23T22:37:09Z
tiled,cpu,Apple M1 Pro,i32,64,1,8.762522353884979,0.0,0.059833000000000004,0.057833,0.0009469287195982582,16,5,Pauls-MacBook-Pro,eca62af-dirty,2026-09-23T22:37:09Z
tiled,cpu,Apple M1 Pro,i32,64,1,14.106656621643436,0.0,0.037166000000000005,0.037042000000000005,0.0004840945155648833,32,5,Pauls-MacBook-Pro,eca62af-dirty,2026-09-23T22:37:09Z
tiled,cpu,Apple M1 Pro,i32,64,1,21.36288811017847,0.0,0.024542,0.024292,0.00018977354926332586,64,5,Pauls-MacBook-Pro,eca62af-dirty,2026-09-23T22:37:09Z
tiled,cpu,Apple M1 Pro,i32,64,1,20.763881188118813,0.0,0.02525,0.0245,0.006867820505808226,128,5,Pauls-MacBook-Pro,eca62af-dirty,2026-09-23T22:37:09Z
tiled,cpu,Apple M1 Pro,i32,64,1,21.112551846333506,0.0,0.024833,0.023292,0.0008461818362503411,256,5,Pauls-MacBook-Pro,eca62af-dirty,2026-09-23T22:37:09Z
rayon-ikj,cpu,Apple M1 Pro,i32,64,1,18.64135111111111,0.0,0.028125,0.027667,0.0019626212064481523,,5,Pauls-MacBook-Pro,eca62af-dirty,2026-09-23T22:37:09Z
rayon-ikj,cpu,Apple M1 Pro,i32,64,2,26.659615580189154,0.0,0.019666,0.01875,0.003773919116780327,,5,Pauls-MacBook-Pro,eca62af-dirty,2026-09-23T22:37:09Z
rayon-ikj,cpu,Apple M1 Pro,i32,64,4,22.753580418366457,0.0,0.023042,0.020292,0.002941428700478731,,5,Pauls-MacBook-Pro,eca62af-dirty,2026-09-23T22:37:09Z
rayon-ikj,cpu,Apple M1 Pro,i32,64,8,10.708934188488092,0.0,0.048958,0.024292,0.010956500549901872,,5,Pauls-MacBook-Pro,eca62af-dirty,2026-09-23T22:37:09Z
rayon-ikj,cpu,Apple M1 Pro,i32,64,10,9.978455330973317,0.0,0.052542,0.045542,0.01591118391886663,,5,Pauls-MacBook-Pro,eca62af-dirty,2026-09-23T22:37:09Z
rayon-tiled,cpu,Apple M1 Pro,i32,64,1,8.208031311154599,0.0,0.06387499999999999,0.062875,0.004418405164762513,16,5,Pauls-MacBook-Pro,eca62af-dirty,2026-09-23T22:37:09Z
rayon-tiled,cpu,Apple M1 Pro,i32,64,1,12.087331412103746,0.0,0.043375,0.042707999999999996,0.004238582723033727,32,5,Pauls-MacBook-Pro,eca62af-dirty,2026-09-23T22:37:09Z
rayon-tiled,cpu,Apple M1 Pro,i32,64,1,17.797209681251907,0.0,0.029459,0.028125,0.0011339723541603651,64,5,Pauls-MacBook-Pro,eca62af-dirty,2026-09-23T22:37:09Z
rayon-tiled,cpu,Apple M1 Pro,i32,64,1,18.531316273151422,0.0,0.028292,0.027708,0.0010002674642314415,128,5,Pauls-MacBook-Pro,eca62af-dirty,2026-09-23T22:37:09Z
rayon-tiled,cpu,Apple M1 Pro,i32,64,1,18.477110132158593,0.0,0.028374999999999997,0.027125,0.0008374979402959745,256,5,Pauls-MacBook-Pro,eca62af-dirty,2026-09-23T22:37:09Z
rayon-tiled,cpu,Apple M1 Pro,i32,64,2,14.546988152382008,0.0,0.036041000000000004,0.033791,0.0015339609838584567,16,5,Pauls-MacBook-Pro,eca62af-dirty,2026-09-23T22:37:09Z
rayon-tiled,cpu,Apple M1 Pro,i32,64,2,19.909922910416586,0.0,0.026333,0.025208,0.0009203932855035394,32,5,Pauls-MacBook-Pro,eca62af-dirty,2026-09-23T22:37:09Z
rayon-tiled,cpu,Apple M1 Pro,i32,64,2,26.828779040016375,0.0,0.019542,0.018458,0.0007186012106864287,64,5,Pauls-MacBook-Pro,eca62af-dirty,2026-09-23T22:37:09Z
rayon-tiled,cpu,Apple M1 Pro,i32,64,2,27.838793606966487,0.0,0.018833000000000003,0.018417,0.0004474714516033401,128,5,Pauls-MacBook-Pro,eca62af-dirty,2026-09-23T22:37:09Z
rayon-tiled,cpu,Apple M1 Pro,i32,64,2,27.594105263157893,0.0,0.019,0.018292,0.00038099120724762153,256,5,Pauls-MacBook-Pro,eca62af-dirty,2026-09-23T22:37:09Z
rayon-tiled,cpu,Apple M1 Pro,i32,64,4,18.558867256637168,0.0,0.028249999999999997,0.025125,0.0032366424424084884,16,5,Pauls-MacBook-Pro,eca62af-dirty,2026-09-23T22:37:09Z
rayon-tiled,cpu,Apple M1 Pro,i32,64,4,21.95970680628272,0.0,0.023875,0.020791,0.001973522029266458,32,5,Pauls-MacBook-Pro,eca62af-dirty,2026-09-23T22:37:09Z
rayon-tiled,cpu,Apple M1 Pro,i32,64,4,28.149691275167786,0.0,0.018625,0.016082999999999997,0.0017425193829624973,64,5,Pauls-MacBook-Pro,eca62af-dirty,2026-09-23T22:37:09Z
rayon-tiled,cpu,Apple M1 Pro,i32,64,4,29.059306063629307,0.0,0.018042000000000002,0.015375000000000002,0.004595695453356324,128,5,Pauls-MacBook-Pro,eca62af-dirty,2026-09-23T22:37:09Z
rayon-tiled,cpu,Apple M1 Pro,i32,64,4,30.393507246376814,0.0,0.017249999999999998,0.015791,0.0019427908533859234,256,5,Pauls-MacBook-Pro,eca62af-dirty,2026-09-23T22:37:09Z
rayon-tiled,cpu,Apple M1 Pro,i32,64,8,22.835837797813493,0.0,0.022959,0.020874999999999998,0.007869529763588165,16,5,Pauls-MacBook-Pro,eca62af-dirty,2026-09-23T22:37:09Z
rayon-tiled,cpu,Apple M1 Pro,i32,64,8,7.6538394160583945,0.0,0.06849999999999999,0.042707999999999996,0.018650136546417027,32,5,Pauls-MacBook-Pro,eca62af-dirty,2026-09-23T22:37:09Z
rayon-tiled,cpu,Apple M1 Pro,i32,64,8,13.827254265896563,0.0,0.037917000000000006,0.023958999999999998,0.01989660077751976,64,5,Pauls-MacBook-Pro,eca62af-dirty,2026-09-23T22:37:09Z
rayon-tiled,cpu,Apple M1 Pro,i32,64,8,19.94172910882051,0.0,0.026291,0.022375,0.015420486513077338,128,5,Pauls-MacBook-Pro,eca62af-dirty,2026-09-23T22:37:09Z
rayon-tiled,cpu,Apple M1 Pro,i32,64,8,19.94097063745626,0.0,0.026292,0.018042000000000002,0.009753764596298191,256,5,Pauls-MacBook-Pro,eca62af-dirty,2026-09-23T22:37:09Z
rayon-tiled,cpu,Apple M1 Pro,i32,64,10,11.056962692705149,0.0,0.047416999999999994,0.042333,0.011015864196693788,16,5,Pauls-MacBook-Pro,eca62af-dirty,2026-09-23T22:37:09Z
rayon-tiled,cpu,Apple M1 Pro,i32,64,10,7.397361552028218,0.0,0.07087500000000001,0.039958,0.016895413291778336,32,5,Pauls-MacBook-Pro,eca62af-dirty,2026-09-23T22:37:09Z
rayon-tiled,cpu,Apple M1 Pro,i32,64,10,10.503405721612308,0.0,0.049916,0.038375,0.030739351139866308,64,5,Pauls-MacBook-Pro,eca62af-dirty,2026-09-23T22:37:09Z
rayon-tiled,cpu,Apple M1 Pro,i32,64,10,9.091646869093243,0.0,0.057667,0.030916,0.026737489498829165,128,5,Pauls-MacBook-Pro,eca62af-dirty,2026-09-23T22:37:09Z
rayon-tiled,cpu,Apple M1 Pro,i32,64,10,10.390582266439415,0.0,0.050457999999999996,0.035250000000000004,0.012448856264733715,256,5,Pauls-MacBook-Pro,eca62af-dirty,2026-09-23T22:37:09Z
static-ikj,cpu,Apple M1 Pro,i32,64,1,18.001304721030046,0.0,0.029124999999999998,0.028125,0.003505488168572245,,5,Pauls-MacBook-Pro,eca62af-dirty,2026-09-23T22:37:09Z
static-ikj,cpu,Apple M1 Pro,i32,64,2,28.728109589041097,0.0,0.01825,0.017209000000000002,0.0008102898863986879,,5,Pauls-MacBook-Pro,eca62af-dirty,2026-09-23T22:37:09Z
static-ikj,cpu,Apple M1 Pro,i32,64,4,15.768060150375938,0.0,0.03325,0.030625,0.012802146253656064,,5,Pauls-MacBook-Pro,eca62af-dirty,2026-09-23T22:37:09Z
static-ikj,cpu,Apple M1 Pro,i32,64,8,9.605159020958522,0.0,0.054584,0.037667,0.012619526318368691,,5,Pauls-MacBook-Pro,eca62af-dirty,2026-09-23T22:37:09Z
static-ikj,cpu,Apple M1 Pro,i32,64,10,6.075813236606366,0.0,0.086291,0.045542,0.025430406892143903,,5,Pauls-MacBook-Pro,eca62af-dirty,2026-09-23T22:37:09Z
static-tiled,cpu,Apple M1 Pro,i32,64,1,7.133170068027211,0.0,0.0735,0.063791,0.005135223296021313,16,5,Pauls-MacBook-Pro,eca62af-dirty,2026-09-23T22:37:09Z
static-tiled,cpu,Apple M1 Pro,i32,64,1,9.518145344298603,0.0,0.055083,0.043834,0.007170607944937446,32,5,Pauls-MacBook-Pro,eca62af-dirty,2026-09-23T22:37:09Z
static-tiled,cpu,Apple M1 Pro,i32,64,1,15.27067253080127,0.0,0.034332999999999995,0.031292,0.004417021700195735,64,5,Pauls-MacBook-Pro,eca62af-dirty,2026-09-23T22:37:09Z
static-tiled,cpu,Apple M1 Pro,i32,64,1,10.390582266439415,0.0,0.050457999999999996,0.0385,0.011103512273150325,128,5,Pauls-MacBook-Pro,eca62af-dirty,2026-09-23T22:37:09Z
static-tiled,cpu,Apple M1 Pro,i32,64,1,16.405532261092684,0.0,0.031958,0.028583,0.002366621494874074,256,5,Pauls-MacBook-Pro,eca62af-dirty,2026-09-23T22:37:09Z
static-tiled,cpu,Apple M1 Pro,i32,64,2,10.313929927409362,0.0,0.050832999999999996,0.047709,0.006108243429988691,16,5,Pauls-MacBook-Pro,eca62af-dirty,2026-09-23T22:37:09Z
static-tiled,cpu,Apple M1 Pro,i32,64,2,12.78751219512195,0.0,0.041,0.037875,0.006310190726119141,32,5,Pauls-MacBook-Pro,eca62af-dirty,2026-09-23T22:37:09Z
static-tiled,cpu,Apple M1 Pro,i32,64,2,12.145574165450459,0.0,0.043167000000000004,0.026125000000000002,0.012402432563815858,64,5,Pauls-MacBook-Pro,eca62af-dirty,2026-09-23T22:37:09Z
static-tiled,cpu,Apple M1 Pro,i32,64,2,17.119608163265305,0.0,0.030625,0.025041,0.015609035806224547,128,5,Pauls-MacBook-Pro,eca62af-dirty,2026-09-23T22:37:09Z
static-tiled,cpu,Apple M1 Pro,i32,64,2,16.00879389312977,0.0,0.03275,0.025625,0.005093129244384047,256,5,Pauls-MacBook-Pro,eca62af-dirty,2026-09-23T22:37:09Z
static-tiled,cpu,Apple M1 Pro,i32,64,4,10.33079802955665,0.0,0.05075,0.040125,0.00946407792655999,16,5,Pauls-MacBook-Pro,eca62af-dirty,2026-09-23T22:37:09Z
static-tiled,cpu,Apple M1 Pro,i32,64,4,13.428820244864504,0.0,0.039042,0.03325,0.006700432620361164,32,5,Pauls-MacBook-Pro,eca62af-dirty,2026-09-23T22:37:09Z
static-tiled,cpu,Apple M1 Pro,i32,64,4,13.981013333333333,0.0,0.0375,0.023417,0.006747329523596724,64,5,Pauls-MacBook-Pro,eca62af-dirty,2026-09-23T22:37:09Z
static-tiled,cpu,Apple M1 Pro,i32,64,4,10.903585392230262,0.0,0.048084,0.028583,0.011539752800645252,128,5,Pauls-MacBook-Pro,eca62af-dirty,2026-09-23T22:37:09Z
static-tiled,cpu,Apple M1 Pro,i32,64,4,11.397565217391303,0.0,0.046,0.039083,0.019387284642259733,256,5,Pauls-MacBook-Pro,eca62af-dirty,2026-09-23T22:37:09Z
static-tiled,cpu,Apple M1 Pro,i32,64,8,8.349598674990444,0.0,0.062792,0.019417,0.020388204317693108,16,5,Pauls-MacBook-Pro,eca62af-dirty,2026-09-23T22:37:09Z
static-tiled,cpu,Apple M1 Pro,i32,64,8,9.279433628318584,0.0,0.056499999999999995,0.030167,0.015494389623344318,32,5,Pauls-MacBook-Pro,eca62af-dirty,2026-09-23T22:37:09Z
static-tiled,cpu,Apple M1 Pro,i32,64,8,9.769280936143254,0.0,0.053667,0.018375,0.022378951389642902,64,5,Pauls-MacBook-Pro,eca62af-dirty,2026-09-23T22:37:09Z
static-tiled,cpu,Apple M1 Pro,i32,64,8,10.627315847083148,0.0,0.049333999999999996,0.027291,0.015797206382775406,128,5,Pauls-MacBook-Pro,eca62af-dirty,2026-09-23T22:37:09Z
static-tiled,cpu,Apple M1 Pro,i32,64,8,10.564997481108312,0.0,0.049625,0.029458,0.013410429922265729,256,5,Pauls-MacBook-Pro,eca62af-dirty,2026-09-23T22:37:09Z
static-tiled,cpu,Apple M1 Pro,i32,64,10,9.605159020958522,0.0,0.054584,0.039458,0.02331126012895914,16,5,Pauls-MacBook-Pro,eca62af-dirty,2026-09-23T22:37:09Z
static-tiled,cpu,Apple M1 Pro,i32,64,10,13.385962672658106,0.0,0.039167,0.022833,0.02267490919496702,32,5,Pauls-MacBook-Pro,eca62af-dirty,2026-09-23T22:37:09Z
static-tiled,cpu,Apple M1 Pro,i32,64,10,17.549389121338912,0.0,0.029875000000000002,0.02075,0.020693846711039493,64,5,Pauls-MacBook-Pro,eca62af-dirty,2026-09-23T22:37:09Z
static-tiled,cpu,Apple M1 Pro,i32,64,10,9.320675555555555,0.0,0.05625,0.018916,0.016772285881775328,128,5,Pauls-MacBook-Pro,eca62af-dirty,2026-09-23T22:37:09Z
static-tiled,cpu,Apple M1 Pro,i32,64,10,21.620123711340206,0.0,0.02425,0.018333,0.025893713150106537,256,5,Pauls-MacBook-Pro,eca62af-dirty,2026-09-23T22:37:09Z
naive-ijk,cpu,Apple M1 Pro,i32,128,1,3.3903639486713146,0.0,1.237125,1.232208,0.01799891764245839,,5,Pauls-MacBook-Pro,eca62af-dirty,2026-09-23T22:37:09Z
ikj,cpu,Apple M1 Pro,i32,128,1,32.16071524417829,0.0,0.130417,0.12995800000000002,0.0007798353672410584,,5,Pauls-MacBook-Pro,eca62af-dirty,2026-09-23T22:37:09Z
tiled,cpu,Apple M1 Pro,i32,128,1,8.941496494223838,0.0,0.469083,0.45225000000000004,0.014916865783400983,16,5,Pauls-MacBook-Pro,eca62af-dirty,2026-09-23T22:37:09Z
tiled,cpu,Apple M1 Pro,i32,128,1,14.57200529473688,0.0,0.287833,0.287333,0.0013528057879828982,32,5,Pauls-MacBook-Pro,eca62af-dirty,2026-09-23T22:37:09Z
tiled,cpu,Apple M1 Pro,i32,128,1,22.439392885612328,0.0,0.186917,0.186459,0.0007610921757579688,64,5,Pauls-MacBook-Pro,eca62af-dirty,2026-09-23T22:37:09Z
tiled,cpu,Apple M1 Pro,i32,128,1,31.997070580696345,0.0,0.131084,0.131,0.0002010253715330504,128,5,Pauls-MacBook-Pro,eca62af-dirty,2026-09-23T22:37:09Z
tiled,cpu,Apple M1 Pro,i32,128,1,31.997314678486152,0.0,0.131083,0.130917,0.00012347995788790988,256,5,Pauls-MacBook-Pro,eca62af-dirty,2026-09-23T22:37:09Z
rayon-ikj,cpu,Apple M1 Pro,i32,128,1,29.476737975430805,0.0,0.142292,0.140583,0.010196384030625755,,5,Pauls-MacBook-Pro,eca62af-dirty,2026-09-23T22:37:09Z
rayon-ikj,cpu,Apple M1 Pro,i32,128,2,56.17346351132362,0.0,0.074667,0.074417,0.0003188852458173634,,5,Pauls-MacBook-Pro,eca62af-dirty,2026-09-23T22:37:09Z
rayon-ikj,cpu,Apple M1 Pro,i32,128,4,81.31017369727047,0.0,0.051584,0.049833999999999996,0.0023241109698118995,,5,Pauls-MacBook-Pro,eca62af-dirty,2026-09-23T22:37:09Z
rayon-ikj,cpu,Apple M1 Pro,i32,128,8,93.55185796493733,0.0,0.044834,0.036667,0.014771629253403295,,5,Pauls-MacBook-Pro,eca62af-dirty,2026-09-23T22:37:09Z
rayon-ikj,cpu,Apple M1 Pro,i32,128,10,51.88851088045724,0.0,0.080833,0.06708299999999999,0.008549693386315095,,5,Pauls-MacBook-Pro,eca62af-dirty,2026-09-23T22:37:09Z
rayon-tiled,cpu,Apple M1 Pro,i32,128,1,9.199709596264233,0.0,0.455917,0.455167,0.002618302312568201,16,5,Pauls-MacBook-Pro,eca62af-dirty,2026-09-23T22:37:09Z
rayon-tiled,cpu,Apple M1 Pro,i32,128,1,13.612345638945232,0.0,0.30812500000000004,0.307333,0.0034863762992539842,32,5,Pauls-MacBook-Pro,eca62af-dirty,2026-09-23T22:37:09Z
rayon-tiled,cpu,Apple M1 Pro,i32,128,1,21.143309388783866,0.0,0.19837500000000002,0.1945,0.00414781251987116,64,5,Pauls-MacBook-Pro,eca62af-dirty,2026-09-23T22:37:09Z
rayon-tiled,cpu,Apple M1 Pro,i32,128,1,29.10184908933218,0.0,0.144125,0.141292,0.010308041026305627,128,5,Pauls-MacBook-Pro,eca62af-dirty,2026-09-23T22:37:09Z
rayon-tiled,cpu,Apple M1 Pro,i32,128,1,25.56193169352283,0.0,0.164084,0.148791,0.015087308649987904,256,5,Pauls-MacBook-Pro,eca62af-dirty,2026-09-23T22:37:09Z
rayon-tiled,cpu,Apple M1 Pro,i32,128,2,16.098441320176097,0.0,0.26054099999999997,0.23987499999999998,0.02113674906886109,16,5,Pauls-MacBook-Pro,eca62af-dirty,2026-09-23T22:37:09Z
rayon-tiled,cpu,Apple M1 Pro,i32,128,2,22.795130434782607,0.0,0.184,0.179042,0.006720478145191759,32,5,Pauls-MacBook-Pro,eca62af-dirty,2026-09-23T22:37:09Z
rayon-tiled,cpu,Apple M1 Pro,i32,128,2,32.336260398276146,0.0,0.129709,0.110542,0.009174948163341303,64,5,Pauls-MacBook-Pro,eca62af-dirty,2026-09-23T22:37:09Z
rayon-tiled,cpu,Apple M1 Pro,i32,128,2,51.35924374892856,0.0,0.081666,0.080917,0.002073011167360178,128,5,Pauls-MacBook-Pro,eca62af-dirty,2026-09-23T22:37:09Z
rayon-tiled,cpu,Apple M1 Pro,i32,128,2,54.79741841080714,0.0,0.076542,0.075542,0.0008139496298911875,256,5,Pauls-MacBook-Pro,eca62af-dirty,2026-09-23T22:37:09Z
rayon-tiled,cpu,Apple M1 Pro,i32,128,4,28.843285172985276,0.0,0.14541700000000002,0.133292,0.016366249106010824,16,5,Pauls-MacBook-Pro,eca62af-dirty,2026-09-23T22:37:09Z
rayon-tiled,cpu,Apple M1 Pro,i32,128,4,36.209610304401124,0.0,0.115834,0.1125,0.008282515396906909,32,5,Pauls-MacBook-Pro,eca62af-dirty,2026-09-23T22:37:09Z
rayon-tiled,cpu,Apple M1 Pro,i32,128,4,47.730344238975825,0.0,0.087875,0.08208399999999999,0.010530338589048312,64,5,Pauls-MacBook-Pro,eca62af-dirty,2026-09-23T22:37:09Z
rayon-tiled,cpu,Apple M1 Pro,i32,128,4,52.374461496197696,0.0,0.080083,0.053792,0.01422167467986805,128,5,Pauls-MacBook-Pro,eca62af-dirty,2026-09-23T22:37:09Z
rayon-tiled,cpu,Apple M1 Pro,i32,128,4,55.92405333333333,0.0,0.075,0.05375,0.018321812669602318,256,5,Pauls-MacBook-Pro,eca62af-dirty,2026-09-23T22:37:09Z
rayon-tiled,cpu,Apple M1 Pro,i32,128,8,34.84364693665628,0.0,0.120375,0.111041,0.008509041849703176,16,5,Pauls-MacBook-Pro,eca62af-dirty,2026-09-23T22:37:09Z
rayon-tiled,cpu,Apple M1 Pro,i32,128,8,40.00938635734931,0.0,0.10483300000000001,0.074083,0.01872884970573473,32,5,Pauls-MacBook-Pro,eca62af-dirty,2026-09-23T22:37:09Z
rayon-tiled,cpu,Apple M1 Pro,i32,128,8,65.62110236713237,0.0,0.063917,0.054833,0.01623724247524807,64,5,Pauls-MacBook-Pro,eca62af-dirty,2026-09-23T22:37:09Z
rayon-tiled,cpu,Apple M1 Pro,i32,128,8,66.53189936867486,0.0,0.063042,0.060125,0.008485661524006247,128,5,Pauls-MacBook-Pro,eca62af-dirty,2026-09-23T22:37:09Z
rayon-tiled,cpu,Apple M1 Pro,i32,128,8,72.41922060880225,0.0,0.057917,0.045875,0.0204861984711659,256,5,Pauls-MacBook-Pro,eca62af-dirty,2026-09-23T22:37:09Z
rayon-tiled,cpu,Apple M1 Pro,i32,128,10,32.09918342045046,0.0,0.130667,0.11225,0.011997216810577357,16,5,Pauls-MacBook-Pro,eca62af-dirty,2026-09-23T22:37:09Z
rayon-tiled,cpu,Apple M1 Pro,i32,128,10,33.91611343365651,0.0,0.123667,0.085792,0.019450058668291983,32,5,Pauls-MacBook-Pro,eca62af-dirty,2026-09-23T22:37:09Z
rayon-tiled,cpu,Apple M1 Pro,i32,128,10,51.12386338704566,0.0,0.082042,0.076791,0.019039373826363094,64,5,Pauls-MacBook-Pro,eca62af-dirty,2026-09-23T22:37:09Z
rayon-tiled,cpu,Apple M1 Pro,i32,128,10,54.207483037156706,0.0,0.077375,0.050667000000000004,0.013330655148941476,128,5,Pauls-MacBook-Pro,eca62af-dirty,2026-09-23T22:37:09Z
rayon-tiled,cpu,Apple M1 Pro,i32,128,10,72.99773747780988,0.0,0.057457999999999995,0.052792,0.014484906375258353,256,5,Pauls-MacBook-Pro,eca62af-dirty,2026-09-23T22:37:09Z
static-ikj,cpu,Apple M1 Pro,i32,128,1,27.7768476821192,0.0,0.15100000000000002,0.14929099999999998,0.01857041898288781,,5,Pauls-MacBook-Pro,eca62af-dirty,2026-09-23T22:37:09Z
static-ikj,cpu,Apple M1 Pro,i32,128,2,55.188210526315785,0.0,0.076,0.074458,0.005236967299878813,,5,Pauls-MacBook-Pro,eca62af-dirty,2026-09-23T22:37:09Z
static-ikj,cpu,Apple M1 Pro,i32,128,4,66.97491417165668,0.0,0.062625,0.061083,0.012166217460657193,,5,Pauls-MacBook-Pro,eca62af-dirty,2026-09-23T22:37:09Z
static-ikj,cpu,Apple M1 Pro,i32,128,8,48.09540409136777,0.0,0.087208,0.082792,0.002979673052534451,,5,Pauls-MacBook-Pro,eca62af-dirty,2026-09-23T22:37:09Z
static-ikj,cpu,Apple M1 Pro,i32,128,10,54.35359674472248,0.0,0.077167,0.07045799999999999,0.017928517403845753,,5,Pauls-MacBook-Pro,eca62af-dirty,2026-09-23T22:37:09Z
static-tiled,cpu,Apple M1 Pro,i32,128,1,8.905879280361985,0.0,0.470959,0.46779200000000004,0.00963296150205118,16,5,Pauls-MacBook-Pro,eca62af-dirty,2026-09-23T22:37:09Z
static-tiled,cpu,Apple M1 Pro,i32,128,1,13.616057602721716,0.0,0.308041,0.30725,0.0037880189677455306,32,5,Pauls-MacBook-Pro,eca62af-dirty,2026-09-23T22:37:09Z
static-tiled,cpu,Apple M1 Pro,i32,128,1,20.62775840616132,0.0,0.203333,0.201375,0.0011503744173094277,64,5,Pauls-MacBook-Pro,eca62af-dirty,2026-09-23T22:37:09Z
static-tiled,cpu,Apple M1 Pro,i32,128,1,29.476737975430805,0.0,0.142292,0.1415,0.0006314786615555652,128,5,Pauls-MacBook-Pro,eca62af-dirty,2026-09-23T22:37:09Z
static-tiled,cpu,Apple M1 Pro,i32,128,1,29.545882966208556,0.0,0.14195899999999997,0.140792,0.0006067904910263516,256,5,Pauls-MacBook-Pro,eca62af-dirty,2026-09-23T22:37:09Z
static-tiled,cpu,Apple M1 Pro,i32,128,2,15.536876106653628,0.0,0.269958,0.26637500000000003,0.0019557792053296647,16,5,Pauls-MacBook-Pro,eca62af-dirty,2026-09-23T22:37:09Z
static-tiled,cpu,Apple M1 Pro,i32,128,2,25.400781226343682,0.0,0.165125,0.16241699999999998,0.001928582173515048,32,5,Pauls-MacBook-Pro,eca62af-dirty,2026-09-23T22:37:09Z
static-tiled,cpu,Apple M1 Pro,i32,128,2,31.585755058701267,0.0,0.132791,0.12825,0.0034731154170283465,64,5,Pauls-MacBook-Pro,eca62af-dirty,2026-09-23T22:37:09Z
static-tiled,cpu,Apple M1 Pro,i32,128,2,55.67684812764658,0.0,0.07533300000000001,0.07466600000000001,0.00044084067416698,128,5,Pauls-MacBook-Pro,eca62af-dirty,2026-09-23T22:37:09Z
static-tiled,cpu,Apple M1 Pro,i32,128,2,40.36205818104834,0.0,0.103917,0.097458,0.007710865988979449,256,5,Pauls-MacBook-Pro,eca62af-dirty,2026-09-23T22:37:09Z
static-tiled,cpu,Apple M1 Pro,i32,128,4,29.433712280701755,0.0,0.1425,0.13954200000000003,0.015281949456793783,16,5,Pauls-MacBook-Pro,eca62af-dirty,2026-09-23T22:37:09Z
static-tiled,cpu,Apple M1 Pro,i32,128,4,33.84768837205549,0.0,0.123917,0.114166,0.039683787625427076,32,5,Pauls-MacBook-Pro,eca62af-dirty,2026-09-23T22:37:09Z
static-tiled,cpu,Apple M1 Pro,i32,128,4,43.24024742268041,0.0,0.097,0.087709,0.011195414677447193,64,5,Pauls-MacBook-Pro,eca62af-dirty,2026-09-23T22:37:09Z
static-tiled,cpu,Apple M1 Pro,i32,128,4,47.21560681278354,0.0,0.088833,0.076208,0.030887551048925852,128,5,Pauls-MacBook-Pro,eca62af-dirty,2026-09-23T22:37:09Z
static-tiled,cpu,Apple M1 Pro,i32,128,4,56.17346351132362,0.0,0.074667,0.06125,0.008113950868719874,256,5,Pauls-MacBook-Pro,eca62af-dirty,2026-09-23T22:37:09Z
static-tiled,cpu,Apple M1 Pro,i32,128,8,21.921373096260986,0.0,0.191334,0.15187499999999998,0.02944594753951722,16,5,Pauls-MacBook-Pro,eca62af-dirty,2026-09-23T22:37:09Z
static-tiled,cpu,Apple M1 Pro,i32,128,8,26.595210165558086,0.0,0.157709,0.151542,0.012416683562852028,32,5,Pauls-MacBook-Pro,eca62af-dirty,2026-09-23T22:37:09Z
static-tiled,cpu,Apple M1 Pro,i32,128,8,42.295786862432685,0.0,0.099166,0.095417,0.0018404955311002538,64,5,Pauls-MacBook-Pro,eca62af-dirty,2026-09-23T22:37:09Z
static-tiled,cpu,Apple M1 Pro,i32,128,8,43.72892947996163,0.0,0.095916,0.046208,0.02368668561027482,128,5,Pauls-MacBook-Pro,eca62af-dirty,2026-09-23T22:37:09Z
static-tiled,cpu,Apple M1 Pro,i32,128,8,51.59553215568568,0.0,0.08129199999999999,0.070459,0.007441643622211425,256,5,Pauls-MacBook-Pro,eca62af-dirty,2026-09-23T22:37:09Z
static-tiled,cpu,Apple M1 Pro,i32,128,10,20.132691412306258,0.0,0.208333,0.13716699999999998,0.04464430480475645,16,5,Pauls-MacBook-Pro,eca62af-dirty,2026-09-23T22:37:09Z
static-tiled,cpu,Apple M1 Pro,i32,128,10,29.51137379067722,0.0,0.142125,0.090583,0.023353912890562895,32,5,Pauls-MacBook-Pro,eca62af-dirty,2026-09-23T22:37:09Z
static-tiled,cpu,Apple M1 Pro,i32,128,10,55.76938623550686,0.0,0.075208,0.0735,0.0023605973184768272,64,5,Pauls-MacBook-Pro,eca62af-dirty,2026-09-23T22:37:09Z
static-tiled,cpu,Apple M1 Pro,i32,128,10,43.11047157011881,0.0,0.097292,0.069917,0.046498225743570036,128,5,Pauls-MacBook-Pro,eca62af-dirty,2026-09-23T22:37:09Z
static-tiled,cpu,Apple M1 Pro,i32,128,10,35.15997719880629,0.0,0.119292,0.079792,0.02092681556759174,256,5,Pauls-MacBook-Pro,eca62af-dirty,2026-09-23T22:37:09Z
naive-ijk,cpu,Apple M1 Pro,i32,256,1,2.862324265413905,0.0,11.722792,11.165083,0.3402886226959406,,5,Pauls-MacBook-Pro,eca62af-dirty,2026-09-23T22:37:09Z
ikj,cpu,Apple M1 Pro,i32,256,1,26.127648043605216,0.0,1.2842500000000001,1.2754999999999999,0.03995356801713705,,5,Pauls-MacBook-Pro,eca62af-dirty,2026-09-23T22:37:09Z
tiled,cpu,Apple M1 Pro,i32,256,1,9.2081317233809,0.0,3.644,3.595875,0.033268157428688404,16,5,Pauls-MacBook-Pro,eca62af-dirty,2026-09-23T22:37:09Z
tiled,cpu,Apple M1 Pro,i32,256,1,14.44392301092987,0.0,2.323083,2.307792,0.012189184476411933,32,5,Pauls-MacBook-Pro,eca62af-dirty,2026-09-23T22:37:09Z
tiled,cpu,Apple M1 Pro,i32,256,1,22.2300610103106,0.0,1.509417,1.4881250000000001,0.028970903700091928,64,5,Pauls-MacBook-Pro,eca62af-dirty,2026-09-23T22:37:09Z
tiled,cpu,Apple M1 Pro,i32,256,1,27.63956507413509,0.0,1.214,1.210334,0.0030772304918545864,128,5,Pauls-MacBook-Pro,eca62af-dirty,2026-09-23T22:37:09Z
tiled,cpu,Apple M1 Pro,i32,256,1,25.70645648636474,0.0,1.305292,1.3038329999999998,0.008378030633746881,256,5,Pauls-MacBook-Pro,eca62af-dirty,2026-09-23T22:37:09Z
rayon-ikj,cpu,Apple M1 Pro,i32,256,1,25.685145536312312,0.0,1.306375,1.2955,0.06256645219524602,,5,Pauls-MacBook-Pro,eca62af-dirty,2026-09-23T22:37:09Z
rayon-ikj,cpu,Apple M1 Pro,i32,256,2,46.57103678001388,0.0,0.7205,0.7045,0.020816522925311016,,5,Pauls-MacBook-Pro,eca62af-dirty,2026-09-23T22:37:09Z
rayon-ikj,cpu,Apple M1 Pro,i32,256,4,87.43825928338764,0.0,0.38375,0.377791,0.04779896936441206,,5,Pauls-MacBook-Pro,eca62af-dirty,2026-09-23T22:37:09Z
rayon-ikj,cpu,Apple M1 Pro,i32,256,8,136.98034765143413,0.0,0.24495799999999998,0.207625,0.024484023164096213,,5,Pauls-MacBook-Pro,eca62af-dirty,2026-09-23T22:37:09Z
rayon-ikj,cpu,Apple M1 Pro,i32,256,10,138.20237899107056,0.0,0.242792,0.218666,0.024257942662146783,,5,Pauls-MacBook-Pro,eca62af-dirty,2026-09-23T22:37:09Z
rayon-tiled,cpu,Apple M1 Pro,i32,256,1,9.284355671964368,0.0,3.614083,3.609625,0.038072308233150255,16,5,Pauls-MacBook-Pro,eca62af-dirty,2026-09-23T22:37:09Z
rayon-tiled,cpu,Apple M1 Pro,i32,256,1,14.1385998103866,0.0,2.37325,2.348583,0.03480622589710059,32,5,Pauls-MacBook-Pro,eca62af-dirty,2026-09-23T22:37:09Z
rayon-tiled,cpu,Apple M1 Pro,i32,256,1,22.122585791989447,0.0,1.51675,1.514083,0.015044366563601058,64,5,Pauls-MacBook-Pro,eca62af-dirty,2026-09-23T22:37:09Z
rayon-tiled,cpu,Apple M1 Pro,i32,256,1,27.036412552585123,0.0,1.241083,1.227167,0.03225214140487416,128,5,Pauls-MacBook-Pro,eca62af-dirty,2026-09-23T22:37:09Z
rayon-tiled,cpu,Apple M1 Pro,i32,256,1,25.36399287634287,0.0,1.322916,1.3122500000000001,0.02960703579050092,256,5,Pauls-MacBook-Pro,eca62af-dirty,2026-09-23T22:37:09Z
rayon-tiled,cpu,Apple M1 Pro,i32,256,2,17.701761290438302,0.0,1.895542,1.87825,0.018737636297036026,16,5,Pauls-MacBook-Pro,eca62af-dirty,2026-09-23T22:37:09Z
rayon-tiled,cpu,Apple M1 Pro,i32,256,2,26.834593579581853,0.0,1.250417,1.2318749999999998,0.012653399472078716,32,5,Pauls-MacBook-Pro,eca62af-dirty,2026-09-23T22:37:09Z
rayon-tiled,cpu,Apple M1 Pro,i32,256,2,41.09962433413316,0.0,0.8164170000000001,0.8002079999999999,0.013679757410129795,64,5,Pauls-MacBook-Pro,eca62af-dirty,2026-09-23T22:37:09Z
rayon-tiled,cpu,Apple M1 Pro,i32,256,2,52.800050354051926,0.0,0.6355,0.629625,0.010794889425093712,128,5,Pauls-MacBook-Pro,eca62af-dirty,2026-09-23T22:37:09Z
rayon-tiled,cpu,Apple M1 Pro,i32,256,2,47.875059033351164,0.0,0.700875,0.699125,0.01214186650807857,256,5,Pauls-MacBook-Pro,eca62af-dirty,2026-09-23T22:37:09Z
rayon-tiled,cpu,Apple M1 Pro,i32,256,4,33.39995719795944,0.0,1.004625,0.9872500000000001,0.02587148365865395,16,5,Pauls-MacBook-Pro,eca62af-dirty,2026-09-23T22:37:09Z
rayon-tiled,cpu,Apple M1 Pro,i32,256,4,48.88046044993218,0.0,0.686459,0.655834,0.027838411939261183,32,5,Pauls-MacBook-Pro,eca62af-dirty,2026-09-23T22:37:09Z
rayon-tiled,cpu,Apple M1 Pro,i32,256,4,75.14283538838453,0.0,0.446542,0.427125,0.020851172468233058,64,5,Pauls-MacBook-Pro,eca62af-dirty,2026-09-23T22:37:09Z
rayon-tiled,cpu,Apple M1 Pro,i32,256,4,93.5098834276669,0.0,0.358833,0.344333,0.018110248443906005,128,5,Pauls-MacBook-Pro,eca62af-dirty,2026-09-23T22:37:09Z
rayon-tiled,cpu,Apple M1 Pro,i32,256,4,88.40769137539455,0.0,0.37954200000000005,0.36874999999999997,0.012201969504961078,256,5,Pauls-MacBook-Pro,eca62af-dirty,2026-09-23T22:37:09Z
rayon-tiled,cpu,Apple M1 Pro,i32,256,8,54.3721806765242,0.0,0.617125,0.610709,0.009338271692342236,16,5,Pauls-MacBook-Pro,eca62af-dirty,2026-09-23T22:37:09Z
rayon-tiled,cpu,Apple M1 Pro,i32,256,8,79.7174549851871,0.0,0.420917,0.40529200000000004,0.042139666176893215,32,5,Pauls-MacBook-Pro,eca62af-dirty,2026-09-23T22:37:09Z
rayon-tiled,cpu,Apple M1 Pro,i32,256,8,104.54461954523644,0.0,0.32095799999999997,0.295333,0.02859204381816733,64,5,Pauls-MacBook-Pro,eca62af-dirty,2026-09-23T22:37:09Z
rayon-tiled,cpu,Apple M1 Pro,i32,256,8,108.2111305682672,0.0,0.310083,0.25583300000000003,0.02932349873054031,128,5,Pauls-MacBook-Pro,eca62af-dirty,2026-09-23T22:37:09Z
rayon-tiled,cpu,Apple M1 Pro,i32,256,8,119.81928425021962,0.0,0.280042,0.271541,0.008480504613523891,256,5,Pauls-MacBook-Pro,eca62af-dirty,2026-09-23T22:37:09Z
rayon-tiled,cpu,Apple M1 Pro,i32,256,10,53.8558971239453,0.0,0.623041,0.529292,0.04688766954861373,16,5,Pauls-MacBook-Pro,eca62af-dirty,2026-09-23T22:37:09Z
rayon-tiled,cpu,Apple M1 Pro,i32,256,10,74.29710932742873,0.0,0.451625,0.394041,0.033592836952243264,32,5,Pauls-MacBook-Pro,eca62af-dirty,2026-09-23T22:37:09Z
rayon-tiled,cpu,Apple M1 Pro,i32,256,10,99.01713611213574,0.0,0.338875,0.258042,0.04651525196427512,64,5,Pauls-MacBook-Pro,eca62af-dirty,2026-09-23T22:37:09Z
rayon-tiled,cpu,Apple M1 Pro,i32,256,10,116.39043747311754,0.0,0.288292,0.214625,0.04581537534714738,128,5,Pauls-MacBook-Pro,eca62af-dirty,2026-09-23T22:37:09Z
rayon-tiled,cpu,Apple M1 Pro,i32,256,10,126.22372692630336,0.0,0.265833,0.240208,0.061102974047913566,256,5,Pauls-MacBook-Pro,eca62af-dirty,2026-09-23T22:37:09Z
static-ikj,cpu,Apple M1 Pro,i32,256,1,25.569333654400086,0.0,1.312292,1.308333,0.008689437478916541,,5,Pauls-MacBook-Pro,eca62af-dirty,2026-09-23T22:37:09Z
static-ikj,cpu,Apple M1 Pro,i32,256,2,47.40444709415921,0.0,0.707833,0.699917,0.011956029282332822,,5,Pauls-MacBook-Pro,eca62af-dirty,2026-09-23T22:37:09Z
static-ikj,cpu,Apple M1 Pro,i32,256,4,85.68000510692627,0.0,0.391625,0.367334,0.01475480054084094,,5,Pauls-MacBook-Pro,eca62af-dirty,2026-09-23T22:37:09Z
static-ikj,cpu,Apple M1 Pro,i32,256,8,135.80226887321265,0.0,0.247083,0.236708,0.018463851282979924,,5,Pauls-MacBook-Pro,eca62af-dirty,2026-09-23T22:37:09Z
static-ikj,cpu,Apple M1 Pro,i32,256,10,101.66746555730955,0.0,0.330041,0.28825,0.04568492836045602,,5,Pauls-MacBook-Pro,eca62af-dirty,2026-09-23T22:37:09Z
static-tiled,cpu,Apple M1 Pro,i32,256,1,9.319704752977122,0.0,3.6003749999999997,3.594917,0.013204696929501962,16,5,Pauls-MacBook-Pro,eca62af-dirty,2026-09-23T22:37:09Z
static-tiled,cpu,Apple M1 Pro,i32,256,1,14.183422593257953,0.0,2.36575,2.365083,0.013369722222245382,32,5,Pauls-MacBook-Pro,eca62af-dirty,2026-09-23T22:37:09Z
static-tiled,cpu,Apple M1 Pro,i32,256,1,21.77740653988763,0.0,1.5407909999999998,1.528875,0.019758124738952377,64,5,Pauls-MacBook-Pro,eca62af-dirty,2026-09-23T22:37:09Z
static-tiled,cpu,Apple M1 Pro,i32,256,1,24.983922307658517,0.0,1.343041,1.229416,0.07809412946694529,128,5,Pauls-MacBook-Pro,eca62af-dirty,2026-09-23T22:37:09Z
static-tiled,cpu,Apple M1 Pro,i32,256,1,25.802011291406565,0.0,1.300458,1.291583,0.011513726416760194,256,5,Pauls-MacBook-Pro,eca62af-dirty,2026-09-23T22:37:09Z
static-tiled,cpu,Apple M1 Pro,i32,256,2,17.78031938879813,0.0,1.8871669999999998,1.882625,0.0058416131761698156,16,5,Pauls-MacBook-Pro,eca62af-dirty,2026-09-23T22:37:09Z
static-tiled,cpu,Apple M1 Pro,i32,256,2,26.265700195694716,0.0,1.2775,1.2742499999999999,0.042828590546502864,32,5,Pauls-MacBook-Pro,eca62af-dirty,2026-09-23T22:37:09Z
static-tiled,cpu,Apple M1 Pro,i32,256,2,41.22799201351559,0.0,0.813875,0.811917,0.011860511106187627,64,5,Pauls-MacBook-Pro,eca62af-dirty,2026-09-23T22:37:09Z
static-tiled,cpu,Apple M1 Pro,i32,256,2,52.52802872927139,0.0,0.638791,0.636584,0.0016956026362329184,128,5,Pauls-MacBook-Pro,eca62af-dirty,2026-09-23T22:37:09Z
static-tiled,cpu,Apple M1 Pro,i32,256,2,48.1728768688751,0.0,0.696542,0.689917,0.0041811272762258935,256,5,Pauls-MacBook-Pro,eca62af-dirty,2026-09-23T22:37:09Z
static-tiled,cpu,Apple M1 Pro,i32,256,4,33.107481006413416,0.0,1.0135,0.981958,0.02805518621930714,16,5,Pauls-MacBook-Pro,eca62af-dirty,2026-09-23T22:37:09Z
static-tiled,cpu,Apple M1 Pro,i32,256,4,49.396183084741175,0.0,0.679292,0.645458,0.016474203662089425,32,5,Pauls-MacBook-Pro,eca62af-dirty,2026-09-23T22:37:09Z
static-tiled,cpu,Apple M1 Pro,i32,256,4,75.85785369845794,0.0,0.442333,0.416708,0.01733024015413519,64,5,Pauls-MacBook-Pro,eca62af-dirty,2026-09-23T22:37:09Z
static-tiled,cpu,Apple M1 Pro,i32,256,4,92.24586116838489,0.0,0.36374999999999996,0.362458,0.01470548442928692,128,5,Pauls-MacBook-Pro,eca62af-dirty,2026-09-23T22:37:09Z
static-tiled,cpu,Apple M1 Pro,i32,256,4,86.19347944473556,0.0,0.389292,0.378542,0.008631609479118023,256,5,Pauls-MacBook-Pro,eca62af-dirty,2026-09-23T22:37:09Z
static-tiled,cpu,Apple M1 Pro,i32,256,8,60.05708159345921,0.0,0.558709,0.548959,0.031935615763595375,16,5,Pauls-MacBook-Pro,eca62af-dirty,2026-09-23T22:37:09Z
static-tiled,cpu,Apple M1 Pro,i32,256,8,85.3802340966921,0.0,0.393,0.382,0.008660395735761743,32,5,Pauls-MacBook-Pro,eca62af-dirty,2026-09-23T22:37:09Z
static-tiled,cpu,Apple M1 Pro,i32,256,8,121.42752403802656,0.0,0.27633300000000005,0.25833300000000003,0.010260870391930691,64,5,Pauls-MacBook-Pro,eca62af-dirty,2026-09-23T22:37:09Z
static-tiled,cpu,Apple M1 Pro,i32,256,8,100.66309467381065,0.0,0.333334,0.234792,0.07458890556577434,128,5,Pauls-MacBook-Pro,eca62af-dirty,2026-09-23T22:37:09Z
static-tiled,cpu,Apple M1 Pro,i32,256,8,133.24080640742076,0.0,0.25183300000000003,0.23791700000000002,0.013751439826432722,256,5,Pauls-MacBook-Pro,eca62af-dirty,2026-09-23T22:37:09Z
static-tiled,cpu,Apple M1 Pro,i32,256,10,47.85225517641673,0.0,0.701209,0.6058749999999999,0.14086905832474358,16,5,Pauls-MacBook-Pro,eca62af-dirty,2026-09-23T22:37:09Z
static-tiled,cpu,Apple M1 Pro,i32,256,10,59.652323555555554,0.0,0.5625,0.47625,0.038428539290480436,32,5,Pauls-MacBook-Pro,eca62af-dirty,2026-09-23T22:37:09Z
static-tiled,cpu,Apple M1 Pro,i32,256,10,93.91319145124996,0.0,0.357292,0.336916,0.030597456598547523,64,5,Pauls-MacBook-Pro,eca62af-dirty,2026-09-23T22:37:09Z
static-tiled,cpu,Apple M1 Pro,i32,256,10,111.21492303816936,0.0,0.301708,0.297292,0.014051181843531867,128,5,Pauls-MacBook-Pro,eca62af-dirty,2026-09-23T22:37:09Z
static-tiled,cpu,Apple M1 Pro,i32,256,10,103.51002881239857,0.0,0.324166,0.30954099999999996,0.025080305245351407,256,5,Pauls-MacBook-Pro,eca62af-dirty,2026-09-23T22:37:09Z
naive-ijk,cpu,Apple M1 Pro,i32,512,1,3.1197584724016756,0.0,86.043666,85.785542,0.5954139890692007,,5,Pauls-MacBook-Pro,eca62af-dirty,2026-09-23T22:37:09Z
ikj,cpu,Apple M1 Pro,i32,512,1,25.17211702925731,0.0,10.664,10.349832999999999,0.15001962495720403,,5,Pauls-MacBook-Pro,eca62af-dirty,2026-09-23T22:37:09Z
tiled,cpu,Apple M1 Pro,i32,512,1,9.279567073420303,0.0,28.927584,28.730042,0.20566691930716444,16,5,Pauls-MacBook-Pro,eca62af-dirty,2026-09-23T22:37:09Z
tiled,cpu,Apple M1 Pro,i32,512,1,14.30625714818664,0.0,18.7635,18.617834,0.12084006969254936,32,5,Pauls-MacBook-Pro,eca62af-dirty,2026-09-23T22:37:09Z
tiled,cpu,Apple M1 Pro,i32,512,1,20.807203240224094,0.0,12.901083,12.83025,0.1460250999359353,64,5,Pauls-MacBook-Pro,eca62af-dirty,2026-09-23T22:37:09Z
tiled,cpu,Apple M1 Pro,i32,512,1,24.570564452462285,0.0,10.925083,10.889,0.08408783484131352,128,5,Pauls-MacBook-Pro,eca62af-dirty,2026-09-23T22:37:09Z
tiled,cpu,Apple M1 Pro,i32,512,1,22.448347688677526,0.0,11.957916,11.9205,0.12865731046543724,256,5,Pauls-MacBook-Pro,eca62af-dirty,2026-09-23T22:37:09Z
rayon-ikj,cpu,Apple M1 Pro,i32,512,1,26.24323167542466,0.0,10.22875,10.187083,0.04961718395072461,,5,Pauls-MacBook-Pro,eca62af-dirty,2026-09-23T22:37:09Z
rayon-ikj,cpu,Apple M1 Pro,i32,512,2,50.74753994848406,0.0,5.289625,5.10125,0.10881926462809786,,5,Pauls-MacBook-Pro,eca62af-dirty,2026-09-23T22:37:09Z
rayon-ikj,cpu,Apple M1 Pro,i32,512,4,98.64417308222323,0.0,2.72125,2.700541,0.012788109445887577,,5,Pauls-MacBook-Pro,eca62af-dirty,2026-09-23T22:37:09Z
rayon-ikj,cpu,Apple M1 Pro,i32,512,8,174.86694930049433,0.0,1.535084,1.488334,0.0744774380554273,,5,Pauls-MacBook-Pro,eca62af-dirty,2026-09-23T22:37:09Z
rayon-ikj,cpu,Apple M1 Pro,i32,512,10,177.36072414932275,0.0,1.5135,1.387375,0.08104373883465643,,5,Pauls-MacBook-Pro,eca62af-dirty,2026-09-23T22:37:09Z
rayon-tiled,cpu,Apple M1 Pro,i32,512,1,9.29256393635573,0.0,28.887125,28.838167000000002,0.18078945895211834,16,5,Pauls-MacBook-Pro,eca62af-dirty,2026-09-23T22:37:09Z
rayon-tiled,cpu,Apple M1 Pro,i32,512,1,14.155032501388556,0.0,18.963959,18.879208000000002,0.0977301900653018,32,5,Pauls-MacBook-Pro,eca62af-dirty,2026-09-23T22:37:09Z
rayon-tiled,cpu,Apple M1 Pro,i32,512,1,20.47940001757761,0.0,13.107584000000001,12.922416,0.11767667658801399,64,5,Pauls-MacBook-Pro,eca62af-dirty,2026-09-23T22:37:09Z
rayon-tiled,cpu,Apple M1 Pro,i32,512,1,24.082758385573783,0.0,11.146375,10.965667,0.11087244760985483,128,5,Pauls-MacBook-Pro,eca62af-dirty,2026-09-23T22:37:09Z
rayon-tiled,cpu,Apple M1 Pro,i32,512,1,22.225157807584036,0.0,12.078,11.966249999999999,0.06349493543976609,256,5,Pauls-MacBook-Pro,eca62af-dirty,2026-09-23T22:37:09Z
rayon-tiled,cpu,Apple M1 Pro,i32,512,2,18.022102894897955,0.0,14.894791,14.848375,0.07014597032616966,16,5,Pauls-MacBook-Pro,eca62af-dirty,2026-09-23T22:37:09Z
rayon-tiled,cpu,Apple M1 Pro,i32,512,2,27.473490764435905,0.0,9.770707999999999,9.666915999999999,0.10324916537338258,32,5,Pauls-MacBook-Pro,eca62af-dirty,2026-09-23T22:37:09Z
rayon-tiled,cpu,Apple M1 Pro,i32,512,2,39.71795924593784,0.0,6.758541,6.677833000000001,0.090461472278534,64,5,Pauls-MacBook-Pro,eca62af-dirty,2026-09-23T22:37:09Z
rayon-tiled,cpu,Apple M1 Pro,i32,512,2,47.25283351930958,0.0,5.680833,5.486917,0.09364756362180492,128,5,Pauls-MacBook-Pro,eca62af-dirty,2026-09-23T22:37:09Z
rayon-tiled,cpu,Apple M1 Pro,i32,512,2,43.41888171033564,0.0,6.182459000000001,6.151167,0.024063278968170388,256,5,Pauls-MacBook-Pro,eca62af-dirty,2026-09-23T22:37:09Z
rayon-tiled,cpu,Apple M1 Pro,i32,512,4,34.68195537497366,0.0,7.739917,7.657500000000001,0.07946209375041634,16,5,Pauls-MacBook-Pro,eca62af-dirty,2026-09-23T22:37:09Z
rayon-tiled,cpu,Apple M1 Pro,i32,512,4,52.878483998393364,0.0,5.076459,5.056749999999999,0.046341743453392086,32,5,Pauls-MacBook-Pro,eca62af-dirty,2026-09-23T22:37:09Z
rayon-tiled,cpu,Apple M1 Pro,i32,512,4,75.63338992878892,0.0,3.549166,3.4883330000000004,0.029927244858155497,64,5,Pauls-MacBook-Pro,eca62af-dirty,2026-09-23T22:37:09Z
rayon-tiled,cpu,Apple M1 Pro,i32,512,4,89.5045908389947,0.0,2.9991250000000003,2.956667,0.02571175542042988,128,5,Pauls-MacBook-Pro,eca62af-dirty,2026-09-23T22:37:09Z
rayon-tiled,cpu,Apple M1 Pro,i32,512,4,83.34025342770691,0.0,3.220958,3.189959,0.027813479624095944,256,5,Pauls-MacBook-Pro,eca62af-dirty,2026-09-23T22:37:09Z
rayon-tiled,cpu,Apple M1 Pro,i32,512,8,67.3199288067915,0.0,3.9874589999999994,3.9336249999999997,0.06712943719189063,16,5,Pauls-MacBook-Pro,eca62af-dirty,2026-09-23T22:37:09Z
rayon-tiled,cpu,Apple M1 Pro,i32,512,8,83.94618021840012,0.0,3.197709,2.770833,0.19153564930790296,32,5,Pauls-MacBook-Pro,eca62af-dirty,2026-09-23T22:37:09Z
rayon-tiled,cpu,Apple M1 Pro,i32,512,8,137.42431833179495,0.0,1.9533329999999998,1.872292,0.3126930640844149,64,5,Pauls-MacBook-Pro,eca62af-dirty,2026-09-23T22:37:09Z
rayon-tiled,cpu,Apple M1 Pro,i32,512,8,165.74346004900022,0.0,1.6195840000000001,1.5660830000000001,0.1817394171271054,128,5,Pauls-MacBook-Pro,eca62af-dirty,2026-09-23T22:37:09Z
rayon-tiled,cpu,Apple M1 Pro,i32,512,8,155.7765841384209,0.0,1.7232079999999999,1.660083,0.2058987805432565,256,5,Pauls-MacBook-Pro,eca62af-dirty,2026-09-23T22:37:09Z
rayon-tiled,cpu,Apple M1 Pro,i32,512,10,66.96935010140125,0.0,4.008333,3.9418329999999995,0.07206141098257791,16,5,Pauls-MacBook-Pro,eca62af-dirty,2026-09-23T22:37:09Z
rayon-tiled,cpu,Apple M1 Pro,i32,512,10,99.98836205756618,0.0,2.684667,2.648542,0.019086775492471255,32,5,Pauls-MacBook-Pro,eca62af-dirty,2026-09-23T22:37:09Z
rayon-tiled,cpu,Apple M1 Pro,i32,512,10,139.63740477274203,0.0,1.922375,1.840458,0.056041883495293175,64,5,Pauls-MacBook-Pro,eca62af-dirty,2026-09-23T22:37:09Z
rayon-tiled,cpu,Apple M1 Pro,i32,512,10,167.4929701553723,0.0,1.6026669999999998,1.5729579999999999,0.022923680838818253,128,5,Pauls-MacBook-Pro,eca62af-dirty,2026-09-23T22:37:09Z
rayon-tiled,cpu,Apple M1 Pro,i32,512,10,157.4209457145404,0.0,1.7052079999999998,1.6728750000000001,0.043616667943573995,256,5,Pauls-MacBook-Pro,eca62af-dirty,2026-09-23T22:37:09Z
static-ikj,cpu,Apple M1 Pro,i32,512,1,26.13697431845936,0.0,10.270334,10.266833,0.03853672707301495,,5,Pauls-MacBook-Pro,eca62af-dirty,2026-09-23T22:37:09Z
static-ikj,cpu,Apple M1 Pro,i32,512,2,50.58735125203175,0.0,5.306375,5.247291000000001,0.048532640019887205,,5,Pauls-MacBook-Pro,eca62af-dirty,2026-09-23T22:37:09Z
static-ikj,cpu,Apple M1 Pro,i32,512,4,98.6623012037122,0.0,2.7207500000000002,2.700208,0.017120549342821915,,5,Pauls-MacBook-Pro,eca62af-dirty,2026-09-23T22:37:09Z
static-ikj,cpu,Apple M1 Pro,i32,512,8,188.61281512413146,0.0,1.423209,1.414125,0.00866736665891088,,5,Pauls-MacBook-Pro,eca62af-dirty,2026-09-23T22:37:09Z
static-ikj,cpu,Apple M1 Pro,i32,512,10,142.4973967401921,0.0,1.883792,1.828416,0.0488180291306398,,5,Pauls-MacBook-Pro,eca62af-dirty,2026-09-23T22:37:09Z
static-tiled,cpu,Apple M1 Pro,i32,512,1,9.044562644663564,0.0,29.679208,29.115375,0.3523197202156011,16,5,Pauls-MacBook-Pro,eca62af-dirty,2026-09-23T22:37:09Z
static-tiled,cpu,Apple M1 Pro,i32,512,1,13.972947594885724,0.0,19.211083,19.0425,0.13426366021489086,32,5,Pauls-MacBook-Pro,eca62af-dirty,2026-09-23T22:37:09Z
static-tiled,cpu,Apple M1 Pro,i32,512,1,20.60898382339359,0.0,13.025167000000001,13.005792,0.1632668002886682,64,5,Pauls-MacBook-Pro,eca62af-dirty,2026-09-23T22:37:09Z
static-tiled,cpu,Apple M1 Pro,i32,512,1,24.57506328570423,0.0,10.923083,10.8995,0.13135984826536665,128,5,Pauls-MacBook-Pro,eca62af-dirty,2026-09-23T22:37:09Z
static-tiled,cpu,Apple M1 Pro,i32,512,1,22.14920536194109,0.0,12.119417,11.936,0.14392926308537804,256,5,Pauls-MacBook-Pro,eca62af-dirty,2026-09-23T22:37:09Z
static-tiled,cpu,Apple M1 Pro,i32,512,2,18.026741865768475,0.0,14.890958,14.824250000000001,0.06736685486795407,16,5,Pauls-MacBook-Pro,eca62af-dirty,2026-09-23T22:37:09Z
static-tiled,cpu,Apple M1 Pro,i32,512,2,27.18895958030005,0.0,9.872957999999999,9.848875,0.13606973402156744,32,5,Pauls-MacBook-Pro,eca62af-dirty,2026-09-23T22:37:09Z
static-tiled,cpu,Apple M1 Pro,i32,512,2,39.551176425779666,0.0,6.787040999999999,6.746917,0.030826578340776137,64,5,Pauls-MacBook-Pro,eca62af-dirty,2026-09-23T22:37:09Z
static-tiled,cpu,Apple M1 Pro,i32,512,2,46.972388293451154,0.0,5.71475,5.688292000000001,0.03408198383750563,128,5,Pauls-MacBook-Pro,eca62af-dirty,2026-09-23T22:37:09Z
static-tiled,cpu,Apple M1 Pro,i32,512,2,43.25853892794554,0.0,6.205375,6.165333,0.056941672118932106,256,5,Pauls-MacBook-Pro,eca62af-dirty,2026-09-23T22:37:09Z
static-tiled,cpu,Apple M1 Pro,i32,512,4,34.85118807509361,0.0,7.702332999999999,7.486750000000001,0.10226561108798952,16,5,Pauls-MacBook-Pro,eca62af-dirty,2026-09-23T22:37:09Z
static-tiled,cpu,Apple M1 Pro,i32,512,4,52.60689282682957,0.0,5.102667,5.049792,0.03766125127103421,32,5,Pauls-MacBook-Pro,eca62af-dirty,2026-09-23T22:37:09Z
static-tiled,cpu,Apple M1 Pro,i32,512,4,75.74096737558637,0.0,3.5441249999999997,3.5191250000000003,0.023653833467326052,64,5,Pauls-MacBook-Pro,eca62af-dirty,2026-09-23T22:37:09Z
static-tiled,cpu,Apple M1 Pro,i32,512,4,90.52071062186324,0.0,2.965459,2.929208,0.026740653408247078,128,5,Pauls-MacBook-Pro,eca62af-dirty,2026-09-23T22:37:09Z
static-tiled,cpu,Apple M1 Pro,i32,512,4,83.26267672758866,0.0,3.2239590000000002,3.191084,0.03059171066318453,256,5,Pauls-MacBook-Pro,eca62af-dirty,2026-09-23T22:37:09Z
static-tiled,cpu,Apple M1 Pro,i32,512,8,68.74001295234953,0.0,3.9050830000000003,3.897084,0.02000261292431545,16,5,Pauls-MacBook-Pro,eca62af-dirty,2026-09-23T22:37:09Z
static-tiled,cpu,Apple M1 Pro,i32,512,8,102.61784527165861,0.0,2.615875,2.593125,0.2115477549320721,32,5,Pauls-MacBook-Pro,eca62af-dirty,2026-09-23T22:37:09Z
static-tiled,cpu,Apple M1 Pro,i32,512,8,143.08293183190722,0.0,1.876083,1.833458,0.03353407556053985,64,5,Pauls-MacBook-Pro,eca62af-dirty,2026-09-23T22:37:09Z
static-tiled,cpu,Apple M1 Pro,i32,512,8,172.0418075590979,0.0,1.560292,1.554792,0.0038115021710606214,128,5,Pauls-MacBook-Pro,eca62af-dirty,2026-09-23T22:37:09Z
static-tiled,cpu,Apple M1 Pro,i32,512,8,162.13542076255192,0.0,1.655625,1.645,0.008942881638487655,256,5,Pauls-MacBook-Pro,eca62af-dirty,2026-09-23T22:37:09Z
static-tiled,cpu,Apple M1 Pro,i32,512,10,60.38533442060569,0.0,4.445374999999999,4.281292,0.29037285909464766,16,5,Pauls-MacBook-Pro,eca62af-dirty,2026-09-23T22:37:09Z
static-tiled,cpu,Apple M1 Pro,i32,512,10,86.383091230893,0.0,3.1075,3.103542,0.0382763572417754,32,5,Pauls-MacBook-Pro,eca62af-dirty,2026-09-23T22:37:09Z
static-tiled,cpu,Apple M1 Pro,i32,512,10,110.7064464377771,0.0,2.42475,2.3865000000000003,0.04285013263456708,64,5,Pauls-MacBook-Pro,eca62af-dirty,2026-09-23T22:37:09Z
static-tiled,cpu,Apple M1 Pro,i32,512,10,125.97180274970822,0.0,2.130917,2.0511660000000003,0.13425109537243995,128,5,Pauls-MacBook-Pro,eca62af-dirty,2026-09-23T22:37:09Z
static-tiled,cpu,Apple M1 Pro,i32,512,10,121.93298024074495,0.0,2.2015,2.123375,0.06503676886423561,256,5,Pauls-MacBook-Pro,eca62af-dirty,2026-09-23T22:37:09Z
naive-ijk,cpu,Apple M1 Pro,i32,1024,1,2.182751361447023,0.0,983.842542,978.307667,10.452429134790309,,5,Pauls-MacBook-Pro,eca62af-dirty,2026-09-23T22:37:09Z
ikj,cpu,Apple M1 Pro,i32,1024,1,26.290164904800047,0.0,81.683917,81.650959,0.3048062740131858,,5,Pauls-MacBook-Pro,eca62af-dirty,2026-09-23T22:37:09Z
tiled,cpu,Apple M1 Pro,i32,1024,1,9.143745352940783,0.0,234.85820800000002,234.303875,1.2599907581749525,16,5,Pauls-MacBook-Pro,eca62af-dirty,2026-09-23T22:37:09Z
tiled,cpu,Apple M1 Pro,i32,1024,1,13.062982950825191,0.0,164.394584,163.952833,1.3446235777471442,32,5,Pauls-MacBook-Pro,eca62af-dirty,2026-09-23T22:37:09Z
tiled,cpu,Apple M1 Pro,i32,1024,1,18.488457664846024,0.0,116.152666,115.66562499999999,0.4045560388546948,64,5,Pauls-MacBook-Pro,eca62af-dirty,2026-09-23T22:37:09Z
tiled,cpu,Apple M1 Pro,i32,1024,1,21.804991304590633,0.0,98.48587500000001,98.312625,0.2973575669800576,128,5,Pauls-MacBook-Pro,eca62af-dirty,2026-09-23T22:37:09Z
tiled,cpu,Apple M1 Pro,i32,1024,1,21.467072483894754,0.0,100.03616699999999,99.792666,0.9168351965307062,256,5,Pauls-MacBook-Pro,eca62af-dirty,2026-09-23T22:37:09Z
rayon-ikj,cpu,Apple M1 Pro,i32,1024,1,26.240505972128034,0.0,81.8385,81.57270799999999,0.452091936929095,,5,Pauls-MacBook-Pro,eca62af-dirty,2026-09-23T22:37:09Z
rayon-ikj,cpu,Apple M1 Pro,i32,1024,2,51.21521081641055,0.0,41.930583,41.748958,0.2820112905617445,,5,Pauls-MacBook-Pro,eca62af-dirty,2026-09-23T22:37:09Z
rayon-ikj,cpu,Apple M1 Pro,i32,1024,4,99.24307334685082,0.0,21.638625,21.448915999999997,0.10421997423382971,,5,Pauls-MacBook-Pro,eca62af-dirty,2026-09-23T22:37:09Z
rayon-ikj,cpu,Apple M1 Pro,i32,1024,8,192.32703313835685,0.0,11.165792000000001,10.956458000000001,0.18639679778284804,,5,Pauls-MacBook-Pro,eca62af-dirty,2026-09-23T22:37:09Z
rayon-ikj,cpu,Apple M1 Pro,i32,1024,10,205.0079257288099,0.0,10.475125,10.345417000000001,0.12891393232424447,,5,Pauls-MacBook-Pro,eca62af-dirty,2026-09-23T22:37:09Z
rayon-tiled,cpu,Apple M1 Pro,i32,1024,1,9.120777525128782,0.0,235.449625,234.72795799999997,1.4387045303496862,16,5,Pauls-MacBook-Pro,eca62af-dirty,2026-09-23T22:37:09Z
rayon-tiled,cpu,Apple M1 Pro,i32,1024,1,12.96269756931302,0.0,165.666416,165.571292,0.1431813319476394,32,5,Pauls-MacBook-Pro,eca62af-dirty,2026-09-23T22:37:09Z
rayon-tiled,cpu,Apple M1 Pro,i32,1024,1,18.313889545502853,0.0,117.259834,116.465875,0.9664353804374133,64,5,Pauls-MacBook-Pro,eca62af-dirty,2026-09-23T22:37:09Z
rayon-tiled,cpu,Apple M1 Pro,i32,1024,1,21.769826776143997,0.0,98.644958,98.34720800000001,0.6072794949289787,128,5,Pauls-MacBook-Pro,eca62af-dirty,2026-09-23T22:37:09Z
rayon-tiled,cpu,Apple M1 Pro,i32,1024,1,21.44032655917688,0.0,100.160958,99.882542,0.27366596862744724,256,5,Pauls-MacBook-Pro,eca62af-dirty,2026-09-23T22:37:09Z
rayon-tiled,cpu,Apple M1 Pro,i32,1024,2,17.8296777815192,0.0,120.444333,120.17545799999999,0.7230046960909027,16,5,Pauls-MacBook-Pro,eca62af-dirty,2026-09-23T22:37:09Z
rayon-tiled,cpu,Apple M1 Pro,i32,1024,2,25.26477358443396,0.0,84.99912499999999,84.81524999999999,0.3753266985631342,32,5,Pauls-MacBook-Pro,eca62af-dirty,2026-09-23T22:37:09Z
rayon-tiled,cpu,Apple M1 Pro,i32,1024,2,35.16542495336595,0.0,61.068042000000005,59.141209,1.4005964011657672,64,5,Pauls-MacBook-Pro,eca62af-dirty,2026-09-23T22:37:09Z
rayon-tiled,cpu,Apple M1 Pro,i32,1024,2,42.23682101334724,0.0,50.843875,50.356084,0.23010170810687036,128,5,Pauls-MacBook-Pro,eca62af-dirty,2026-09-23T22:37:09Z
rayon-tiled,cpu,Apple M1 Pro,i32,1024,2,41.84207800778832,0.0,51.323542,51.239332999999995,0.815897943549131,256,5,Pauls-MacBook-Pro,eca62af-dirty,2026-09-23T22:37:09Z
rayon-tiled,cpu,Apple M1 Pro,i32,1024,4,34.63525042476688,0.0,62.002833,61.866167,0.12382529713754083,16,5,Pauls-MacBook-Pro,eca62af-dirty,2026-09-23T22:37:09Z
rayon-tiled,cpu,Apple M1 Pro,i32,1024,4,48.30152219217121,0.0,44.459958,44.307167,0.5778769876177822,32,5,Pauls-MacBook-Pro,eca62af-dirty,2026-09-23T22:37:09Z
rayon-tiled,cpu,Apple M1 Pro,i32,1024,4,70.74097071515631,0.0,30.357,30.112167,0.22652989574292515,64,5,Pauls-MacBook-Pro,eca62af-dirty,2026-09-23T22:37:09Z
rayon-tiled,cpu,Apple M1 Pro,i32,1024,4,82.19233673769759,0.0,26.127541,25.978708,0.10978731281755569,128,5,Pauls-MacBook-Pro,eca62af-dirty,2026-09-23T22:37:09Z
rayon-tiled,cpu,Apple M1 Pro,i32,1024,4,81.54046345788039,0.0,26.336417,26.287167,0.04247576284541649,256,5,Pauls-MacBook-Pro,eca62af-dirty,2026-09-23T22:37:09Z
rayon-tiled,cpu,Apple M1 Pro,i32,1024,8,67.9446361058489,0.0,31.606375,31.220875,0.5969851112722995,16,5,Pauls-MacBook-Pro,eca62af-dirty,2026-09-23T22:37:09Z
rayon-tiled,cpu,Apple M1 Pro,i32,1024,8,94.16894638376215,0.0,22.804584,22.512417,0.20178062445562053,32,5,Pauls-MacBook-Pro,eca62af-dirty,2026-09-23T22:37:09Z
rayon-tiled,cpu,Apple M1 Pro,i32,1024,8,139.76312706286413,0.0,15.365166,14.869375,0.4657697667289058,64,5,Pauls-MacBook-Pro,eca62af-dirty,2026-09-23T22:37:09Z
rayon-tiled,cpu,Apple M1 Pro,i32,1024,8,156.37159562427075,0.0,13.733208,13.185584,0.42499997406564594,128,5,Pauls-MacBook-Pro,eca62af-dirty,2026-09-23T22:37:09Z
rayon-tiled,cpu,Apple M1 Pro,i32,1024,8,149.8601700107663,0.0,14.329915999999999,13.351708,0.608929644802665,256,5,Pauls-MacBook-Pro,eca62af-dirty,2026-09-23T22:37:09Z
rayon-tiled,cpu,Apple M1 Pro,i32,1024,10,72.94018319384924,0.0,29.441709,29.256583,0.14202374957978003,16,5,Pauls-MacBook-Pro,eca62af-dirty,2026-09-23T22:37:09Z
rayon-tiled,cpu,Apple M1 Pro,i32,1024,10,95.4652843573506,0.0,22.494917,22.345208,0.8097935333964463,32,5,Pauls-MacBook-Pro,eca62af-dirty,2026-09-23T22:37:09Z
rayon-tiled,cpu,Apple M1 Pro,i32,1024,10,141.52273346898093,0.0,15.174125,14.996667,0.4448509960636259,64,5,Pauls-MacBook-Pro,eca62af-dirty,2026-09-23T22:37:09Z
rayon-tiled,cpu,Apple M1 Pro,i32,1024,10,161.18316837108063,0.0,13.32325,13.286624999999999,0.084510482132692,128,5,Pauls-MacBook-Pro,eca62af-dirty,2026-09-23T22:37:09Z
rayon-tiled,cpu,Apple M1 Pro,i32,1024,10,159.2360266634693,0.0,13.486167,13.431083,0.04883148830621477,256,5,Pauls-MacBook-Pro,eca62af-dirty,2026-09-23T22:37:09Z
static-ikj,cpu,Apple M1 Pro,i32,1024,1,26.164349184180246,0.0,82.076708,81.77654199999999,0.826574159373804,,5,Pauls-MacBook-Pro,eca62af-dirty,2026-09-23T22:37:09Z
static-ikj,cpu,Apple M1 Pro,i32,1024,2,51.33426965204351,0.0,41.833334,41.731249999999996,0.12018705329942977,,5,Pauls-MacBook-Pro,eca62af-dirty,2026-09-23T22:37:09Z
static-ikj,cpu,Apple M1 Pro,i32,1024,4,99.12968999521081,0.0,21.663375,21.641334,0.026708029929217083,,5,Pauls-MacBook-Pro,eca62af-dirty,2026-09-23T22:37:09Z
static-ikj,cpu,Apple M1 Pro,i32,1024,8,195.0757906329842,0.0,11.008458000000001,10.872375,0.5202770348080912,,5,Pauls-MacBook-Pro,eca62af-dirty,2026-09-23T22:37:09Z
static-ikj,cpu,Apple M1 Pro,i32,1024,10,149.8431674693484,0.0,14.331541999999999,14.224083,0.13405351806013885,,5,Pauls-MacBook-Pro,eca62af-dirty,2026-09-23T22:37:09Z
static-tiled,cpu,Apple M1 Pro,i32,1024,1,9.12674055811419,0.0,235.295792,234.688583,1.5113740021803903,16,5,Pauls-MacBook-Pro,eca62af-dirty,2026-09-23T22:37:09Z
static-tiled,cpu,Apple M1 Pro,i32,1024,1,12.82882391710998,0.0,167.395208,166.903916,1.6760754483047609,32,5,Pauls-MacBook-Pro,eca62af-dirty,2026-09-23T22:37:09Z
static-tiled,cpu,Apple M1 Pro,i32,1024,1,18.315737991266378,0.0,117.248,116.55125,0.8360222239669827,64,5,Pauls-MacBook-Pro,eca62af-dirty,2026-09-23T22:37:09Z
static-tiled,cpu,Apple M1 Pro,i32,1024,1,21.720916434846167,0.0,98.867083,98.66820799999999,0.49894486559709267,128,5,Pauls-MacBook-Pro,eca62af-dirty,2026-09-23T22:37:09Z
static-tiled,cpu,Apple M1 Pro,i32,1024,1,21.498771922732455,0.0,99.888666,99.755667,0.13274262883000254,256,5,Pauls-MacBook-Pro,eca62af-dirty,2026-09-23T22:37:09Z
static-tiled,cpu,Apple M1 Pro,i32,1024,2,17.846377857857398,0.0,120.331625,120.012375,0.26088384029103795,16,5,Pauls-MacBook-Pro,eca62af-dirty,2026-09-23T22:37:09Z
static-tiled,cpu,Apple M1 Pro,i32,1024,2,25.01461252384662,0.0,85.84916700000001,85.390709,0.5383570010510683,32,5,Pauls-MacBook-Pro,eca62af-dirty,2026-09-23T22:37:09Z
static-tiled,cpu,Apple M1 Pro,i32,1024,2,35.84753076905883,0.0,59.906041,59.728417,0.19761067173485272,64,5,Pauls-MacBook-Pro,eca62af-dirty,2026-09-23T22:37:09Z
static-tiled,cpu,Apple M1 Pro,i32,1024,2,42.147604054836464,0.0,50.951499999999996,50.670167,0.17819673760116847,128,5,Pauls-MacBook-Pro,eca62af-dirty,2026-09-23T22:37:09Z
static-tiled,cpu,Apple M1 Pro,i32,1024,2,41.858049356385926,0.0,51.303959000000006,51.143333999999996,0.14288628418186455,256,5,Pauls-MacBook-Pro,eca62af-dirty,2026-09-23T22:37:09Z
static-tiled,cpu,Apple M1 Pro,i32,1024,4,34.676450317448165,0.0,61.929166,61.528459,0.24450053112928025,16,5,Pauls-MacBook-Pro,eca62af-dirty,2026-09-23T22:37:09Z
static-tiled,cpu,Apple M1 Pro,i32,1024,4,47.80715956568551,0.0,44.919708,44.32925,0.30773451229216964,32,5,Pauls-MacBook-Pro,eca62af-dirty,2026-09-23T22:37:09Z
static-tiled,cpu,Apple M1 Pro,i32,1024,4,69.96551441139299,0.0,30.693459,30.506625,0.29986738710419997,64,5,Pauls-MacBook-Pro,eca62af-dirty,2026-09-23T22:37:09Z
static-tiled,cpu,Apple M1 Pro,i32,1024,4,82.02972802898653,0.0,26.179333999999997,26.068542,0.07033980829302802,128,5,Pauls-MacBook-Pro,eca62af-dirty,2026-09-23T22:37:09Z
static-tiled,cpu,Apple M1 Pro,i32,1024,4,80.03504380177067,0.0,26.831792,26.567833,0.2737075728870135,256,5,Pauls-MacBook-Pro,eca62af-dirty,2026-09-23T22:37:09Z
static-tiled,cpu,Apple M1 Pro,i32,1024,8,66.97665417767372,0.0,32.063167,31.142542,0.4140271626189517,16,5,Pauls-MacBook-Pro,eca62af-dirty,2026-09-23T22:37:09Z
static-tiled,cpu,Apple M1 Pro,i32,1024,8,96.24288869437495,0.0,22.313167,22.245625,0.5903467955234444,32,5,Pauls-MacBook-Pro,eca62af-dirty,2026-09-23T22:37:09Z
static-tiled,cpu,Apple M1 Pro,i32,1024,8,143.97825700572693,0.0,14.915332999999999,14.854459,0.9995723374935405,64,5,Pauls-MacBook-Pro,eca62af-dirty,2026-09-23T22:37:09Z
static-tiled,cpu,Apple M1 Pro,i32,1024,8,160.41061605914092,0.0,13.387416,13.287042000000001,0.7735807204947651,128,5,Pauls-MacBook-Pro,eca62af-dirty,2026-09-23T22:37:09Z
static-tiled,cpu,Apple M1 Pro,i32,1024,8,161.0124666960328,0.0,13.337375,13.286041,0.6844334069212286,256,5,Pauls-MacBook-Pro,eca62af-dirty,2026-09-23T22:37:09Z
static-tiled,cpu,Apple M1 Pro,i32,1024,10,71.39310155537414,0.0,30.079708,29.850042000000002,0.615369447389695,16,5,Pauls-MacBook-Pro,eca62af-dirty,2026-09-23T22:37:09Z
static-tiled,cpu,Apple M1 Pro,i32,1024,10,88.2018553540166,0.0,24.347375,22.885292,1.843998271138751,32,5,Pauls-MacBook-Pro,eca62af-dirty,2026-09-23T22:37:09Z
static-tiled,cpu,Apple M1 Pro,i32,1024,10,110.07774126033745,0.0,19.508791000000002,18.275875,0.8369349916304738,64,5,Pauls-MacBook-Pro,eca62af-dirty,2026-09-23T22:37:09Z
static-tiled,cpu,Apple M1 Pro,i32,1024,10,124.35513758270764,0.0,17.268958,15.636707999999999,0.7760810931640464,128,5,Pauls-MacBook-Pro,eca62af-dirty,2026-09-23T22:37:09Z
static-tiled,cpu,Apple M1 Pro,i32,1024,10,122.72941834842493,0.0,17.497709,17.230124999999997,0.15053840475373803,256,5,Pauls-MacBook-Pro,eca62af-dirty,2026-09-23T22:37:09Z
naive-ijk,cpu,Apple M1 Pro,i32,2048,1,0.7127240671163595,0.0,24104.516708,24066.601,28.401064581268994,,5,Pauls-MacBook-Pro,eca62af-dirty,2026-09-23T22:37:09Z
ikj,cpu,Apple M1 Pro,i32,2048,1,24.677008690155215,0.0,696.189291,695.741167,1.4289320009772324,,5,Pauls-MacBook-Pro,eca62af-dirty,2026-09-23T22:37:09Z
tiled,cpu,Apple M1 Pro,i32,2048,1,8.235071797437763,0.0,2086.1832910000003,2081.734,2.3824728361677376,16,5,Pauls-MacBook-Pro,eca62af-dirty,2026-09-23T22:37:09Z
tiled,cpu,Apple M1 Pro,i32,2048,1,11.585353913340489,0.0,1482.8954999999999,1481.284375,1.092758629591764,32,5,Pauls-MacBook-Pro,eca62af-dirty,2026-09-23T22:37:09Z
tiled,cpu,Apple M1 Pro,i32,2048,1,15.165738431367906,0.0,1132.8079579999999,1129.114083,2.5980467891925962,64,5,Pauls-MacBook-Pro,eca62af-dirty,2026-09-23T22:37:09Z
tiled,cpu,Apple M1 Pro,i32,2048,1,18.230840687980713,0.0,942.352,938.6369169999999,2.3069794045269347,128,5,Pauls-MacBook-Pro,eca62af-dirty,2026-09-23T22:37:09Z
tiled,cpu,Apple M1 Pro,i32,2048,1,19.428457302236588,0.0,884.263167,882.753958,1.8724788829787753,256,5,Pauls-MacBook-Pro,eca62af-dirty,2026-09-23T22:37:09Z
rayon-ikj,cpu,Apple M1 Pro,i32,2048,1,24.43133172810203,0.0,703.1900420000001,700.758,1.7314592703001892,,5,Pauls-MacBook-Pro,eca62af-dirty,2026-09-23T22:37:09Z
rayon-ikj,cpu,Apple M1 Pro,i32,2048,2,43.90120883282284,0.0,391.330208,384.77125,7.4446427679681175,,5,Pauls-MacBook-Pro,eca62af-dirty,2026-09-23T22:37:09Z
rayon-ikj,cpu,Apple M1 Pro,i32,2048,4,74.174251166807,0.0,231.61499999999998,226.767708,3.1995788236707035,,5,Pauls-MacBook-Pro,eca62af-dirty,2026-09-23T22:37:09Z
rayon-ikj,cpu,Apple M1 Pro,i32,2048,8,153.02949701644988,0.0,112.265083,110.81824999999999,1.5304268260666714,,5,Pauls-MacBook-Pro,eca62af-dirty,2026-09-23T22:37:09Z
rayon-ikj,cpu,Apple M1 Pro,i32,2048,10,151.28412301018037,0.0,113.56029199999999,112.87354099999999,8.348517436194564,,5,Pauls-MacBook-Pro,eca62af-dirty,2026-09-23T22:37:09Z
rayon-tiled,cpu,Apple M1 Pro,i32,2048,1,8.179105453546828,0.0,2100.458208,2098.283416,2.6706477708774115,16,5,Pauls-MacBook-Pro,eca62af-dirty,2026-09-23T22:37:09Z
rayon-tiled,cpu,Apple M1 Pro,i32,2048,1,11.394891304206231,0.0,1507.681708,1506.5621660000002,1.637788439389738,32,5,Pauls-MacBook-Pro,eca62af-dirty,2026-09-23T22:37:09Z
rayon-tiled,cpu,Apple M1 Pro,i32,2048,1,14.993440157654414,0.0,1145.825708,1142.4725,2.3142181626139746,64,5,Pauls-MacBook-Pro,eca62af-dirty,2026-09-23T22:37:09Z
rayon-tiled,cpu,Apple M1 Pro,i32,2048,1,18.022365195379717,0.0,953.25275,948.2871670000001,2.720635382166174,128,5,Pauls-MacBook-Pro,eca62af-dirty,2026-09-23T22:37:09Z
rayon-tiled,cpu,Apple M1 Pro,i32,2048,1,19.12816528369535,0.0,898.145166,894.721417,2.3446666991973983,256,5,Pauls-MacBook-Pro,eca62af-dirty,2026-09-23T22:37:09Z
rayon-tiled,cpu,Apple M1 Pro,i32,2048,2,15.978013654261554,0.0,1075.219333,1073.9793339999999,1.5566223505461982,16,5,Pauls-MacBook-Pro,eca62af-dirty,2026-09-23T22:37:09Z
rayon-tiled,cpu,Apple M1 Pro,i32,2048,2,21.165634133547332,0.0,811.686958,804.084417,7.087800357126721,32,5,Pauls-MacBook-Pro,eca62af-dirty,2026-09-23T22:37:09Z
rayon-tiled,cpu,Apple M1 Pro,i32,2048,2,27.884799614286987,0.0,616.101583,600.906666,13.221782938496762,64,5,Pauls-MacBook-Pro,eca62af-dirty,2026-09-23T22:37:09Z
rayon-tiled,cpu,Apple M1 Pro,i32,2048,2,31.890501958318197,0.0,538.714292,517.384084,12.667336499269371,128,5,Pauls-MacBook-Pro,eca62af-dirty,2026-09-23T22:37:09Z
rayon-tiled,cpu,Apple M1 Pro,i32,2048,2,34.224102568320724,0.0,501.98158299999994,494.69404099999997,7.214686025127591,256,5,Pauls-MacBook-Pro,eca62af-dirty,2026-09-23T22:37:09Z
rayon-tiled,cpu,Apple M1 Pro,i32,2048,4,30.9607765729777,0.0,554.891417,553.454291,6.951899742473176,16,5,Pauls-MacBook-Pro,eca62af-dirty,2026-09-23T22:37:09Z
rayon-tiled,cpu,Apple M1 Pro,i32,2048,4,41.9810904878995,0.0,409.22875,407.74645799999996,3.445868517701329,32,5,Pauls-MacBook-Pro,eca62af-dirty,2026-09-23T22:37:09Z
rayon-tiled,cpu,Apple M1 Pro,i32,2048,4,54.92010487735611,0.0,312.81566599999996,301.868959,6.275733282338544,64,5,Pauls-MacBook-Pro,eca62af-dirty,2026-09-23T22:37:09Z
rayon-tiled,cpu,Apple M1 Pro,i32,2048,4,65.95512162061553,0.0,260.478167,259.322834,4.51339944283271,128,5,Pauls-MacBook-Pro,eca62af-dirty,2026-09-23T22:37:09Z
rayon-tiled,cpu,Apple M1 Pro,i32,2048,4,69.37351861474872,0.0,247.643042,246.207916,4.368618319559782,256,5,Pauls-MacBook-Pro,eca62af-dirty,2026-09-23T22:37:09Z
rayon-tiled,cpu,Apple M1 Pro,i32,2048,8,58.94268332433433,0.0,291.46737499999995,288.168334,5.334136353182524,16,5,Pauls-MacBook-Pro,eca62af-dirty,2026-09-23T22:37:09Z
rayon-tiled,cpu,Apple M1 Pro,i32,2048,8,81.0699739290097,0.0,211.914083,206.87341700000002,3.294461420986258,32,5,Pauls-MacBook-Pro,eca62af-dirty,2026-09-23T22:37:09Z
rayon-tiled,cpu,Apple M1 Pro,i32,2048,8,114.29168673993453,0.0,150.316,150.04383399999998,0.4687182478774528,64,5,Pauls-MacBook-Pro,eca62af-dirty,2026-09-23T22:37:09Z
rayon-tiled,cpu,Apple M1 Pro,i32,2048,8,134.48661402187997,0.0,127.744083,126.780333,1.7395328292888657,128,5,Pauls-MacBook-Pro,eca62af-dirty,2026-09-23T22:37:09Z
rayon-tiled,cpu,Apple M1 Pro,i32,2048,8,144.01360665669824,0.0,119.293375,118.637417,1.7830216682312081,256,5,Pauls-MacBook-Pro,eca62af-dirty,2026-09-23T22:37:09Z
rayon-tiled,cpu,Apple M1 Pro,i32,2048,10,58.500286154728215,0.0,293.671541,261.012917,22.431039493698016,16,5,Pauls-MacBook-Pro,eca62af-dirty,2026-09-23T22:37:09Z
rayon-tiled,cpu,Apple M1 Pro,i32,2048,10,90.4770908813223,0.0,189.880875,189.12283399999998,6.014792714664939,32,5,Pauls-MacBook-Pro,eca62af-dirty,2026-09-23T22:37:09Z
rayon-tiled,cpu,Apple M1 Pro,i32,2048,10,119.37722017089028,0.0,143.912458,139.548125,13.061520255078692,64,5,Pauls-MacBook-Pro,eca62af-dirty,2026-09-23T22:37:09Z
rayon-tiled,cpu,Apple M1 Pro,i32,2048,10,132.5330220650493,0.0,129.627084,123.34441699999999,7.887969942279917,128,5,Pauls-MacBook-Pro,eca62af-dirty,2026-09-23T22:37:09Z
rayon-tiled,cpu,Apple M1 Pro,i32,2048,10,148.49334192446176,0.0,115.694542,114.0765,3.697283709163703,256,5,Pauls-MacBook-Pro,eca62af-dirty,2026-09-23T22:37:09Z
static-ikj,cpu,Apple M1 Pro,i32,2048,1,24.44061759122578,0.0,702.922875,702.325166,0.6102536061128034,,5,Pauls-MacBook-Pro,eca62af-dirty,2026-09-23T22:37:09Z
static-ikj,cpu,Apple M1 Pro,i32,2048,2,43.55471138208906,0.0,394.443417,387.28745799999996,5.488453387757329,,5,Pauls-MacBook-Pro,eca62af-dirty,2026-09-23T22:37:09Z
static-ikj,cpu,Apple M1 Pro,i32,2048,4,74.61972008687644,0.0,230.232292,225.173,2.6852974870593087,,5,Pauls-MacBook-Pro,eca62af-dirty,2026-09-23T22:37:09Z
static-ikj,cpu,Apple M1 Pro,i32,2048,8,151.5871924964651,0.0,113.33324999999999,111.348791,1.3742488347862227,,5,Pauls-MacBook-Pro,eca62af-dirty,2026-09-23T22:37:09Z
static-ikj,cpu,Apple M1 Pro,i32,2048,10,141.73177186630792,0.0,121.213959,117.472833,3.291541415162842,,5,Pauls-MacBook-Pro,eca62af-dirty,2026-09-23T22:37:09Z
static-tiled,cpu,Apple M1 Pro,i32,2048,1,8.183515795940561,0.0,2099.326208,2098.677083,3.7896092139785877,16,5,Pauls-MacBook-Pro,eca62af-dirty,2026-09-23T22:37:09Z
static-tiled,cpu,Apple M1 Pro,i32,2048,1,11.350670116820954,0.0,1513.5555000000002,1512.228292,2.9923944405147176,32,5,Pauls-MacBook-Pro,eca62af-dirty,2026-09-23T22:37:09Z
static-tiled,cpu,Apple M1 Pro,i32,2048,1,14.93861723610434,0.0,1150.03075,1147.790959,4.978620028516782,64,5,Pauls-MacBook-Pro,eca62af-dirty,2026-09-23T22:37:09Z
static-tiled,cpu,Apple M1 Pro,i32,2048,1,18.04301073136714,0.0,952.1619999999999,950.118333,1.8099437944630277,128,5,Pauls-MacBook-Pro,eca62af-dirty,2026-09-23T22:37:09Z
static-tiled,cpu,Apple M1 Pro,i32,2048,1,19.11337234980116,0.0,898.8402920000001,897.329334,2.681304592946445,256,5,Pauls-MacBook-Pro,eca62af-dirty,2026-09-23T22:37:09Z
static-tiled,cpu,Apple M1 Pro,i32,2048,2,15.950304725928932,0.0,1077.087208,1072.2855419999999,2.4988283486494627,16,5,Pauls-MacBook-Pro,eca62af-dirty,2026-09-23T22:37:09Z
static-tiled,cpu,Apple M1 Pro,i32,2048,2,20.90482823901382,0.0,821.8134580000001,803.2311669999999,12.912945499122113,32,5,Pauls-MacBook-Pro,eca62af-dirty,2026-09-23T22:37:09Z
static-tiled,cpu,Apple M1 Pro,i32,2048,2,28.128488304372848,0.0,610.764041,598.2045,10.721522841803024,64,5,Pauls-MacBook-Pro,eca62af-dirty,2026-09-23T22:37:09Z
static-tiled,cpu,Apple M1 Pro,i32,2048,2,33.36784040505774,0.0,514.8630830000001,512.1768330000001,28.46683738177302,128,5,Pauls-MacBook-Pro,eca62af-dirty,2026-09-23T22:37:09Z
static-tiled,cpu,Apple M1 Pro,i32,2048,2,33.79122911994206,0.0,508.41208299999994,484.35283400000003,21.95806544253921,256,5,Pauls-MacBook-Pro,eca62af-dirty,2026-09-23T22:37:09Z
static-tiled,cpu,Apple M1 Pro,i32,2048,4,31.031604047242702,0.0,553.624916,552.6249170000001,0.6785601199212038,16,5,Pauls-MacBook-Pro,eca62af-dirty,2026-09-23T22:37:09Z
static-tiled,cpu,Apple M1 Pro,i32,2048,4,41.81678231147739,0.0,410.836708,405.312333,2.7599728946615896,32,5,Pauls-MacBook-Pro,eca62af-dirty,2026-09-23T22:37:09Z
static-tiled,cpu,Apple M1 Pro,i32,2048,4,55.72070847973767,0.0,308.321083,298.619625,4.564742243901763,64,5,Pauls-MacBook-Pro,eca62af-dirty,2026-09-23T22:37:09Z
static-tiled,cpu,Apple M1 Pro,i32,2048,4,66.19293656422514,0.0,259.54233300000004,256.258583,5.029301938802418,128,5,Pauls-MacBook-Pro,eca62af-dirty,2026-09-23T22:37:09Z
static-tiled,cpu,Apple M1 Pro,i32,2048,4,68.36014165140936,0.0,251.314125,240.217333,5.904420005902599,256,5,Pauls-MacBook-Pro,eca62af-dirty,2026-09-23T22:37:09Z
static-tiled,cpu,Apple M1 Pro,i32,2048,8,60.47836243906024,0.0,284.066375,282.79325,1.5114841939129577,16,5,Pauls-MacBook-Pro,eca62af-dirty,2026-09-23T22:37:09Z
static-tiled,cpu,Apple M1 Pro,i32,2048,8,82.05715620582723,0.0,209.364667,208.27533300000002,1.8104167910863171,32,5,Pauls-MacBook-Pro,eca62af-dirty,2026-09-23T22:37:09Z
static-tiled,cpu,Apple M1 Pro,i32,2048,8,114.02265377920345,0.0,150.670666,148.477625,1.1803926434742833,64,5,Pauls-MacBook-Pro,eca62af-dirty,2026-09-23T22:37:09Z
static-tiled,cpu,Apple M1 Pro,i32,2048,8,134.21266042353258,0.0,128.00483300000002,126.98962499999999,1.9438795169479988,128,5,Pauls-MacBook-Pro,eca62af-dirty,2026-09-23T22:37:09Z
static-tiled,cpu,Apple M1 Pro,i32,2048,8,144.01788276457728,0.0,119.289833,118.306416,2.7157217192529686,256,5,Pauls-MacBook-Pro,eca62af-dirty,2026-09-23T22:37:09Z
static-tiled,cpu,Apple M1 Pro,i32,2048,10,64.73754590107829,0.0,265.377208,255.79225,6.210719279811622,16,5,Pauls-MacBook-Pro,eca62af-dirty,2026-09-23T22:37:09Z
static-tiled,cpu,Apple M1 Pro,i32,2048,10,87.21935636650939,0.0,196.973125,187.48975000000002,6.790315276437227,32,5,Pauls-MacBook-Pro,eca62af-dirty,2026-09-23T22:37:09Z
static-tiled,cpu,Apple M1 Pro,i32,2048,10,120.26586956809517,0.0,142.84908299999998,141.246333,7.791651423751048,64,5,Pauls-MacBook-Pro,eca62af-dirty,2026-09-23T22:37:09Z
static-tiled,cpu,Apple M1 Pro,i32,2048,10,142.5617680449264,0.0,120.50825,120.250125,4.531773253544391,128,5,Pauls-MacBook-Pro,eca62af-dirty,2026-09-23T22:37:09Z
static-tiled,cpu,Apple M1 Pro,i32,2048,10,147.17870061600837,0.0,116.727958,112.470375,8.273726138538892,256,5,Pauls-MacBook-Pro,eca62af-dirty,2026-09-23T22:37:09Z
naive-ijk,cpu,Apple M1 Pro,i32,4096,1,0.41371549255748524,0.0,332206.446083,332117.34325,50.60116102045117,,5,Pauls-MacBook-Pro,eca62af-dirty,2026-09-23T22:37:09Z
ikj,cpu,Apple M1 Pro,i32,4096,1,25.746271881424843,0.0,5338.207959,5331.995042,3.1815559224143715,,5,Pauls-MacBook-Pro,eca62af-dirty,2026-09-23T22:37:09Z
tiled,cpu,Apple M1 Pro,i32,4096,1,7.692429567114171,0.0,17866.780875,17863.15075,11.711050231215053,16,5,Pauls-MacBook-Pro,eca62af-dirty,2026-09-23T22:37:09Z
tiled,cpu,Apple M1 Pro,i32,4096,1,11.628031506143545,0.0,11819.623416,11813.1365,3.5594970597344444,32,5,Pauls-MacBook-Pro,eca62af-dirty,2026-09-23T22:37:09Z
tiled,cpu,Apple M1 Pro,i32,4096,1,16.625808906621554,0.0,8266.602499999999,8263.848416,5.876156321964575,64,5,Pauls-MacBook-Pro,eca62af-dirty,2026-09-23T22:37:09Z
tiled,cpu,Apple M1 Pro,i32,4096,1,20.893552413944015,0.0,6578.055792,6574.420416999999,8.194345269933182,128,5,Pauls-MacBook-Pro,eca62af-dirty,2026-09-23T22:37:09Z
tiled,cpu,Apple M1 Pro,i32,4096,1,19.95069362954752,0.0,6888.931083,6885.518375000001,7.538526659510105,256,5,Pauls-MacBook-Pro,eca62af-dirty,2026-09-23T22:37:09Z
rayon-ikj,cpu,Apple M1 Pro,i32,4096,1,25.74124085593633,0.0,5339.2512910000005,5333.965083,6.688990644474777,,5,Pauls-MacBook-Pro,eca62af-dirty,2026-09-23T22:37:09Z
rayon-ikj,cpu,Apple M1 Pro,i32,4096,2,47.16447599442474,0.0,2914.035417,2895.049583,13.850645846970252,,5,Pauls-MacBook-Pro,eca62af-dirty,2026-09-23T22:37:09Z
rayon-ikj,cpu,Apple M1 Pro,i32,4096,4,63.08357202263641,0.0,2178.6805830000003,2144.689417,30.627980784616597,,5,Pauls-MacBook-Pro,eca62af-dirty,2026-09-23T22:37:09Z
rayon-ikj,cpu,Apple M1 Pro,i32,4096,8,134.96402263442454,0.0,1018.337708,944.499042,68.41486853019481,,5,Pauls-MacBook-Pro,eca62af-dirty,2026-09-23T22:37:09Z
rayon-ikj,cpu,Apple M1 Pro,i32,4096,10,126.78840023134114,0.0,1084.002584,1077.788916,67.22065520701915,,5,Pauls-MacBook-Pro,eca62af-dirty,2026-09-23T22:37:09Z
rayon-tiled,cpu,Apple M1 Pro,i32,4096,1,7.644648306735938,0.0,17978.453417,17967.154832999997,6.807074383529314,16,5,Pauls-MacBook-Pro,eca62af-dirty,2026-09-23T22:37:09Z
rayon-tiled,cpu,Apple M1 Pro,i32,4096,1,11.47551328035783,0.0,11976.715125,11968.659625,4.548592983255167,32,5,Pauls-MacBook-Pro,eca62af-dirty,2026-09-23T22:37:09Z
rayon-tiled,cpu,Apple M1 Pro,i32,4096,1,16.389813261109524,0.0,8385.632666,8385.152542,5.021244308232331,64,5,Pauls-MacBook-Pro,eca62af-dirty,2026-09-23T22:37:09Z
rayon-tiled,cpu,Apple M1 Pro,i32,4096,1,20.402904664301005,0.0,6736.244458,6715.52075,15.133423268573672,128,5,Pauls-MacBook-Pro,eca62af-dirty,2026-09-23T22:37:09Z
rayon-tiled,cpu,Apple M1 Pro,i32,4096,1,19.569073466416064,0.0,7023.273417,7002.071208,10.56971797040827,256,5,Pauls-MacBook-Pro,eca62af-dirty,2026-09-23T22:37:09Z
rayon-tiled,cpu,Apple M1 Pro,i32,4096,2,14.926771253457709,0.0,9207.547375,9200.498292,5.407266757113562,16,5,Pauls-MacBook-Pro,eca62af-dirty,2026-09-23T22:37:09Z
rayon-tiled,cpu,Apple M1 Pro,i32,4096,2,22.375378757919894,0.0,6142.419083,6133.982833,4.589090168251407,32,5,Pauls-MacBook-Pro,eca62af-dirty,2026-09-23T22:37:09Z
rayon-tiled,cpu,Apple M1 Pro,i32,4096,2,31.86855945922997,0.0,4312.6817089999995,4310.402416999999,6.205559871572825,64,5,Pauls-MacBook-Pro,eca62af-dirty,2026-09-23T22:37:09Z
rayon-tiled,cpu,Apple M1 Pro,i32,4096,2,39.496177121136554,0.0,3479.803958,3473.591958,4.306094998381503,128,5,Pauls-MacBook-Pro,eca62af-dirty,2026-09-23T22:37:09Z
rayon-tiled,cpu,Apple M1 Pro,i32,4096,2,35.21756148842221,0.0,3902.568709,3859.784583,21.153371773730107,256,5,Pauls-MacBook-Pro,eca62af-dirty,2026-09-23T22:37:09Z
rayon-tiled,cpu,Apple M1 Pro,i32,4096,4,29.10895962120365,0.0,4721.534375,4717.235625,4.422811329438303,16,5,Pauls-MacBook-Pro,eca62af-dirty,2026-09-23T22:37:09Z
rayon-tiled,cpu,Apple M1 Pro,i32,4096,4,43.556302229560615,0.0,3155.432083,3154.546458,1.3422218098164145,32,5,Pauls-MacBook-Pro,eca62af-dirty,2026-09-23T22:37:09Z
rayon-tiled,cpu,Apple M1 Pro,i32,4096,4,61.65907928078413,0.0,2229.014041,2217.608833,6.8158948276536835,64,5,Pauls-MacBook-Pro,eca62af-dirty,2026-09-23T22:37:09Z
rayon-tiled,cpu,Apple M1 Pro,i32,4096,4,78.18668733911721,0.0,1757.830625,1756.968125,2.5620751007403144,128,5,Pauls-MacBook-Pro,eca62af-dirty,2026-09-23T22:37:09Z
rayon-tiled,cpu,Apple M1 Pro,i32,4096,4,72.44181805996604,0.0,1897.23225,1873.56675,21.49077996585147,256,5,Pauls-MacBook-Pro,eca62af-dirty,2026-09-23T22:37:09Z
rayon-tiled,cpu,Apple M1 Pro,i32,4096,8,56.672445070111245,0.0,2425.1459999999997,2416.8635,6.722138782659878,16,5,Pauls-MacBook-Pro,eca62af-dirty,2026-09-23T22:37:09Z
rayon-tiled,cpu,Apple M1 Pro,i32,4096,8,85.16127708312969,0.0,1613.8667500000001,1610.637125,11.834657693263908,32,5,Pauls-MacBook-Pro,eca62af-dirty,2026-09-23T22:37:09Z
rayon-tiled,cpu,Apple M1 Pro,i32,4096,8,119.04493807484882,0.0,1154.5132090000002,1146.0545,8.130076667067703,64,5,Pauls-MacBook-Pro,eca62af-dirty,2026-09-23T22:37:09Z
rayon-tiled,cpu,Apple M1 Pro,i32,4096,8,153.0321517164466,0.0,898.105084,897.054417,0.5999376871857087,128,5,Pauls-MacBook-Pro,eca62af-dirty,2026-09-23T22:37:09Z
rayon-tiled,cpu,Apple M1 Pro,i32,4096,8,147.80965456868054,0.0,929.837458,926.100625,158.7153968386551,256,5,Pauls-MacBook-Pro,eca62af-dirty,2026-09-23T22:37:09Z
rayon-tiled,cpu,Apple M1 Pro,i32,4096,10,63.26018594880416,0.0,2172.598,2151.535208,228.54653338623766,16,5,Pauls-MacBook-Pro,eca62af-dirty,2026-09-23T22:37:09Z
rayon-tiled,cpu,Apple M1 Pro,i32,4096,10,91.58902044400256,0.0,1500.6051249999998,1476.095208,150.5246990574903,32,5,Pauls-MacBook-Pro,eca62af-dirty,2026-09-23T22:37:09Z
rayon-tiled,cpu,Apple M1 Pro,i32,4096,10,127.09079223666683,0.0,1081.4233749999999,1059.269667,26.011416023065944,64,5,Pauls-MacBook-Pro,eca62af-dirty,2026-09-23T22:37:09Z
rayon-tiled,cpu,Apple M1 Pro,i32,4096,10,155.51074731598104,0.0,883.790708,861.531583,72.89125333389319,128,5,Pauls-MacBook-Pro,eca62af-dirty,2026-09-23T22:37:09Z
rayon-tiled,cpu,Apple M1 Pro,i32,4096,10,123.59431025986997,0.0,1112.016833,1033.36425,56.44010425352311,256,5,Pauls-MacBook-Pro,eca62af-dirty,2026-09-23T22:37:09Z
static-ikj,cpu,Apple M1 Pro,i32,4096,1,25.73073306659601,0.0,5341.431708,5336.128291,25.979206390887438,,5,Pauls-MacBook-Pro,eca62af-dirty,2026-09-23T22:37:09Z
static-ikj,cpu,Apple M1 Pro,i32,4096,2,47.13011811921483,0.0,2916.1597500000003,2894.398791,22.07173319036139,,5,Pauls-MacBook-Pro,eca62af-dirty,2026-09-23T22:37:09Z
static-ikj,cpu,Apple M1 Pro,i32,4096,4,64.13727090275533,0.0,2142.8874589999996,2131.388709,9.733920366060088,,5,Pauls-MacBook-Pro,eca62af-dirty,2026-09-23T22:37:09Z
static-ikj,cpu,Apple M1 Pro,i32,4096,8,147.87753633868775,0.0,929.4106250000001,901.0780000000001,126.22593914861181,,5,Pauls-MacBook-Pro,eca62af-dirty,2026-09-23T22:37:09Z
static-ikj,cpu,Apple M1 Pro,i32,4096,10,120.24872223013908,0.0,1142.9556249999998,1100.4641669999999,23.705232966690367,,5,Pauls-MacBook-Pro,eca62af-dirty,2026-09-23T22:37:09Z
static-tiled,cpu,Apple M1 Pro,i32,4096,1,7.630534176547832,0.0,18011.708,18003.797667,4.899408385699717,16,5,Pauls-MacBook-Pro,eca62af-dirty,2026-09-23T22:37:09Z
static-tiled,cpu,Apple M1 Pro,i32,4096,1,11.455884993412157,0.0,11997.235792,11995.936958,4.822173200481748,32,5,Pauls-MacBook-Pro,eca62af-dirty,2026-09-23T22:37:09Z
static-tiled,cpu,Apple M1 Pro,i32,4096,1,16.342756428528794,0.0,8409.777999999998,8398.955417,9.111552282738684,64,5,Pauls-MacBook-Pro,eca62af-dirty,2026-09-23T22:37:09Z
static-tiled,cpu,Apple M1 Pro,i32,4096,1,20.418692885006365,0.0,6731.035833,6726.382458,9.583503682164224,128,5,Pauls-MacBook-Pro,eca62af-dirty,2026-09-23T22:37:09Z
static-tiled,cpu,Apple M1 Pro,i32,4096,1,19.57518031142599,0.0,7021.082375,7006.822999999999,11.613797828410593,256,5,Pauls-MacBook-Pro,eca62af-dirty,2026-09-23T22:37:09Z
static-tiled,cpu,Apple M1 Pro,i32,4096,2,14.894472429012477,0.0,9227.514040999999,9222.30675,4.865747134818252,16,5,Pauls-MacBook-Pro,eca62af-dirty,2026-09-23T22:37:09Z
static-tiled,cpu,Apple M1 Pro,i32,4096,2,22.353854963685684,0.0,6148.333417,6141.210875,4.7648126019264785,32,5,Pauls-MacBook-Pro,eca62af-dirty,2026-09-23T22:37:09Z
static-tiled,cpu,Apple M1 Pro,i32,4096,2,31.833964015811947,0.0,4317.3685,4314.111208,5.598840053864646,64,5,Pauls-MacBook-Pro,eca62af-dirty,2026-09-23T22:37:09Z
static-tiled,cpu,Apple M1 Pro,i32,4096,2,39.46931737268827,0.0,3482.172042,3471.635,7.048125789996756,128,5,Pauls-MacBook-Pro,eca62af-dirty,2026-09-23T22:37:09Z
static-tiled,cpu,Apple M1 Pro,i32,4096,2,35.13892911684327,0.0,3911.301708,3876.025875,22.17961973361691,256,5,Pauls-MacBook-Pro,eca62af-dirty,2026-09-23T22:37:09Z
static-tiled,cpu,Apple M1 Pro,i32,4096,4,29.033999226613208,0.0,4733.7245,4729.027167,3.7627312188435993,16,5,Pauls-MacBook-Pro,eca62af-dirty,2026-09-23T22:37:09Z
static-tiled,cpu,Apple M1 Pro,i32,4096,4,43.310674756304756,0.0,3173.3274589999996,3167.986459,4.244967249656197,32,5,Pauls-MacBook-Pro,eca62af-dirty,2026-09-23T22:37:09Z
static-tiled,cpu,Apple M1 Pro,i32,4096,4,61.43966149478493,0.0,2236.974458,2232.4048749999997,4.2955083585399905,64,5,Pauls-MacBook-Pro,eca62af-dirty,2026-09-23T22:37:09Z
static-tiled,cpu,Apple M1 Pro,i32,4096,4,77.90206038149996,0.0,1764.253125,1762.162708,1.479724023954968,128,5,Pauls-MacBook-Pro,eca62af-dirty,2026-09-23T22:37:09Z
static-tiled,cpu,Apple M1 Pro,i32,4096,4,72.78390592517016,0.0,1888.315167,1881.908167,10.113814081376255,256,5,Pauls-MacBook-Pro,eca62af-dirty,2026-09-23T22:37:09Z
static-tiled,cpu,Apple M1 Pro,i32,4096,8,56.394601133194534,0.0,2437.094167,2433.445209,2.2389190121792835,16,5,Pauls-MacBook-Pro,eca62af-dirty,2026-09-23T22:37:09Z
static-tiled,cpu,Apple M1 Pro,i32,4096,8,84.56379294141679,0.0,1625.2694999999999,1623.811042,10.966634471596967,32,5,Pauls-MacBook-Pro,eca62af-dirty,2026-09-23T22:37:09Z
static-tiled,cpu,Apple M1 Pro,i32,4096,8,118.74138990675158,0.0,1157.464584,1151.170084,5.513258309089361,64,5,Pauls-MacBook-Pro,eca62af-dirty,2026-09-23T22:37:09Z
static-tiled,cpu,Apple M1 Pro,i32,4096,8,152.62352523106014,0.0,900.509625,893.2415,4.524774088716731,128,5,Pauls-MacBook-Pro,eca62af-dirty,2026-09-23T22:37:09Z
static-tiled,cpu,Apple M1 Pro,i32,4096,8,147.2495400731018,0.0,933.374416,927.534125,3.476905677290344,256,5,Pauls-MacBook-Pro,eca62af-dirty,2026-09-23T22:37:09Z
static-tiled,cpu,Apple M1 Pro,i32,4096,10,63.160780655417696,0.0,2176.017333,2160.1181669999996,50.35132610918502,16,5,Pauls-MacBook-Pro,eca62af-dirty,2026-09-23T22:37:09Z
static-tiled,cpu,Apple M1 Pro,i32,4096,10,91.0927801658277,0.0,1508.7798750000002,1453.4292500000001,40.0584638569331,32,5,Pauls-MacBook-Pro,eca62af-dirty,2026-09-23T22:37:09Z
static-tiled,cpu,Apple M1 Pro,i32,4096,10,126.46470467482688,0.0,1086.777167,1067.259167,29.19161952634005,64,5,Pauls-MacBook-Pro,eca62af-dirty,2026-09-23T22:37:09Z
static-tiled,cpu,Apple M1 Pro,i32,4096,10,155.1143573416523,0.0,886.049208,863.9872079999999,35.24526418312996,128,5,Pauls-MacBook-Pro,eca62af-dirty,2026-09-23T22:37:09Z
static-tiled,cpu,Apple M1 Pro,i32,4096,10,137.27531566743647,0.0,1001.1920409999999,947.1790410000001,65.09830675298893,256,5,Pauls-MacBook-Pro,eca62af-dirty,2026-09-23T22:37:09Z
naive-ijk,cpu,Apple M1 Pro,i64,64,1,3.664222863652565,0.0,0.14308300000000002,0.142834,0.0076289650215478075,,5,Pauls-MacBook-Pro,eca62af-dirty,2026-09-23T22:37:09Z
ikj,cpu,Apple M1 Pro,i64,64,1,6.387290912856499,0.0,0.082083,0.081875,0.0010346887454688982,,5,Pauls-MacBook-Pro,eca62af-dirty,2026-09-23T22:37:09Z
tiled,cpu,Apple M1 Pro,i64,64,1,5.48992670157068,0.0,0.0955,0.09466699999999999,0.001115325737172783,16,5,Pauls-MacBook-Pro,eca62af-dirty,2026-09-23T22:37:09Z
tiled,cpu,Apple M1 Pro,i64,64,1,5.841649025069638,0.0,0.08975,0.08975,0.000022733235581412448,32,5,Pauls-MacBook-Pro,eca62af-dirty,2026-09-23T22:37:09Z
tiled,cpu,Apple M1 Pro,i64,64,1,6.023391006640472,0.0,0.087042,0.086875,0.001347962981687561,64,5,Pauls-MacBook-Pro,eca62af-dirty,2026-09-23T22:37:09Z
tiled,cpu,Apple M1 Pro,i64,64,1,5.969078033563313,0.0,0.087834,0.08433399999999999,0.018149146985464628,128,5,Pauls-MacBook-Pro,eca62af-dirty,2026-09-23T22:37:09Z
tiled,cpu,Apple M1 Pro,i64,64,1,6.21076573161486,0.0,0.084416,0.084375,0.004621563447579184,256,5,Pauls-MacBook-Pro,eca62af-dirty,2026-09-23T22:37:09Z
rayon-ikj,cpu,Apple M1 Pro,i64,64,1,5.899161744022503,0.0,0.08887500000000001,0.086917,0.0020607728647281842,,5,Pauls-MacBook-Pro,eca62af-dirty,2026-09-23T22:37:09Z
rayon-ikj,cpu,Apple M1 Pro,i64,64,2,10.205119221411191,0.0,0.051375000000000004,0.049833,0.0035421503638326827,,5,Pauls-MacBook-Pro,eca62af-dirty,2026-09-23T22:37:09Z
rayon-ikj,cpu,Apple M1 Pro,i64,64,4,14.28266317968835,0.0,0.036708000000000005,0.030583000000000003,0.006545592349054437,,5,Pauls-MacBook-Pro,eca62af-dirty,2026-09-23T22:37:09Z
rayon-ikj,cpu,Apple M1 Pro,i64,64,8,7.231558620689655,0.0,0.0725,0.043332999999999997,0.013479738710375659,,5,Pauls-MacBook-Pro,eca62af-dirty,2026-09-23T22:37:09Z
rayon-ikj,cpu,Apple M1 Pro,i64,64,10,9.404269058295963,0.0,0.05575,0.03808400000000001,0.009692521973150226,,5,Pauls-MacBook-Pro,eca62af-dirty,2026-09-23T22:37:09Z
rayon-tiled,cpu,Apple M1 Pro,i64,64,1,5.193129816359278,0.0,0.100958,0.100625,0.001215763422710193,16,5,Pauls-MacBook-Pro,eca62af-dirty,2026-09-23T22:37:09Z
rayon-tiled,cpu,Apple M1 Pro,i64,64,1,5.696182177701485,0.0,0.092042,0.091958,0.0004035176576062064,32,5,Pauls-MacBook-Pro,eca62af-dirty,2026-09-23T22:37:09Z
rayon-tiled,cpu,Apple M1 Pro,i64,64,1,5.7456219178082195,0.0,0.09125,0.09112500000000001,0.001255073105440475,64,5,Pauls-MacBook-Pro,eca62af-dirty,2026-09-23T22:37:09Z
rayon-tiled,cpu,Apple M1 Pro,i64,64,1,5.592405333333333,0.0,0.09375,0.09112500000000001,0.0012911768662735518,128,5,Pauls-MacBook-Pro,eca62af-dirty,2026-09-23T22:37:09Z
rayon-tiled,cpu,Apple M1 Pro,i64,64,1,5.652700808625337,0.0,0.09275,0.091458,0.0017463577239500516,256,5,Pauls-MacBook-Pro,eca62af-dirty,2026-09-23T22:37:09Z
rayon-tiled,cpu,Apple M1 Pro,i64,64,2,8.60080711309426,0.0,0.060958,0.060083,0.004135394152919409,16,5,Pauls-MacBook-Pro,eca62af-dirty,2026-09-23T22:37:09Z
rayon-tiled,cpu,Apple M1 Pro,i64,64,2,9.60533499441218,0.0,0.054583,0.050583,0.007698404782810527,32,5,Pauls-MacBook-Pro,eca62af-dirty,2026-09-23T22:37:09Z
rayon-tiled,cpu,Apple M1 Pro,i64,64,2,10.213468918629344,0.0,0.051333,0.050832999999999996,0.0015287858908297136,64,5,Pauls-MacBook-Pro,eca62af-dirty,2026-09-23T22:37:09Z
rayon-tiled,cpu,Apple M1 Pro,i64,64,2,10.24680451862565,0.0,0.051165999999999996,0.050124999999999996,0.0008076337660103136,128,5,Pauls-MacBook-Pro,eca62af-dirty,2026-09-23T22:37:09Z
rayon-tiled,cpu,Apple M1 Pro,i64,64,2,10.263453595129496,0.0,0.051082999999999996,0.050875000000000004,0.00017312914254971498,256,5,Pauls-MacBook-Pro,eca62af-dirty,2026-09-23T22:37:09Z
rayon-tiled,cpu,Apple M1 Pro,i64,64,4,13.559055525383402,0.0,0.038667,0.033290999999999994,0.02150289964632677,16,5,Pauls-MacBook-Pro,eca62af-dirty,2026-09-23T22:37:09Z
rayon-tiled,cpu,Apple M1 Pro,i64,64,4,14.315030716723548,0.0,0.036625000000000005,0.031207999999999996,0.004097737363472679,32,5,Pauls-MacBook-Pro,eca62af-dirty,2026-09-23T22:37:09Z
rayon-tiled,cpu,Apple M1 Pro,i64,64,4,14.430077340159084,0.0,0.036333,0.033708999999999996,0.007274689017408236,64,5,Pauls-MacBook-Pro,eca62af-dirty,2026-09-23T22:37:09Z
rayon-tiled,cpu,Apple M1 Pro,i64,64,4,14.364054794520548,0.0,0.0365,0.0335,0.0020235440939104852,128,5,Pauls-MacBook-Pro,eca62af-dirty,2026-09-23T22:37:09Z
rayon-tiled,cpu,Apple M1 Pro,i64,64,4,13.76698264317412,0.0,0.038083,0.032334,0.0031243739692936876,256,5,Pauls-MacBook-Pro,eca62af-dirty,2026-09-23T22:37:09Z
rayon-tiled,cpu,Apple M1 Pro,i64,64,8,8.96862704847925,0.0,0.058458,0.031292,0.023116592649004307,16,5,Pauls-MacBook-Pro,eca62af-dirty,2026-09-23T22:37:09Z
rayon-tiled,cpu,Apple M1 Pro,i64,64,8,8.660048562131449,0.0,0.060541000000000005,0.040292,0.01381268766388352,32,5,Pauls-MacBook-Pro,eca62af-dirty,2026-09-23T22:37:09Z
rayon-tiled,cpu,Apple M1 Pro,i64,64,8,15.307678832116789,0.0,0.034249999999999996,0.031917,0.027461744833495193,64,5,Pauls-MacBook-Pro,eca62af-dirty,2026-09-23T22:37:09Z
rayon-tiled,cpu,Apple M1 Pro,i64,64,8,11.533205745836907,0.0,0.045459,0.035584,0.008361518683827717,128,5,Pauls-MacBook-Pro,eca62af-dirty,2026-09-23T22:37:09Z
rayon-tiled,cpu,Apple M1 Pro,i64,64,8,13.530012903225808,0.0,0.03875,0.031459,0.023171304846727987,256,5,Pauls-MacBook-Pro,eca62af-dirty,2026-09-23T22:37:09Z
rayon-tiled,cpu,Apple M1 Pro,i64,64,10,8.943078891257995,0.0,0.058625000000000003,0.052041,0.004913666889401439,16,5,Pauls-MacBook-Pro,eca62af-dirty,2026-09-23T22:37:09Z
rayon-tiled,cpu,Apple M1 Pro,i64,64,10,11.533459457081262,0.0,0.045458,0.04125,0.018981723301639393,32,5,Pauls-MacBook-Pro,eca62af-dirty,2026-09-23T22:37:09Z
rayon-tiled,cpu,Apple M1 Pro,i64,64,10,10.424878708343275,0.0,0.050291999999999996,0.036125,0.010660001111632213,64,5,Pauls-MacBook-Pro,eca62af-dirty,2026-09-23T22:37:09Z
rayon-tiled,cpu,Apple M1 Pro,i64,64,10,10.33079802955665,0.0,0.05075,0.026709,0.011432245942945769,128,5,Pauls-MacBook-Pro,eca62af-dirty,2026-09-23T22:37:09Z
rayon-tiled,cpu,Apple M1 Pro,i64,64,10,13.217233468626315,0.0,0.039667,0.038208,0.043055184713342014,256,5,Pauls-MacBook-Pro,eca62af-dirty,2026-09-23T22:37:09Z
static-ikj,cpu,Apple M1 Pro,i64,64,1,5.904676096945671,0.0,0.088792,0.08875,0.0013455792433000754,,5,Pauls-MacBook-Pro,eca62af-dirty,2026-09-23T22:37:09Z
static-ikj,cpu,Apple M1 Pro,i64,64,2,6.718109711561872,0.0,0.078041,0.067167,0.008095569356135486,,5,Pauls-MacBook-Pro,eca62af-dirty,2026-09-23T22:37:09Z
static-ikj,cpu,Apple M1 Pro,i64,64,4,7.319902268760907,0.0,0.07162500000000001,0.055958999999999995,0.017164298995298356,,5,Pauls-MacBook-Pro,eca62af-dirty,2026-09-23T22:37:09Z
static-ikj,cpu,Apple M1 Pro,i64,64,8,11.491243835616439,0.0,0.045625,0.043917,0.012689072353801121,,5,Pauls-MacBook-Pro,eca62af-dirty,2026-09-23T22:37:09Z
static-ikj,cpu,Apple M1 Pro,i64,64,10,11.881881019830029,0.0,0.044125000000000004,0.037,0.01830302654754126,,5,Pauls-MacBook-Pro,eca62af-dirty,2026-09-23T22:37:09Z
static-tiled,cpu,Apple M1 Pro,i64,64,1,5.061476675934507,0.0,0.10358400000000001,0.101291,0.007508749449808534,16,5,Pauls-MacBook-Pro,eca62af-dirty,2026-09-23T22:37:09Z
static-tiled,cpu,Apple M1 Pro,i64,64,1,5.703928544230121,0.0,0.091917,0.091833,0.0011885857983334662,32,5,Pauls-MacBook-Pro,eca62af-dirty,2026-09-23T22:37:09Z
static-tiled,cpu,Apple M1 Pro,i64,64,1,5.619920463924708,0.0,0.093291,0.091291,0.004092618025176548,64,5,Pauls-MacBook-Pro,eca62af-dirty,2026-09-23T22:37:09Z
static-tiled,cpu,Apple M1 Pro,i64,64,1,5.742978574245279,0.0,0.09129200000000001,0.091042,0.004935950749349107,128,5,Pauls-MacBook-Pro,eca62af-dirty,2026-09-23T22:37:09Z
static-tiled,cpu,Apple M1 Pro,i64,64,1,4.979418943689394,0.0,0.10529100000000001,0.093167,0.00971130849576925,256,5,Pauls-MacBook-Pro,eca62af-dirty,2026-09-23T22:37:09Z
static-tiled,cpu,Apple M1 Pro,i64,64,2,9.390288897247148,0.0,0.055833,0.055333,0.0009601432184835735,16,5,Pauls-MacBook-Pro,eca62af-dirty,2026-09-23T22:37:09Z
static-tiled,cpu,Apple M1 Pro,i64,64,2,10.390582266439415,0.0,0.050457999999999996,0.050209,0.0008690145568401061,32,5,Pauls-MacBook-Pro,eca62af-dirty,2026-09-23T22:37:09Z
static-tiled,cpu,Apple M1 Pro,i64,64,2,7.290181737280476,0.0,0.071917,0.069917,0.005382108490173715,64,5,Pauls-MacBook-Pro,eca62af-dirty,2026-09-23T22:37:09Z
static-tiled,cpu,Apple M1 Pro,i64,64,2,10.424878708343275,0.0,0.050291999999999996,0.049957999999999995,0.0011832218726849164,128,5,Pauls-MacBook-Pro,eca62af-dirty,2026-09-23T22:37:09Z
static-tiled,cpu,Apple M1 Pro,i64,64,2,10.339354736925138,0.0,0.050708,0.050124999999999996,0.00043044070439492805,256,5,Pauls-MacBook-Pro,eca62af-dirty,2026-09-23T22:37:09Z
static-tiled,cpu,Apple M1 Pro,i64,64,4,7.77679220374683,0.0,0.06741699999999999,0.041,0.01323783824119331,16,5,Pauls-MacBook-Pro,eca62af-dirty,2026-09-23T22:37:09Z
static-tiled,cpu,Apple M1 Pro,i64,64,4,10.018305849081841,0.0,0.052333000000000005,0.033583,0.013087604402639926,32,5,Pauls-MacBook-Pro,eca62af-dirty,2026-09-23T22:37:09Z
static-tiled,cpu,Apple M1 Pro,i64,64,4,9.583388169920305,0.0,0.054708,0.053834,0.0018728169157715328,64,5,Pauls-MacBook-Pro,eca62af-dirty,2026-09-23T22:37:09Z
static-tiled,cpu,Apple M1 Pro,i64,64,4,10.172053858988784,0.0,0.051542000000000004,0.0425,0.009091325233429941,128,5,Pauls-MacBook-Pro,eca62af-dirty,2026-09-23T22:37:09Z
static-tiled,cpu,Apple M1 Pro,i64,64,4,10.903585392230262,0.0,0.048084,0.045625,0.016811605327868007,256,5,Pauls-MacBook-Pro,eca62af-dirty,2026-09-23T22:37:09Z
static-tiled,cpu,Apple M1 Pro,i64,64,8,5.817342579750347,0.0,0.090125,0.068791,0.011645198826125722,16,5,Pauls-MacBook-Pro,eca62af-dirty,2026-09-23T22:37:09Z
static-tiled,cpu,Apple M1 Pro,i64,64,8,5.795863319293824,0.0,0.090459,0.06579099999999999,0.01167205585147707,32,5,Pauls-MacBook-Pro,eca62af-dirty,2026-09-23T22:37:09Z
static-tiled,cpu,Apple M1 Pro,i64,64,8,7.557304504504504,0.0,0.069375,0.062084,0.017775189098853488,64,5,Pauls-MacBook-Pro,eca62af-dirty,2026-09-23T22:37:09Z
static-tiled,cpu,Apple M1 Pro,i64,64,8,7.978937436272047,0.0,0.065709,0.041334,0.01908079161617777,128,5,Pauls-MacBook-Pro,eca62af-dirty,2026-09-23T22:37:09Z
static-tiled,cpu,Apple M1 Pro,i64,64,8,6.834854252489962,0.0,0.076708,0.067333,0.01122821440390234,256,5,Pauls-MacBook-Pro,eca62af-dirty,2026-09-23T22:37:09Z
static-tiled,cpu,Apple M1 Pro,i64,64,10,6.594817610062892,0.0,0.0795,0.048417,0.023090386711789826,16,5,Pauls-MacBook-Pro,eca62af-dirty,2026-09-23T22:37:09Z
static-tiled,cpu,Apple M1 Pro,i64,64,10,9.460779183283108,0.0,0.055417,0.0375,0.01755171913802178,32,5,Pauls-MacBook-Pro,eca62af-dirty,2026-09-23T22:37:09Z
static-tiled,cpu,Apple M1 Pro,i64,64,10,10.708934188488092,0.0,0.048958,0.041458999999999996,0.01588957398107325,64,5,Pauls-MacBook-Pro,eca62af-dirty,2026-09-23T22:37:09Z
static-tiled,cpu,Apple M1 Pro,i64,64,10,9.72416351361377,0.0,0.053916,0.041167,0.016067436625050058,128,5,Pauls-MacBook-Pro,eca62af-dirty,2026-09-23T22:37:09Z
static-tiled,cpu,Apple M1 Pro,i64,64,10,12.60792612543286,0.0,0.041584,0.038292,0.004907233762518348,256,5,Pauls-MacBook-Pro,eca62af-dirty,2026-09-23T22:37:09Z
naive-ijk,cpu,Apple M1 Pro,i64,128,1,3.192517537022603,0.0,1.313792,1.247875,0.061277560807362415,,5,Pauls-MacBook-Pro,eca62af-dirty,2026-09-23T22:37:09Z
ikj,cpu,Apple M1 Pro,i64,128,1,6.399853518977684,0.0,0.655375,0.652583,0.010856800486331093,,5,Pauls-MacBook-Pro,eca62af-dirty,2026-09-23T22:37:09Z
tiled,cpu,Apple M1 Pro,i64,128,1,5.714956868419726,0.0,0.7339169999999999,0.728041,0.00454432462528811,16,5,Pauls-MacBook-Pro,eca62af-dirty,2026-09-23T22:37:09Z
tiled,cpu,Apple M1 Pro,i64,128,1,6.031350973588508,0.0,0.6954170000000001,0.6818329999999999,0.021704559659205255,32,5,Pauls-MacBook-Pro,eca62af-dirty,2026-09-23T22:37:09Z
tiled,cpu,Apple M1 Pro,i64,128,1,6.219155211093433,0.0,0.6744169999999999,0.673833,0.0013413581922812553,64,5,Pauls-MacBook-Pro,eca62af-dirty,2026-09-23T22:37:09Z
tiled,cpu,Apple M1 Pro,i64,128,1,6.177560320373278,0.0,0.6789580000000001,0.6759580000000001,0.008369811754155534,128,5,Pauls-MacBook-Pro,eca62af-dirty,2026-09-23T22:37:09Z
tiled,cpu,Apple M1 Pro,i64,128,1,6.196955526695655,0.0,0.6768329999999999,0.6768329999999999,0.0021108825642371107,256,5,Pauls-MacBook-Pro,eca62af-dirty,2026-09-23T22:37:09Z
rayon-ikj,cpu,Apple M1 Pro,i64,128,1,6.056389359778902,0.0,0.692542,0.6611250000000001,0.02942885972646577,,5,Pauls-MacBook-Pro,eca62af-dirty,2026-09-23T22:37:09Z
rayon-ikj,cpu,Apple M1 Pro,i64,128,2,11.918446679188559,0.0,0.351917,0.346459,0.015322793935832982,,5,Pauls-MacBook-Pro,eca62af-dirty,2026-09-23T22:37:09Z
rayon-ikj,cpu,Apple M1 Pro,i64,128,4,21.31338672303752,0.0,0.196792,0.19387500000000002,0.01295345551580735,,5,Pauls-MacBook-Pro,eca62af-dirty,2026-09-23T22:37:09Z
rayon-ikj,cpu,Apple M1 Pro,i64,128,8,30.448667876588026,0.0,0.13774999999999998,0.12462500000000001,0.03111043981206309,,5,Pauls-MacBook-Pro,eca62af-dirty,2026-09-23T22:37:09Z
rayon-ikj,cpu,Apple M1 Pro,i64,128,10,32.95025610407567,0.0,0.127292,0.11175,0.007622713230864713,,5,Pauls-MacBook-Pro,eca62af-dirty,2026-09-23T22:37:09Z
rayon-tiled,cpu,Apple M1 Pro,i64,128,1,5.618000945641677,0.0,0.746583,0.7460840000000001,0.0052176532751803265,16,5,Pauls-MacBook-Pro,eca62af-dirty,2026-09-23T22:37:09Z
rayon-tiled,cpu,Apple M1 Pro,i64,128,1,6.09194480755265,0.0,0.6885,0.6833330000000001,0.013171944989256529,32,5,Pauls-MacBook-Pro,eca62af-dirty,2026-09-23T22:37:09Z
rayon-tiled,cpu,Apple M1 Pro,i64,128,1,6.101915257319512,0.0,0.6873750000000001,0.685958,0.0015213746087009445,64,5,Pauls-MacBook-Pro,eca62af-dirty,2026-09-23T22:37:09Z
rayon-tiled,cpu,Apple M1 Pro,i64,128,1,6.046209644403697,0.0,0.693708,0.687,0.015500547483879423,128,5,Pauls-MacBook-Pro,eca62af-dirty,2026-09-23T22:37:09Z
rayon-tiled,cpu,Apple M1 Pro,i64,128,1,6.0838418547845485,0.0,0.6894170000000001,0.6849580000000001,0.004244946843012265,256,5,Pauls-MacBook-Pro,eca62af-dirty,2026-09-23T22:37:09Z
rayon-tiled,cpu,Apple M1 Pro,i64,128,2,9.902923440886617,0.0,0.42354200000000003,0.409916,0.03635945057340665,16,5,Pauls-MacBook-Pro,eca62af-dirty,2026-09-23T22:37:09Z
rayon-tiled,cpu,Apple M1 Pro,i64,128,2,10.951185378590079,0.0,0.383,0.379833,0.006011509569151516,32,5,Pauls-MacBook-Pro,eca62af-dirty,2026-09-23T22:37:09Z
rayon-tiled,cpu,Apple M1 Pro,i64,128,2,11.687367467781261,0.0,0.358875,0.35583400000000004,0.009044705263301828,64,5,Pauls-MacBook-Pro,eca62af-dirty,2026-09-23T22:37:09Z
rayon-tiled,cpu,Apple M1 Pro,i64,128,2,11.656251650071004,0.0,0.359833,0.359209,0.0016461150324324236,128,5,Pauls-MacBook-Pro,eca62af-dirty,2026-09-23T22:37:09Z
rayon-tiled,cpu,Apple M1 Pro,i64,128,2,10.791510470402685,0.0,0.388667,0.376459,0.048757815117168674,256,5,Pauls-MacBook-Pro,eca62af-dirty,2026-09-23T22:37:09Z
rayon-tiled,cpu,Apple M1 Pro,i64,128,4,18.399459549566146,0.0,0.227958,0.22262500000000002,0.01119667237620177,16,5,Pauls-MacBook-Pro,eca62af-dirty,2026-09-23T22:37:09Z
rayon-tiled,cpu,Apple M1 Pro,i64,128,4,18.953708222619888,0.0,0.221292,0.211292,0.017597414781722907,32,5,Pauls-MacBook-Pro,eca62af-dirty,2026-09-23T22:37:09Z
rayon-tiled,cpu,Apple M1 Pro,i64,128,4,19.51211161198182,0.0,0.214959,0.196458,0.021424785886911452,64,5,Pauls-MacBook-Pro,eca62af-dirty,2026-09-23T22:37:09Z
rayon-tiled,cpu,Apple M1 Pro,i64,128,4,21.068117317902583,0.0,0.19908299999999998,0.194625,0.007385427204976034,128,5,Pauls-MacBook-Pro,eca62af-dirty,2026-09-23T22:37:09Z
rayon-tiled,cpu,Apple M1 Pro,i64,128,4,20.73390939829553,0.0,0.202292,0.193833,0.014331864801902091,256,5,Pauls-MacBook-Pro,eca62af-dirty,2026-09-23T22:37:09Z
rayon-tiled,cpu,Apple M1 Pro,i64,128,8,22.21171087680649,0.0,0.188833,0.14979199999999998,0.04223239829206957,16,5,Pauls-MacBook-Pro,eca62af-dirty,2026-09-23T22:37:09Z
rayon-tiled,cpu,Apple M1 Pro,i64,128,8,22.36962133333333,0.0,0.1875,0.152292,0.035188176579641066,32,5,Pauls-MacBook-Pro,eca62af-dirty,2026-09-23T22:37:09Z
rayon-tiled,cpu,Apple M1 Pro,i64,128,8,22.728181118661336,0.0,0.18454199999999998,0.159417,0.015421704137351357,64,5,Pauls-MacBook-Pro,eca62af-dirty,2026-09-23T22:37:09Z
rayon-tiled,cpu,Apple M1 Pro,i64,128,8,23.713379505300352,0.0,0.176875,0.165708,0.009871089387701842,128,5,Pauls-MacBook-Pro,eca62af-dirty,2026-09-23T22:37:09Z
rayon-tiled,cpu,Apple M1 Pro,i64,128,8,22.554993304975827,0.0,0.185959,0.163208,0.022767829679176708,256,5,Pauls-MacBook-Pro,eca62af-dirty,2026-09-23T22:37:09Z
rayon-tiled,cpu,Apple M1 Pro,i64,128,10,21.62469387860321,0.0,0.193959,0.15754100000000001,0.021231529365545006,16,5,Pauls-MacBook-Pro,eca62af-dirty,2026-09-23T22:37:09Z
rayon-tiled,cpu,Apple M1 Pro,i64,128,10,25.890765432098764,0.0,0.162,0.142375,0.04203313304644326,32,5,Pauls-MacBook-Pro,eca62af-dirty,2026-09-23T22:37:09Z
rayon-tiled,cpu,Apple M1 Pro,i64,128,10,25.804432085245658,0.0,0.162542,0.138875,0.021453967714621002,64,5,Pauls-MacBook-Pro,eca62af-dirty,2026-09-23T22:37:09Z
rayon-tiled,cpu,Apple M1 Pro,i64,128,10,30.448667876588026,0.0,0.13774999999999998,0.13125,0.05092841296663386,128,5,Pauls-MacBook-Pro,eca62af-dirty,2026-09-23T22:37:09Z
rayon-tiled,cpu,Apple M1 Pro,i64,128,10,26.269072507155517,0.0,0.159667,0.14854199999999998,0.017989792208360833,256,5,Pauls-MacBook-Pro,eca62af-dirty,2026-09-23T22:37:09Z
static-ikj,cpu,Apple M1 Pro,i64,128,1,6.35461130444927,0.0,0.660041,0.6595000000000001,0.0042884535091335645,,5,Pauls-MacBook-Pro,eca62af-dirty,2026-09-23T22:37:09Z
static-ikj,cpu,Apple M1 Pro,i64,128,2,11.49779600429834,0.0,0.364792,0.344625,0.0231949445246157,,5,Pauls-MacBook-Pro,eca62af-dirty,2026-09-23T22:37:09Z
static-ikj,cpu,Apple M1 Pro,i64,128,4,20.07237783488627,0.0,0.20895899999999998,0.204458,0.010876697582446606,,5,Pauls-MacBook-Pro,eca62af-dirty,2026-09-23T22:37:09Z
static-ikj,cpu,Apple M1 Pro,i64,128,8,27.496060101480246,0.0,0.152542,0.149167,0.013781043998913872,,5,Pauls-MacBook-Pro,eca62af-dirty,2026-09-23T22:37:09Z
static-ikj,cpu,Apple M1 Pro,i64,128,10,20.381377222521877,0.0,0.205791,0.177666,0.016914052766856327,,5,Pauls-MacBook-Pro,eca62af-dirty,2026-09-23T22:37:09Z
static-tiled,cpu,Apple M1 Pro,i64,128,1,5.574751952151519,0.0,0.752375,0.748041,0.005031247926707666,16,5,Pauls-MacBook-Pro,eca62af-dirty,2026-09-23T22:37:09Z
static-tiled,cpu,Apple M1 Pro,i64,128,1,6.084583213047975,0.0,0.689333,0.681292,0.009416716157982015,32,5,Pauls-MacBook-Pro,eca62af-dirty,2026-09-23T22:37:09Z
static-tiled,cpu,Apple M1 Pro,i64,128,1,6.030995401591468,0.0,0.695458,0.678875,0.021135937014951554,64,5,Pauls-MacBook-Pro,eca62af-dirty,2026-09-23T22:37:09Z
static-tiled,cpu,Apple M1 Pro,i64,128,1,6.059670570830449,0.0,0.6921670000000001,0.682334,0.012953601344799835,128,5,Pauls-MacBook-Pro,eca62af-dirty,2026-09-23T22:37:09Z
static-tiled,cpu,Apple M1 Pro,i64,128,1,6.1100575562415225,0.0,0.686459,0.685125,0.012097285798888937,256,5,Pauls-MacBook-Pro,eca62af-dirty,2026-09-23T22:37:09Z
static-tiled,cpu,Apple M1 Pro,i64,128,2,10.005281375161315,0.0,0.419209,0.409166,0.01493514266754757,16,5,Pauls-MacBook-Pro,eca62af-dirty,2026-09-23T22:37:09Z
static-tiled,cpu,Apple M1 Pro,i64,128,2,10.90372711982052,0.0,0.384667,0.377834,0.006088911848598242,32,5,Pauls-MacBook-Pro,eca62af-dirty,2026-09-23T22:37:09Z
static-tiled,cpu,Apple M1 Pro,i64,128,2,10.744294588536663,0.0,0.39037499999999997,0.358292,0.03249901167420324,64,5,Pauls-MacBook-Pro,eca62af-dirty,2026-09-23T22:37:09Z
static-tiled,cpu,Apple M1 Pro,i64,128,2,11.7336973854271,0.0,0.357458,0.356875,0.0017490632635785393,128,5,Pauls-MacBook-Pro,eca62af-dirty,2026-09-23T22:37:09Z
static-tiled,cpu,Apple M1 Pro,i64,128,2,11.633329820104178,0.0,0.360542,0.35854199999999997,0.001145892446960032,256,5,Pauls-MacBook-Pro,eca62af-dirty,2026-09-23T22:37:09Z
static-tiled,cpu,Apple M1 Pro,i64,128,4,19.17028044901093,0.0,0.218792,0.210959,0.005138636346347147,16,5,Pauls-MacBook-Pro,eca62af-dirty,2026-09-23T22:37:09Z
static-tiled,cpu,Apple M1 Pro,i64,128,4,19.347223823867225,0.0,0.216791,0.194,0.01637744422368765,32,5,Pauls-MacBook-Pro,eca62af-dirty,2026-09-23T22:37:09Z
static-tiled,cpu,Apple M1 Pro,i64,128,4,19.508390697674418,0.0,0.215,0.193375,0.01993613097619496,64,5,Pauls-MacBook-Pro,eca62af-dirty,2026-09-23T22:37:09Z
static-tiled,cpu,Apple M1 Pro,i64,128,4,19.73790117647059,0.0,0.2125,0.194291,0.014881658318211722,128,5,Pauls-MacBook-Pro,eca62af-dirty,2026-09-23T22:37:09Z
static-tiled,cpu,Apple M1 Pro,i64,128,4,19.572844529893793,0.0,0.21429199999999998,0.194125,0.015097078502147358,256,5,Pauls-MacBook-Pro,eca62af-dirty,2026-09-23T22:37:09Z
static-tiled,cpu,Apple M1 Pro,i64,128,8,23.61325263898663,0.0,0.177625,0.16558299999999998,0.007193614168135524,16,5,Pauls-MacBook-Pro,eca62af-dirty,2026-09-23T22:37:09Z
static-tiled,cpu,Apple M1 Pro,i64,128,8,27.031076395602128,0.0,0.155166,0.15187499999999998,0.005258866731530668,32,5,Pauls-MacBook-Pro,eca62af-dirty,2026-09-23T22:37:09Z
static-tiled,cpu,Apple M1 Pro,i64,128,8,26.365341580548638,0.0,0.159084,0.140542,0.01182368415511849,64,5,Pauls-MacBook-Pro,eca62af-dirty,2026-09-23T22:37:09Z
static-tiled,cpu,Apple M1 Pro,i64,128,8,26.228005777997332,0.0,0.159917,0.154708,0.006482510138827389,128,5,Pauls-MacBook-Pro,eca62af-dirty,2026-09-23T22:37:09Z
static-tiled,cpu,Apple M1 Pro,i64,128,8,26.38624039054341,0.0,0.15895800000000002,0.15120899999999998,0.007777627388863527,256,5,Pauls-MacBook-Pro,eca62af-dirty,2026-09-23T22:37:09Z
static-tiled,cpu,Apple M1 Pro,i64,128,10,17.415746946029216,0.0,0.240834,0.2175,0.03217364911383227,16,5,Pauls-MacBook-Pro,eca62af-dirty,2026-09-23T22:37:09Z
static-tiled,cpu,Apple M1 Pro,i64,128,10,18.483868551056112,0.0,0.226917,0.203125,0.02286911275498023,32,5,Pauls-MacBook-Pro,eca62af-dirty,2026-09-23T22:37:09Z
static-tiled,cpu,Apple M1 Pro,i64,128,10,19.90179833926453,0.0,0.21075,0.207625,0.02229356845594711,64,5,Pauls-MacBook-Pro,eca62af-dirty,2026-09-23T22:37:09Z
static-tiled,cpu,Apple M1 Pro,i64,128,10,18.4365010989011,0.0,0.2275,0.181625,0.028243299918741787,128,5,Pauls-MacBook-Pro,eca62af-dirty,2026-09-23T22:37:09Z
static-tiled,cpu,Apple M1 Pro,i64,128,10,18.480529437164584,0.0,0.226958,0.2085,0.01801019445203188,256,5,Pauls-MacBook-Pro,eca62af-dirty,2026-09-23T22:37:09Z
naive-ijk,cpu,Apple M1 Pro,i64,256,1,2.8287133044002473,0.0,11.862083,11.781458,0.11759795191541421,,5,Pauls-MacBook-Pro,eca62af-dirty,2026-09-23T22:37:09Z
ikj,cpu,Apple M1 Pro,i64,256,1,6.406268340413345,0.0,5.23775,5.222625,0.067699461613812,,5,Pauls-MacBook-Pro,eca62af-dirty,2026-09-23T22:37:09Z
tiled,cpu,Apple M1 Pro,i64,256,1,5.601117872183514,0.0,5.990667,5.879791,0.0834872140432295,16,5,Pauls-MacBook-Pro,eca62af-dirty,2026-09-23T22:37:09Z
tiled,cpu,Apple M1 Pro,i64,256,1,6.1129851074194725,0.0,5.489042,5.457,0.016947281292290037,32,5,Pauls-MacBook-Pro,eca62af-dirty,2026-09-23T22:37:09Z
tiled,cpu,Apple M1 Pro,i64,256,1,5.839954177643778,0.0,5.745667,5.508084,0.14741015561419105,64,5,Pauls-MacBook-Pro,eca62af-dirty,2026-09-23T22:37:09Z
tiled,cpu,Apple M1 Pro,i64,256,1,5.881969805201919,0.0,5.704625,5.690875,0.026744006730480423,128,5,Pauls-MacBook-Pro,eca62af-dirty,2026-09-23T22:37:09Z
tiled,cpu,Apple M1 Pro,i64,256,1,5.836652712154306,0.0,5.7489170000000005,5.662249999999999,0.05480991559289276,256,5,Pauls-MacBook-Pro,eca62af-dirty,2026-09-23T22:37:09Z
rayon-ikj,cpu,Apple M1 Pro,i64,256,1,6.357765908989281,0.0,5.277708,5.2375,0.11953737349172444,,5,Pauls-MacBook-Pro,eca62af-dirty,2026-09-23T22:37:09Z
rayon-ikj,cpu,Apple M1 Pro,i64,256,2,11.946571875752126,0.0,2.808708,2.740667,0.048156200739884004,,5,Pauls-MacBook-Pro,eca62af-dirty,2026-09-23T22:37:09Z
rayon-ikj,cpu,Apple M1 Pro,i64,256,4,23.011377983454572,0.0,1.458167,1.42075,0.020622954613730825,,5,Pauls-MacBook-Pro,eca62af-dirty,2026-09-23T22:37:09Z
rayon-ikj,cpu,Apple M1 Pro,i64,256,8,40.8660161445114,0.0,0.821084,0.7767499999999999,0.06318444759749034,,5,Pauls-MacBook-Pro,eca62af-dirty,2026-09-23T22:37:09Z
rayon-ikj,cpu,Apple M1 Pro,i64,256,10,45.122786350647154,0.0,0.7436250000000001,0.710041,0.023542801218206816,,5,Pauls-MacBook-Pro,eca62af-dirty,2026-09-23T22:37:09Z
rayon-tiled,cpu,Apple M1 Pro,i64,256,1,5.610327524610702,0.0,5.980833,5.9665,0.06477950319970051,16,5,Pauls-MacBook-Pro,eca62af-dirty,2026-09-23T22:37:09Z
rayon-tiled,cpu,Apple M1 Pro,i64,256,1,6.1489723959517795,0.0,5.456917000000001,5.449667,0.01507813603533286,32,5,Pauls-MacBook-Pro,eca62af-dirty,2026-09-23T22:37:09Z
rayon-tiled,cpu,Apple M1 Pro,i64,256,1,6.10899742836986,0.0,5.492625,5.4433750000000005,0.10320009262011368,64,5,Pauls-MacBook-Pro,eca62af-dirty,2026-09-23T22:37:09Z
rayon-tiled,cpu,Apple M1 Pro,i64,256,1,6.126984753035699,0.0,5.4765,5.433041,0.07496559322982776,128,5,Pauls-MacBook-Pro,eca62af-dirty,2026-09-23T22:37:09Z
rayon-tiled,cpu,Apple M1 Pro,i64,256,1,6.190711837826619,0.0,5.420125,5.414625,0.05067470453095893,256,5,Pauls-MacBook-Pro,eca62af-dirty,2026-09-23T22:37:09Z
rayon-tiled,cpu,Apple M1 Pro,i64,256,2,10.612194346708836,0.0,3.161875,3.039708,0.08917205729823659,16,5,Pauls-MacBook-Pro,eca62af-dirty,2026-09-23T22:37:09Z
rayon-tiled,cpu,Apple M1 Pro,i64,256,2,11.665020684860073,0.0,2.8765,2.816958,0.048248331118288405,32,5,Pauls-MacBook-Pro,eca62af-dirty,2026-09-23T22:37:09Z
rayon-tiled,cpu,Apple M1 Pro,i64,256,2,11.779511062150393,0.0,2.848542,2.771084,0.05408978679011416,64,5,Pauls-MacBook-Pro,eca62af-dirty,2026-09-23T22:37:09Z
rayon-tiled,cpu,Apple M1 Pro,i64,256,2,11.792104023897382,0.0,2.8455,2.821334,0.01695988802144644,128,5,Pauls-MacBook-Pro,eca62af-dirty,2026-09-23T22:37:09Z
rayon-tiled,cpu,Apple M1 Pro,i64,256,2,11.929582452213312,0.0,2.812708,2.8068329999999997,0.01138361237481313,256,5,Pauls-MacBook-Pro,eca62af-dirty,2026-09-23T22:37:09Z
rayon-tiled,cpu,Apple M1 Pro,i64,256,4,20.367904422498977,0.0,1.647417,1.621375,0.023994900847888447,16,5,Pauls-MacBook-Pro,eca62af-dirty,2026-09-23T22:37:09Z
rayon-tiled,cpu,Apple M1 Pro,i64,256,4,21.79566872361156,0.0,1.5395,1.482334,0.042797478381325256,32,5,Pauls-MacBook-Pro,eca62af-dirty,2026-09-23T22:37:09Z
rayon-tiled,cpu,Apple M1 Pro,i64,256,4,22.280499335989376,0.0,1.506,1.482375,0.012978458602623026,64,5,Pauls-MacBook-Pro,eca62af-dirty,2026-09-23T22:37:09Z
rayon-tiled,cpu,Apple M1 Pro,i64,256,4,22.398859311020654,0.0,1.498042,1.476708,0.01811357264594706,128,5,Pauls-MacBook-Pro,eca62af-dirty,2026-09-23T22:37:09Z
rayon-tiled,cpu,Apple M1 Pro,i64,256,4,23.063446687859784,0.0,1.454875,1.45325,0.001291427969342484,256,5,Pauls-MacBook-Pro,eca62af-dirty,2026-09-23T22:37:09Z
rayon-tiled,cpu,Apple M1 Pro,i64,256,8,30.916255195410073,0.0,1.0853329999999999,0.9857500000000001,0.0788240826765526,16,5,Pauls-MacBook-Pro,eca62af-dirty,2026-09-23T22:37:09Z
rayon-tiled,cpu,Apple M1 Pro,i64,256,8,37.55215983132298,0.0,0.893542,0.834125,0.06688471871287195,32,5,Pauls-MacBook-Pro,eca62af-dirty,2026-09-23T22:37:09Z
rayon-tiled,cpu,Apple M1 Pro,i64,256,8,40.12089921119937,0.0,0.836333,0.7846249999999999,0.07806604185111476,64,5,Pauls-MacBook-Pro,eca62af-dirty,2026-09-23T22:37:09Z
rayon-tiled,cpu,Apple M1 Pro,i64,256,8,37.35013997495478,0.0,0.8983749999999999,0.763916,0.087443401656157,128,5,Pauls-MacBook-Pro,eca62af-dirty,2026-09-23T22:37:09Z
rayon-tiled,cpu,Apple M1 Pro,i64,256,8,39.84892897139213,0.0,0.8420409999999999,0.792459,0.04410810992890081,256,5,Pauls-MacBook-Pro,eca62af-dirty,2026-09-23T22:37:09Z
rayon-tiled,cpu,Apple M1 Pro,i64,256,10,32.68953235300421,0.0,1.026458,0.9870420000000001,0.03702922984346287,16,5,Pauls-MacBook-Pro,eca62af-dirty,2026-09-23T22:37:09Z
rayon-tiled,cpu,Apple M1 Pro,i64,256,10,38.63679302856327,0.0,0.8684580000000001,0.8538330000000001,0.0305465892580497,32,5,Pauls-MacBook-Pro,eca62af-dirty,2026-09-23T22:37:09Z
rayon-tiled,cpu,Apple M1 Pro,i64,256,10,38.84549984255469,0.0,0.863792,0.835666,0.03227730325941122,64,5,Pauls-MacBook-Pro,eca62af-dirty,2026-09-23T22:37:09Z
rayon-tiled,cpu,Apple M1 Pro,i64,256,10,37.7829910042192,0.0,0.8880830000000001,0.832792,0.03927659477729707,128,5,Pauls-MacBook-Pro,eca62af-dirty,2026-09-23T22:37:09Z
rayon-tiled,cpu,Apple M1 Pro,i64,256,10,37.22240193109385,0.0,0.901458,0.798125,0.04880251425182927,256,5,Pauls-MacBook-Pro,eca62af-dirty,2026-09-23T22:37:09Z
static-ikj,cpu,Apple M1 Pro,i64,256,1,6.352599772813328,0.0,5.282,5.219041,0.09400039786511567,,5,Pauls-MacBook-Pro,eca62af-dirty,2026-09-23T22:37:09Z
static-ikj,cpu,Apple M1 Pro,i64,256,2,12.21789920672431,0.0,2.746334,2.70925,0.0514245902871379,,5,Pauls-MacBook-Pro,eca62af-dirty,2026-09-23T22:37:09Z
static-ikj,cpu,Apple M1 Pro,i64,256,4,23.431178694479634,0.0,1.4320419999999998,1.402083,0.02139865955381321,,5,Pauls-MacBook-Pro,eca62af-dirty,2026-09-23T22:37:09Z
static-ikj,cpu,Apple M1 Pro,i64,256,8,44.09255190538765,0.0,0.761,0.759,0.004983012964060999,,5,Pauls-MacBook-Pro,eca62af-dirty,2026-09-23T22:37:09Z
static-ikj,cpu,Apple M1 Pro,i64,256,10,31.388617399438726,0.0,1.0690000000000002,0.911583,0.11677388199721715,,5,Pauls-MacBook-Pro,eca62af-dirty,2026-09-23T22:37:09Z
static-tiled,cpu,Apple M1 Pro,i64,256,1,5.5334583240502795,0.0,6.063917,6.012957999999999,0.05857322945254103,16,5,Pauls-MacBook-Pro,eca62af-dirty,2026-09-23T22:37:09Z
static-tiled,cpu,Apple M1 Pro,i64,256,1,6.1181412934394475,0.0,5.4844159999999995,5.421375,0.07241800395826997,32,5,Pauls-MacBook-Pro,eca62af-dirty,2026-09-23T22:37:09Z
static-tiled,cpu,Apple M1 Pro,i64,256,1,6.188951110424156,0.0,5.421667,5.415167,0.024062714649432288,64,5,Pauls-MacBook-Pro,eca62af-dirty,2026-09-23T22:37:09Z
static-tiled,cpu,Apple M1 Pro,i64,256,1,6.140253036507629,0.0,5.464666,5.4343330000000005,0.07074308937627764,128,5,Pauls-MacBook-Pro,eca62af-dirty,2026-09-23T22:37:09Z
static-tiled,cpu,Apple M1 Pro,i64,256,1,6.150757799753013,0.0,5.4553329999999995,5.406041999999999,0.07695425246404514,256,5,Pauls-MacBook-Pro,eca62af-dirty,2026-09-23T22:37:09Z
static-tiled,cpu,Apple M1 Pro,i64,256,2,10.705585822890784,0.0,3.134292,3.100333,0.02202433411479222,16,5,Pauls-MacBook-Pro,eca62af-dirty,2026-09-23T22:37:09Z
static-tiled,cpu,Apple M1 Pro,i64,256,2,11.831258817178481,0.0,2.836083,2.833625,0.04177155383511613,32,5,Pauls-MacBook-Pro,eca62af-dirty,2026-09-23T22:37:09Z
static-tiled,cpu,Apple M1 Pro,i64,256,2,11.901900150749311,0.0,2.8192500000000003,2.805125,0.007870757238029862,64,5,Pauls-MacBook-Pro,eca62af-dirty,2026-09-23T22:37:09Z
static-tiled,cpu,Apple M1 Pro,i64,256,2,11.830040809131374,0.0,2.836375,2.810834,0.044193205628241056,128,5,Pauls-MacBook-Pro,eca62af-dirty,2026-09-23T22:37:09Z
static-tiled,cpu,Apple M1 Pro,i64,256,2,11.934708162902364,0.0,2.8115,2.798458,0.03401472026196902,256,5,Pauls-MacBook-Pro,eca62af-dirty,2026-09-23T22:37:09Z
static-tiled,cpu,Apple M1 Pro,i64,256,4,20.590278131471965,0.0,1.629625,1.615375,0.016102573297457675,16,5,Pauls-MacBook-Pro,eca62af-dirty,2026-09-23T22:37:09Z
static-tiled,cpu,Apple M1 Pro,i64,256,4,22.54055386682341,0.0,1.4886249999999999,1.4812079999999999,0.014365134538179624,32,5,Pauls-MacBook-Pro,eca62af-dirty,2026-09-23T22:37:09Z
static-tiled,cpu,Apple M1 Pro,i64,256,4,22.421939191446707,0.0,1.4965,1.475708,0.025722735161720325,64,5,Pauls-MacBook-Pro,eca62af-dirty,2026-09-23T22:37:09Z
static-tiled,cpu,Apple M1 Pro,i64,256,4,22.372723684350895,0.0,1.499792,1.45475,0.029489396636757478,128,5,Pauls-MacBook-Pro,eca62af-dirty,2026-09-23T22:37:09Z
static-tiled,cpu,Apple M1 Pro,i64,256,4,22.70899976515702,0.0,1.4775829999999999,1.464291,0.01993388398431177,256,5,Pauls-MacBook-Pro,eca62af-dirty,2026-09-23T22:37:09Z
static-tiled,cpu,Apple M1 Pro,i64,256,8,38.106609459411885,0.0,0.880541,0.87275,0.010323268959007094,16,5,Pauls-MacBook-Pro,eca62af-dirty,2026-09-23T22:37:09Z
static-tiled,cpu,Apple M1 Pro,i64,256,8,40.43920699005725,0.0,0.82975,0.8260000000000001,0.010956640237773601,32,5,Pauls-MacBook-Pro,eca62af-dirty,2026-09-23T22:37:09Z
static-tiled,cpu,Apple M1 Pro,i64,256,8,42.25998992443325,0.0,0.794,0.784,0.02211188406038704,64,5,Pauls-MacBook-Pro,eca62af-dirty,2026-09-23T22:37:09Z
static-tiled,cpu,Apple M1 Pro,i64,256,8,41.61144876763293,0.0,0.8063750000000001,0.792083,0.007593582731491145,128,5,Pauls-MacBook-Pro,eca62af-dirty,2026-09-23T22:37:09Z
static-tiled,cpu,Apple M1 Pro,i64,256,8,41.410347640539015,0.0,0.810291,0.7904159999999999,0.12274407047878116,256,5,Pauls-MacBook-Pro,eca62af-dirty,2026-09-23T22:37:09Z
static-tiled,cpu,Apple M1 Pro,i64,256,10,27.453923183350803,0.0,1.2222089999999999,1.1380839999999999,0.08032553355253864,16,5,Pauls-MacBook-Pro,eca62af-dirty,2026-09-23T22:37:09Z
static-tiled,cpu,Apple M1 Pro,i64,256,10,31.897091046324046,0.0,1.051959,1.011792,0.039031476686131085,32,5,Pauls-MacBook-Pro,eca62af-dirty,2026-09-23T22:37:09Z
static-tiled,cpu,Apple M1 Pro,i64,256,10,31.435196774266075,0.0,1.0674160000000001,1.0306659999999999,0.03196915623221866,64,5,Pauls-MacBook-Pro,eca62af-dirty,2026-09-23T22:37:09Z
static-tiled,cpu,Apple M1 Pro,i64,256,10,32.39495188223118,0.0,1.035792,0.9915410000000001,0.03014128043564169,128,5,Pauls-MacBook-Pro,eca62af-dirty,2026-09-23T22:37:09Z
static-tiled,cpu,Apple M1 Pro,i64,256,10,34.204313965341484,0.0,0.9810000000000001,0.95425,0.09531821873230739,256,5,Pauls-MacBook-Pro,eca62af-dirty,2026-09-23T22:37:09Z
naive-ijk,cpu,Apple M1 Pro,i64,512,1,2.172369601618917,0.0,123.56804100000001,119.35725,2.1355357700330204,,5,Pauls-MacBook-Pro,eca62af-dirty,2026-09-23T22:37:09Z
ikj,cpu,Apple M1 Pro,i64,512,1,6.298646594001524,0.0,42.617957999999994,42.241125,0.35285261321931766,,5,Pauls-MacBook-Pro,eca62af-dirty,2026-09-23T22:37:09Z
tiled,cpu,Apple M1 Pro,i64,512,1,5.585500955964142,0.0,48.059334,47.674291000000004,1.0429827023009535,16,5,Pauls-MacBook-Pro,eca62af-dirty,2026-09-23T22:37:09Z
tiled,cpu,Apple M1 Pro,i64,512,1,6.030433672441265,0.0,44.513458,44.286917,0.5336402060379251,32,5,Pauls-MacBook-Pro,eca62af-dirty,2026-09-23T22:37:09Z
tiled,cpu,Apple M1 Pro,i64,512,1,6.053000868143639,0.0,44.3475,43.860749999999996,0.30112806329334385,64,5,Pauls-MacBook-Pro,eca62af-dirty,2026-09-23T22:37:09Z
tiled,cpu,Apple M1 Pro,i64,512,1,6.121116796643408,0.0,43.854,43.466083000000005,0.29836435883378803,128,5,Pauls-MacBook-Pro,eca62af-dirty,2026-09-23T22:37:09Z
tiled,cpu,Apple M1 Pro,i64,512,1,6.157506093497225,0.0,43.594834,43.312125,0.2829479830804571,256,5,Pauls-MacBook-Pro,eca62af-dirty,2026-09-23T22:37:09Z
rayon-ikj,cpu,Apple M1 Pro,i64,512,1,6.311147618769855,0.0,42.533541,42.329959,0.2007972709197,,5,Pauls-MacBook-Pro,eca62af-dirty,2026-09-23T22:37:09Z
rayon-ikj,cpu,Apple M1 Pro,i64,512,2,12.305485596323733,0.0,21.814292,21.408,0.1979580594224438,,5,Pauls-MacBook-Pro,eca62af-dirty,2026-09-23T22:37:09Z
rayon-ikj,cpu,Apple M1 Pro,i64,512,4,23.803536451001474,0.0,11.277125,11.01025,0.1197867946674427,,5,Pauls-MacBook-Pro,eca62af-dirty,2026-09-23T22:37:09Z
rayon-ikj,cpu,Apple M1 Pro,i64,512,8,45.194007365784884,0.0,5.9396249999999995,5.843958,0.05534822461651333,,5,Pauls-MacBook-Pro,eca62af-dirty,2026-09-23T22:37:09Z
rayon-ikj,cpu,Apple M1 Pro,i64,512,10,50.014366238278036,0.0,5.367167,5.223833,0.1581762786861543,,5,Pauls-MacBook-Pro,eca62af-dirty,2026-09-23T22:37:09Z
rayon-tiled,cpu,Apple M1 Pro,i64,512,1,5.417648472297778,0.0,49.548334,49.248291,0.8798073770097053,16,5,Pauls-MacBook-Pro,eca62af-dirty,2026-09-23T22:37:09Z
rayon-tiled,cpu,Apple M1 Pro,i64,512,1,5.966862104491695,0.0,44.987709,44.582625,0.29680153672361603,32,5,Pauls-MacBook-Pro,eca62af-dirty,2026-09-23T22:37:09Z
rayon-tiled,cpu,Apple M1 Pro,i64,512,1,6.041489377025567,0.0,44.432,44.021166,0.30821092080181256,64,5,Pauls-MacBook-Pro,eca62af-dirty,2026-09-23T22:37:09Z
rayon-tiled,cpu,Apple M1 Pro,i64,512,1,6.092117627701404,0.0,44.06275,43.506542,0.4197258022441548,128,5,Pauls-MacBook-Pro,eca62af-dirty,2026-09-23T22:37:09Z
rayon-tiled,cpu,Apple M1 Pro,i64,512,1,6.159142698169596,0.0,43.58325,43.227834,0.4665679915143115,256,5,Pauls-MacBook-Pro,eca62af-dirty,2026-09-23T22:37:09Z
rayon-tiled,cpu,Apple M1 Pro,i64,512,2,10.748130686893013,0.0,24.975082999999998,24.922459,0.0902914055001909,16,5,Pauls-MacBook-Pro,eca62af-dirty,2026-09-23T22:37:09Z
rayon-tiled,cpu,Apple M1 Pro,i64,512,2,11.677728562430923,0.0,22.986957999999998,22.971958,0.1552537278853552,32,5,Pauls-MacBook-Pro,eca62af-dirty,2026-09-23T22:37:09Z
rayon-tiled,cpu,Apple M1 Pro,i64,512,2,11.823961820166847,0.0,22.702666,22.549166999999997,0.13241426934171596,64,5,Pauls-MacBook-Pro,eca62af-dirty,2026-09-23T22:37:09Z
rayon-tiled,cpu,Apple M1 Pro,i64,512,2,11.92827786017008,0.0,22.504125,22.345291,0.1098348289933578,128,5,Pauls-MacBook-Pro,eca62af-dirty,2026-09-23T22:37:09Z
rayon-tiled,cpu,Apple M1 Pro,i64,512,2,12.0168745847082,0.0,22.338209000000003,22.169917,0.17049037002042006,256,5,Pauls-MacBook-Pro,eca62af-dirty,2026-09-23T22:37:09Z
rayon-tiled,cpu,Apple M1 Pro,i64,512,4,20.32056191195773,0.0,13.210041,13.022667,0.2662669419496151,16,5,Pauls-MacBook-Pro,eca62af-dirty,2026-09-23T22:37:09Z
rayon-tiled,cpu,Apple M1 Pro,i64,512,4,21.620632186259538,0.0,12.415707999999999,12.134542,0.14894552414456777,32,5,Pauls-MacBook-Pro,eca62af-dirty,2026-09-23T22:37:09Z
rayon-tiled,cpu,Apple M1 Pro,i64,512,4,22.91863337608523,0.0,11.712542,11.561416999999999,0.1126244383391107,64,5,Pauls-MacBook-Pro,eca62af-dirty,2026-09-23T22:37:09Z
rayon-tiled,cpu,Apple M1 Pro,i64,512,4,23.040764234333103,0.0,11.650458,11.324541,0.16366380744746228,128,5,Pauls-MacBook-Pro,eca62af-dirty,2026-09-23T22:37:09Z
rayon-tiled,cpu,Apple M1 Pro,i64,512,4,23.13749701553645,0.0,11.60175,11.567709,0.01690067438891082,256,5,Pauls-MacBook-Pro,eca62af-dirty,2026-09-23T22:37:09Z
rayon-tiled,cpu,Apple M1 Pro,i64,512,8,37.148554663714364,0.0,7.226,6.869542,0.5675725665438739,16,5,Pauls-MacBook-Pro,eca62af-dirty,2026-09-23T22:37:09Z
rayon-tiled,cpu,Apple M1 Pro,i64,512,8,41.30041204181869,0.0,6.4995829999999994,6.2663329999999995,0.24312360292102456,32,5,Pauls-MacBook-Pro,eca62af-dirty,2026-09-23T22:37:09Z
rayon-tiled,cpu,Apple M1 Pro,i64,512,8,44.008813715820615,0.0,6.099584,5.984292000000001,0.1492372720378522,64,5,Pauls-MacBook-Pro,eca62af-dirty,2026-09-23T22:37:09Z
rayon-tiled,cpu,Apple M1 Pro,i64,512,8,41.274483652758306,0.0,6.503666,5.940792,0.5986405059998863,128,5,Pauls-MacBook-Pro,eca62af-dirty,2026-09-23T22:37:09Z
rayon-tiled,cpu,Apple M1 Pro,i64,512,8,42.42893081204317,0.0,6.326708,5.961708,0.5650926461322957,256,5,Pauls-MacBook-Pro,eca62af-dirty,2026-09-23T22:37:09Z
rayon-tiled,cpu,Apple M1 Pro,i64,512,10,32.12631682249981,0.0,8.355625,7.244166,4.183499695228112,16,5,Pauls-MacBook-Pro,eca62af-dirty,2026-09-23T22:37:09Z
rayon-tiled,cpu,Apple M1 Pro,i64,512,10,40.79101257455457,0.0,6.58075,6.18525,0.2900186834116038,32,5,Pauls-MacBook-Pro,eca62af-dirty,2026-09-23T22:37:09Z
rayon-tiled,cpu,Apple M1 Pro,i64,512,10,42.10367208771339,0.0,6.375583,6.218166,0.4319997534723832,64,5,Pauls-MacBook-Pro,eca62af-dirty,2026-09-23T22:37:09Z
rayon-tiled,cpu,Apple M1 Pro,i64,512,10,38.53370981518034,0.0,6.9662500000000005,6.300959,0.46117451767058854,128,5,Pauls-MacBook-Pro,eca62af-dirty,2026-09-23T22:37:09Z
rayon-tiled,cpu,Apple M1 Pro,i64,512,10,44.728679243585304,0.0,6.001417,5.9235,0.2488840521403493,256,5,Pauls-MacBook-Pro,eca62af-dirty,2026-09-23T22:37:09Z
static-ikj,cpu,Apple M1 Pro,i64,512,1,6.224626368848514,0.0,43.124750000000006,42.586625000000005,0.5181651470078803,,5,Pauls-MacBook-Pro,eca62af-dirty,2026-09-23T22:37:09Z
static-ikj,cpu,Apple M1 Pro,i64,512,2,12.378949655734033,0.0,21.684833,21.576125,0.13509970999339646,,5,Pauls-MacBook-Pro,eca62af-dirty,2026-09-23T22:37:09Z
static-ikj,cpu,Apple M1 Pro,i64,512,4,23.846180824339935,0.0,11.256958,11.140958,0.07228270824478045,,5,Pauls-MacBook-Pro,eca62af-dirty,2026-09-23T22:37:09Z
static-ikj,cpu,Apple M1 Pro,i64,512,8,46.33123805950223,0.0,5.793833,5.697167,0.22502746923720215,,5,Pauls-MacBook-Pro,eca62af-dirty,2026-09-23T22:37:09Z
static-ikj,cpu,Apple M1 Pro,i64,512,10,39.5429206456017,0.0,6.788457999999999,6.566042,0.3951140343904529,,5,Pauls-MacBook-Pro,eca62af-dirty,2026-09-23T22:37:09Z
static-tiled,cpu,Apple M1 Pro,i64,512,1,5.413692355976586,0.0,49.584542,49.4165,0.2880786726482877,16,5,Pauls-MacBook-Pro,eca62af-dirty,2026-09-23T22:37:09Z
static-tiled,cpu,Apple M1 Pro,i64,512,1,6.010034895241957,0.0,44.664542000000004,44.377459,0.270150505338783,32,5,Pauls-MacBook-Pro,eca62af-dirty,2026-09-23T22:37:09Z
static-tiled,cpu,Apple M1 Pro,i64,512,1,5.8816745422272225,0.0,45.639291,44.271791,0.9182087072211846,64,5,Pauls-MacBook-Pro,eca62af-dirty,2026-09-23T22:37:09Z
static-tiled,cpu,Apple M1 Pro,i64,512,1,6.097780071992912,0.0,44.021833,43.397,0.4122240734689095,128,5,Pauls-MacBook-Pro,eca62af-dirty,2026-09-23T22:37:09Z
static-tiled,cpu,Apple M1 Pro,i64,512,1,6.149518671289285,0.0,43.651458,43.262667,0.551914579271739,256,5,Pauls-MacBook-Pro,eca62af-dirty,2026-09-23T22:37:09Z
static-tiled,cpu,Apple M1 Pro,i64,512,2,10.540124397090478,0.0,25.467958999999997,25.206333,0.16447773277650676,16,5,Pauls-MacBook-Pro,eca62af-dirty,2026-09-23T22:37:09Z
static-tiled,cpu,Apple M1 Pro,i64,512,2,11.730610047059141,0.0,22.883333,22.736124999999998,0.12488782344448193,32,5,Pauls-MacBook-Pro,eca62af-dirty,2026-09-23T22:37:09Z
static-tiled,cpu,Apple M1 Pro,i64,512,2,11.884072987435312,0.0,22.587833000000003,22.404667,0.11095288628602727,64,5,Pauls-MacBook-Pro,eca62af-dirty,2026-09-23T22:37:09Z
static-tiled,cpu,Apple M1 Pro,i64,512,2,12.01091542407697,0.0,22.349292,22.333042000000003,0.04526975189019686,128,5,Pauls-MacBook-Pro,eca62af-dirty,2026-09-23T22:37:09Z
static-tiled,cpu,Apple M1 Pro,i64,512,2,11.918943066147168,0.0,22.52175,22.273792,0.4594341799357108,256,5,Pauls-MacBook-Pro,eca62af-dirty,2026-09-23T22:37:09Z
static-tiled,cpu,Apple M1 Pro,i64,512,4,20.455795826913484,0.0,13.122709,13.036834,0.05539837789773256,16,5,Pauls-MacBook-Pro,eca62af-dirty,2026-09-23T22:37:09Z
static-tiled,cpu,Apple M1 Pro,i64,512,4,22.686203522455276,0.0,11.832542,11.746334000000001,0.07236059064988351,32,5,Pauls-MacBook-Pro,eca62af-dirty,2026-09-23T22:37:09Z
static-tiled,cpu,Apple M1 Pro,i64,512,4,22.930789342828366,0.0,11.706332999999999,11.601208,0.0944418395982422,64,5,Pauls-MacBook-Pro,eca62af-dirty,2026-09-23T22:37:09Z
static-tiled,cpu,Apple M1 Pro,i64,512,4,23.193723314864616,0.0,11.573625,11.327083,0.1466457309494548,128,5,Pauls-MacBook-Pro,eca62af-dirty,2026-09-23T22:37:09Z
static-tiled,cpu,Apple M1 Pro,i64,512,4,23.516627186904195,0.0,11.414709,11.377125,0.1702275208572345,256,5,Pauls-MacBook-Pro,eca62af-dirty,2026-09-23T22:37:09Z
static-tiled,cpu,Apple M1 Pro,i64,512,8,39.84865094357128,0.0,6.736375,6.679917,0.26600104758571896,16,5,Pauls-MacBook-Pro,eca62af-dirty,2026-09-23T22:37:09Z
static-tiled,cpu,Apple M1 Pro,i64,512,8,41.13716928145892,0.0,6.525375,6.0087079999999995,0.4040394996849941,32,5,Pauls-MacBook-Pro,eca62af-dirty,2026-09-23T22:37:09Z
static-tiled,cpu,Apple M1 Pro,i64,512,8,44.776242768607794,0.0,5.995042,5.936375,0.2964267095104621,64,5,Pauls-MacBook-Pro,eca62af-dirty,2026-09-23T22:37:09Z
static-tiled,cpu,Apple M1 Pro,i64,512,8,43.390233088247534,0.0,6.186541,5.942916,0.4010545942595596,128,5,Pauls-MacBook-Pro,eca62af-dirty,2026-09-23T22:37:09Z
static-tiled,cpu,Apple M1 Pro,i64,512,8,45.792149184899934,0.0,5.8620410000000005,5.831709,0.3412613613090415,256,5,Pauls-MacBook-Pro,eca62af-dirty,2026-09-23T22:37:09Z
static-tiled,cpu,Apple M1 Pro,i64,512,10,30.291899736222195,0.0,8.861625,8.746375,0.06924349098074102,16,5,Pauls-MacBook-Pro,eca62af-dirty,2026-09-23T22:37:09Z
static-tiled,cpu,Apple M1 Pro,i64,512,10,33.502084992199684,0.0,8.012500000000001,7.343458,0.3202688384607533,32,5,Pauls-MacBook-Pro,eca62af-dirty,2026-09-23T22:37:09Z
static-tiled,cpu,Apple M1 Pro,i64,512,10,34.24121664250284,0.0,7.839542,7.309,0.2892002123628198,64,5,Pauls-MacBook-Pro,eca62af-dirty,2026-09-23T22:37:09Z
static-tiled,cpu,Apple M1 Pro,i64,512,10,34.57919954573777,0.0,7.762917,7.584458,0.16529458549268922,128,5,Pauls-MacBook-Pro,eca62af-dirty,2026-09-23T22:37:09Z
static-tiled,cpu,Apple M1 Pro,i64,512,10,35.8128818624508,0.0,7.495500000000001,6.992917,0.2861946463463282,256,5,Pauls-MacBook-Pro,eca62af-dirty,2026-09-23T22:37:09Z
naive-ijk,cpu,Apple M1 Pro,i64,1024,1,1.1620440242175063,0.0,1848.022625,1844.101333,4.697173435862225,,5,Pauls-MacBook-Pro,eca62af-dirty,2026-09-23T22:37:09Z
ikj,cpu,Apple M1 Pro,i64,1024,1,6.249410551690466,0.0,343.629792,342.320458,0.7156062417057428,,5,Pauls-MacBook-Pro,eca62af-dirty,2026-09-23T22:37:09Z
tiled,cpu,Apple M1 Pro,i64,1024,1,4.903304328269306,0.0,437.966625,435.987333,1.7292347308628497,16,5,Pauls-MacBook-Pro,eca62af-dirty,2026-09-23T22:37:09Z
tiled,cpu,Apple M1 Pro,i64,1024,1,5.4753885098192825,0.0,392.206625,390.258834,3.560453901756189,32,5,Pauls-MacBook-Pro,eca62af-dirty,2026-09-23T22:37:09Z
tiled,cpu,Apple M1 Pro,i64,1024,1,5.8621087759185455,0.0,366.33295799999996,363.961834,3.0071083705641173,64,5,Pauls-MacBook-Pro,eca62af-dirty,2026-09-23T22:37:09Z
tiled,cpu,Apple M1 Pro,i64,1024,1,5.999498239772925,0.0,357.94387500000005,354.485792,4.179317920524761,128,5,Pauls-MacBook-Pro,eca62af-dirty,2026-09-23T22:37:09Z
tiled,cpu,Apple M1 Pro,i64,1024,1,6.100796424341868,0.0,352.00054200000005,351.444167,2.362825108932997,256,5,Pauls-MacBook-Pro,eca62af-dirty,2026-09-23T22:37:09Z
rayon-ikj,cpu,Apple M1 Pro,i64,1024,1,6.247855995886269,0.0,343.71529200000003,343.171333,2.163855162899238,,5,Pauls-MacBook-Pro,eca62af-dirty,2026-09-23T22:37:09Z
rayon-ikj,cpu,Apple M1 Pro,i64,1024,2,12.274216696678666,0.0,174.958916,174.64695799999998,1.470237507901027,,5,Pauls-MacBook-Pro,eca62af-dirty,2026-09-23T22:37:09Z
rayon-ikj,cpu,Apple M1 Pro,i64,1024,4,23.837114291047687,0.0,90.089917,90.02625,0.12080115822830785,,5,Pauls-MacBook-Pro,eca62af-dirty,2026-09-23T22:37:09Z
rayon-ikj,cpu,Apple M1 Pro,i64,1024,8,46.71226865803908,0.0,45.972583,45.687667000000005,0.25153511890628444,,5,Pauls-MacBook-Pro,eca62af-dirty,2026-09-23T22:37:09Z
rayon-ikj,cpu,Apple M1 Pro,i64,1024,10,52.21458507555502,0.0,41.12804199999999,40.355333,3.945817751657735,,5,Pauls-MacBook-Pro,eca62af-dirty,2026-09-23T22:37:09Z
rayon-tiled,cpu,Apple M1 Pro,i64,1024,1,4.741405815825502,0.0,452.921292,449.050458,2.8377193868590593,16,5,Pauls-MacBook-Pro,eca62af-dirty,2026-09-23T22:37:09Z
rayon-tiled,cpu,Apple M1 Pro,i64,1024,1,5.457478999892929,0.0,393.49370799999997,392.43062499999996,2.1037071938198224,32,5,Pauls-MacBook-Pro,eca62af-dirty,2026-09-23T22:37:09Z
rayon-tiled,cpu,Apple M1 Pro,i64,1024,1,5.85000353590799,0.0,367.091,365.918625,0.9949182409144226,64,5,Pauls-MacBook-Pro,eca62af-dirty,2026-09-23T22:37:09Z
rayon-tiled,cpu,Apple M1 Pro,i64,1024,1,6.008150998084582,0.0,357.428375,354.933375,2.048141519142363,128,5,Pauls-MacBook-Pro,eca62af-dirty,2026-09-23T22:37:09Z
rayon-tiled,cpu,Apple M1 Pro,i64,1024,1,6.026767459345714,0.0,356.324292,352.319584,3.4680560610458846,256,5,Pauls-MacBook-Pro,eca62af-dirty,2026-09-23T22:37:09Z
rayon-tiled,cpu,Apple M1 Pro,i64,1024,2,9.314791510107758,0.0,230.545541,229.27991600000001,1.4171330329661302,16,5,Pauls-MacBook-Pro,eca62af-dirty,2026-09-23T22:37:09Z
rayon-tiled,cpu,Apple M1 Pro,i64,1024,2,10.662800812935144,0.0,201.399584,200.859542,1.7407641289296398,32,5,Pauls-MacBook-Pro,eca62af-dirty,2026-09-23T22:37:09Z
rayon-tiled,cpu,Apple M1 Pro,i64,1024,2,11.282595570918893,0.0,190.335959,188.372792,1.886005766592374,64,5,Pauls-MacBook-Pro,eca62af-dirty,2026-09-23T22:37:09Z
rayon-tiled,cpu,Apple M1 Pro,i64,1024,2,11.76112631558989,0.0,182.591666,182.26362500000002,0.3946268815675116,128,5,Pauls-MacBook-Pro,eca62af-dirty,2026-09-23T22:37:09Z
rayon-tiled,cpu,Apple M1 Pro,i64,1024,2,11.893704376461832,0.0,180.55633300000002,180.240875,0.15011783753872757,256,5,Pauls-MacBook-Pro,eca62af-dirty,2026-09-23T22:37:09Z
rayon-tiled,cpu,Apple M1 Pro,i64,1024,4,17.86396991177128,0.0,120.213125,119.877292,0.3228224438557521,16,5,Pauls-MacBook-Pro,eca62af-dirty,2026-09-23T22:37:09Z
rayon-tiled,cpu,Apple M1 Pro,i64,1024,4,20.50752228807439,0.0,104.716875,103.413792,1.101005561555666,32,5,Pauls-MacBook-Pro,eca62af-dirty,2026-09-23T22:37:09Z
rayon-tiled,cpu,Apple M1 Pro,i64,1024,4,22.11379626873417,0.0,97.110583,96.375708,0.8543637609518555,64,5,Pauls-MacBook-Pro,eca62af-dirty,2026-09-23T22:37:09Z
rayon-tiled,cpu,Apple M1 Pro,i64,1024,4,22.877707087225655,0.0,93.867958,93.783375,0.07865424866782618,128,5,Pauls-MacBook-Pro,eca62af-dirty,2026-09-23T22:37:09Z
rayon-tiled,cpu,Apple M1 Pro,i64,1024,4,23.24468694390925,0.0,92.386,92.272125,0.7106980282705865,256,5,Pauls-MacBook-Pro,eca62af-dirty,2026-09-23T22:37:09Z
rayon-tiled,cpu,Apple M1 Pro,i64,1024,8,33.42471537996097,0.0,64.248375,62.505084000000004,1.2060164661333608,16,5,Pauls-MacBook-Pro,eca62af-dirty,2026-09-23T22:37:09Z
rayon-tiled,cpu,Apple M1 Pro,i64,1024,8,39.749199392275926,0.0,54.025834,52.9565,1.9471234047182269,32,5,Pauls-MacBook-Pro,eca62af-dirty,2026-09-23T22:37:09Z
rayon-tiled,cpu,Apple M1 Pro,i64,1024,8,43.1775424402283,0.0,49.736125,48.969625,0.6657632910980439,64,5,Pauls-MacBook-Pro,eca62af-dirty,2026-09-23T22:37:09Z
rayon-tiled,cpu,Apple M1 Pro,i64,1024,8,44.502821427831314,0.0,48.255,47.755041999999996,0.3238542279503269,128,5,Pauls-MacBook-Pro,eca62af-dirty,2026-09-23T22:37:09Z
rayon-tiled,cpu,Apple M1 Pro,i64,1024,8,44.28885728206648,0.0,48.488125,47.054958,1.9873397819614798,256,5,Pauls-MacBook-Pro,eca62af-dirty,2026-09-23T22:37:09Z
rayon-tiled,cpu,Apple M1 Pro,i64,1024,10,35.50643076372674,0.0,60.481541,59.892959000000005,3.3499406607873365,16,5,Pauls-MacBook-Pro,eca62af-dirty,2026-09-23T22:37:09Z
rayon-tiled,cpu,Apple M1 Pro,i64,1024,10,40.326501011212315,0.0,53.252417,52.288709000000004,3.257360454078531,32,5,Pauls-MacBook-Pro,eca62af-dirty,2026-09-23T22:37:09Z
rayon-tiled,cpu,Apple M1 Pro,i64,1024,10,39.422598512591925,0.0,54.473417000000005,49.68975,3.287557381594915,64,5,Pauls-MacBook-Pro,eca62af-dirty,2026-09-23T22:37:09Z
rayon-tiled,cpu,Apple M1 Pro,i64,1024,10,45.06829568267413,0.0,47.649542000000004,45.616249999999994,0.9756115064246655,128,5,Pauls-MacBook-Pro,eca62af-dirty,2026-09-23T22:37:09Z
rayon-tiled,cpu,Apple M1 Pro,i64,1024,10,45.4922734254104,0.0,47.205459,46.989709,0.12377589462613636,256,5,Pauls-MacBook-Pro,eca62af-dirty,2026-09-23T22:37:09Z
static-ikj,cpu,Apple M1 Pro,i64,1024,1,6.239262352558063,0.0,344.188708,342.953167,2.1974491312267745,,5,Pauls-MacBook-Pro,eca62af-dirty,2026-09-23T22:37:09Z
static-ikj,cpu,Apple M1 Pro,i64,1024,2,12.219460588559595,0.0,175.742917,174.174,1.3230618688608171,,5,Pauls-MacBook-Pro,eca62af-dirty,2026-09-23T22:37:09Z
static-ikj,cpu,Apple M1 Pro,i64,1024,4,23.780790536194303,0.0,90.30329099999999,89.72604100000001,0.295311109627959,,5,Pauls-MacBook-Pro,eca62af-dirty,2026-09-23T22:37:09Z
static-ikj,cpu,Apple M1 Pro,i64,1024,8,46.62589136464547,0.0,46.05775,45.495334,0.37940001750764374,,5,Pauls-MacBook-Pro,eca62af-dirty,2026-09-23T22:37:09Z
static-ikj,cpu,Apple M1 Pro,i64,1024,10,47.68777162528669,0.0,45.032166,43.163708,1.060398214593366,,5,Pauls-MacBook-Pro,eca62af-dirty,2026-09-23T22:37:09Z
static-tiled,cpu,Apple M1 Pro,i64,1024,1,4.736239573229784,0.0,453.41533400000003,451.27774999999997,2.9805967709849117,16,5,Pauls-MacBook-Pro,eca62af-dirty,2026-09-23T22:37:09Z
static-tiled,cpu,Apple M1 Pro,i64,1024,1,5.452619245837881,0.0,393.844417,392.514792,2.5152935574341364,32,5,Pauls-MacBook-Pro,eca62af-dirty,2026-09-23T22:37:09Z
static-tiled,cpu,Apple M1 Pro,i64,1024,1,5.864579474020363,0.0,366.17862499999995,365.377166,1.2849981167150784,64,5,Pauls-MacBook-Pro,eca62af-dirty,2026-09-23T22:37:09Z
static-tiled,cpu,Apple M1 Pro,i64,1024,1,6.05256938501357,0.0,354.805292,353.402667,2.82355381164317,128,5,Pauls-MacBook-Pro,eca62af-dirty,2026-09-23T22:37:09Z
static-tiled,cpu,Apple M1 Pro,i64,1024,1,6.0793166428045184,0.0,353.24424999999997,351.519583,2.0437334185430154,256,5,Pauls-MacBook-Pro,eca62af-dirty,2026-09-23T22:37:09Z
static-tiled,cpu,Apple M1 Pro,i64,1024,2,9.2421699008755,0.0,232.357084,231.079709,1.3214368995398593,16,5,Pauls-MacBook-Pro,eca62af-dirty,2026-09-23T22:37:09Z
static-tiled,cpu,Apple M1 Pro,i64,1024,2,10.639672895072085,0.0,201.837375,201.244,0.8769896880752386,32,5,Pauls-MacBook-Pro,eca62af-dirty,2026-09-23T22:37:09Z
static-tiled,cpu,Apple M1 Pro,i64,1024,2,11.325579180685594,0.0,189.613583,187.86183300000002,1.1566600627531771,64,5,Pauls-MacBook-Pro,eca62af-dirty,2026-09-23T22:37:09Z
static-tiled,cpu,Apple M1 Pro,i64,1024,2,11.779943214481625,0.0,182.29999999999998,181.818792,0.8237848587187127,128,5,Pauls-MacBook-Pro,eca62af-dirty,2026-09-23T22:37:09Z
static-tiled,cpu,Apple M1 Pro,i64,1024,2,11.849168945379903,0.0,181.234959,180.317875,0.7517239440733664,256,5,Pauls-MacBook-Pro,eca62af-dirty,2026-09-23T22:37:09Z
static-tiled,cpu,Apple M1 Pro,i64,1024,4,17.678054436062684,0.0,121.477375,120.278166,0.5290487304168694,16,5,Pauls-MacBook-Pro,eca62af-dirty,2026-09-23T22:37:09Z
static-tiled,cpu,Apple M1 Pro,i64,1024,4,20.57659939627654,0.0,104.365333,103.592958,0.5435461733480429,32,5,Pauls-MacBook-Pro,eca62af-dirty,2026-09-23T22:37:09Z
static-tiled,cpu,Apple M1 Pro,i64,1024,4,22.05273750802004,0.0,97.379459,96.468708,0.5262679427333545,64,5,Pauls-MacBook-Pro,eca62af-dirty,2026-09-23T22:37:09Z
static-tiled,cpu,Apple M1 Pro,i64,1024,4,22.837705077639484,0.0,94.032375,93.85829199999999,0.29632263616824667,128,5,Pauls-MacBook-Pro,eca62af-dirty,2026-09-23T22:37:09Z
static-tiled,cpu,Apple M1 Pro,i64,1024,4,23.112315115542273,0.0,92.915125,92.364625,0.593862042188924,256,5,Pauls-MacBook-Pro,eca62af-dirty,2026-09-23T22:37:09Z
static-tiled,cpu,Apple M1 Pro,i64,1024,8,34.51542613423175,0.0,62.218083,61.827042,1.5285765081186793,16,5,Pauls-MacBook-Pro,eca62af-dirty,2026-09-23T22:37:09Z
static-tiled,cpu,Apple M1 Pro,i64,1024,8,40.16340426372336,0.0,53.468666,52.211167,2.480344732272369,32,5,Pauls-MacBook-Pro,eca62af-dirty,2026-09-23T22:37:09Z
static-tiled,cpu,Apple M1 Pro,i64,1024,8,43.961108155896795,0.0,48.849625,48.717000000000006,0.5289273712469383,64,5,Pauls-MacBook-Pro,eca62af-dirty,2026-09-23T22:37:09Z
static-tiled,cpu,Apple M1 Pro,i64,1024,8,44.952690214492,0.0,47.772083,47.003457999999995,0.7336678658782212,128,5,Pauls-MacBook-Pro,eca62af-dirty,2026-09-23T22:37:09Z
static-tiled,cpu,Apple M1 Pro,i64,1024,8,44.80652993953399,0.0,47.927917,46.99975,1.922298871681584,256,5,Pauls-MacBook-Pro,eca62af-dirty,2026-09-23T22:37:09Z
static-tiled,cpu,Apple M1 Pro,i64,1024,10,34.46345019364434,0.0,62.311917,61.422834,3.4792001033782585,16,5,Pauls-MacBook-Pro,eca62af-dirty,2026-09-23T22:37:09Z
static-tiled,cpu,Apple M1 Pro,i64,1024,10,38.4309028401396,0.0,55.879084000000006,48.84825,4.139940694407166,32,5,Pauls-MacBook-Pro,eca62af-dirty,2026-09-23T22:37:09Z
static-tiled,cpu,Apple M1 Pro,i64,1024,10,39.02135988266937,0.0,55.033542,52.844333,3.181951210478046,64,5,Pauls-MacBook-Pro,eca62af-dirty,2026-09-23T22:37:09Z
static-tiled,cpu,Apple M1 Pro,i64,1024,10,43.36835890315567,0.0,49.517291,48.05625,3.306949339029207,128,5,Pauls-MacBook-Pro,eca62af-dirty,2026-09-23T22:37:09Z
static-tiled,cpu,Apple M1 Pro,i64,1024,10,43.132591378822966,0.0,49.787958,47.597415999999996,1.3724590575122102,256,5,Pauls-MacBook-Pro,eca62af-dirty,2026-09-23T22:37:09Z
naive-ijk,cpu,Apple M1 Pro,i64,2048,1,0.6590135236224439,0.0,26069.069249999997,26029.874249999997,42.58696581370273,,5,Pauls-MacBook-Pro,eca62af-dirty,2026-09-23T22:37:09Z
ikj,cpu,Apple M1 Pro,i64,2048,1,6.3394031548769325,0.0,2710.013666,2707.932709,2.6418485887057246,,5,Pauls-MacBook-Pro,eca62af-dirty,2026-09-23T22:37:09Z
tiled,cpu,Apple M1 Pro,i64,2048,1,4.696233386198217,0.0,3658.223042,3655.790042,3.9443101017865474,16,5,Pauls-MacBook-Pro,eca62af-dirty,2026-09-23T22:37:09Z
tiled,cpu,Apple M1 Pro,i64,2048,1,5.84331876299095,0.0,2940.0876249999997,2937.265166,3.0745698876744,32,5,Pauls-MacBook-Pro,eca62af-dirty,2026-09-23T22:37:09Z
tiled,cpu,Apple M1 Pro,i64,2048,1,5.890850060463728,0.0,2916.365042,2904.674333,7.407620704287019,64,5,Pauls-MacBook-Pro,eca62af-dirty,2026-09-23T22:37:09Z
tiled,cpu,Apple M1 Pro,i64,2048,1,5.991689496868973,0.0,2867.2829580000002,2864.751334,5.402617363251932,128,5,Pauls-MacBook-Pro,eca62af-dirty,2026-09-23T22:37:09Z
tiled,cpu,Apple M1 Pro,i64,2048,1,6.0519591556112795,0.0,2838.728541,2832.016,6.380910509092116,256,5,Pauls-MacBook-Pro,eca62af-dirty,2026-09-23T22:37:09Z
rayon-ikj,cpu,Apple M1 Pro,i64,2048,1,6.288398062253523,0.0,2731.994542,2726.5915,3.355224856392578,,5,Pauls-MacBook-Pro,eca62af-dirty,2026-09-23T22:37:09Z
rayon-ikj,cpu,Apple M1 Pro,i64,2048,2,12.621513775161477,0.0,1361.157583,1359.85975,2.596676958392644,,5,Pauls-MacBook-Pro,eca62af-dirty,2026-09-23T22:37:09Z
rayon-ikj,cpu,Apple M1 Pro,i64,2048,4,23.87517441239552,0.0,719.570416,712.615417,9.380050117038467,,5,Pauls-MacBook-Pro,eca62af-dirty,2026-09-23T22:37:09Z
rayon-ikj,cpu,Apple M1 Pro,i64,2048,8,43.587604798478736,0.0,394.14575,378.284125,8.302917066353755,,5,Pauls-MacBook-Pro,eca62af-dirty,2026-09-23T22:37:09Z
rayon-ikj,cpu,Apple M1 Pro,i64,2048,10,47.8702066201684,0.0,358.884375,353.183584,6.828449148156972,,5,Pauls-MacBook-Pro,eca62af-dirty,2026-09-23T22:37:09Z
rayon-tiled,cpu,Apple M1 Pro,i64,2048,1,4.557299255457502,0.0,3769.747875,3764.1925,3.2445584223045887,16,5,Pauls-MacBook-Pro,eca62af-dirty,2026-09-23T22:37:09Z
rayon-tiled,cpu,Apple M1 Pro,i64,2048,1,5.75462514786761,0.0,2985.401958,2975.657209,4.980166438198887,32,5,Pauls-MacBook-Pro,eca62af-dirty,2026-09-23T22:37:09Z
rayon-tiled,cpu,Apple M1 Pro,i64,2048,1,5.830289329218285,0.0,2946.658084,2942.058125,9.801803184726745,64,5,Pauls-MacBook-Pro,eca62af-dirty,2026-09-23T22:37:09Z
rayon-tiled,cpu,Apple M1 Pro,i64,2048,1,5.889798792289481,0.0,2916.885583,2915.4412079999997,6.800327632512808,128,5,Pauls-MacBook-Pro,eca62af-dirty,2026-09-23T22:37:09Z
rayon-tiled,cpu,Apple M1 Pro,i64,2048,1,5.972367572126317,0.0,2876.5592500000002,2871.44725,7.638529691488777,256,5,Pauls-MacBook-Pro,eca62af-dirty,2026-09-23T22:37:09Z
rayon-tiled,cpu,Apple M1 Pro,i64,2048,2,8.63249043041705,0.0,1990.140542,1986.542292,10.778690401233858,16,5,Pauls-MacBook-Pro,eca62af-dirty,2026-09-23T22:37:09Z
rayon-tiled,cpu,Apple M1 Pro,i64,2048,2,11.180796207611657,0.0,1536.5514999999998,1536.11825,1.866943812897672,32,5,Pauls-MacBook-Pro,eca62af-dirty,2026-09-23T22:37:09Z
rayon-tiled,cpu,Apple M1 Pro,i64,2048,2,11.402714045149416,0.0,1506.647375,1504.067916,4.053051571790335,64,5,Pauls-MacBook-Pro,eca62af-dirty,2026-09-23T22:37:09Z
rayon-tiled,cpu,Apple M1 Pro,i64,2048,2,11.539673143201252,0.0,1488.7656670000001,1487.476166,1.1699831326597816,128,5,Pauls-MacBook-Pro,eca62af-dirty,2026-09-23T22:37:09Z
rayon-tiled,cpu,Apple M1 Pro,i64,2048,2,11.700571500378029,0.0,1468.293167,1464.358375,3.428931776382547,256,5,Pauls-MacBook-Pro,eca62af-dirty,2026-09-23T22:37:09Z
rayon-tiled,cpu,Apple M1 Pro,i64,2048,4,17.454881755356745,0.0,984.244375,982.789125,1.8025905911759244,16,5,Pauls-MacBook-Pro,eca62af-dirty,2026-09-23T22:37:09Z
rayon-tiled,cpu,Apple M1 Pro,i64,2048,4,21.6511387801833,0.0,793.4857079999999,787.026334,4.091929025204017,32,5,Pauls-MacBook-Pro,eca62af-dirty,2026-09-23T22:37:09Z
rayon-tiled,cpu,Apple M1 Pro,i64,2048,4,22.301230660337147,0.0,770.3552080000001,769.17225,0.9657322381380884,64,5,Pauls-MacBook-Pro,eca62af-dirty,2026-09-23T22:37:09Z
rayon-tiled,cpu,Apple M1 Pro,i64,2048,4,22.524171965768666,0.0,762.7303330000001,760.088708,1.5718684975182562,128,5,Pauls-MacBook-Pro,eca62af-dirty,2026-09-23T22:37:09Z
rayon-tiled,cpu,Apple M1 Pro,i64,2048,4,22.80672298885108,0.0,753.280916,750.2910830000001,1.727582129240841,256,5,Pauls-MacBook-Pro,eca62af-dirty,2026-09-23T22:37:09Z
rayon-tiled,cpu,Apple M1 Pro,i64,2048,8,34.0233354962411,0.0,504.943708,503.165458,1.6023247130883713,16,5,Pauls-MacBook-Pro,eca62af-dirty,2026-09-23T22:37:09Z
rayon-tiled,cpu,Apple M1 Pro,i64,2048,8,42.365753720055295,0.0,405.513125,404.2715,0.7136673132781853,32,5,Pauls-MacBook-Pro,eca62af-dirty,2026-09-23T22:37:09Z
rayon-tiled,cpu,Apple M1 Pro,i64,2048,8,44.207012455333114,0.0,388.62316699999997,387.008584,2.0759599031733624,64,5,Pauls-MacBook-Pro,eca62af-dirty,2026-09-23T22:37:09Z
rayon-tiled,cpu,Apple M1 Pro,i64,2048,8,44.013328433828626,0.0,390.333333,388.668833,2.181615454935979,128,5,Pauls-MacBook-Pro,eca62af-dirty,2026-09-23T22:37:09Z
rayon-tiled,cpu,Apple M1 Pro,i64,2048,8,43.947599338350805,0.0,390.917125,386.600458,3.1305319810772314,256,5,Pauls-MacBook-Pro,eca62af-dirty,2026-09-23T22:37:09Z
rayon-tiled,cpu,Apple M1 Pro,i64,2048,10,36.077938196744476,0.0,476.18766600000004,472.227083,30.396227145545414,16,5,Pauls-MacBook-Pro,eca62af-dirty,2026-09-23T22:37:09Z
rayon-tiled,cpu,Apple M1 Pro,i64,2048,10,43.181788567861176,0.0,397.849875,385.515125,14.258409274150447,32,5,Pauls-MacBook-Pro,eca62af-dirty,2026-09-23T22:37:09Z
rayon-tiled,cpu,Apple M1 Pro,i64,2048,10,42.23474432543126,0.0,406.771,375.3865,20.71252185281598,64,5,Pauls-MacBook-Pro,eca62af-dirty,2026-09-23T22:37:09Z
rayon-tiled,cpu,Apple M1 Pro,i64,2048,10,44.34967683773327,0.0,387.373041,374.673833,10.482971618323194,128,5,Pauls-MacBook-Pro,eca62af-dirty,2026-09-23T22:37:09Z
rayon-tiled,cpu,Apple M1 Pro,i64,2048,10,40.107606174309026,0.0,428.34441699999996,411.07379199999997,32.692965519717504,256,5,Pauls-MacBook-Pro,eca62af-dirty,2026-09-23T22:37:09Z
static-ikj,cpu,Apple M1 Pro,i64,2048,1,6.281095680772398,0.0,2735.1707499999998,2727.121667,5.439581803704501,,5,Pauls-MacBook-Pro,eca62af-dirty,2026-09-23T22:37:09Z
static-ikj,cpu,Apple M1 Pro,i64,2048,2,12.634798809429583,0.0,1359.726375,1353.4439579999998,3.948582058707857,,5,Pauls-MacBook-Pro,eca62af-dirty,2026-09-23T22:37:09Z
static-ikj,cpu,Apple M1 Pro,i64,2048,4,23.761372308425273,0.0,723.016708,715.4805,8.176954810674914,,5,Pauls-MacBook-Pro,eca62af-dirty,2026-09-23T22:37:09Z
static-ikj,cpu,Apple M1 Pro,i64,2048,8,43.81103906078413,0.0,392.135625,386.102208,17.27267815102095,,5,Pauls-MacBook-Pro,eca62af-dirty,2026-09-23T22:37:09Z
static-ikj,cpu,Apple M1 Pro,i64,2048,10,46.31966505461321,0.0,370.897958,366.62624999999997,6.282281486320055,,5,Pauls-MacBook-Pro,eca62af-dirty,2026-09-23T22:37:09Z
static-tiled,cpu,Apple M1 Pro,i64,2048,1,4.519923511767033,0.0,3800.920334,3800.12875,4.642608945734901,16,5,Pauls-MacBook-Pro,eca62af-dirty,2026-09-23T22:37:09Z
static-tiled,cpu,Apple M1 Pro,i64,2048,1,5.761451113977644,0.0,2981.864958,2974.803875,5.879275138550098,32,5,Pauls-MacBook-Pro,eca62af-dirty,2026-09-23T22:37:09Z
static-tiled,cpu,Apple M1 Pro,i64,2048,1,5.852904017110857,0.0,2935.272667,2927.8903330000003,8.74153329957571,64,5,Pauls-MacBook-Pro,eca62af-dirty,2026-09-23T22:37:09Z
static-tiled,cpu,Apple M1 Pro,i64,2048,1,5.884385058653415,0.0,2919.569167,2911.803375,7.32880050481771,128,5,Pauls-MacBook-Pro,eca62af-dirty,2026-09-23T22:37:09Z
static-tiled,cpu,Apple M1 Pro,i64,2048,1,5.962770814031977,0.0,2881.1889170000004,2878.72875,1.9045048160836708,256,5,Pauls-MacBook-Pro,eca62af-dirty,2026-09-23T22:37:09Z
static-tiled,cpu,Apple M1 Pro,i64,2048,2,8.675996683350284,0.0,1980.1608750000003,1973.179292,4.513250916168424,16,5,Pauls-MacBook-Pro,eca62af-dirty,2026-09-23T22:37:09Z
static-tiled,cpu,Apple M1 Pro,i64,2048,2,11.239307162144772,0.0,1528.5523329999999,1525.698833,3.063675903853551,32,5,Pauls-MacBook-Pro,eca62af-dirty,2026-09-23T22:37:09Z
static-tiled,cpu,Apple M1 Pro,i64,2048,2,11.44945317834962,0.0,1500.4969159999998,1497.125042,2.169643145037339,64,5,Pauls-MacBook-Pro,eca62af-dirty,2026-09-23T22:37:09Z
static-tiled,cpu,Apple M1 Pro,i64,2048,2,11.55328861360192,0.0,1487.011167,1485.655417,1.1581215657113146,128,5,Pauls-MacBook-Pro,eca62af-dirty,2026-09-23T22:37:09Z
static-tiled,cpu,Apple M1 Pro,i64,2048,2,11.67887749671277,0.0,1471.020583,1468.518083,2.9725271266050473,256,5,Pauls-MacBook-Pro,eca62af-dirty,2026-09-23T22:37:09Z
static-tiled,cpu,Apple M1 Pro,i64,2048,4,17.211130327982012,0.0,998.183667,996.2295,1.737595186049828,16,5,Pauls-MacBook-Pro,eca62af-dirty,2026-09-23T22:37:09Z
static-tiled,cpu,Apple M1 Pro,i64,2048,4,21.77143025276207,0.0,789.101542,783.892042,3.554194440913387,32,5,Pauls-MacBook-Pro,eca62af-dirty,2026-09-23T22:37:09Z
static-tiled,cpu,Apple M1 Pro,i64,2048,4,22.407625073931055,0.0,766.697458,765.936583,0.6449546005663407,64,5,Pauls-MacBook-Pro,eca62af-dirty,2026-09-23T22:37:09Z
static-tiled,cpu,Apple M1 Pro,i64,2048,4,22.623275233234345,0.0,759.389125,758.6099589999999,1.3881978841309757,128,5,Pauls-MacBook-Pro,eca62af-dirty,2026-09-23T22:37:09Z
static-tiled,cpu,Apple M1 Pro,i64,2048,4,22.814471322445346,0.0,753.025084,751.395791,1.7056035201950333,256,5,Pauls-MacBook-Pro,eca62af-dirty,2026-09-23T22:37:09Z
static-tiled,cpu,Apple M1 Pro,i64,2048,8,33.49034573781909,0.0,512.97975,508.5523749999999,3.3198909486604298,16,5,Pauls-MacBook-Pro,eca62af-dirty,2026-09-23T22:37:09Z
static-tiled,cpu,Apple M1 Pro,i64,2048,8,42.52727526380615,0.0,403.972958,401.512083,2.1724106743914167,32,5,Pauls-MacBook-Pro,eca62af-dirty,2026-09-23T22:37:09Z
static-tiled,cpu,Apple M1 Pro,i64,2048,8,44.35817429804088,0.0,387.298834,384.854167,5.31738417258993,64,5,Pauls-MacBook-Pro,eca62af-dirty,2026-09-23T22:37:09Z
static-tiled,cpu,Apple M1 Pro,i64,2048,8,44.08677651412914,0.0,389.683042,387.79200000000003,1.849312472758097,128,5,Pauls-MacBook-Pro,eca62af-dirty,2026-09-23T22:37:09Z
static-tiled,cpu,Apple M1 Pro,i64,2048,8,44.065691684012215,0.0,389.86949999999996,386.61037500000003,2.0410279017728405,256,5,Pauls-MacBook-Pro,eca62af-dirty,2026-09-23T22:37:09Z
static-tiled,cpu,Apple M1 Pro,i64,2048,10,34.66736792411663,0.0,495.563125,483.686584,9.866532521453822,16,5,Pauls-MacBook-Pro,eca62af-dirty,2026-09-23T22:37:09Z
static-tiled,cpu,Apple M1 Pro,i64,2048,10,41.5540666460467,0.0,413.434125,398.55825,10.886370043992647,32,5,Pauls-MacBook-Pro,eca62af-dirty,2026-09-23T22:37:09Z
static-tiled,cpu,Apple M1 Pro,i64,2048,10,45.10935375435499,0.0,380.849375,375.917459,21.50147721097392,64,5,Pauls-MacBook-Pro,eca62af-dirty,2026-09-23T22:37:09Z
static-tiled,cpu,Apple M1 Pro,i64,2048,10,45.17795306255787,0.0,380.271084,364.967917,8.910351637805094,128,5,Pauls-MacBook-Pro,eca62af-dirty,2026-09-23T22:37:09Z
static-tiled,cpu,Apple M1 Pro,i64,2048,10,44.46497920112762,0.0,386.368542,377.433042,22.145041873326228,256,5,Pauls-MacBook-Pro,eca62af-dirty,2026-09-23T22:37:09Z
naive-ijk,cpu,Apple M1 Pro,i64,4096,1,0.3838318126001054,0.0,358070.77204199997,357927.96241700003,81.31890291133908,,5,Pauls-MacBook-Pro,eca62af-dirty,2026-09-23T22:37:09Z
ikj,cpu,Apple M1 Pro,i64,4096,1,6.338904749308983,0.0,21681.813958,21675.623583,7.876400880587264,,5,Pauls-MacBook-Pro,eca62af-dirty,2026-09-23T22:37:09Z
tiled,cpu,Apple M1 Pro,i64,4096,1,4.687496374746975,0.0,29320.332749999998,29313.921666,8.35659159351197,16,5,Pauls-MacBook-Pro,eca62af-dirty,2026-09-23T22:37:09Z
tiled,cpu,Apple M1 Pro,i64,4096,1,5.809720338587026,0.0,23656.7245,23644.998042,13.351083045899305,32,5,Pauls-MacBook-Pro,eca62af-dirty,2026-09-23T22:37:09Z
tiled,cpu,Apple M1 Pro,i64,4096,1,5.809752899073945,0.0,23656.591917,23643.586959,6.0264111895086705,64,5,Pauls-MacBook-Pro,eca62af-dirty,2026-09-23T22:37:09Z
tiled,cpu,Apple M1 Pro,i64,4096,1,5.785696651371015,0.0,23754.95325,23739.773917000002,20.692997600177478,128,5,Pauls-MacBook-Pro,eca62af-dirty,2026-09-23T22:37:09Z
tiled,cpu,Apple M1 Pro,i64,4096,1,5.77214573006317,0.0,23810.721333,23746.700582999998,45.04069088616556,256,5,Pauls-MacBook-Pro,eca62af-dirty,2026-09-23T22:37:09Z
rayon-ikj,cpu,Apple M1 Pro,i64,4096,1,6.291254586256236,0.0,21846.032709,21845.279125,4.0903153092743345,,5,Pauls-MacBook-Pro,eca62af-dirty,2026-09-23T22:37:09Z
rayon-ikj,cpu,Apple M1 Pro,i64,4096,2,12.626286634962154,0.0,10885.144417,10863.858375,13.028019399842623,,5,Pauls-MacBook-Pro,eca62af-dirty,2026-09-23T22:37:09Z
rayon-ikj,cpu,Apple M1 Pro,i64,4096,4,24.18159283879576,0.0,5683.618709,5670.143999999999,27.15172379225952,,5,Pauls-MacBook-Pro,eca62af-dirty,2026-09-23T22:37:09Z
rayon-ikj,cpu,Apple M1 Pro,i64,4096,8,38.45064284549513,0.0,3574.4253750000003,3412.5618750000003,118.40544642117032,,5,Pauls-MacBook-Pro,eca62af-dirty,2026-09-23T22:37:09Z
rayon-ikj,cpu,Apple M1 Pro,i64,4096,10,39.31267046576673,0.0,3496.04725,3468.5819589999996,42.04058127177506,,5,Pauls-MacBook-Pro,eca62af-dirty,2026-09-23T22:37:09Z
rayon-tiled,cpu,Apple M1 Pro,i64,4096,1,4.557511505225967,0.0,30156.5785,30082.786125,33.99113820422819,16,5,Pauls-MacBook-Pro,eca62af-dirty,2026-09-23T22:37:09Z
rayon-tiled,cpu,Apple M1 Pro,i64,4096,1,5.730378399156634,0.0,23984.271875000002,23973.799792,5.73807875645553,32,5,Pauls-MacBook-Pro,eca62af-dirty,2026-09-23T22:37:09Z
rayon-tiled,cpu,Apple M1 Pro,i64,4096,1,5.694477036617333,0.0,24135.482958,24124.680417,11.58461543313537,64,5,Pauls-MacBook-Pro,eca62af-dirty,2026-09-23T22:37:09Z
rayon-tiled,cpu,Apple M1 Pro,i64,4096,1,5.680245356869239,0.0,24195.953667,24181.859625,6.780835110147903,128,5,Pauls-MacBook-Pro,eca62af-dirty,2026-09-23T22:37:09Z
rayon-tiled,cpu,Apple M1 Pro,i64,4096,1,5.6786177130270366,0.0,24202.888875,24196.992625,13.68731670831374,256,5,Pauls-MacBook-Pro,eca62af-dirty,2026-09-23T22:37:09Z
rayon-tiled,cpu,Apple M1 Pro,i64,4096,2,8.706073522464159,0.0,15786.560166,15462.253667,158.48217746758172,16,5,Pauls-MacBook-Pro,eca62af-dirty,2026-09-23T22:37:09Z
rayon-tiled,cpu,Apple M1 Pro,i64,4096,2,11.118057683662206,0.0,12361.777333999999,12348.475667,7.744854832083229,32,5,Pauls-MacBook-Pro,eca62af-dirty,2026-09-23T22:37:09Z
rayon-tiled,cpu,Apple M1 Pro,i64,4096,2,11.154286345727384,0.0,12321.626791,12309.814459,10.180942241250216,64,5,Pauls-MacBook-Pro,eca62af-dirty,2026-09-23T22:37:09Z
rayon-tiled,cpu,Apple M1 Pro,i64,4096,2,11.138903181066608,0.0,12338.643333,12319.344458,10.518159819896834,128,5,Pauls-MacBook-Pro,eca62af-dirty,2026-09-23T22:37:09Z
rayon-tiled,cpu,Apple M1 Pro,i64,4096,2,11.040787710611593,0.0,12448.292374999999,12423.622167,52.89585747828732,256,5,Pauls-MacBook-Pro,eca62af-dirty,2026-09-23T22:37:09Z
rayon-tiled,cpu,Apple M1 Pro,i64,4096,4,17.479667884035685,0.0,7862.78975,7857.939583,103.86723974129293,16,5,Pauls-MacBook-Pro,eca62af-dirty,2026-09-23T22:37:09Z
rayon-tiled,cpu,Apple M1 Pro,i64,4096,4,21.58380758691068,0.0,6367.688042,6331.673209,20.70542454180782,32,5,Pauls-MacBook-Pro,eca62af-dirty,2026-09-23T22:37:09Z
rayon-tiled,cpu,Apple M1 Pro,i64,4096,4,21.889545462094368,0.0,6278.748625,6272.3897910000005,5.614974758533976,64,5,Pauls-MacBook-Pro,eca62af-dirty,2026-09-23T22:37:09Z
rayon-tiled,cpu,Apple M1 Pro,i64,4096,4,21.947637458645758,0.0,6262.12975,6261.36075,3.6200561670551985,128,5,Pauls-MacBook-Pro,eca62af-dirty,2026-09-23T22:37:09Z
rayon-tiled,cpu,Apple M1 Pro,i64,4096,4,21.569007382972867,0.0,6372.057417,6364.697917,6.059404708135419,256,5,Pauls-MacBook-Pro,eca62af-dirty,2026-09-23T22:37:09Z
rayon-tiled,cpu,Apple M1 Pro,i64,4096,8,34.08061951702146,0.0,4032.759833,4022.2753750000006,14.7252357825454,16,5,Pauls-MacBook-Pro,eca62af-dirty,2026-09-23T22:37:09Z
rayon-tiled,cpu,Apple M1 Pro,i64,4096,8,42.45278848933939,0.0,3237.454084,3230.9412079999997,16.703880672634856,32,5,Pauls-MacBook-Pro,eca62af-dirty,2026-09-23T22:37:09Z
rayon-tiled,cpu,Apple M1 Pro,i64,4096,8,43.01929418924175,0.0,3194.821209,3192.572917,2.8682818436644646,64,5,Pauls-MacBook-Pro,eca62af-dirty,2026-09-23T22:37:09Z
rayon-tiled,cpu,Apple M1 Pro,i64,4096,8,42.64924898457459,0.0,3222.541,3212.7560000000003,6.142914910615766,128,5,Pauls-MacBook-Pro,eca62af-dirty,2026-09-23T22:37:09Z
rayon-tiled,cpu,Apple M1 Pro,i64,4096,8,34.217440155919704,0.0,4016.634583,3532.753833,604.9006975037042,256,5,Pauls-MacBook-Pro,eca62af-dirty,2026-09-23T22:37:09Z
rayon-tiled,cpu,Apple M1 Pro,i64,4096,10,35.96752769719219,0.0,3821.195458,3779.437083,264.27440036150773,16,5,Pauls-MacBook-Pro,eca62af-dirty,2026-09-23T22:37:09Z
rayon-tiled,cpu,Apple M1 Pro,i64,4096,10,44.715526349150856,0.0,3073.629334,3061.64275,17.03667860618111,32,5,Pauls-MacBook-Pro,eca62af-dirty,2026-09-23T22:37:09Z
rayon-tiled,cpu,Apple M1 Pro,i64,4096,10,42.99638393590783,0.0,3196.523542,3101.855875,49.80071606194808,64,5,Pauls-MacBook-Pro,eca62af-dirty,2026-09-23T22:37:09Z
rayon-tiled,cpu,Apple M1 Pro,i64,4096,10,41.54330706149029,0.0,3308.329625,3208.050041,279.8802272931755,128,5,Pauls-MacBook-Pro,eca62af-dirty,2026-09-23T22:37:09Z
rayon-tiled,cpu,Apple M1 Pro,i64,4096,10,30.424910945376237,0.0,4517.316540999999,4254.109667,188.78562759579162,256,5,Pauls-MacBook-Pro,eca62af-dirty,2026-09-23T22:37:09Z
static-ikj,cpu,Apple M1 Pro,i64,4096,1,6.29006392408516,0.0,21850.168,21837.975916000003,9.098273887333145,,5,Pauls-MacBook-Pro,eca62af-dirty,2026-09-23T22:37:09Z
static-ikj,cpu,Apple M1 Pro,i64,4096,2,12.628397768775972,0.0,10883.324709,10882.33125,5.80074143534132,,5,Pauls-MacBook-Pro,eca62af-dirty,2026-09-23T22:37:09Z
static-ikj,cpu,Apple M1 Pro,i64,4096,4,24.13036756055167,0.0,5695.684209,5683.867417,19.267279059435555,,5,Pauls-MacBook-Pro,eca62af-dirty,2026-09-23T22:37:09Z
static-ikj,cpu,Apple M1 Pro,i64,4096,8,37.966627723210394,0.0,3619.993708,3459.5195,149.78448678481558,,5,Pauls-MacBook-Pro,eca62af-dirty,2026-09-23T22:37:09Z
static-ikj,cpu,Apple M1 Pro,i64,4096,10,38.75533950073802,0.0,3546.323042,3496.966208,42.121825604921376,,5,Pauls-MacBook-Pro,eca62af-dirty,2026-09-23T22:37:09Z
static-tiled,cpu,Apple M1 Pro,i64,4096,1,4.5082952237214995,0.0,30485.792666999998,30465.27475,12.311920028251707,16,5,Pauls-MacBook-Pro,eca62af-dirty,2026-09-23T22:37:09Z
static-tiled,cpu,Apple M1 Pro,i64,4096,1,5.738677332403714,0.0,23949.58725,23945.418292,3.6128248428020484,32,5,Pauls-MacBook-Pro,eca62af-dirty,2026-09-23T22:37:09Z
static-tiled,cpu,Apple M1 Pro,i64,4096,1,5.710001751806895,0.0,24069.861875000002,24047.216500000002,15.9512729581244,64,5,Pauls-MacBook-Pro,eca62af-dirty,2026-09-23T22:37:09Z
static-tiled,cpu,Apple M1 Pro,i64,4096,1,5.681850297843612,0.0,24189.119084,24183.998291000004,9.066426363898895,128,5,Pauls-MacBook-Pro,eca62af-dirty,2026-09-23T22:37:09Z
static-tiled,cpu,Apple M1 Pro,i64,4096,1,5.674491537136306,0.0,24220.487875,24190.258583,16.33597133459254,256,5,Pauls-MacBook-Pro,eca62af-dirty,2026-09-23T22:37:09Z
static-tiled,cpu,Apple M1 Pro,i64,4096,2,8.73054388915517,0.0,15742.312875,15640.474833,67.48975225994427,16,5,Pauls-MacBook-Pro,eca62af-dirty,2026-09-23T22:37:09Z
static-tiled,cpu,Apple M1 Pro,i64,4096,2,11.169106496634337,0.0,12305.277375,12301.09075,7.4533451509180875,32,5,Pauls-MacBook-Pro,eca62af-dirty,2026-09-23T22:37:09Z
static-tiled,cpu,Apple M1 Pro,i64,4096,2,11.202409357302614,0.0,12268.695875000001,12263.66075,3.256668868629718,64,5,Pauls-MacBook-Pro,eca62af-dirty,2026-09-23T22:37:09Z
static-tiled,cpu,Apple M1 Pro,i64,4096,2,11.138241831662002,0.0,12339.375958,12330.349583000001,7.499552316142489,128,5,Pauls-MacBook-Pro,eca62af-dirty,2026-09-23T22:37:09Z
static-tiled,cpu,Apple M1 Pro,i64,4096,2,11.03662975092093,0.0,12452.982167,12437.320083999999,10.573026461292564,256,5,Pauls-MacBook-Pro,eca62af-dirty,2026-09-23T22:37:09Z
static-tiled,cpu,Apple M1 Pro,i64,4096,4,17.210250294709404,0.0,7985.877667000001,7977.862166999999,6.5138074141761315,16,5,Pauls-MacBook-Pro,eca62af-dirty,2026-09-23T22:37:09Z
static-tiled,cpu,Apple M1 Pro,i64,4096,4,21.56417506138788,0.0,6373.485333,6358.049041,9.065902592023562,32,5,Pauls-MacBook-Pro,eca62af-dirty,2026-09-23T22:37:09Z
static-tiled,cpu,Apple M1 Pro,i64,4096,4,21.98582468964148,0.0,6251.253042,6247.692959,7.85554089042761,64,5,Pauls-MacBook-Pro,eca62af-dirty,2026-09-23T22:37:09Z
static-tiled,cpu,Apple M1 Pro,i64,4096,4,21.89557390120354,0.0,6277.019917,6275.088957999999,3.5064566660672294,128,5,Pauls-MacBook-Pro,eca62af-dirty,2026-09-23T22:37:09Z
static-tiled,cpu,Apple M1 Pro,i64,4096,4,21.51656881665568,0.0,6387.5869170000005,6371.6415,76.04331411939532,256,5,Pauls-MacBook-Pro,eca62af-dirty,2026-09-23T22:37:09Z
static-tiled,cpu,Apple M1 Pro,i64,4096,8,33.51583240659933,0.0,4100.717291,4087.838916,9.444911142108309,16,5,Pauls-MacBook-Pro,eca62af-dirty,2026-09-23T22:37:09Z
static-tiled,cpu,Apple M1 Pro,i64,4096,8,42.397984097472914,0.0,3241.638875,3232.017125,7.783089005913973,32,5,Pauls-MacBook-Pro,eca62af-dirty,2026-09-23T22:37:09Z
static-tiled,cpu,Apple M1 Pro,i64,4096,8,43.14827299935602,0.0,3185.27125,3183.422042,5.266030050862144,64,5,Pauls-MacBook-Pro,eca62af-dirty,2026-09-23T22:37:09Z
static-tiled,cpu,Apple M1 Pro,i64,4096,8,42.51578388052432,0.0,3232.6571670000003,3222.2827079999997,26.338050976737755,128,5,Pauls-MacBook-Pro,eca62af-dirty,2026-09-23T22:37:09Z
static-tiled,cpu,Apple M1 Pro,i64,4096,8,38.84791211656195,0.0,3537.8723330000003,3490.2717079999998,131.92516617033095,256,5,Pauls-MacBook-Pro,eca62af-dirty,2026-09-23T22:37:09Z
static-tiled,cpu,Apple M1 Pro,i64,4096,10,35.35887066138462,0.0,3886.972375,3833.5240000000003,37.33148139026656,16,5,Pauls-MacBook-Pro,eca62af-dirty,2026-09-23T22:37:09Z
static-tiled,cpu,Apple M1 Pro,i64,4096,10,43.68630078353601,0.0,3146.042375,3083.422375,63.60882910972304,32,5,Pauls-MacBook-Pro,eca62af-dirty,2026-09-23T22:37:09Z
static-tiled,cpu,Apple M1 Pro,i64,4096,10,42.91349487225262,0.0,3202.69775,3146.5226249999996,81.61517021843939,64,5,Pauls-MacBook-Pro,eca62af-dirty,2026-09-23T22:37:09Z
static-tiled,cpu,Apple M1 Pro,i64,4096,10,41.75664959640983,0.0,3291.4267499999996,3249.20775,35.95768120361508,128,5,Pauls-MacBook-Pro,eca62af-dirty,2026-09-23T22:37:09Z
static-tiled,cpu,Apple M1 Pro,i64,4096,10,33.428339511723856,0.0,4111.450209,3986.657417,210.15487538589034,256,5,Pauls-MacBook-Pro,eca62af-dirty,2026-09-23T22:37:09Z
